type,date,score,sentences,year_month,place,latitude,longitude,feature_type,admin1_name,admin2_name,country_name,school,place_type,action,corrected_name,corrected_latlon,corrected_place_type,place_count,reviewer
comment,2025-03-21,36,… next up is Texas lol,2025-03,Texas,31.25044,-99.25061,first-order administrative division,Texas,,United States,WM,State,,,,,1,
comment,2025-03-21,2,Virginia didn’t make the team so I’m rooting for you this year to go all the way,2025-03,Virginia,37.54812,-77.44675,first-order administrative division,Virginia,,United States,WM,State,,,,,81,
comment,2025-03-21,10,"In Austin, no less.",2025-03,Austin,30.26715,-97.74306,seat of a first-order administrative division,Texas,Travis County,United States,WM,City,,,,,1,
comment,2021-02-12,12,"I have a few of the Reveley Garden, Lake Matoaka, and CW.",2021-02,Matoaka Lake,37.26591,-76.72554,reservoir(s),Virginia,City of Williamsburg,United States,WM,,,,,,11,
comment,2021-02-12,12,"I have a few of the Reveley Garden, Lake Matoaka, and CW.",2021-02,CW Bonham,28.48554,-99.82255,,Texas,Dimmit County,United States,WM,,,,,,6,
comment,2021-02-12,13,Sunken Garden is a nice takeoff/landing point,2021-02,Sunken Garden,40.09539,-74.22737,park,New Jersey,Ocean County,United States,WM,Neighborhood,,,,,3,
comment,2021-12-09,6,Do I have it right that some moron made a fake threat in Sadler?,2021-12,Sadler,39.43861,-94.94191,populated place,Missouri,Platte County,United States,WM,City,,,,,1,
comment,2020-12-02,22,"She told me that before the amphitheater was built, all shows were in Kaplan.",2020-12,Kaplan,47.6334,-82.79979,area,Ontario,,Canada,WM,Building,,,,,2,
comment,2020-12-04,2,I lived in GGV (it was the fraternity complex back then and I was in Unit K) WAAAYYY back in the early eighties and nothing stuck to the walls back then either.,2020-12,Ghovarash Ghona,22.65168,88.78289,railroad station,West Bengal,North 24 Parganas,India,WM,Road,,,,,6,
comment,2020-12-04,2,I lived in GGV (it was the fraternity complex back then and I was in Unit K) WAAAYYY back in the early eighties and nothing stuck to the walls back then either.,2020-12,Philippine National Police Aviation Security Group K-9 Unit,14.18697,120.96236,police post,Calabarzon,Province of Cavite,Philippines,WM,Building,,,,,1,
comment,2020-12-03,6,"But William and Mary Hall, AKA Kaplan, continued to be a viable concert venue, hosting Neil Young, Little Feat, and the Clash, among others.",2020-12,William and Mary Hall,37.27348,-76.71968,building(s),Virginia,City of Williamsburg,United States,WM,Building,,,,,20,
comment,2020-12-03,6,But the Grateful Dead were 'banished' and had to head down the road to Hampton Coliseum.,2020-12,Hampton Coliseum,37.03472,-76.38139,building(s),Virginia,City of Hampton,United States,WM,Building,,,,,1,
comment,2020-12-04,2,I had a roommate who drove down from West Virginia for this show.,2020-12,West Virginia,38.50038,-80.50009,first-order administrative division,West Virginia,,United States,WM,State,,,,,1,
comment,2020-05-06,2,Was this in a house on idlewood?,2020-05,Idlewood,38.38033,-88.92284,populated place,Illinois,Jefferson County,United States,WM,City,,,,,2,
comment,2020-05-25,1,house is on Idlewood and has a similar table,2020-05,Idlewood,38.38033,-88.92284,populated place,Illinois,Jefferson County,United States,WM,City,,,,,2,
comment,2024-08-29,3,"Here in the US compared to lot of other countries we are hyper clean, and it may not be his norm to shower often or wear deodorant.",2024-08,United States,39.76,-98.5,independent political entity,,,United States,WM,Country,,,,,29,
comment,2024-08-29,3,"Like others have alluded, being near naked in your own room with a fan pointed at you in summer in hot and humid Virginia is pretty understandable.",2024-08,Virginia,37.54812,-77.44675,first-order administrative division,Virginia,,United States,WM,State,,,,,81,
comment,2024-08-28,-15,This is pretty standard at William and Mary.,2024-08,William and Mary Hall,37.27348,-76.71968,building(s),Virginia,City of Williamsburg,United States,WM,Building,,,,,20,
comment,2024-08-29,1,AND in Williamsburg where it's 278% humidity on a good day.,2024-08,Williamsburg,42.39314,-72.73009,populated place,Massachusetts,Hampshire County,United States,WM,City,,,,,11,
post,2022-09-15,124,"School of Education

Wawa (there's a bathroom in there somewhere)

Sunken Garden (right in the middle, prob will have to do during night

Any other building is also on this list lol.",2022-09,Sunken Garden,40.09539,-74.22737,park,New Jersey,Ocean County,United States,WM,Neighborhood,,,,,3,
comment,2022-09-15,25,"poop with a friend in boswell the stalls are so short you’ll be able to hold hands
for real though any gender neutral bathroom, i like isc because it’s new
good luck with your poo bucket list",2022-09,Boswell,49.44988,-116.76887,populated place,British Columbia,Regional District of Central Kootenay,Canada,WM,City,,,,,2,
comment,2022-09-15,25,"poop with a friend in boswell the stalls are so short you’ll be able to hold hands
for real though any gender neutral bathroom, i like isc because it’s new
good luck with your poo bucket list",2022-09,Isles of Scilly,49.92117,-6.29431,second-order administrative division,England,Isles of Scilly,United Kingdom,WM,State,,,,,2,
comment,2022-09-15,14,"Inverse of Washington 1st floor bathroom, which are always very crowded.",2022-09,Washington,47.50012,-120.50147,first-order administrative division,Washington,,United States,WM,State,,,,,5,
comment,2022-09-15,14,"There are also new bathrooms in the Sadler expansion that are good, but very hard to get to.",2022-09,Sadler,48.15012,-83.18308,area,Ontario,,Canada,WM,Building,,,,,7,
comment,2022-09-16,3,I recall pooping in Washington to be highly stressful for some reason.,2022-09,Washington,47.50012,-120.50147,first-order administrative division,Washington,,United States,WM,State,,,,,5,
comment,2022-09-16,2,No mention of McGlothlin-Street Hall.,2022-09,McGlothlin-Street Hall,37.27028,-76.71167,building(s),Virginia,City of Williamsburg,United States,WM,Building,,,,,1,
comment,2022-09-16,1,There’s 2 I can recommend in Morton (I forget what it was renamed to.,2022-09,Mandan,46.82666,-100.88958,seat of a second-order administrative division,North Dakota,Morton County,United States,WM,City,,,,,2,
comment,2022-09-16,1,Miller Hall basement.,2022-09,Miller Hall,41.12704,-73.80875,building(s),New York,Westchester County,United States,WM,Building,,,,,1,
comment,2022-09-17,1,Try the bathrooms in the Sadler expansion.,2022-09,Sadler,48.15012,-83.18308,area,Ontario,,Canada,WM,Building,,,,,7,
comment,2022-09-16,3,Campus Center bathrooms are iconic.,2022-09,Campus Center,41.33232,-72.92371,building(s),Connecticut,South Central Connecticut Planning Region,United States,WM,Building,,,,,6,
comment,2020-05-21,4,"*Common Glory,* the sister play to *The Lost Colony* which is still (absent this summer) performed down in NC, used to run here each summer.",2020-05,North Carolina,35.50069,-80.00032,first-order administrative division,North Carolina,,United States,WM,State,,,,,3,
comment,2025-02-19,7,"•ACT: 36 English, 29 Math, 35 Reading, 32 Science
•AP scholar with distinction
•4.0 unweighted GPA, 4.5 weighted
•Maryland student from a semi-rural area
•Lots of extracurriculars, especially GSA and marching band.",2025-02,Maryland,39.00039,-76.74997,first-order administrative division,Maryland,,United States,WM,State,,,,,2,
comment,2021-07-27,3,“Reconsidering Operations at William & Mary”,2021-07,William and Mary Hall,37.27348,-76.71968,building(s),Virginia,City of Williamsburg,United States,WM,Building,,,,,20,
comment,2022-01-14,11,This was before the Wren building restoration in the ‘30s.,2022-01,Wren,40.80088,-84.77524,populated place,Ohio,Van Wert County,United States,WM,City,,,,,5,
comment,2022-02-03,2,"According to the W&M University Archivist, the building on the right is the old Science Hall.",2022-02,Science Hall,44.96607,-93.24207,building(s),Minnesota,Hennepin County,United States,WM,Building,,,,,1,
comment,2026-02-08,2,Chandler Court and Pollard Park are two streets that bisect Griffin Ave and were my happy places,2026-02,Pollard Park,53.79707,-1.73619,section of populated place,England,Bradford,United Kingdom,WM,Neighborhood,,,,,1,
post,2020-09-07,95,"Second semester, a girl from one of my clubs asked me to study with her in Tyler.",2020-09,Tyler County,30.77123,-94.37659,second-order administrative division,Texas,Tyler County,United States,WM,State,,,,,2,
post,2020-09-07,95,It was kind of far from Yates where I lived and I did not want to walk there after I'd showered.,2020-09,Yates Center,43.33784,-78.38891,populated place,New York,Orleans County,United States,WM,City,,,,,1,
post,2020-02-24,97,"I don't know what's the exact reasoning behind it, but there's been about 20 posts the past week+ asking about W&M's reputation or ranking especially compared to a certain other public school just off I-64.",2020-02,I-64 Lake,38.46033,-81.96636,reservoir(s),West Virginia,Putnam County,United States,WM,,,,,,1,
comment,2020-02-24,8,"Obviously the most prestigious college in VA is Liberty, duh.",2020-02,Virginia,37.54812,-77.44675,first-order administrative division,Virginia,,United States,WM,State,,,,,81,
comment,2020-11-15,9,"In front of Zable Stadium, if you're driving into the parking lot from Richmond Road.",2020-11,Zable Stadium,37.27306,-76.71333,stadium,Virginia,City of Williamsburg,United States,WM,Building,,,,,2,
comment,2020-11-15,9,"In front of Zable Stadium, if you're driving into the parking lot from Richmond Road.",2020-11,Richmond Road,-28.95233,152.31826,road,New South Wales,,Australia,WM,Road,,,,,10,
comment,2021-07-12,2,I thought Virginia was 6%,2021-07,Virginia,37.54812,-77.44675,first-order administrative division,Virginia,,United States,WM,State,,,,,81,
comment,2021-07-12,7,I believe Williamsburg has an additional tax all its own.,2021-07,Williamsburg,37.2707,-76.70746,seat of a second-order administrative division,Virginia,City of Williamsburg,United States,WM,City,,,,,104,
comment,2021-07-13,3,It’s 5.7% if you don’t live in NOVA or Hampton Roads.,2021-07,Nova,39.73176,-77.81944,populated place,Pennsylvania,Franklin County,United States,WM,City,,,,,15,
comment,2021-07-13,3,It’s 5.7% if you don’t live in NOVA or Hampton Roads.,2021-07,Hampton Roads,36.97515,-76.34967,harbor(s),Virginia,City of Hampton,United States,WM,Road,,,,,5,
comment,2021-07-13,3,And 6.8% if you live in James City or York counties or the City of Williamsburg.,2021-07,Jamestown,37.2082,-76.77413,populated place,Virginia,James City County,United States,WM,City,,,,,3,
comment,2021-07-13,3,And 6.8% if you live in James City or York counties or the City of Williamsburg.,2021-07,York,42.87117,-77.88528,populated place,New York,Livingston County,United States,WM,City,,,,,1,
comment,2020-09-03,4,"An interesting point to add to this, however, is that a decent chunk of off campus students are already in Williamsburg because of their leases starting.",2020-09,Williamsburg,37.2707,-76.70746,seat of a second-order administrative division,Virginia,City of Williamsburg,United States,WM,City,,,,,104,
comment,2020-09-03,4,"Anecdotally, I'm in a senior level seminar of 24, and I was one of two students not currently in Williamsburg.",2020-09,Williamsburg,37.2707,-76.70746,seat of a second-order administrative division,Virginia,City of Williamsburg,United States,WM,City,,,,,104,
comment,2020-09-03,4,"So even though less than a quarter of our undergraduate population is currently living in on-campus dorms, I'd wager that up to half of the population is already in Williamsburg.",2020-09,Williamsburg,37.2707,-76.70746,seat of a second-order administrative division,Virginia,City of Williamsburg,United States,WM,City,,,,,104,
comment,2020-09-03,26,"My dad graphs Covid cases in all of Virginia, but is now mostly focusing on college towns.",2020-09,Virginia,37.54812,-77.44675,first-order administrative division,Virginia,,United States,WM,State,,,,,81,
comment,2020-09-03,26,"Ofc, that could change, but let's not end up like Radford and have herd immunity.",2020-09,Radford,39.57754,-89.03453,populated place,Illinois,Christian County,United States,WM,City,,,,,1,
comment,2020-09-03,8,"W&M admin is out here like ""rip to all the other public Virginia universities but we're different""",2020-09,Virginia,37.54812,-77.44675,first-order administrative division,Virginia,,United States,WM,State,,,,,81,
post,2024-11-15,82,“An absolute honor”: Williamsburg elects first Black woman and active undergraduate student to serve on city council,2024-11,Williamsburg,37.2707,-76.70746,seat of a second-order administrative division,Virginia,City of Williamsburg,United States,WM,City,,,,,104,
comment,2023-11-08,34,The article says that State police have said that she was in the crosswalk on Richmond Road when the President of Colonial  Williamsburg hit her with his SUV.,2023-11,Richmond Road,-28.95233,152.31826,road,New South Wales,,Australia,WM,Road,,,,,10,
comment,2023-11-08,34,The article says that State police have said that she was in the crosswalk on Richmond Road when the President of Colonial  Williamsburg hit her with his SUV.,2023-11,Colonial,40.8755,-111.88133,section of populated place,Utah,Davis County,United States,WM,Neighborhood,,,,,1,
comment,2023-11-08,34,The article says that State police have said that she was in the crosswalk on Richmond Road when the President of Colonial  Williamsburg hit her with his SUV.,2023-11,Williamsburg,37.2707,-76.70746,seat of a second-order administrative division,Virginia,City of Williamsburg,United States,WM,City,,,,,104,
comment,2023-11-08,34,The City of Williamsburg should lower the speed limit on that stretch of Richmond Road to 15 mph.,2023-11,Richmond Road,-28.95233,152.31826,road,New South Wales,,Australia,WM,Road,,,,,10,
comment,2023-11-08,6,They should put speed bumps or speed tables in on that stretch of Richmond Road.,2023-11,Richmond Road,43.98463,-66.12207,populated place,Nova Scotia,Yarmouth County,Canada,WM,City,,,,,7,
comment,2023-11-08,13,"I am not condoning those that break the speed limit, but I really would like to see a pedestrian bridge or two over Richmond road.",2023-11,Richmond,37.55376,-77.46026,seat of a first-order administrative division,Virginia,City of Richmond,United States,WM,City,,,,,20,
comment,2023-11-20,1,Let's hope the City does something about the two crosswalks on Richmond Road near campus that don't have lights and signs and that they reduce the speed limit there.,2023-11,Richmond Road,-28.95233,152.31826,road,New South Wales,,Australia,WM,Road,,,,,10,
comment,2020-09-06,6,"I just walked through CW and the bars and pubs are packed (indoors and outdoors) with people, 99% of them not wearing masks.",2020-09,CW Bonham,28.48554,-99.82255,,Texas,Dimmit County,United States,WM,,,,,,6,
comment,2020-09-30,32,"Just chiming in from beyond the other side of the Wren Building, this feeling extends to pretty much everybody, even those of us in the workforce (or looking for work) It's a tough time for everybody, totally natural to be feeling tired or careworn.",2020-09,The Sir Christopher Wren Building,37.2707,-76.70912,building(s),Virginia,City of Williamsburg,United States,WM,Building,,,,,1,
comment,2020-03-25,3,New York transfer hopeful here : - ),2020-03,New York,43.00035,-75.4999,first-order administrative division,New York,,United States,WM,State,,,,,4,
comment,2020-03-28,2,I was previously considering American and GWU but decided W&M is more practical and less money than the private DC schools.,2020-03,District of Columbia,38.91706,-77.00025,first-order administrative division,District of Columbia,,United States,WM,State,,,,,31,
comment,2020-04-04,2,"I’m just wondering are there are there any opportunities to get internships, particularly in Washington D.C. for students who are interested in a career in public service?",2020-04,District of Columbia,38.91706,-77.00025,first-order administrative division,District of Columbia,,United States,WM,State,,,,,31,
comment,2020-06-21,1,It can be a little disconcerting to see how many people are from northern Virginia (NoVA) who know each other already (so many of them).,2020-06,Virginia,37.54812,-77.44675,first-order administrative division,Virginia,,United States,WM,State,,,,,81,
comment,2020-06-21,1,It can be a little disconcerting to see how many people are from northern Virginia (NoVA) who know each other already (so many of them).,2020-06,Nova,39.73176,-77.81944,populated place,Pennsylvania,Franklin County,United States,WM,City,,,,,15,
comment,2020-04-04,2,"There are strong opportunities, many alumni work in DC",2020-04,District of Columbia,38.91706,-77.00025,first-order administrative division,District of Columbia,,United States,WM,State,,,,,31,
comment,2020-04-16,2,"We also have a DC program with a ""campus"" building in DC",2020-04,District of Columbia,38.91706,-77.00025,first-order administrative division,District of Columbia,,United States,WM,State,,,,,31,
comment,2020-04-16,2,"We also have a DC program with a ""campus"" building in DC",2020-04,District of Columbia,38.91706,-77.00025,first-order administrative division,District of Columbia,,United States,WM,State,,,,,31,
comment,2020-06-21,1,"Yes, there are several programs through the W&M office in DC.",2020-06,District of Columbia,38.91706,-77.00025,first-order administrative division,District of Columbia,,United States,WM,State,,,,,31,
post,2025-05-16,80,Thomas Jefferson opposed William and Mary relocating to Richmond in 1824,2025-05,Richmond,37.55376,-77.46026,seat of a first-order administrative division,Virginia,City of Richmond,United States,WM,City,,,,,20,
comment,2025-05-16,30,"[19] In 1824, a petition presented in the General Assembly addressed the removal of William and Mary to Richmond, a move that could be financially advantageous for the struggling College.",2025-05,Richmond,37.55376,-77.46026,seat of a first-order administrative division,Virginia,City of Richmond,United States,WM,City,,,,,20,
comment,2025-07-22,1,Recently stayed at Monroe Hall for an event.,2025-07,Monroe Hall,38.8986,-77.0475,building(s),District of Columbia,,United States,WM,Building,,,,,3,
post,2023-09-23,79,*Housing*: I live in the Botetourt complex.,2023-09,Botetourt County,37.55712,-79.81233,second-order administrative division,Virginia,Botetourt County,United States,WM,State,,,,,12,
post,2023-09-23,79,*Food*: The two main dining halls are Commons (caf) and Sadler.,2023-09,Commons,53.54239,-6.80159,populated place,Leinster,Meath,Ireland,WM,City,,,,,1,
post,2023-09-23,79,*Food*: The two main dining halls are Commons (caf) and Sadler.,2023-09,Sadler,48.15012,-83.18308,area,Ontario,,Canada,WM,Building,,,,,7,
post,2023-09-23,79,The only time I eat at Sadler is when I have classes nearby and don't want to walk the 10 mins to caf.,2023-09,Sadler,48.15012,-83.18308,area,Ontario,,Canada,WM,Building,,,,,7,
post,2023-09-23,79,There are food trucks that park outside Sadler on some weekdays and although they're kind of pricey they make for a good change.,2023-09,Sadler,33.68261,-96.84833,populated place,Texas,Grayson County,United States,WM,City,,,,,5,
post,2023-09-23,79,"*Williamsburg and Public Transport*: Williamsburg is a very pretty town, especially Colonial Williamsburg.",2023-09,Williamsburg,37.2707,-76.70746,seat of a second-order administrative division,Virginia,City of Williamsburg,United States,WM,City,,,,,104,
post,2023-09-23,79,"*Williamsburg and Public Transport*: Williamsburg is a very pretty town, especially Colonial Williamsburg.",2023-09,Williamsburg,37.2707,-76.70746,seat of a second-order administrative division,Virginia,City of Williamsburg,United States,WM,City,,,,,104,
post,2023-09-23,79,"*Williamsburg and Public Transport*: Williamsburg is a very pretty town, especially Colonial Williamsburg.",2023-09,Williamsburg,37.2707,-76.70746,seat of a second-order administrative division,Virginia,City of Williamsburg,United States,WM,City,,,,,104,
post,2020-09-14,78,Are the lights in front of Sadler an annual thing or just for this year?,2020-09,Sadler,47.5879,14.2818,populated place,Styria,Politischer Bezirk Liezen,Austria,WM,City,,,,,1,
comment,2024-11-07,-6,Some good news to perk you all up - per NEWSWEEK: HAMAS calls for ‘immediate’ end to war after Trump election win,2024-11,Hamas,-21.21074,15.29608,intermittent stream,,,,WM,Natural Feature,,,,,1,
comment,2024-11-07,1,Yeah they're calling for Trump to stop sending money to Israel.,2024-11,State of Israel,31.5,34.75,independent political entity,,,Israel,WM,Country,,,,,5,
comment,2024-11-14,1,"But even if it is the voters what he says he'll do are not even in the voters' interests, tariffs raising consumer prices and decreasing product availability, imagine the u.s. with no public school system?",2024-11,United States,39.76,-98.5,independent political entity,,,United States,WM,Country,,,,,29,
comment,2022-11-19,14,absolutely huge statement win by London.,2022-11,London,51.50853,-0.12574,capital of a political entity,England,Greater London,United Kingdom,WM,City,,,,,4,
comment,2021-04-05,7,I haven’t visited Charlottesville though so I’ve got some more researching to do.,2021-04,Charlottesville,38.02931,-78.47668,seat of a second-order administrative division,Virginia,City of Charlottesville,United States,WM,City,,,,,7,
comment,2021-04-08,5,Anyone else here looking at their South Pacific semester?,2021-04,South Pacific,46.47215,-112.24029,mine(s),Montana,Lewis and Clark County,United States,WM,Building,,,,,1,
comment,2021-04-08,9,Native Charlottesville here.,2021-04,Charlottesville,38.02931,-78.47668,seat of a second-order administrative division,Virginia,City of Charlottesville,United States,WM,City,,,,,7,
post,2024-12-10,73,See you all in Williamsburg!,2024-12,Williamsburg,37.2707,-76.70746,seat of a second-order administrative division,Virginia,City of Williamsburg,United States,WM,City,,,,,104,
comment,2020-07-15,13,I think they're just trying to plan ahead in case Virginia goes back to phase 2 and they're forced to close.,2020-07,Virginia,37.54812,-77.44675,first-order administrative division,Virginia,,United States,WM,State,,,,,81,
comment,2020-07-15,13,"If Virginia stays open, I think the school will stay open.",2020-07,Virginia,37.54812,-77.44675,first-order administrative division,Virginia,,United States,WM,State,,,,,81,
post,2023-12-19,70,"Non-existent building security, most building access doors are unlocked allowing anyone in Williamsburg to walk into the buildings whenever they want to.",2023-12,Williamsburg,37.2707,-76.70746,seat of a second-order administrative division,Virginia,City of Williamsburg,United States,WM,City,,,,,104,
comment,2023-12-20,19,I had a friend who lived in a rental on Lafayette whose upstairs shower leaked and created a huge bubble in the ceiling that could have caused it to collapse.,2023-12,Lafayette,30.22409,-92.01984,seat of a second-order administrative division,Louisiana,Lafayette Parish,United States,WM,City,,,,,1,
comment,2023-12-20,11,"But the city believes that every single student should live on campus and that Williamsburg should just never build any new housing, and so this is the situation we're stuck in :/",2023-12,Williamsburg,37.2707,-76.70746,seat of a second-order administrative division,Virginia,City of Williamsburg,United States,WM,City,,,,,104,
comment,2023-12-20,10,Honestly it's not even that Williamsburg is anti-development it's moreso that the far majority of new development around town is catered to wealthy middle-aged professionals.,2023-12,Williamsburg,37.2707,-76.70746,seat of a second-order administrative division,Virginia,City of Williamsburg,United States,WM,City,,,,,104,
comment,2023-12-20,10,"The rent at places like Founders Village, High Street View, etc is even more expensive than Midtown and is hardly affordable for the average student.",2023-12,Founders Village,39.3758,-104.8086,populated place,Colorado,Douglas County,United States,WM,City,,,,,1,
comment,2023-12-20,10,"The rent at places like Founders Village, High Street View, etc is even more expensive than Midtown and is hardly affordable for the average student.",2023-12,Midtown,29.74225,-95.37533,section of populated place,Texas,Harris County,United States,WM,Neighborhood,,,,,1,
comment,2023-12-20,10,"Nobody wants to build affordable housing these days when they can build ""luxury apartments"" and charge $1,800+ per month for a studio in Williamsburg.",2023-12,Williamsburg,37.2707,-76.70746,seat of a second-order administrative division,Virginia,City of Williamsburg,United States,WM,City,,,,,104,
comment,2023-04-16,3,Looks like they're up in a tree behind Barrett Hall.,2023-04,Barrett Hall,37.26931,-76.71135,building(s),Virginia,City of Williamsburg,United States,WM,Building,,,,,1,
comment,2023-04-16,3,"Looking east toward the Colonial Williamsburg area, we can see Jefferson Hall on the right, as well as Ewell, Washington, and a little bit of McGlothlin-Street Hall on the left of the photo.",2023-04,Colonial Williamsburg,37.2625,-76.69972,populated place,Virginia,City of Williamsburg,United States,WM,City,,,,,12,
comment,2023-04-16,3,"Looking east toward the Colonial Williamsburg area, we can see Jefferson Hall on the right, as well as Ewell, Washington, and a little bit of McGlothlin-Street Hall on the left of the photo.",2023-04,Jefferson Hall,37.26959,-76.71051,building(s),Virginia,City of Williamsburg,United States,WM,Building,,,,,1,
comment,2023-04-16,3,"Looking east toward the Colonial Williamsburg area, we can see Jefferson Hall on the right, as well as Ewell, Washington, and a little bit of McGlothlin-Street Hall on the left of the photo.",2023-04,Temple Ewell,51.15254,1.26926,populated place,England,Kent,United Kingdom,WM,City,,,,,1,
comment,2023-04-16,3,"Looking east toward the Colonial Williamsburg area, we can see Jefferson Hall on the right, as well as Ewell, Washington, and a little bit of McGlothlin-Street Hall on the left of the photo.",2023-04,Washington,47.50012,-120.50147,first-order administrative division,Washington,,United States,WM,State,,,,,5,
comment,2023-04-16,3,"Looking east toward the Colonial Williamsburg area, we can see Jefferson Hall on the right, as well as Ewell, Washington, and a little bit of McGlothlin-Street Hall on the left of the photo.",2023-04,McGlothlin - Street Hall,36.77222,-81.83278,building(s),Virginia,Washington County,United States,WM,Building,,,,,1,
post,2020-10-08,71,Currently sitting in swem trying to write a huge essay due at 6pm regretting not taking this semester off and working.,2020-10,Swem,46.65982,-123.4046,populated place,Washington,Pacific County,United States,WM,City,,,,,24,
comment,2026-02-22,34,Williamsburg is primarily a tourist destination and college town.,2026-02,Williamsburg,42.39314,-72.73009,populated place,Massachusetts,Hampshire County,United States,WM,City,,,,,11,
comment,2026-02-22,34,"But then, again in the last two years in the US, we really double down on trying to get rid of people in our communities who want to be part of our communities and actively contribute to them because of various mental biases and prejudices.",2026-02,United States,39.76,-98.5,independent political entity,,,United States,WM,Country,,,,,29,
comment,2026-02-23,2,Williamsburg has a long history of being student-averse.,2026-02,Williamsburg,37.2707,-76.70746,seat of a second-order administrative division,Virginia,City of Williamsburg,United States,WM,City,,,,,104,
comment,2026-02-23,2,"And way to go, Williamsburg.",2026-02,Williamsburg,37.2707,-76.70746,seat of a second-order administrative division,Virginia,City of Williamsburg,United States,WM,City,,,,,104,
comment,2026-02-23,2,"Somehow, a fair number of W&M grads still choose to make their lives in Williamsburg and contribute to the community.",2026-02,Williamsburg,37.2707,-76.70746,seat of a second-order administrative division,Virginia,City of Williamsburg,United States,WM,City,,,,,104,
comment,2026-02-24,1,Williamsburg tourism is dying every year and then trying to keep students away is retarded.,2026-02,Williamsburg,37.2707,-76.70746,seat of a second-order administrative division,Virginia,City of Williamsburg,United States,WM,City,,,,,104,
comment,2026-02-22,11,"What's notable is that ASU doesn't have an admissions cap, and so there's physically no way for every student to get on-campus housing, which means a *LOT* of development happens in Tempe and the neighboring cities to accommodate *both* the student population *and* the rest of the folks who live in the area to either work at ASU or work at firms that exist because of ASU's presence.",2026-02,Tempe,33.41477,-111.90931,populated place,Arizona,Maricopa County,United States,WM,City,,,,,6,
comment,2026-02-22,11,"Tempe and Williamsburg both have workforce housing shortages, and the universities take a lot of the blame for that among the general public, but at the end of the day all of the same factors which have contributed to our *nationwide* housing shortage are merely exacerbated by the kind of rent-seeking behavior which this post lays bare.",2026-02,Williamsburg,37.2707,-76.70746,seat of a second-order administrative division,Virginia,City of Williamsburg,United States,WM,City,,,,,104,
comment,2026-02-22,4,"We joke there are two seasons in Arizona; Summer and Construction, or Winter and Construction for Flagstaff natives such as myself.",2026-02,Arizona,34.5003,-111.50098,first-order administrative division,Arizona,,United States,WM,State,,,,,1,
comment,2026-02-22,4,"We joke there are two seasons in Arizona; Summer and Construction, or Winter and Construction for Flagstaff natives such as myself.",2026-02,Flagstaff,35.19807,-111.65127,seat of a second-order administrative division,Arizona,Coconino County,United States,WM,City,,,,,1,
comment,2026-02-22,4,We live in the WJCC and New Kent border bc I wanted to have a pig sanctuary.,2026-02,WJCC-AM (Norfolk),42.09232,-71.30311,tower,Massachusetts,Norfolk County,United States,WM,Building,,,,,1,
comment,2026-02-22,4,We live in the WJCC and New Kent border bc I wanted to have a pig sanctuary.,2026-02,New Kent County,37.50514,-76.99713,second-order administrative division,Virginia,New Kent County,United States,WM,State,,,,,1,
comment,2026-02-22,3,At least Tempe is actually trying to build stuff.,2026-02,Tempe,33.41477,-111.90931,populated place,Arizona,Maricopa County,United States,WM,City,,,,,6,
comment,2026-02-22,3,"Lower income ppl seem to be the ""acceptable sacrifice"" to force higher numbers of undergrads on campus in Williamsburg.",2026-02,Williamsburg,37.2707,-76.70746,seat of a second-order administrative division,Virginia,City of Williamsburg,United States,WM,City,,,,,104,
comment,2026-02-23,1,"In absolute numbers of units built, Tempe is indeed building more new homes than Williamsburg.",2026-02,Tempe,33.41477,-111.90931,populated place,Arizona,Maricopa County,United States,WM,City,,,,,6,
comment,2026-02-23,1,"In absolute numbers of units built, Tempe is indeed building more new homes than Williamsburg.",2026-02,Williamsburg,37.2707,-76.70746,seat of a second-order administrative division,Virginia,City of Williamsburg,United States,WM,City,,,,,104,
comment,2026-02-23,1,"But you also have to remember, Tempe is over 12x larger than Williamsburg is, and Tempe's workforce housing shortage is larger than Williamsburg's *entire population*.",2026-02,Tempe,33.41477,-111.90931,populated place,Arizona,Maricopa County,United States,WM,City,,,,,6,
comment,2026-02-23,1,"But you also have to remember, Tempe is over 12x larger than Williamsburg is, and Tempe's workforce housing shortage is larger than Williamsburg's *entire population*.",2026-02,Williamsburg,37.2707,-76.70746,seat of a second-order administrative division,Virginia,City of Williamsburg,United States,WM,City,,,,,104,
comment,2026-02-23,1,"But you also have to remember, Tempe is over 12x larger than Williamsburg is, and Tempe's workforce housing shortage is larger than Williamsburg's *entire population*.",2026-02,Tempe,33.41477,-111.90931,populated place,Arizona,Maricopa County,United States,WM,City,,,,,6,
comment,2026-02-23,1,"But you also have to remember, Tempe is over 12x larger than Williamsburg is, and Tempe's workforce housing shortage is larger than Williamsburg's *entire population*.",2026-02,Williamsburg,37.2707,-76.70746,seat of a second-order administrative division,Virginia,City of Williamsburg,United States,WM,City,,,,,104,
comment,2026-02-23,1,"And for further context, Tempe has almost exactly the same land area as Paris, but Paris has 11x more people.",2026-02,Tempe,33.41477,-111.90931,populated place,Arizona,Maricopa County,United States,WM,City,,,,,6,
comment,2026-02-23,1,"And for further context, Tempe has almost exactly the same land area as Paris, but Paris has 11x more people.",2026-02,Paris,48.85341,2.3488,capital of a political entity,Île-de-France,Paris,France,WM,City,,,,,3,
comment,2026-02-23,1,"And for further context, Tempe has almost exactly the same land area as Paris, but Paris has 11x more people.",2026-02,Paris,48.85341,2.3488,capital of a political entity,Île-de-France,Paris,France,WM,City,,,,,3,
comment,2026-02-23,1,"Point being, Williamsburg is *tiny*, and the insistence that it's incapable of providing a home for everyone who lives, works, and studies there is both incorrect and utterly pathetic.",2026-02,Williamsburg,37.2707,-76.70746,seat of a second-order administrative division,Virginia,City of Williamsburg,United States,WM,City,,,,,104,
comment,2026-02-23,2,I was mostly taking a jab at Williamsburg for having only approved a \*whopping\* 16 apartments since 2023 (and only because they were reuse of existing buildings).,2026-02,Williamsburg,37.2707,-76.70746,seat of a second-order administrative division,Virginia,City of Williamsburg,United States,WM,City,,,,,104,
comment,2026-02-15,20,"Our first ""American"" chancellor was George Washington, others include another President, a Governor of Virginia, a Prime Minister of the UK, two Supreme Court Justices (one Chief Justice), and a Secretary of State.",2026-02,Virginia,37.54812,-77.44675,first-order administrative division,Virginia,,United States,WM,State,,,,,81,
comment,2026-02-15,20,"Our first ""American"" chancellor was George Washington, others include another President, a Governor of Virginia, a Prime Minister of the UK, two Supreme Court Justices (one Chief Justice), and a Secretary of State.",2026-02,United Kingdom of Great Britain and Northern Ireland,54.75844,-2.69531,independent political entity,,,United Kingdom,WM,Country,,,,,3,
comment,2026-02-15,13,"The premise is that they used to send folks to Harvard and instead of coming back sycophants, they came back with critiques of US military actions.",2026-02,United States,39.76,-98.5,independent political entity,,,United States,WM,Country,,,,,29,
comment,2026-02-15,2,"The premise is that they used to send folks to Harvard and instead of coming back sycophants, they came back with critiques of US military actions.",2026-02,United States,39.76,-98.5,independent political entity,,,United States,WM,Country,,,,,29,
comment,2026-02-16,6,"Our first ""American"" chancellor was George Washington, others include another President, a Governor of Virginia, a Prime Minister of the UK, two Supreme Court Justices (one Chief Justice), and a Secretary of State.",2026-02,Virginia,37.54812,-77.44675,first-order administrative division,Virginia,,United States,WM,State,,,,,81,
comment,2026-02-16,6,"Our first ""American"" chancellor was George Washington, others include another President, a Governor of Virginia, a Prime Minister of the UK, two Supreme Court Justices (one Chief Justice), and a Secretary of State.",2026-02,United Kingdom of Great Britain and Northern Ireland,54.75844,-2.69531,independent political entity,,,United Kingdom,WM,Country,,,,,3,
post,2025-06-27,65,Virginia's universities must stand together against the Trump administration's assault on academic freedom and higher education.,2025-06,Virginia,37.54812,-77.44675,first-order administrative division,Virginia,,United States,WM,State,,,,,81,
comment,2022-02-01,1,You'll form close friendships in Williamsburg over time.,2022-02,Williamsburg,37.2707,-76.70746,seat of a second-order administrative division,Virginia,City of Williamsburg,United States,WM,City,,,,,104,
comment,2020-08-15,5,I'm in Yates.,2020-08,Yates County,42.63344,-77.10546,second-order administrative division,New York,Yates County,United States,WM,State,,,,,2,
comment,2022-12-11,43,Virginia schools in general have been having a horrible time as of late.,2022-12,Virginia,37.54812,-77.44675,first-order administrative division,Virginia,,United States,WM,State,,,,,81,
comment,2022-12-11,14,"However, I don't believe depression and challenging academics are confined to just William and Mary.",2022-12,William and Mary Hall,37.27348,-76.71968,building(s),Virginia,City of Williamsburg,United States,WM,Building,,,,,20,
comment,2022-08-22,13,Really showing our true colors as the lowest socioeconomically diverse college in America (at least that was the case in 2020 and this policy doesn't inspire positive change).,2022-08,United States,39.76,-98.5,independent political entity,,,United States,WM,Country,,,,,29,
comment,2021-05-02,7,"(Combination of the Civil War, going public in the aftermath, and Virginia continually decreasing the portion of the College’s budget that it covers.)",2021-05,Virginia,37.54812,-77.44675,first-order administrative division,Virginia,,United States,WM,State,,,,,81,
comment,2020-11-19,7,Marcus Thornton was in the G-League as recently as 2018 but is now playing overseas in the Basketball Bundesliga (Germany).,2020-11,Federal Republic of Germany,51.5,10.5,independent political entity,,,Germany,WM,Country,,,,,1,
post,2024-06-08,59,Not picture is the renovation to Monroe Hall since it looks exactly the same on the outside (will be complete for upcoming Fall 2024 semester).,2024-06,Monroe Hall,38.8986,-77.0475,building(s),District of Columbia,,United States,WM,Building,,,,,3,
post,2024-06-08,59,The Swem windows are being replaced at the moment which will also be completed by Fall 2024.,2024-06,Swem,46.65982,-123.4046,populated place,Washington,Pacific County,United States,WM,City,,,,,24,
comment,2024-06-08,14,"Old Dominion Hall is going to get an interior renovation exactly like Monroe Hall, so as Monroe goes live again OD Hall will be the one offline.",2024-06,Old Dominion Hall,37.27209,-76.71246,building(s),Virginia,City of Williamsburg,United States,WM,Building,,,,,1,
comment,2024-06-08,14,"Old Dominion Hall is going to get an interior renovation exactly like Monroe Hall, so as Monroe goes live again OD Hall will be the one offline.",2024-06,Monroe Hall,38.8986,-77.0475,building(s),District of Columbia,,United States,WM,Building,,,,,3,
comment,2024-06-08,14,"2026 happens to be the 250th Anniversary of the USA, so as you might imagine there will be more people visiting Williamsburg than usual that year...just saying.",2024-06,United States,39.76,-98.5,independent political entity,,,United States,WM,Country,,,,,29,
comment,2024-06-08,14,"2026 happens to be the 250th Anniversary of the USA, so as you might imagine there will be more people visiting Williamsburg than usual that year...just saying.",2024-06,Williamsburg,37.2707,-76.70746,seat of a second-order administrative division,Virginia,City of Williamsburg,United States,WM,City,,,,,104,
comment,2024-06-08,14,"""Scheduled for groundbreaking in fall 2024, Gates Hall is set for completion in time for the nation’s 250th anniversary in 2026.",2024-06,Gates-Blake Hall,41.78837,-87.60088,building(s),Illinois,Cook County,United States,WM,Building,,,,,1,
post,2020-08-22,60,">
>But public records show that Kallaco, based in Delaware, was only incorporated in April by a New Orleans-based founder with a background in health care consulting but no laboratory testing experience.",2020-08,Delaware,39.00039,-75.49992,first-order administrative division,Delaware,,United States,WM,State,,,,,1,
post,2020-08-22,60,">
>But public records show that Kallaco, based in Delaware, was only incorporated in April by a New Orleans-based founder with a background in health care consulting but no laboratory testing experience.",2020-08,New Orleans,29.95465,-90.07507,seat of a second-order administrative division,Louisiana,Orleans Parish,United States,WM,City,,,,,3,
post,2020-08-22,60,"A Kallaco spokeswoman said the company processed the majority of Virginia’s student testing through Opteo Laboratory, a genetics testing company also based in New Orleans...
>
>More concerning, faculty said, was the lack of information available on the tests sent out to students.",2020-08,Virginia,37.54812,-77.44675,first-order administrative division,Virginia,,United States,WM,State,,,,,81,
post,2020-08-22,60,"A Kallaco spokeswoman said the company processed the majority of Virginia’s student testing through Opteo Laboratory, a genetics testing company also based in New Orleans...
>
>More concerning, faculty said, was the lack of information available on the tests sent out to students.",2020-08,New Orleans,29.95465,-90.07507,seat of a second-order administrative division,Louisiana,Orleans Parish,United States,WM,City,,,,,3,
comment,2024-05-30,35,"> Raynal, a 21-year-old junior at William & Mary, suffered a traumatic brain injury on Oct. 26 along with fractures in her hip, scapula and skull when she was hit while crossing the road near the intersection of Richmond Road and Armistead Avenue, a busy thoroughfare for students.",2024-05,Richmond Road,43.98463,-66.12207,populated place,Nova Scotia,Yarmouth County,Canada,WM,City,,,,,7,
comment,2026-04-30,1,I’ve lived in Williamsburg my whole life.,2026-04,Williamsburg,37.2707,-76.70746,seat of a second-order administrative division,Virginia,City of Williamsburg,United States,WM,City,,,,,104,
comment,2026-04-30,0,UPDATE: RAYNAL IS SUING FLEET FOR 25 MILLION.,2026-04,Raynāl,15.33114,75.09223,populated place,Karnataka,Dharwad,India,WM,City,,,,,1,
comment,2026-04-30,0,"My take: After exhaustive investigations involving numerous camera/video evidence & eyewitnesses it was determined that :  Fleet ( and everyone else) was driving Richmond Rd at the time of day when sun is directly in your eyes, he was driving 26mph in a 25mph zone.",2026-04,Richmond Rd,12.96657,77.60829,populated place,Karnataka,Bangalore Urban,India,WM,City,,,,,3,
comment,2022-02-22,14,"I remember seeing a flickering light near Sadler and saying to a friend of mine of the same class ""the lights are going out all over campus, and we shall not see them lit again in our time here"" (and I will give props to anyone who gets that reference).",2022-02,Sadler,33.68261,-96.84833,populated place,Texas,Grayson County,United States,WM,City,,,,,5,
post,2020-03-06,58,"The men will be the #2 seed in the CAA tournament in DC starting Sunday, they look for the College’s first tourney bid.",2020-03,District of Columbia,38.91706,-77.00025,first-order administrative division,District of Columbia,,United States,WM,State,,,,,31,
post,2020-03-06,58,"They will be the #3 seed in the CAA tournament in Elon, NC, next week, also looking for their first bid.",2020-03,Elon,36.10291,-79.50669,populated place,North Carolina,Alamance County,United States,WM,City,,,,,1,
post,2020-03-06,58,"They will be the #3 seed in the CAA tournament in Elon, NC, next week, also looking for their first bid.",2020-03,North Carolina,35.50069,-80.00032,first-order administrative division,North Carolina,,United States,WM,State,,,,,3,
comment,2025-01-11,9,I almost cried every time I went to work because I passed by her memorial we made on Jamestown.,2025-01,Jamestown,36.42757,-84.93189,seat of a second-order administrative division,Tennessee,Fentress County,United States,WM,City,,,,,1,
comment,2025-01-09,3,"I'm in a Doctoral Psychology program at another school in Virginia, but I went to W&M for undergrad.",2025-01,Virginia,37.54812,-77.44675,first-order administrative division,Virginia,,United States,WM,State,,,,,81,
comment,2025-01-09,-17,Not since Matt Gaetz got his law degree and moved back to Florida.,2025-01,Florida,28.75054,-82.5001,first-order administrative division,Florida,,United States,WM,State,,,,,2,
comment,2025-01-10,7,There was a time in the 90s where the Golden Gate had a body count and some were trying to be the 1000th.,2025-01,By The Golden Gate,56.14745,40.37376,hotel,Vladimir Oblast,,Russia,WM,Building,,,,,1,
comment,2023-06-23,7,"On hot days we hung out in the lounge, or the basement, or we went to lounge in Sadler to shoot pool.",2023-06,Sadler,48.15012,-83.18308,area,Ontario,,Canada,WM,Building,,,,,7,
comment,2023-06-23,6,I lived in GGV with no AC and my dorm room became one of my favorite places to be!,2023-06,Ghovarash Ghona,22.65168,88.78289,railroad station,West Bengal,North 24 Parganas,India,WM,Road,,,,,6,
comment,2023-06-23,2,Lol I was in GGV and we still had roaches despite keeping it clean.,2023-06,Ghovarash Ghona,22.65168,88.78289,railroad station,West Bengal,North 24 Parganas,India,WM,Road,,,,,6,
comment,2024-11-14,5,"Give Ukraine everything they can and then some, give them the go ahead to strike inside Russia.",2024-11,Ukraine,49.0,32.0,independent political entity,,,Ukraine,WM,Country,,,,,1,
comment,2024-11-14,5,"Give Ukraine everything they can and then some, give them the go ahead to strike inside Russia.",2024-11,Russian Federation,60.0,100.0,independent political entity,,,Russia,WM,Country,,,,,1,
comment,2024-11-14,0,"Charges were dropped -> In September 2022, after more than two years of investigating Gaetz, prosecutors recommended that no charges be filed against the Florida congressman.",2024-11,Florida,28.75054,-82.5001,first-order administrative division,Florida,,United States,WM,State,,,,,2,
comment,2024-11-14,12,But bonus points for The College of William & Mary in Virginia!,2024-11,Virginia,37.54812,-77.44675,first-order administrative division,Virginia,,United States,WM,State,,,,,81,
comment,2024-11-14,12,"(Separate points for ""The"" and ""in Virginia"")!",2024-11,Virginia,37.54812,-77.44675,first-order administrative division,Virginia,,United States,WM,State,,,,,81,
comment,2024-11-14,-1,The US is one of the only places in the world where most of the people only speak one language.,2024-11,United States,39.76,-98.5,independent political entity,,,United States,WM,Country,,,,,29,
comment,2021-03-03,5,"Me and some other people already began mocking the college's position on the ""first college in the United States"".",2021-03,Territories of the United States,35.27766,-102.35403,region,,,United States,WM,Region,,,,,2,
post,2020-10-30,52,Only place that's really open is Aromas and my fucking god that place is LOUD.,2020-10,Aromas,46.29331,5.48053,populated place,Bourgogne,Jura,France,WM,City,,,,,1,
comment,2020-10-30,2,Learn to Swem see you in Arizona Bay,2020-10,Arizona Bay,35.51555,-114.66275,bay,Arizona,Mohave County,United States,WM,Natural Feature,,,,,1,
comment,2020-10-30,6,i would recommend tyler and washington for quiet study spots at night,2020-10,Washington,47.50012,-120.50147,first-order administrative division,Washington,,United States,WM,State,,,,,5,
comment,2020-10-02,15,"Hi I’m not a WM student but I’m a freshman at another top-rated university who’s classes are online now, but i’ve been a Williamsburg native for 18+ years.",2020-10,Williamsburg,37.2707,-76.70746,seat of a second-order administrative division,Virginia,City of Williamsburg,United States,WM,City,,,,,104,
comment,2020-10-02,15,"From what I know about WM, even though there are strict guidelines and everything isn’t normal like last year, there are still few covid cases on campus and in Williamsburg, so hopefully restrictions will be more lenient come next semester :)

For me at least, i’m taking this time at home to work on developing decent college study habits without the added stress of being somewhere new.",2020-10,Williamsburg,37.2707,-76.70746,seat of a second-order administrative division,Virginia,City of Williamsburg,United States,WM,City,,,,,104,
comment,2020-01-08,13,"My wife and I visited WBurg recently for the first time in years, and ended up at Precarious one afternoon.",2020-01,Precarious Peak,39.01721,-106.96171,mountain,Colorado,Pitkin County,United States,WM,Natural Feature,,,,,1,
comment,2020-01-09,4,I don’t think the availability of a good brew is what’s stopping the houses on Ukrop from classing it up lol.,2020-01,Ukrop,54.7689,83.8279,stream,Novosibirsk Oblast,,Russia,WM,Natural Feature,,,,,1,
comment,2025-12-10,9,"Virginia no longer permits legacy consideration, but I know that you were hoping your son would have his own W&M experience - and he still very well might!",2025-12,Virginia,37.54812,-77.44675,first-order administrative division,Virginia,,United States,WM,State,,,,,81,
comment,2025-12-11,2,"According to William & Mary, legacy admissions were already eliminated way before that Virginia policy was enacted.",2025-12,Virginia,37.54812,-77.44675,first-order administrative division,Virginia,,United States,WM,State,,,,,81,
comment,2024-12-03,1,"Update: Only Medium left in the white, still have Medium, Large and Extra Large in Ash!",2024-12,Ash,51.35635,0.29697,populated place,England,Kent,United Kingdom,WM,City,,,,,1,
post,2023-04-13,51,"From what I've seen and heard, pretty much *most* schools in the United States have a similar composition of a student body.",2023-04,Territories of the United States,35.27766,-102.35403,region,,,United States,WM,Region,,,,,2,
comment,2023-04-13,3,I'm pretty sure West Campus phase 1 and Jamestown North are both supposed to be completed by the time the class of 2027 are juniors.,2023-04,West Campus,34.67943,-82.8396,building(s),South Carolina,Pickens County,United States,WM,Building,,,,,1,
comment,2023-04-13,3,I'm pretty sure West Campus phase 1 and Jamestown North are both supposed to be completed by the time the class of 2027 are juniors.,2023-04,North Dakota Highway Patrol Jamestown,46.90349,-98.70569,building(s),North Dakota,Stutsman County,United States,WM,Building,,,,,1,
comment,2023-04-13,7,">  
>They will tear down Yates (one of the biggest dorm halls on campus) and will tear down more of other halls in the near future, which comes at a horrible timing because of a current housing shortage that goes on.",2023-04,Yates Crossing,38.44148,-82.18987,populated place,West Virginia,Cabell County,United States,WM,City,,,,,1,
comment,2023-04-13,7,">  
>**Botetourt and Randolph Complex** are located further away from most other dorms on campus.",2023-04,Botetourt County,37.55712,-79.81233,second-order administrative division,Virginia,Botetourt County,United States,WM,State,,,,,12,
comment,2023-04-13,7,">  
>**Botetourt and Randolph Complex** are located further away from most other dorms on campus.",2023-04,Randolph Student Residence Complex,37.27083,-76.71889,,Virginia,City of Williamsburg,United States,WM,,,,,,2,
comment,2023-04-13,7,"Between the two, Randolph Complex is a bit better.",2023-04,Randolph Student Residence Complex,37.27083,-76.71889,,Virginia,City of Williamsburg,United States,WM,,,,,,2,
comment,2023-04-13,7,"Just a word of notice: Laundry is in a different location for Randolph as far as I know, meaning you pick up your laundry bag and walk to a different building (Tazwell) to get your laundry done)  
>  
>**Bryan Hall**, similar to above, but closer to campus and rumors of roaches.",2023-04,Tazwell,37.11899,-81.52508,populated place,Virginia,Tazewell County,United States,WM,City,,,,,1,
comment,2023-04-13,7,"Speaking of roaches, there were reports of roaches in Randolph and rats in Botetourt.",2023-04,Randolph,35.51647,-89.8887,populated place,Tennessee,Tipton County,United States,WM,City,,,,,1,
comment,2023-04-13,7,"Speaking of roaches, there were reports of roaches in Randolph and rats in Botetourt.",2023-04,Botetourt County,37.55712,-79.81233,second-order administrative division,Virginia,Botetourt County,United States,WM,State,,,,,12,
comment,2023-04-13,7,I don't know much about Hunt Hall.,2023-04,Hunt Hall,46.56333,-87.40861,building(s),Michigan,Marquette County,United States,WM,Building,,,,,1,
comment,2019-03-23,12,I GOT IN OOS.,2019-03,Oos,50.23974,6.58378,populated place,Rheinland-Pfalz,,Germany,WM,City,,,,,1,
comment,2018-08-14,5,I get the one he got from temple but I don't understand this one...,2018-08,Paris 03 Temple,48.8637,2.3615,populated place,Île-de-France,Paris,France,WM,City,,,,,1,
comment,2024-01-27,18,"I entered W&M without a single acquaintance or friend from High School, from Hawaii, thousands of miles away.",2024-01,Hawaii,20.78785,-156.38612,first-order administrative division,Hawaii,,United States,WM,State,,,,,1,
comment,2024-01-27,18,"I experienced culture shock and feelings of exclusion, as many of my fellow students already had friend circles from their nearby home towns at school with them, and I felt like I did not 'fit in' as I was bi-racial and a closeted gay in what was a majority white straight atmosphere, and the cultural norms and expectations of where I previously lived were very, very different from Williamsburg.",2024-01,Williamsburg,37.2707,-76.70746,seat of a second-order administrative division,Virginia,City of Williamsburg,United States,WM,City,,,,,104,
comment,2024-01-27,18,"None of us wanted to be the first to open up and admit how we felt, and yes, there were a few on my freshmen hall in Dupont that caved in and left because of the social and academic pressure after the first semester.",2024-01,Dupont,45.0958,-93.59885,populated place,Minnesota,Hennepin County,United States,WM,City,,,,,2,
comment,2024-01-27,5,"It personally took me more to my sophomore year to find my groove and make some good friends some of which I made doing little trips like the Rec center ones, DC and more.",2024-01,District of Columbia,38.91706,-77.00025,first-order administrative division,District of Columbia,,United States,WM,State,,,,,31,
comment,2024-01-28,3,sending hugs to you OP  i relate on feeling loneliness as a minority at a PWI even within MCOs.,2024-01,Beles,11.33,36.42,airport,Bīnshangul Gumuz,,Ethiopia,WM,Building,,,,,1,
comment,2024-01-31,0,We the up and coming rappers about to perform at the meridian probably consistently it’s about to be a house party!,2024-01,Meridian,42.68976,-84.36358,populated place,Michigan,Ingham County,United States,WM,City,,,,,1,
comment,2024-01-27,3,I think the adjustment to William and Mary might be more difficult for out-of-state students.,2024-01,William and Mary Hall,37.27348,-76.71968,building(s),Virginia,City of Williamsburg,United States,WM,Building,,,,,20,
comment,2019-02-25,6,"I had a Wii hooked up for Melee, Brawl, or Project M at a moments notice back in Gooch in 2012

The great college tradition still stands",2019-02,Gooch,44.75707,-122.52842,,Oregon,Marion County,United States,WM,,,,,,3,
comment,2019-02-25,5,Y'all should come to Griffin A sometime too!,2019-02,Île à Griffin,45.68341,-76.61611,island,Quebec,,Canada,WM,Natural Feature,,,,,1,
comment,2019-03-07,2,"I know that basement well, lived in 207 in 2016!",2019-03,HES 207,59.24306,-135.46028,administrative division,Alaska,Haines Borough,United States,WM,Neighborhood,,,,,1,
comment,2018-02-20,7,An English lit professor from Smith by way of Bryn Mawr?,2018-02,Brynmawr,51.8,-3.18333,seat of a third-order administrative division,Wales,Blaenau Gwent,United Kingdom,WM,City,,,,,1,
comment,2018-02-20,11,"I'm not saying there aren't issues, but I don't want to be the next Evergreen or Oberlin either.",2018-02,Evergreen,46.75996,-95.45087,populated place,Minnesota,Becker County,United States,WM,City,,,,,1,
comment,2018-02-20,11,"I'm not saying there aren't issues, but I don't want to be the next Evergreen or Oberlin either.",2018-02,Oberlin,41.29394,-82.21738,populated place,Ohio,Lorain County,United States,WM,City,,,,,1,
comment,2018-02-20,10,I wish she had stronger ties to Virginia and the college.,2018-02,Virginia,37.54812,-77.44675,first-order administrative division,Virginia,,United States,WM,State,,,,,81,
post,2020-10-09,48,Extra Points: What the heck is going on at William & Mary?,2020-10,William and Mary Commons,37.27194,-76.72,building(s),Virginia,City of Williamsburg,United States,WM,Building,,,,,1,
post,2020-08-16,51,Williamsburg is my where I grew up so I'm just interested in how people there are acting...,2020-08,Williamsburg,37.2707,-76.70746,seat of a second-order administrative division,Virginia,City of Williamsburg,United States,WM,City,,,,,104,
comment,2020-08-11,9,Only reason I was okay with going back was bc i had my two best friends living in the dorm room next to me but now I would legit be in Jeff and they would be in Berrett for a whole month.,2020-08,Berrett,41.15606,-112.04272,section of populated place,Utah,Weber County,United States,WM,Neighborhood,,,,,1,
comment,2020-08-11,9,And tbh they’ll probably send everyone home before I can even get to OTP.,2020-08,Henri Coandă International Airport,44.57216,26.10218,airport,Ilfov,Oraş Otopeni,Romania,WM,Building,,,,,3,
comment,2021-04-18,2,"Guys, if you have a car, all the Publix in the Richmond area have tons of availability.",2021-04,Richmond,37.55376,-77.46026,seat of a first-order administrative division,Virginia,City of Richmond,United States,WM,City,,,,,20,
comment,2022-02-09,10,I remember when we (students) got to go to Busch Gardens for free in honor of the 300th anniversary.,2022-02,Busch Gardens,34.12945,-118.16479,park,California,Los Angeles County,United States,WM,Neighborhood,,,,,4,
comment,2021-09-18,14,"&#x200B;

For those not familiar, these two buildings were used as W&M dorms from the 60s through 2006, when they got closed for code violations and replaced with what're now Hardy and Lemon.",2021-09,Hardy,40.60896,-79.96783,populated place,Pennsylvania,Allegheny County,United States,WM,City,,,,,1,
comment,2014-05-06,11,"I remember when I first got there, WM was still known as the suicide school of Virginia.",2014-05,Virginia,37.54812,-77.44675,first-order administrative division,Virginia,,United States,WM,State,,,,,81,
comment,2014-05-06,9,I personally think that the V-Tech massacre could have been averted with continual and early psychiatric and disability support for the guy from the school.,2014-05,Kennebec Valley Community College,44.59429,-69.61161,school,Maine,Somerset County,United States,WM,Building,,,,,1,
comment,2014-05-06,7,"First off, the US was deinstitutionalized in the 70's so we don't just lock up people anymore.",2014-05,United States,39.76,-98.5,independent political entity,,,United States,WM,Country,,,,,29,
comment,2014-05-06,1,"I am saying that it seems based on this story it sounds like places like the US are already so much more progressed on stuff like this, compared to what I am used to, or even people in places like the US 1-2 generations ago, that OP should sort of feel better and relieved that most of the road of for him is already behind them.",2014-05,United States,39.76,-98.5,independent political entity,,,United States,WM,Country,,,,,29,
comment,2014-05-06,1,"I am saying that it seems based on this story it sounds like places like the US are already so much more progressed on stuff like this, compared to what I am used to, or even people in places like the US 1-2 generations ago, that OP should sort of feel better and relieved that most of the road of for him is already behind them.",2014-05,United States,39.76,-98.5,independent political entity,,,United States,WM,Country,,,,,29,
comment,2014-05-06,1,"It's like when you feel poor, and you read international newpapers, about poverty in Africa, and then you feel better - it is all about comparison and perspective.",2014-05,Africa,7.1881,21.09375,continent,,,,WM,Country,,,,,2,
post,2026-02-25,43,"Coming to the library sick I get that it’s midterm season, but if you’re going to come to SWEM sick, please at least wear a mask or don’t sit right next to someone who isn’t sick.",2026-02,Swem,46.65982,-123.4046,populated place,Washington,Pacific County,United States,WM,City,,,,,24,
post,2025-09-25,46,"W&M really seems like a great school, and the town of Williamsburg was awesome, so if the vibe I got was wrong, that’s even better.",2025-09,Williamsburg,37.2707,-76.70746,seat of a second-order administrative division,Virginia,City of Williamsburg,United States,WM,City,,,,,104,
comment,2025-09-25,5,I currently go to William and Mary and before coming had the same worries.,2025-09,William and Mary Hall,37.27348,-76.71968,building(s),Virginia,City of Williamsburg,United States,WM,Building,,,,,20,
comment,2025-09-25,2,"Lots of kids from government-worker families because it had a good name and was cheap, at least for in-state, but also a few kids from tony private schools, particularly from Richmond.",2025-09,Richmond,37.55376,-77.46026,seat of a first-order administrative division,Virginia,City of Richmond,United States,WM,City,,,,,20,
comment,2025-09-25,2,"If you love the campus and Colonial Williamsburg, you’ll probably like it.",2025-09,Colonial Williamsburg,37.2625,-76.69972,populated place,Virginia,City of Williamsburg,United States,WM,City,,,,,12,
comment,2025-09-25,1,I majored in history which had a mix of quirky (kids coming from Alaska bc they wanted to work in CW) and more mainstream folks looking to go to law school.,2025-09,Alaska,64.00028,-150.00028,first-order administrative division,Alaska,,United States,WM,State,,,,,1,
comment,2025-09-30,1,"Ngl i think i witnessed this tour in swem LOL, as a b school minor in greek life, i would say i have a 50/50 split of quirky and basic friends.",2025-09,Swem,46.65982,-123.4046,populated place,Washington,Pacific County,United States,WM,City,,,,,24,
comment,2025-09-25,0,W&M is the nerdiest school in Virginia by quite a distance.,2025-09,Virginia,37.54812,-77.44675,first-order administrative division,Virginia,,United States,WM,State,,,,,81,
comment,2025-09-25,8,Plenty of people on sunken on any nice day lol.,2025-09,Sunken Island,51.7766,0.88912,island,England,Essex,United Kingdom,WM,Natural Feature,,,,,1,
comment,2025-09-25,8,Nobody spends time on the Wren lawn if that's what you mean because its noisy and full of tourists taking photos.,2025-09,Wren,40.80088,-84.77524,populated place,Ohio,Van Wert County,United States,WM,City,,,,,5,
comment,2024-09-30,1,That said - I will echo the comments before me - I felt the same way my freshman year (when the dinosaurs roamed the Earth).,2024-09,Earth,34.23314,-102.41075,populated place,Texas,Lamb County,United States,WM,City,,,,,1,
comment,2024-09-30,1,I used to take walks around lake matoaka to clear my mind.,2024-09,Matoaka Lake,37.26591,-76.72554,reservoir(s),Virginia,City of Williamsburg,United States,WM,,,,,,11,
comment,2022-08-15,3,"If you are in yates, see lemon, but also it's kinda grungy.",2022-08,Yates County,42.63344,-77.10546,second-order administrative division,New York,Yates County,United States,WM,State,,,,,2,
comment,2021-01-07,6,"On one hand it seems super white to me, but my friend from Connecticut raves about how diverse it is lol",2021-01,Connecticut,41.66704,-72.66648,first-order administrative division,Connecticut,,United States,WM,State,,,,,1,
comment,2021-01-10,1,"I'm used to kids jamming Indian and Bollywood songs, or the thai group rap against dictatorship.",2021-01,Bollywood Sea Queen Beach Resort,15.27642,73.91271,hotel,Goa,South Goa,India,WM,Building,,,,,1,
comment,2021-01-10,1,Here it seems to mainly be UK and us rock.,2021-01,United Kingdom of Great Britain and Northern Ireland,54.75844,-2.69531,independent political entity,,,United Kingdom,WM,Country,,,,,3,
comment,2021-01-10,1,Here it seems to mainly be UK and us rock.,2021-01,United States,39.76,-98.5,independent political entity,,,United States,WM,Country,,,,,29,
comment,2025-10-26,19,"At last report, Amtrak is providing buses for the affected leg (bus from Williamsburg to Richmond and then train)",2025-10,Williamsburg,37.2707,-76.70746,seat of a second-order administrative division,Virginia,City of Williamsburg,United States,WM,City,,,,,104,
comment,2025-10-26,19,"At last report, Amtrak is providing buses for the affected leg (bus from Williamsburg to Richmond and then train)",2025-10,Richmond,37.55376,-77.46026,seat of a first-order administrative division,Virginia,City of Richmond,United States,WM,City,,,,,20,
comment,2025-10-26,5,"I had an Amtrak to Richmond that connected me to Charlottesville today; while I had scheduled train, they did a bus shuttle instead and timing worked out just as it would’ve with the train.",2025-10,Richmond,37.55376,-77.46026,seat of a first-order administrative division,Virginia,City of Richmond,United States,WM,City,,,,,20,
comment,2025-10-26,5,"I had an Amtrak to Richmond that connected me to Charlottesville today; while I had scheduled train, they did a bus shuttle instead and timing worked out just as it would’ve with the train.",2025-10,Charlottesville,38.02931,-78.47668,seat of a second-order administrative division,Virginia,City of Charlottesville,United States,WM,City,,,,,7,
post,2021-12-10,42,Lost dog in Williamsburg Area,2021-12,Williamsburg Area Ambulance,40.46119,-78.20225,building(s),Pennsylvania,Blair County,United States,WM,Building,,,,,1,
comment,2017-02-22,3,Washington and Monroe.,2017-02,Washington,44.27369,-69.36727,populated place,Maine,Knox County,United States,WM,City,,,,,1,
comment,2025-03-31,3,"As I heard it, the reason we closed was because we'd invested our whole endowment into Southern war bonds in 1861...which didn't go so well when the South lost the war.",2025-03,University of South Alabama,30.69588,-88.17691,school,Alabama,Mobile County,United States,WM,Building,,,,,1,
comment,2023-03-01,5,"He reached out to someone at WATA and got the response that they were initially going to expand bus service to add an extra line to replace the parts of the green line that got removed (specifically ludwell, which we were most concerned about bc we lived there) but then something happened and the new budget wouldn’t allow them to expand.",2023-03,Ludwell,51.00315,-2.13976,populated place,England,Wiltshire,United Kingdom,WM,City,,,,,2,
comment,2023-03-01,5,"There definitely was a lot more undergrad use of the green line when it went in a circle around campus & stopped at Richmond hall, ludwell, campus center, the law school, wawa, saddy, and several places in between, but now it’s mostly servicing grad students in the law school & school of ed and students who live in midtown.",2023-03,Midtown,40.11477,-88.23931,section of populated place,Illinois,Champaign County,United States,WM,Neighborhood,,,,,3,
comment,2023-03-01,6,"Yeah I definitely think the biggest issue is that WATA relies on a very small pool of local/federal funding, and is primarily concerned with transporting the residents of the Williamsburg region (which makes sense as a city bus service).",2023-03,Williamsburg,37.2707,-76.70746,seat of a second-order administrative division,Virginia,City of Williamsburg,United States,WM,City,,,,,104,
comment,2021-11-22,5,This is what they told me my freshman year when I forgot my ID in my dorm and the nice lady in Sadler let me tell her my ID# and come in anyways bc she recognized me.,2021-11,Sadler,33.68261,-96.84833,populated place,Texas,Grayson County,United States,WM,City,,,,,5,
comment,2020-09-08,1,I realized that information in the dashboard was bs when the Richmond times published their article about the numbers of covid cases in Virginia colleges and they had William and Mary at 15 on-campus cases when the school maintained the number was 0.,2020-09,Virginia,37.54812,-77.44675,first-order administrative division,Virginia,,United States,WM,State,,,,,81,
comment,2020-08-20,20,Apparently there was a party in a single in botetourt busted last night with like 40 people so i would be surprised if no new cases show up bc of that,2020-08,Botetourt County,37.55712,-79.81233,second-order administrative division,Virginia,Botetourt County,United States,WM,State,,,,,12,
comment,2012-06-05,3,saw the double rainbow as I was driving down Richmond Road... WHAT DOES IT MEANNN?!?!,2012-06,Richmond Road,-28.95233,152.31826,road,New South Wales,,Australia,WM,Road,,,,,10,
comment,2024-09-24,10,W&M was *very* arguably *the best value* education in America not too long ago; now it's not.,2024-09,United States,39.76,-98.5,independent political entity,,,United States,WM,Country,,,,,29,
comment,2024-10-03,3,"Meanwhile, W&M has a long history of producing public servants who end up in DC after graduating and working on the hill, etc.",2024-10,District of Columbia,38.91706,-77.00025,first-order administrative division,District of Columbia,,United States,WM,State,,,,,31,
comment,2024-09-24,18,"Sure the California system is cheaper, and some of those schools are really excellent, however California allocates a huge amount of tax dollers to support those schools.",2024-09,California,37.25022,-119.75126,first-order administrative division,California,,United States,WM,State,,,,,4,
comment,2024-09-24,18,"Sure the California system is cheaper, and some of those schools are really excellent, however California allocates a huge amount of tax dollers to support those schools.",2024-09,California,37.25022,-119.75126,first-order administrative division,California,,United States,WM,State,,,,,4,
comment,2024-09-24,18,"One of the factors US news changed is ""up weighting"" Pell Grant student graduation rates.",2024-09,United States,39.76,-98.5,independent political entity,,,United States,WM,Country,,,,,29,
comment,2024-09-24,2,"We are required to admit a certain percentage of Virginia students because we are a state school, yet the state provides far less per in-state student than we receive in full tuition from out-of-state students.",2024-09,Virginia,37.54812,-77.44675,first-order administrative division,Virginia,,United States,WM,State,,,,,81,
comment,2024-09-24,6,"I'm very proud of my time in the 'Burg and it absolutely opened doors, but pretending cost isn't a factor in these rankings is nonsense.",2024-09,Burg,49.96667,6.35,seat of a fourth-order administrative division,Rheinland-Pfalz,,Germany,WM,City,,,,,2,
comment,2024-09-24,2,"State funding has dwindled year over year, demand continues to shift towards STEM majors in Virginia, and the state has pushed for us to take more students.",2024-09,Virginia,37.54812,-77.44675,first-order administrative division,Virginia,,United States,WM,State,,,,,81,
post,2022-02-21,40,"If they were going to close OTP, then they should've come up with a replacement as well.",2022-02,Henri Coandă International Airport,44.57216,26.10218,airport,Ilfov,Oraş Otopeni,Romania,WM,Building,,,,,3,
comment,2018-04-19,-4,> this is the Williamsburg police going in and ruining the lives of a couple students over petty marijuana charges.,2018-04,Williamsburg,37.2707,-76.70746,seat of a second-order administrative division,Virginia,City of Williamsburg,United States,WM,City,,,,,104,
post,2024-01-30,35,Guide to using the Williamsburg busses Since it's the beginning of the semester and there are many new fresh faces on campus (and also a lot of returning students who also don't know how to use it) I thought I should write up a quick guide on how to use the local bus system!,2024-01,Williamsburg,37.2707,-76.70746,seat of a second-order administrative division,Virginia,City of Williamsburg,United States,WM,City,,,,,104,
post,2024-01-30,35,"The WATA site sucks so here are the destinations you'll probably go to on each:



Route 2 (Richmond Rd) -

Runs to Midtown (and all the other housing out that way), High Street, Aldi, Bowlero, the outlet mall, and Walmart, plus all the other random places to eat on Richmond Road.",2024-01,Hakataeki-kasugabaru Street Route 2,33.57474,130.43728,street,Fukuoka,Fukuoka-shi,Japan,WM,Road,,,,,1,
post,2024-01-30,35,"The WATA site sucks so here are the destinations you'll probably go to on each:



Route 2 (Richmond Rd) -

Runs to Midtown (and all the other housing out that way), High Street, Aldi, Bowlero, the outlet mall, and Walmart, plus all the other random places to eat on Richmond Road.",2024-01,Richmond Rd,12.96657,77.60829,populated place,Karnataka,Bangalore Urban,India,WM,City,,,,,3,
post,2024-01-30,35,"The WATA site sucks so here are the destinations you'll probably go to on each:



Route 2 (Richmond Rd) -

Runs to Midtown (and all the other housing out that way), High Street, Aldi, Bowlero, the outlet mall, and Walmart, plus all the other random places to eat on Richmond Road.",2024-01,Midtown,43.05224,-87.94573,section of populated place,Wisconsin,Milwaukee County,United States,WM,Neighborhood,,,,,3,
post,2024-01-30,35,"The WATA site sucks so here are the destinations you'll probably go to on each:



Route 2 (Richmond Rd) -

Runs to Midtown (and all the other housing out that way), High Street, Aldi, Bowlero, the outlet mall, and Walmart, plus all the other random places to eat on Richmond Road.",2024-01,High Street,-28.85823,153.0367,road,New South Wales,,Australia,WM,Road,,,,,1,
post,2024-01-30,35,"The WATA site sucks so here are the destinations you'll probably go to on each:



Route 2 (Richmond Rd) -

Runs to Midtown (and all the other housing out that way), High Street, Aldi, Bowlero, the outlet mall, and Walmart, plus all the other random places to eat on Richmond Road.",2024-01,Richmond Road,-28.95233,152.31826,road,New South Wales,,Australia,WM,Road,,,,,10,
post,2024-01-30,35,"Route 5 (Monticello Rd) -

This is kind of an express route to New Town.",2024-01,Super 8 Route 5 - West Springfield,42.1448,-72.6289,hotel,Massachusetts,Hampden County,United States,WM,Building,,,,,1,
post,2024-01-30,35,"Route 5 (Monticello Rd) -

This is kind of an express route to New Town.",2024-01,Warner Campground,38.51888,-109.27623,camp(s),Utah,Grand County,United States,WM,Building,,,,,1,
post,2024-01-30,35,"Route 5 (Monticello Rd) -

This is kind of an express route to New Town.",2024-01,Cambridge,42.3751,-71.10561,populated place,Massachusetts,Middlesex County,United States,WM,City,,,,,1,
post,2024-01-30,35,"Runs to Midtown, New Town (movie theater, Barnes and Noble, etc), and Settlers Market (Walmart, Trader Joe's, Cava, and so many other stores)



Route 6 (Jamestown Rd) -

Runs down Jamestown Road between downtown and the Jamestown Settlement.",2024-01,Midtown,43.05224,-87.94573,section of populated place,Wisconsin,Milwaukee County,United States,WM,Neighborhood,,,,,3,
post,2024-01-30,35,"Runs to Midtown, New Town (movie theater, Barnes and Noble, etc), and Settlers Market (Walmart, Trader Joe's, Cava, and so many other stores)



Route 6 (Jamestown Rd) -

Runs down Jamestown Road between downtown and the Jamestown Settlement.",2024-01,Newton,41.05815,-74.75267,seat of a second-order administrative division,New Jersey,Sussex County,United States,WM,City,,,,,1,
post,2024-01-30,35,"Runs to Midtown, New Town (movie theater, Barnes and Noble, etc), and Settlers Market (Walmart, Trader Joe's, Cava, and so many other stores)



Route 6 (Jamestown Rd) -

Runs down Jamestown Road between downtown and the Jamestown Settlement.",2024-01,Route 6 Plaza,41.55287,-75.22629,,Pennsylvania,Wayne County,United States,WM,,,,,,1,
post,2024-01-30,35,"Runs to Midtown, New Town (movie theater, Barnes and Noble, etc), and Settlers Market (Walmart, Trader Joe's, Cava, and so many other stores)



Route 6 (Jamestown Rd) -

Runs down Jamestown Road between downtown and the Jamestown Settlement.",2024-01,New Jamestown Road Baptist Church,38.8077,-90.2214,church,Missouri,Saint Louis County,United States,WM,Building,,,,,1,
post,2024-01-30,35,"Route 8 (William and Mary) -

This runs between the School of Ed and the Law School thru new campus while classes are in session.",2024-01,Oregon Route 8,45.51146,-122.97255,road,Oregon,Washington County,United States,WM,Road,,,,,1,
post,2024-01-30,35,"Route 8 (William and Mary) -

This runs between the School of Ed and the Law School thru new campus while classes are in session.",2024-01,William and Mary Hall,37.27348,-76.71968,building(s),Virginia,City of Williamsburg,United States,WM,Building,,,,,20,
post,2024-01-30,35,"Major stops are at Midtown/Food Lion, Richmond Hall, Caf, the Kaplan lot, old campus, and the Gradplex.",2024-01,Richmond Hall,39.39344,-76.6058,building(s),Maryland,Baltimore County,United States,WM,Building,,,,,7,
post,2024-01-30,35,"Route 12 (Ironbound) -

This is probably the route you will use the most.",2024-01,Ironbound,40.72457,-74.15297,section of populated place,New Jersey,Essex County,United States,WM,Neighborhood,,,,,1,
post,2024-01-30,35,"Runs to Midtown, New Town (specifically the side with all the housing), Settlers Market, Windsormeade Market (Belk, Trop Smoothie, Moe's), Monticello Marketplace (Publix, Target, Dollar Tree, T.J. Maxx, Duck Donuts, and more).",2024-01,Midtown,43.05224,-87.94573,section of populated place,Wisconsin,Milwaukee County,United States,WM,Neighborhood,,,,,3,
post,2024-01-30,35,"Runs to Midtown, New Town (specifically the side with all the housing), Settlers Market, Windsormeade Market (Belk, Trop Smoothie, Moe's), Monticello Marketplace (Publix, Target, Dollar Tree, T.J. Maxx, Duck Donuts, and more).",2024-01,Coxs Corner,38.30457,-75.84604,populated place,Maryland,Wicomico County,United States,WM,City,,,,,1,
post,2024-01-30,35,"Also, the 1 is mostly used by townies, but it does go to Busch Gardens so that's a great way to get there if you're going with a group and nobody has a car.",2024-01,1,40.38861,71.80753,railroad station,Fergana,,Uzbekistan,WM,Road,,,,,1,
post,2024-01-30,35,"Also, the 1 is mostly used by townies, but it does go to Busch Gardens so that's a great way to get there if you're going with a group and nobody has a car.",2024-01,Busch Gardens,34.12945,-118.16479,park,California,Los Angeles County,United States,WM,Neighborhood,,,,,4,
comment,2024-01-30,5,Quite a difference coming from NoVA with excellent transit system in our local area.,2024-01,Nova,39.73176,-77.81944,populated place,Pennsylvania,Franklin County,United States,WM,City,,,,,15,
comment,2024-01-30,2,"I think it really depends on the line - I personally ride the 12 and 8 regularly, and those are pretty much always reliable (never missed a class due to a late bus), but I've heard some of the others are less so.",2024-01,Alppiharju,60.18909,24.94879,section of populated place,Uusimaa,Helsinki sub-region,Finland,WM,Neighborhood,,,,,1,
comment,2021-02-08,8,i feel the same :(( i just stay in my room or study in tyler all day it feels totally different from the fall,2021-02,Tyler,44.27608,-96.13475,,Minnesota,Lincoln County,United States,WM,,,,,,1,
comment,2020-08-22,8,"I suspect Williamsburg has applied pressure to the school to enforce rules and not be a source of spread, although I can’t figure out who olds the power there with the City dependent upon W&M for all sorts of revenue as a result of people being here.",2020-08,Williamsburg,37.2707,-76.70746,seat of a second-order administrative division,Virginia,City of Williamsburg,United States,WM,City,,,,,104,
comment,2020-08-22,8,"I suspect Williamsburg has applied pressure to the school to enforce rules and not be a source of spread, although I can’t figure out who olds the power there with the City dependent upon W&M for all sorts of revenue as a result of people being here.",2020-08,Newbury City,51.39658,-1.32976,section of populated place,England,West Berkshire,United Kingdom,WM,Neighborhood,,,,,1,
post,2019-08-20,36,"I guess my question is: Are you happy at William and Mary, and How does stress culture affect you (if at all)?",2019-08,William and Mary Hall,37.27348,-76.71968,building(s),Virginia,City of Williamsburg,United States,WM,Building,,,,,20,
comment,2019-08-20,9,I also believe that William & Mary is the best place to push yourself to the limits because there’s a strong support structure.,2019-08,William and Mary Hall,37.27348,-76.71968,building(s),Virginia,City of Williamsburg,United States,WM,Building,,,,,20,
comment,2019-08-20,11,"In the summer I moved in with friends from work - in Newport News, which was a different challenge.",2019-08,City of Newport News,37.06265,-76.50801,second-order administrative division,Virginia,City of Newport News,United States,WM,State,,,,,2,
comment,2019-08-20,6,don't seek friendship with people who talk (brag) (complain) about how much time they spend in swem.,2019-08,Swem,46.65982,-123.4046,populated place,Washington,Pacific County,United States,WM,City,,,,,24,
comment,2019-08-21,2,I now work in the area several years later because I loved being in Williamsburg so dang much that I decided I wanted to get a job there too!,2019-08,Williamsburg,37.2707,-76.70746,seat of a second-order administrative division,Virginia,City of Williamsburg,United States,WM,City,,,,,104,
comment,2023-01-08,1,at least you have a nice place to walk around colonial williamsburg instead of some dirty city or some cold freezing woods like northern schools.,2023-01,Williamsburg,41.56111,-88.24194,populated place,Illinois,Will County,United States,WM,City,,,,,2,
post,2012-11-07,35,"In a study of the smartest colleges in the USA, W&M ranks 11th.",2012-11,United States,39.76,-98.5,independent political entity,,,United States,WM,Country,,,,,29,
comment,2023-10-26,14,I wonder if the CW President in the SUV was speeding through the crosswalk--I see cars ignoring the Richmond Road crosswalks all the time and going over the 25 mph speed limit.,2023-10,Richmond Road,-28.95233,152.31826,road,New South Wales,,Australia,WM,Road,,,,,10,
comment,2023-10-28,5,I don’t know if it’s become a common occurrence but this also happened to a student crossing Richmond Road when I was a student back in the late 70s or 1980.,2023-10,Richmond Road,43.98463,-66.12207,populated place,Nova Scotia,Yarmouth County,Canada,WM,City,,,,,7,
comment,2023-10-28,5,I was living in the converted third story attic of an accounting firm on Richmond Rd at the time.,2023-10,Richmond Rd,12.96657,77.60829,populated place,Karnataka,Bangalore Urban,India,WM,City,,,,,3,
comment,2023-10-29,3,I know Williamsburg would veto it but they really need a traffic light at that intersection.,2023-10,Williamsburg,37.2707,-76.70746,seat of a second-order administrative division,Virginia,City of Williamsburg,United States,WM,City,,,,,104,
post,2020-07-30,38,William and Mary among campuses recognized as ‘Most Beautiful in America’,2020-07,United States,39.76,-98.5,independent political entity,,,United States,WM,Country,,,,,29,
comment,2020-07-30,3,Didn't Richmond get the top award a few decades ago?,2020-07,Richmond,37.55376,-77.46026,seat of a first-order administrative division,Virginia,City of Richmond,United States,WM,City,,,,,20,
post,2020-07-29,37,"Just today the Governor announced Hampton Roads, including Williamsburg, is getting a stricter set of rules around certain industries starting Friday morning.",2020-07,Hampton Roads,36.97515,-76.34967,harbor(s),Virginia,City of Hampton,United States,WM,Road,,,,,5,
post,2020-07-29,37,"Just today the Governor announced Hampton Roads, including Williamsburg, is getting a stricter set of rules around certain industries starting Friday morning.",2020-07,Williamsburg,37.2707,-76.70746,seat of a second-order administrative division,Virginia,City of Williamsburg,United States,WM,City,,,,,104,
post,2019-03-22,37,William & Mary student and football player Nate Evans killed in Norfolk shooting,2019-03,Norfolk,42.03417,-97.41339,,Nebraska,Madison County,United States,WM,,,,,,1,
comment,2013-07-28,12,Maybe we can sneak into Colonial Williamsburg after the meetup once we get a few drinks in us?,2013-07,Colonial Williamsburg,37.2625,-76.69972,populated place,Virginia,City of Williamsburg,United States,WM,City,,,,,12,
comment,2013-07-29,7,"CW is a public space, no sneaking in required, but I have a friend in charge of ghost tours so we could so an insider tour at 3am :-D",2013-07,CW Bonham,28.48554,-99.82255,,Texas,Dimmit County,United States,WM,,,,,,6,
comment,2013-07-28,11,"You guys sure do love your history there in Williamsburg...

Chowning's Tavern is open til 11 and that's late?",2013-07,Williamsburg,37.2707,-76.70746,seat of a second-order administrative division,Virginia,City of Williamsburg,United States,WM,City,,,,,104,
comment,2013-07-28,11,"edit: oh, right, Colonial Williamsburg.",2013-07,Colonial Williamsburg,37.2625,-76.69972,populated place,Virginia,City of Williamsburg,United States,WM,City,,,,,12,
comment,2013-07-28,8,"Also don't go to Chowning's, it's for elderly guests and Williamsburg's resident population (median age 78), the Delis on the corner of Scotland Street and Richmond Road are the bar scene in the area and are the actual college bars/ ACTUALLY open late!",2013-07,Williamsburg,42.39314,-72.73009,populated place,Massachusetts,Hampshire County,United States,WM,City,,,,,11,
comment,2013-07-28,8,"Also don't go to Chowning's, it's for elderly guests and Williamsburg's resident population (median age 78), the Delis on the corner of Scotland Street and Richmond Road are the bar scene in the area and are the actual college bars/ ACTUALLY open late!",2013-07,Scotland Street,51.99346,0.90832,populated place,England,Suffolk,United Kingdom,WM,City,,,,,2,
comment,2013-07-28,8,"Also don't go to Chowning's, it's for elderly guests and Williamsburg's resident population (median age 78), the Delis on the corner of Scotland Street and Richmond Road are the bar scene in the area and are the actual college bars/ ACTUALLY open late!",2013-07,Richmond Road,43.98463,-66.12207,populated place,Nova Scotia,Yarmouth County,Canada,WM,City,,,,,7,
comment,2013-07-28,9,"Most students actually go to the Delis, which are 4 bars on the other side of Richmond Road from campus-sort of like the Corner at UVA",2013-07,Richmond Road,43.98463,-66.12207,populated place,Nova Scotia,Yarmouth County,Canada,WM,City,,,,,7,
comment,2013-07-28,9,"Most students actually go to the Delis, which are 4 bars on the other side of Richmond Road from campus-sort of like the Corner at UVA",2013-07,The Corner,41.53843,-72.80232,,Connecticut,,United States,WM,,,,,,1,
comment,2013-07-28,6,The Tavern itself is on Duke of Gloucester (DoG) street and thus in Colonial Williamsburg itself.,2013-07,Tawern,49.66667,6.51667,seat of a fourth-order administrative division,Rheinland-Pfalz,,Germany,WM,City,,,,,1,
comment,2013-07-28,6,The Tavern itself is on Duke of Gloucester (DoG) street and thus in Colonial Williamsburg itself.,2013-07,Îles du Duc de Gloucester,-20.63333,-143.33333,island,,,French Polynesia,WM,Natural Feature,,,,,1,
comment,2013-07-28,6,The Tavern itself is on Duke of Gloucester (DoG) street and thus in Colonial Williamsburg itself.,2013-07,Nonouti,-0.655,174.31839,atoll(s),Gilbert Islands,Nonouti,Kiribati,WM,,,,,,1,
comment,2013-07-28,6,The Tavern itself is on Duke of Gloucester (DoG) street and thus in Colonial Williamsburg itself.,2013-07,Colonial Williamsburg,37.2625,-76.69972,populated place,Virginia,City of Williamsburg,United States,WM,City,,,,,12,
comment,2013-07-28,3,"edit: oh, right, Colonial Williamsburg.",2013-07,Colonial Williamsburg,37.2625,-76.69972,populated place,Virginia,City of Williamsburg,United States,WM,City,,,,,12,
comment,2013-07-28,2,"There are delis and ""bars"" that stay open late on Richmond Road.",2013-07,Richmond Road,43.98463,-66.12207,populated place,Nova Scotia,Yarmouth County,Canada,WM,City,,,,,7,
comment,2013-07-29,3,"We usually go and have an Old Stitch and then walk up to Paul's, College, or Brickhouse.",2013-07,College,41.80369,-77.07469,section of populated place,Pennsylvania,Tioga County,United States,WM,Neighborhood,,,,,1,
comment,2013-07-29,3,"We usually go and have an Old Stitch and then walk up to Paul's, College, or Brickhouse.",2013-07,Brickhouse,33.77513,-82.8107,populated place,Georgia,Wilkes County,United States,WM,City,,,,,1,
post,2025-05-26,35,"I call him our John, because when you was at Cul de sac at Paris, he appeared to me to be almost as much your boy as mine, I have often speculated upon the consequences that would have ensued from my taking your advice, to send him to William and Mary College in Virginia for an Education.",2025-05,Paris,48.85341,2.3488,capital of a political entity,Île-de-France,Paris,France,WM,City,,,,,3,
post,2025-05-26,35,"I call him our John, because when you was at Cul de sac at Paris, he appeared to me to be almost as much your boy as mine, I have often speculated upon the consequences that would have ensued from my taking your advice, to send him to William and Mary College in Virginia for an Education.",2025-05,Virginia,37.54812,-77.44675,first-order administrative division,Virginia,,United States,WM,State,,,,,81,
post,2023-10-12,37,"It's probably rare for them to be graced with the presence of a student at the top cs/engineering school in the U.S., the MIT of Virginia.",2023-10,United States,39.76,-98.5,independent political entity,,,United States,WM,Country,,,,,29,
post,2023-10-12,37,"It's probably rare for them to be graced with the presence of a student at the top cs/engineering school in the U.S., the MIT of Virginia.",2023-10,Virginia,37.54812,-77.44675,first-order administrative division,Virginia,,United States,WM,State,,,,,81,
comment,2023-10-13,4,We're literally the MIT of Virginia?,2023-10,Virginia,37.54812,-77.44675,first-order administrative division,Virginia,,United States,WM,State,,,,,81,
comment,2022-09-10,24,"For those who are curious, it happened in the parking lot of of Richmond hall.",2022-09,Richmond Hall,39.39344,-76.6058,building(s),Maryland,Baltimore County,United States,WM,Building,,,,,7,
comment,2022-09-11,6,"If they don’t deal with it, call Williamsburg police.",2022-09,Williamsburg,37.2707,-76.70746,seat of a second-order administrative division,Virginia,City of Williamsburg,United States,WM,City,,,,,104,
comment,2022-06-01,11,"Which, to my knowledge, is still the most expensive public school in the Commonwealth.",2022-06,Commonwealth,14.6969,121.08006,populated place,National Capital Region,Eastern Manila District,Philippines,WM,City,,,,,1,
comment,2023-10-23,1,Reason why I have to relax in Sunken Garden now instead of SWEM area,2023-10,Sunken Garden,40.09539,-74.22737,park,New Jersey,Ocean County,United States,WM,Neighborhood,,,,,3,
comment,2023-10-23,1,Reason why I have to relax in Sunken Garden now instead of SWEM area,2023-10,Swem,46.65982,-123.4046,populated place,Washington,Pacific County,United States,WM,City,,,,,24,
comment,2021-03-07,15,I'm in GGV and marketplace honestly is not worth the 25 minute walk :/,2021-03,Ghovarash Ghona,22.65168,88.78289,railroad station,West Bengal,North 24 Parganas,India,WM,Road,,,,,6,
comment,2021-02-25,2,I'll be happy to grab a meal with you at Marketplace anytime.,2021-02,Marketplace,18.02198,-76.79692,mall,Saint Andrew Parish,Eastwood Park Gardens,Jamaica,WM,Building,,,,,3,
comment,2021-02-23,-17,You must not be from nova,2021-02,Nova,65.65053,12.65206,point,Nordland,Vevelstad,Norway,WM,Natural Feature,,,,,2,
comment,2021-02-24,4,"I'm not from nova, that's why i don't fit in here either",2021-02,Nova,65.65053,12.65206,point,Nordland,Vevelstad,Norway,WM,Natural Feature,,,,,2,
post,2021-02-06,35,Colonial Williamsburg archaeological project hopes to tell story of historic Black church,2021-02,Kernville (historical),35.71412,-118.43675,destroyed populated place,California,Kern County,United States,WM,City,,,,,1,
comment,2020-09-06,34,I’m at the second floor of Swem library right now if you’d like to join me.,2020-09,Swem,46.65982,-123.4046,populated place,Washington,Pacific County,United States,WM,City,,,,,24,
comment,2020-08-11,6,"It's in New Orleans though, which is only an hour off",2020-08,New Orleans,29.95465,-90.07507,seat of a second-order administrative division,Louisiana,Orleans Parish,United States,WM,City,,,,,3,
comment,2020-08-01,6,"I am a rising Junior, and because I had already signed a contract to live at an off campus house I have been living in the Burg this summer.",2020-08,Burg,49.96667,6.35,seat of a fourth-order administrative division,Rheinland-Pfalz,,Germany,WM,City,,,,,2,
comment,2020-08-01,6,"I fully expect that all students will be sent home quickly, and classes will go to all online, so I decided to take the semester off and work remotely on a political campaign from Williamsburg instead...",2020-08,Williamsburg,37.2707,-76.70746,seat of a second-order administrative division,Virginia,City of Williamsburg,United States,WM,City,,,,,104,
post,2018-12-29,34,The food sucks at the dining halls and there’s not much in the way of take out past 8 PM when you’re trudging back home from Swem (I cant stomach anymore fucking dominos).,2018-12,Swem,46.65982,-123.4046,populated place,Washington,Pacific County,United States,WM,City,,,,,24,
post,2018-12-29,34,The campus is supposed to be beautiful but I swear I spend every fucking day in Morton.,2018-12,Mandan,46.82666,-100.88958,seat of a second-order administrative division,North Dakota,Morton County,United States,WM,City,,,,,2,
comment,2018-12-29,20,That's a reason i avoid going to swem during finals season because it's overcrowded and people stress way to much about their grades (not saying they aren't important though.,2018-12,Swem,46.65982,-123.4046,populated place,Washington,Pacific County,United States,WM,City,,,,,24,
comment,2018-12-29,14,Also tip the best place to work on late night papers is Morton computer lounges,2018-12,Morton,44.55,-94.98333,,Minnesota,Renville County,United States,WM,,,,,,1,
comment,2018-12-29,9,I can't wait to get out of Williamsburg.,2018-12,Williamsburg,37.2707,-76.70746,seat of a second-order administrative division,Virginia,City of Williamsburg,United States,WM,City,,,,,104,
comment,2019-02-10,4,People always bragged about how many hours they'd spent studying or how long they'd been holed up in Swem.,2019-02,Swem,46.65982,-123.4046,populated place,Washington,Pacific County,United States,WM,City,,,,,24,
comment,2019-02-04,2,I don't think I will ever come back to Williamsburg after I graduate this spring.,2019-02,Williamsburg,37.2707,-76.70746,seat of a second-order administrative division,Virginia,City of Williamsburg,United States,WM,City,,,,,104,
comment,2019-02-04,2,"I like my professors and classes though, but Williamsburg is just so depressing and lifeless.",2019-02,Williamsburg,37.2707,-76.70746,seat of a second-order administrative division,Virginia,City of Williamsburg,United States,WM,City,,,,,104,
post,2025-07-31,34,"Cedar Pine and Oak delays Unfortunately, we’re screwed.",2025-07,Cedar Pine Lake,34.73654,-80.82593,reservoir(s),South Carolina,Lancaster County,United States,WM,,,,,,2,
post,2025-07-31,34,If you’re in Cedar Pine or Oak that is.,2025-07,Cedar Pine Lake,34.73654,-80.82593,reservoir(s),South Carolina,Lancaster County,United States,WM,,,,,,2,
post,2025-07-31,34,If you’re in Cedar Pine or Oak that is.,2025-07,Oak,37.57644,-88.51783,populated place,Illinois,Pope County,United States,WM,City,,,,,1,
comment,2025-08-01,6,Everyone’s gonna have to live in gooch,2025-08,Gooch,44.75707,-122.52842,,Oregon,Marion County,United States,WM,,,,,,3,
comment,2025-08-04,1,That drew lots of comments from old WM students (past residents of GGV) who mostly had lots of positive stories to tell about their time living in GGV!,2025-08,Gargrave Railway Station,53.9783,-2.105,railroad station,England,North Yorkshire,United Kingdom,WM,Road,,,,,2,
comment,2025-08-04,1,That drew lots of comments from old WM students (past residents of GGV) who mostly had lots of positive stories to tell about their time living in GGV!,2025-08,Gargrave Railway Station,53.9783,-2.105,railroad station,England,North Yorkshire,United Kingdom,WM,Road,,,,,2,
comment,2025-08-04,1,They are actually mostly glad that they got the chance to stay in GGV!,2025-08,Ghovarash Ghona,22.65168,88.78289,railroad station,West Bengal,North 24 Parganas,India,WM,Road,,,,,6,
post,2023-11-02,34,Virginia has elections on Tuesday!,2023-11,Virginia,37.54812,-77.44675,first-order administrative division,Virginia,,United States,WM,State,,,,,81,
post,2023-11-02,34,"On November 7th, Virginia will elect a new State Senate and House of Delegates.",2023-11,Virginia,37.54812,-77.44675,first-order administrative division,Virginia,,United States,WM,State,,,,,81,
post,2023-11-02,34,"These leaders will decide whether abortion remains legal in Virginia, what sort of voting restrictions there will be, and many other important issues.",2023-11,Virginia,37.54812,-77.44675,first-order administrative division,Virginia,,United States,WM,State,,,,,81,
comment,2023-11-03,-11,"As the recently retired Sheriff of York County, Diggs has decades of experience in protecting our communities.",2023-11,York County,39.91996,-76.72651,second-order administrative division,Pennsylvania,York County,United States,WM,State,,,,,1,
comment,2023-11-03,-11,He will advocate for policies that protect the folks of Williamsburg from criminals.,2023-11,Williamsburg,37.2707,-76.70746,seat of a second-order administrative division,Virginia,City of Williamsburg,United States,WM,City,,,,,104,
post,2021-03-07,34,"Heck, I'm even happy to learn about some things in Williamsburg to distract me from how I'm feeling right now.",2021-03,Williamsburg,37.2707,-76.70746,seat of a second-order administrative division,Virginia,City of Williamsburg,United States,WM,City,,,,,104,
comment,2021-03-07,18,"To take your mind off of things during those breaks, there's actually quite a few parks in the Williamsburg area (if you have a car) that I used to frequent to go on walks.",2021-03,Williamsburg,37.2707,-76.70746,seat of a second-order administrative division,Virginia,City of Williamsburg,United States,WM,City,,,,,104,
comment,2021-03-07,18,"Even if you don't have a car, the trails around matoaka do the trick.",2021-03,Matoaka,27.4031,-82.5301,populated place,Florida,Manatee County,United States,WM,City,,,,,5,
comment,2021-03-08,6,"Graduated a few years ago, but going through Colonial Williamsburg was one of my absolute favorite things to do.",2021-03,Colonial Williamsburg,37.2625,-76.69972,populated place,Virginia,City of Williamsburg,United States,WM,City,,,,,12,
comment,2020-11-21,5,Honestly the past few days when I was in the classrooms in Tyler studying was the most social I've been this entire semester.,2020-11,Tyler County,30.77123,-94.37659,second-order administrative division,Texas,Tyler County,United States,WM,State,,,,,2,
post,2017-07-18,32,W&M signs lease to operate Kimball Theatre for 3 years during PBK renovations,2017-07,Kimball Theatre (historical),40.915,-73.85111,building(s),New York,Westchester County,United States,WM,Building,,,,,1,
post,2017-07-18,32,W&M signs lease to operate Kimball Theatre for 3 years during PBK renovations,2017-07,Pack Creek,57.4,-134.283,airport,Alaska,Hoonah-Angoon Census Area,United States,WM,Building,,,,,1,
comment,2017-07-18,3,Kinda cool for us to do this since Kimball was previously announced to be closed.,2017-07,Kimball,45.31167,-94.30194,,Minnesota,Stearns County,United States,WM,,,,,,1,
post,2016-07-14,34,"2016 Grad, Anne Davis, Struck and Killed on Bike and Build Ride in Idaho",2016-07,Idaho,44.5002,-114.25118,first-order administrative division,Idaho,,United States,WM,State,,,,,1,
post,2024-12-10,32,"ALSO, WM does a community college thing –– not sure the details but you can transfer from any Virginia community college.",2024-12,Virginia,37.54812,-77.44675,first-order administrative division,Virginia,,United States,WM,State,,,,,81,
comment,2024-12-10,3,"ALSO, WM does a community college thing –– not sure the details but you can transfer from any Virginia community college.",2024-12,Virginia,37.54812,-77.44675,first-order administrative division,Virginia,,United States,WM,State,,,,,81,
comment,2024-12-10,3,I’m also OOS/west coast so I’m praying for geographic diversity points lol,2024-12,State of Western Australia,-25.0,122.0,first-order administrative division,Western Australia,,Australia,WM,State,,,,,1,
post,2024-06-25,34,"But I was in Williamsburg this week and saw a recent issue of the Flat Hat News and it still uses ""the College"" in all it's references.",2024-06,Williamsburg,37.2707,-76.70746,seat of a second-order administrative division,Virginia,City of Williamsburg,United States,WM,City,,,,,104,
comment,2024-06-25,59,"Fun fact, W&M is one of three universities in the US that still calls itself a college.",2024-06,United States,39.76,-98.5,independent political entity,,,United States,WM,Country,,,,,29,
comment,2024-06-27,3,"While College and University is used interchangeably here in the US, in other countries, College often means trade school or 2-year college.",2024-06,United States,39.76,-98.5,independent political entity,,,United States,WM,Country,,,,,29,
comment,2024-06-25,6,"I was in Williamsburg last week, I could not find ""college"" on any signage either except for non-W&M road signs.",2024-06,Williamsburg,37.2707,-76.70746,seat of a second-order administrative division,Virginia,City of Williamsburg,United States,WM,City,,,,,104,
comment,2024-06-25,5,"And, my question was simply to find out if the change in marketing had made its way down to the everyday conversation level in Williamsburg and on campus.",2024-06,Williamsburg,37.2707,-76.70746,seat of a second-order administrative division,Virginia,City of Williamsburg,United States,WM,City,,,,,104,
post,2020-10-25,33,It was stolen from the bike rack next to Taliaferro.,2020-10,Taliaferro County,33.56609,-82.87876,second-order administrative division,Georgia,Taliaferro County,United States,WM,State,,,,,4,
comment,2020-10-23,7,"I'm not sure how you get students to actually stay on campus/in Williamsburg though, especially ones who live off campus.",2020-10,Williamsburg,37.2707,-76.70746,seat of a second-order administrative division,Virginia,City of Williamsburg,United States,WM,City,,,,,104,
comment,2026-03-24,5,The full ride at w&m is a no brainer - signed a uva grad.,2026-03,W-M Lake,40.99083,-95.9919,reservoir(s),Nebraska,Cass County,United States,WM,,,,,,2,
comment,2026-03-23,6,You aren’t giving up much of anything to go there versus Virginia.,2026-03,Virginia,37.54812,-77.44675,first-order administrative division,Virginia,,United States,WM,State,,,,,81,
comment,2026-03-24,2,I live in RVA and know both schools well.,2026-03,Farafangana,-22.82223,47.82615,seat of a first-order administrative division,Atsimo-Atsinanana,Farafangana District,Madagascar,WM,City,,,,,1,
comment,2026-03-23,9,One thing I could say anecdotally if you're going to be looking for jobs in Virginia or DC after school.,2026-03,Virginia,37.54812,-77.44675,first-order administrative division,Virginia,,United States,WM,State,,,,,81,
comment,2026-03-23,9,One thing I could say anecdotally if you're going to be looking for jobs in Virginia or DC after school.,2026-03,District of Columbia,38.91706,-77.00025,first-order administrative division,District of Columbia,,United States,WM,State,,,,,31,
comment,2024-05-26,3,I spent a couple years working in Antarctica another few travelling.,2024-05,Antarctica,-78.15856,16.40626,continent,,,,WM,Country,,,,,2,
comment,2024-05-29,2,In the U.S. people act like college is a necessary step after high school to earn a good income.,2024-05,United States,39.76,-98.5,independent political entity,,,United States,WM,Country,,,,,29,
comment,2022-12-29,7,"I know at one other school in Virginia they were due like two weeks ago, so W&M could definitely do better on this.",2022-12,Virginia,37.54812,-77.44675,first-order administrative division,Virginia,,United States,WM,State,,,,,81,
comment,2022-12-30,3,Hey bud I caught a D in Oregon.,2022-12,Oregon,44.00013,-120.50139,first-order administrative division,Oregon,,United States,WM,State,,,,,1,
comment,2022-08-27,6,"Go to CW and visit the baby horse and the sheep, just wander around and explore.",2022-08,CW Bonham,28.48554,-99.82255,,Texas,Dimmit County,United States,WM,,,,,,6,
comment,2022-08-27,5,"I accidentally lost a lot of weight, and now live in ludwell because a kitchen helps me regulate my eating.",2022-08,Ludwell,51.00315,-2.13976,populated place,England,Wiltshire,United Kingdom,WM,City,,,,,2,
comment,2022-08-26,14,"Go for a walk, go enjoy Williamsburg, although it’s pretty humid and hot around this time.",2022-08,Williamsburg,37.2707,-76.70746,seat of a second-order administrative division,Virginia,City of Williamsburg,United States,WM,City,,,,,104,
comment,2022-01-20,2,"I’m here, there is salt solution on the roads all over Williamsburg, including around campus.",2022-01,Williamsburg,42.39314,-72.73009,populated place,Massachusetts,Hampshire County,United States,WM,City,,,,,11,
comment,2021-09-06,12,"Big mood - I'm a senior who transferred last year into covid, living in Williamsburg (off campus) for the first time this year.",2021-09,Williamsburg,37.2707,-76.70746,seat of a second-order administrative division,Virginia,City of Williamsburg,United States,WM,City,,,,,104,
comment,2019-08-23,4,"I took one on coastal hazards, one in Antarctica...they’re pretty varied and have a mix of biology, geology, ocean physics, and other topics.",2019-08,Antarctica,-78.15856,16.40626,continent,,,,WM,Country,,,,,2,
post,2026-01-30,30,People specifically go to the third floor of Swem for quiet!,2026-01,Swem,46.65982,-123.4046,populated place,Washington,Pacific County,United States,WM,City,,,,,24,
comment,2023-07-21,1,How many lab reports did I grade in Rogers with beer?,2023-07,Rogers,44.62099,-117.8366,,Oregon,Baker County,United States,WM,,,,,,1,
comment,2023-07-21,2,I was also at Washington hall to see my foreign language class.,2023-07,Washington Hall,40.51122,-74.26959,building(s),New Jersey,Middlesex County,United States,WM,Building,,,,,1,
comment,2023-07-21,2,I’ve only been to Swem in the past and I thought that was the standard.,2023-07,Swem,46.65982,-123.4046,populated place,Washington,Pacific County,United States,WM,City,,,,,24,
comment,2021-04-05,10,Colonial Williamsburg.),2021-04,Williamsburg,37.2707,-76.70746,seat of a second-order administrative division,Virginia,City of Williamsburg,United States,WM,City,,,,,104,
comment,2021-04-06,4,"in general there’s fun stuff to do in wmbg, like going to the farmers market on weekends, shopping at the outlets, and even going to the nearby beaches (college creek and yorktown beach)",2021-04,WMBG-AM (Williamsburg),37.27709,-76.75163,tower,Virginia,James City County,United States,WM,Building,,,,,1,
comment,2021-04-06,4,"in general there’s fun stuff to do in wmbg, like going to the farmers market on weekends, shopping at the outlets, and even going to the nearby beaches (college creek and yorktown beach)",2021-04,College Creek,39.55977,-84.81496,stream,Ohio,Butler County,United States,WM,Natural Feature,,,,,2,
comment,2021-04-06,4,"in general there’s fun stuff to do in wmbg, like going to the farmers market on weekends, shopping at the outlets, and even going to the nearby beaches (college creek and yorktown beach)",2021-04,Yorktown Beach,37.23903,-76.50801,beach,Virginia,York County,United States,WM,Natural Feature,,,,,1,
comment,2026-02-26,1,No easy way to put this… but I ended up going to Miami Oh instead.,2026-02,Miami,25.77427,-80.19366,seat of a second-order administrative division,Florida,Miami-Dade County,United States,WM,City,,,,,2,
comment,2026-02-26,1,"This thread somewhat influenced my decision- Miami was a great environment, super relaxed, and extremely fun environment.",2026-02,Miami,25.77427,-80.19366,seat of a second-order administrative division,Florida,Miami-Dade County,United States,WM,City,,,,,2,
comment,2021-04-06,5,"I'm originally from the Northeast, and it's admittedly taken me a while to find new friends and adjust to the new culture while everybody I used to know generally stayed a lot closer to home.",2021-04,Northeast Quadrant,38.91261,-76.97581,administrative division,District of Columbia,,United States,WM,Neighborhood,,,,,2,
comment,2021-04-06,2,"I was luckily in-state for Virginia, and as great as my W&M experience was, paying a big out-of-state sticker price?",2021-04,Virginia,37.54812,-77.44675,first-order administrative division,Virginia,,United States,WM,State,,,,,81,
comment,2021-04-06,2,A W&M degree does a tremendous job placing people in Washington DC and (to a lesser extent) NYC.,2021-04,District of Columbia,38.91706,-77.00025,first-order administrative division,District of Columbia,,United States,WM,State,,,,,31,
comment,2021-04-06,2,A W&M degree does a tremendous job placing people in Washington DC and (to a lesser extent) NYC.,2021-04,New York City,40.71427,-74.00597,populated place,New York,,United States,WM,City,,,,,6,
comment,2021-04-06,2,"Despite our reputation as a Public Ivy, the degree doesn't hold the same prestige outside of the Northeast, i.e.",2021-04,Northeast Quadrant,38.91261,-76.97581,administrative division,District of Columbia,,United States,WM,Neighborhood,,,,,2,
comment,2021-04-06,2,"if you want to end up in California straight out of school, best to look elsewhere.",2021-04,California,37.25022,-119.75126,first-order administrative division,California,,United States,WM,State,,,,,4,
comment,2021-12-12,2,"I used to live in Cincinnati, I’ve been to Miami of OH, super nice school.",2021-12,Cincinnati,39.12711,-84.51439,seat of a second-order administrative division,Ohio,Hamilton County,United States,WM,City,,,,,1,
comment,2021-12-12,2,"I used to live in Cincinnati, I’ve been to Miami of OH, super nice school.",2021-12,Miami County,40.05345,-84.22885,second-order administrative division,Ohio,Miami County,United States,WM,State,,,,,1,
comment,2021-12-12,2,"I used to live in Cincinnati, I’ve been to Miami of OH, super nice school.",2021-12,Ohio,40.25034,-83.00018,first-order administrative division,Ohio,,United States,WM,State,,,,,2,
post,2021-01-13,31,COVID in Williamsburg.,2021-01,Williamsburg,37.2707,-76.70746,seat of a second-order administrative division,Virginia,City of Williamsburg,United States,WM,City,,,,,104,
comment,2021-01-13,3,Williamsburg isn't a county.,2021-01,City of Williamsburg,37.2707,-76.70746,second-order administrative division,Virginia,City of Williamsburg,United States,WM,State,,,,,7,
comment,2021-01-13,15,"Williamsburg, as in the city proper (not James City County), is quite small, with a sizable portion of the population independently-living retiree transplants from other parts of the country.",2021-01,Williamsburg,37.27344,-76.74148,seat of a fourth-order administrative division,Virginia,James City County,United States,WM,City,,,,,5,
comment,2021-01-13,15,"Williamsburg, as in the city proper (not James City County), is quite small, with a sizable portion of the population independently-living retiree transplants from other parts of the country.",2021-01,James City County,37.31332,-76.77376,second-order administrative division,Virginia,James City County,United States,WM,State,,,,,4,
comment,2021-01-13,15,The transplant retirees in the city of Williamsburg were also more likely than most to be visiting/receiving family from out of town who they hadn't been seeing in the previous months as well as attend religious/holiday gatherings.,2021-01,Williamsburg,37.2707,-76.70746,seat of a second-order administrative division,Virginia,City of Williamsburg,United States,WM,City,,,,,104,
comment,2021-01-13,15,They saw that Williamsburg was one of the highest and made the false implication that the spike in covid cases was correlated.,2021-01,Williamsburg,37.2707,-76.70746,seat of a second-order administrative division,Virginia,City of Williamsburg,United States,WM,City,,,,,104,
comment,2021-01-13,24,"The only spike in Williamsburg that “tripled” recently is between December 26th (1,584 cases) and December 31st (5,239 cases), when students were already home for break.",2021-01,Williamsburg,37.2707,-76.70746,seat of a second-order administrative division,Virginia,City of Williamsburg,United States,WM,City,,,,,104,
comment,2021-01-13,24,"Basically, the whole Hampton Roads area has done extremely poorly over this whole pandemic.",2021-01,Hampton Roads,36.97515,-76.34967,harbor(s),Virginia,City of Hampton,United States,WM,Road,,,,,5,
comment,2021-01-13,24,"Take a trip to the middle of Colonial Williamsburg and you’ll see why: very little social distancing, few masks, and flocks of tourists in a pandemic.",2021-01,Colonial Williamsburg,37.2625,-76.69972,populated place,Virginia,City of Williamsburg,United States,WM,City,,,,,12,
comment,2021-01-13,24,"It’s not related to W&M, it’s just a southern Virginia thing.",2021-01,Virginia,37.54812,-77.44675,first-order administrative division,Virginia,,United States,WM,State,,,,,81,
comment,2021-01-13,2,If it is any help I walked through the Colonial area yesterday.,2021-01,Colonial,40.67923,-80.25923,,Pennsylvania,Beaver County,United States,WM,,,,,,1,
comment,2021-01-13,8,"Btw the NYTimes data is just what comes up in Google when you search “coronavirus cases in Williamsburg, VA,” I just linked it directly.",2021-01,Williamsburg,37.2707,-76.70746,seat of a second-order administrative division,Virginia,City of Williamsburg,United States,WM,City,,,,,104,
comment,2021-01-13,8,"Btw the NYTimes data is just what comes up in Google when you search “coronavirus cases in Williamsburg, VA,” I just linked it directly.",2021-01,Virginia,37.54812,-77.44675,first-order administrative division,Virginia,,United States,WM,State,,,,,81,
comment,2021-01-13,4,"Do you think they just pulled Williamsburg, VA out of their ass?",2021-01,Williamsburg,37.2707,-76.70746,seat of a second-order administrative division,Virginia,City of Williamsburg,United States,WM,City,,,,,104,
comment,2021-01-13,4,"Do you think they just pulled Williamsburg, VA out of their ass?",2021-01,Virginia,37.54812,-77.44675,first-order administrative division,Virginia,,United States,WM,State,,,,,81,
comment,2021-01-13,4,"Or is it possible that Williamsburg, where roughly 50% of the population is W&M students, was on that list referenced in the two previous sentences?",2021-01,Williamsburg,37.2707,-76.70746,seat of a second-order administrative division,Virginia,City of Williamsburg,United States,WM,City,,,,,104,
comment,2021-01-13,4,Cities in Virginia often get listed along with counties because Virginia is an oddball where they don't consider them part of counties.,2021-01,Virginia,37.54812,-77.44675,first-order administrative division,Virginia,,United States,WM,State,,,,,81,
comment,2021-01-13,4,Cities in Virginia often get listed along with counties because Virginia is an oddball where they don't consider them part of counties.,2021-01,Virginia,37.54812,-77.44675,first-order administrative division,Virginia,,United States,WM,State,,,,,81,
post,2020-10-13,30,"Today (October 13) is the deadline to register in Virginia

Act today and you can register online - from your couch!",2020-10,Virginia,37.54812,-77.44675,first-order administrative division,Virginia,,United States,WM,State,,,,,81,
comment,2019-09-03,3,Go to Swem.,2019-09,Swem,46.65982,-123.4046,populated place,Washington,Pacific County,United States,WM,City,,,,,24,
comment,2019-09-03,1,"Unfortunately, I've never found any of the books I needed for any of my physics classes in swem (or, where they're most likely to be found: the physics library) so that's not really an option.",2019-09,Swem,46.65982,-123.4046,populated place,Washington,Pacific County,United States,WM,City,,,,,24,
comment,2018-01-20,5,Sounds like it's being taught out of the DC office.,2018-01,District of Columbia,38.91706,-77.00025,first-order administrative division,District of Columbia,,United States,WM,State,,,,,31,
post,2015-01-17,34,The new plaque in Wren honoring alumni who died in Afghanistan and Iraq,2015-01,Wren,40.80088,-84.77524,populated place,Ohio,Van Wert County,United States,WM,City,,,,,5,
post,2015-01-17,34,The new plaque in Wren honoring alumni who died in Afghanistan and Iraq,2015-01,Islamic Republic of Afghanistan,33.0,66.0,independent political entity,,,Afghanistan,WM,Country,,,,,1,
post,2015-01-17,34,The new plaque in Wren honoring alumni who died in Afghanistan and Iraq,2015-01,Republic of Iraq,33.0,44.0,independent political entity,,,Iraq,WM,Country,,,,,1,
comment,2025-11-07,5,Where is this in Swem?,2025-11,Swem,46.65982,-123.4046,populated place,Washington,Pacific County,United States,WM,City,,,,,24,
comment,2025-02-06,7,"I live ~25 mins from campus in James City and you can frequently rent a whole ass 3 bedroom house for $1,700–1,800 in upper county.",2025-02,Jamestown,37.2082,-76.77413,populated place,Virginia,James City County,United States,WM,City,,,,,3,
comment,2025-02-06,7,"I live ~25 mins from campus in James City and you can frequently rent a whole ass 3 bedroom house for $1,700–1,800 in upper county.",2025-02,Quakertown Airport,40.43598,-75.37958,airport,Pennsylvania,Bucks County,United States,WM,Building,,,,,1,
comment,2025-02-06,-5,"There’s only so much that can be done, advocating for free busing along the parkway and 64, and 199 is how you solve housing issues.",2025-02,Interchange 64,40.50197,-80.13569,road junction,Pennsylvania,Allegheny County,United States,WM,Road,,,,,1,
comment,2025-02-06,-5,"I wish it was different but the fact is, attending our college is expensive, living within James city county is expensive and we live in a time where being liberal isn’t a benefit, we need to overall massive reform, and like section 8 housing for the staff of our college, fund and set aside housing for everyone, especially those that load the mailboxes and sweep the floors.",2025-02,Jamestown,37.2082,-76.77413,populated place,Virginia,James City County,United States,WM,City,,,,,3,
comment,2025-02-06,6,I'd say there is plenty of room in Downtown Williamsburg for additional housing.,2025-02,City of Williamsburg,37.2707,-76.70746,second-order administrative division,Virginia,City of Williamsburg,United States,WM,State,,,,,7,
post,2024-03-25,31,"W&M draws me in for the academics but I have heard some negative things about it being in the middle of nowhere in Williamsburg, poor dorms and food, ongoing construction, and feeling stuck in this ""bubble.""",2024-03,Williamsburg,37.2707,-76.70746,seat of a second-order administrative division,Virginia,City of Williamsburg,United States,WM,City,,,,,104,
comment,2024-03-25,24,"If you can't find it in Williamsburg Richmond, Newport News, and Norfolk are legit cities within an easy drive.",2024-03,Lanoka Harbor,39.86679,-74.16792,populated place,New Jersey,Ocean County,United States,WM,City,,,,,1,
comment,2024-03-25,24,"If you can't find it in Williamsburg Richmond, Newport News, and Norfolk are legit cities within an easy drive.",2024-03,Richmond,37.55376,-77.46026,seat of a first-order administrative division,Virginia,City of Richmond,United States,WM,City,,,,,20,
comment,2024-03-25,24,"If you can't find it in Williamsburg Richmond, Newport News, and Norfolk are legit cities within an easy drive.",2024-03,City of Newport News,37.06265,-76.50801,second-order administrative division,Virginia,City of Newport News,United States,WM,State,,,,,2,
comment,2024-03-25,24,"If you can't find it in Williamsburg Richmond, Newport News, and Norfolk are legit cities within an easy drive.",2024-03,Norfolk,36.84681,-76.28522,seat of a second-order administrative division,Virginia,City of Norfolk,United States,WM,City,,,,,2,
comment,2024-03-25,13,wburg is generally walkable but the rest of james city county requires either a car or the (semi-reliable) bus system.,2024-03,James City County,37.31332,-76.77376,second-order administrative division,Virginia,James City County,United States,WM,State,,,,,4,
comment,2024-03-25,13,i do like that you have the freedom to drive up to richmond/dc and/or down to norfolk/va beach.,2024-03,Richmond,37.55376,-77.46026,seat of a first-order administrative division,Virginia,City of Richmond,United States,WM,City,,,,,20,
comment,2024-03-25,13,"JCC's need for a car is a bit of a con, especially when you need to take the bus to various clinics or if you want intl groceries bc all the intl grocery stores are in newport news (there is a latine market on richmond road, but that's about as walking distance as it gets).",2024-03,Newport News,36.98038,-76.42975,seat of a second-order administrative division,Virginia,City of Newport News,United States,WM,City,,,,,2,
comment,2024-03-25,13,"JCC's need for a car is a bit of a con, especially when you need to take the bus to various clinics or if you want intl groceries bc all the intl grocery stores are in newport news (there is a latine market on richmond road, but that's about as walking distance as it gets).",2024-03,Richmond Road,43.98463,-66.12207,populated place,Nova Scotia,Yarmouth County,Canada,WM,City,,,,,7,
comment,2024-03-25,5,Easy to get to both Norfolk/VaBeach and Richmond and Charlottesville if something was going on.,2024-03,Norfolk,36.84681,-76.28522,seat of a second-order administrative division,Virginia,City of Norfolk,United States,WM,City,,,,,2,
comment,2024-03-25,5,Easy to get to both Norfolk/VaBeach and Richmond and Charlottesville if something was going on.,2024-03,Richmond,37.55376,-77.46026,seat of a first-order administrative division,Virginia,City of Richmond,United States,WM,City,,,,,20,
comment,2024-03-25,5,Easy to get to both Norfolk/VaBeach and Richmond and Charlottesville if something was going on.,2024-03,Charlottesville,38.02931,-78.47668,seat of a second-order administrative division,Virginia,City of Charlottesville,United States,WM,City,,,,,7,
comment,2024-03-25,5,"Best of all, tho, friends liked coming to see you in Williamsburg.",2024-03,Williamsburg,37.2707,-76.70746,seat of a second-order administrative division,Virginia,City of Williamsburg,United States,WM,City,,,,,104,
comment,2024-03-25,5,"Well, the awful condition of my freshman year dorm (Taliaferro.",2024-03,Taliaferro County,33.56609,-82.87876,second-order administrative division,Georgia,Taliaferro County,United States,WM,State,,,,,4,
comment,2024-03-25,4,"As far as the city of Williamsburg goes, it's a comfortable and pedestrian-friendly place to live as a student.",2024-03,Williamsburg,37.2707,-76.70746,seat of a second-order administrative division,Virginia,City of Williamsburg,United States,WM,City,,,,,104,
comment,2024-03-25,4,The Amtrak station is ten minutes from main campus and is an affordable way to get to DC (~3 hours) and Richmond (~1 hour) if you don't have a car.,2024-03,District of Columbia,38.91706,-77.00025,first-order administrative division,District of Columbia,,United States,WM,State,,,,,31,
comment,2024-03-25,4,The Amtrak station is ten minutes from main campus and is an affordable way to get to DC (~3 hours) and Richmond (~1 hour) if you don't have a car.,2024-03,Richmond,37.55376,-77.46026,seat of a first-order administrative division,Virginia,City of Richmond,United States,WM,City,,,,,20,
comment,2024-03-25,4,"If you buy your tickets early enough, prices can be around $23 to get to DC, but that'll spike around fall/thanksgiving/spring break (thanksgiving week tickets sold out over a month before).",2024-03,District of Columbia,38.91706,-77.00025,first-order administrative division,District of Columbia,,United States,WM,State,,,,,31,
comment,2024-03-25,3,"Sure, maybe the town itself isn't as vibrant as others, but it's beautiful and is within 45 minutes of both Richmond and the beach.",2024-03,Richmond,25.61761,-80.4145,,Florida,Miami-Dade County,United States,WM,,,,,,1,
comment,2024-03-25,3,"Big cities definitely have more exciting things like concerts and museums, but I would not describe Williamsburg as the “middle of nowhere.” 

Some things I enjoy doing on the weekends are going to movies with friends, shopping at the farmer’s market, going for walks in CW, and kayaking on Lake Matoaka.",2024-03,Williamsburg,42.39314,-72.73009,populated place,Massachusetts,Hampshire County,United States,WM,City,,,,,11,
comment,2024-03-25,3,"Big cities definitely have more exciting things like concerts and museums, but I would not describe Williamsburg as the “middle of nowhere.” 

Some things I enjoy doing on the weekends are going to movies with friends, shopping at the farmer’s market, going for walks in CW, and kayaking on Lake Matoaka.",2024-03,CW Bonham,28.48554,-99.82255,,Texas,Dimmit County,United States,WM,,,,,,6,
comment,2024-03-25,3,"Big cities definitely have more exciting things like concerts and museums, but I would not describe Williamsburg as the “middle of nowhere.” 

Some things I enjoy doing on the weekends are going to movies with friends, shopping at the farmer’s market, going for walks in CW, and kayaking on Lake Matoaka.",2024-03,Matoaka Lake,37.26591,-76.72554,reservoir(s),Virginia,City of Williamsburg,United States,WM,,,,,,11,
comment,2024-03-25,3,"I do feel like I’ve “done it all” in terms of activities around Williamsburg, but I have been here for four years so you probably won’t feel that way until you’re almost done too.",2024-03,Williamsburg,37.2707,-76.70746,seat of a second-order administrative division,Virginia,City of Williamsburg,United States,WM,City,,,,,104,
comment,2024-03-26,2,"But as long as you're okay with that I think this is a great place to be, there's plenty to do and Williamsburg is a nice place to live.",2024-03,Williamsburg,37.2707,-76.70746,seat of a second-order administrative division,Virginia,City of Williamsburg,United States,WM,City,,,,,104,
comment,2024-03-25,2,Williamsburg is definitely not the middle of nowhere.,2024-03,City of Williamsburg,37.2707,-76.70746,second-order administrative division,Virginia,City of Williamsburg,United States,WM,State,,,,,7,
comment,2024-03-25,1,"Richmond is super accessible, clubs take trips there sometimes and I know that a lot of students will go there to see concerts and stuff.",2024-03,Richmond,37.55376,-77.46026,seat of a first-order administrative division,Virginia,City of Richmond,United States,WM,City,,,,,20,
comment,2024-04-01,1,I lived off campus in the town of Williamsburg.,2024-04,City of Williamsburg,37.2707,-76.70746,second-order administrative division,Virginia,City of Williamsburg,United States,WM,State,,,,,7,
comment,2024-04-01,1,"It definitely feels like a college town but no, its not a Chicago or New York City.",2024-04,Chicago,41.85003,-87.65005,seat of a second-order administrative division,Illinois,Cook County,United States,WM,City,,,,,1,
comment,2024-04-01,1,"It definitely feels like a college town but no, its not a Chicago or New York City.",2024-04,New York City,40.71427,-74.00597,populated place,New York,,United States,WM,City,,,,,6,
comment,2024-03-26,4,"Williamsburg is pretty unique when it comes to college towns because it very much is a small, quiet town while simultaneously being a relatively major tourist destination, with all the attractions that come with it.",2024-03,Williamsburg,42.39314,-72.73009,populated place,Massachusetts,Hampshire County,United States,WM,City,,,,,11,
comment,2024-03-26,4,"If I'm not mistaken, Williamsburg has more pancake houses per capita than any other city in America.",2024-03,Williamsburg,37.2707,-76.70746,seat of a second-order administrative division,Virginia,City of Williamsburg,United States,WM,City,,,,,104,
comment,2024-03-26,4,"If I'm not mistaken, Williamsburg has more pancake houses per capita than any other city in America.",2024-03,United States,39.76,-98.5,independent political entity,,,United States,WM,Country,,,,,29,
comment,2024-03-26,4,"An hour from Richmond, an hour from Virginia Beach, DC is about two hours away, mountains are pretty easy to get to.",2024-03,Richmond,37.55376,-77.46026,seat of a first-order administrative division,Virginia,City of Richmond,United States,WM,City,,,,,20,
comment,2024-03-26,4,"An hour from Richmond, an hour from Virginia Beach, DC is about two hours away, mountains are pretty easy to get to.",2024-03,Virginia Beach,36.85293,-75.97799,seat of a second-order administrative division,Virginia,City of Virginia Beach,United States,WM,City,,,,,2,
comment,2024-03-26,4,"An hour from Richmond, an hour from Virginia Beach, DC is about two hours away, mountains are pretty easy to get to.",2024-03,District of Columbia,38.91706,-77.00025,first-order administrative division,District of Columbia,,United States,WM,State,,,,,31,
comment,2024-03-25,1,"Visiting Richmond, DC, and my grandmas during the weekend would be nice.",2024-03,Richmond,37.55376,-77.46026,seat of a first-order administrative division,Virginia,City of Richmond,United States,WM,City,,,,,20,
comment,2024-03-25,1,"Visiting Richmond, DC, and my grandmas during the weekend would be nice.",2024-03,District of Columbia,38.91706,-77.00025,first-order administrative division,District of Columbia,,United States,WM,State,,,,,31,
comment,2024-03-25,1,"I live in the middle east, but I visit Richmond every year for family.",2024-03,Al Bank al Brīţānī lish Sharq al Awsaţ,25.2643,55.29326,bank,Dubai,,United Arab Emirates,WM,Natural Feature,,,,,1,
comment,2024-03-25,1,"I live in the middle east, but I visit Richmond every year for family.",2024-03,Richmond,37.55376,-77.46026,seat of a first-order administrative division,Virginia,City of Richmond,United States,WM,City,,,,,20,
comment,2024-03-25,1,"Also Southern Methodist University in Dallas, Hofstra in New York, Rutgers New Brunswick and University at Buffalo.",2024-03,Dallas,32.78306,-96.80667,seat of a second-order administrative division,Texas,Dallas County,United States,WM,City,,,,,2,
comment,2024-03-25,1,"Also Southern Methodist University in Dallas, Hofstra in New York, Rutgers New Brunswick and University at Buffalo.",2024-03,New York,43.00035,-75.4999,first-order administrative division,New York,,United States,WM,State,,,,,4,
comment,2024-03-25,2,Buffalo would be a hard shock.,2024-03,Buffalo,41.45559,-90.72097,,Iowa,Scott County,United States,WM,,,,,,1,
comment,2024-03-25,2,"I have also spent years in upstate Ny, and lived in Dallas.",2024-03,New York,43.00035,-75.4999,first-order administrative division,New York,,United States,WM,State,,,,,4,
comment,2024-03-25,2,"I have also spent years in upstate Ny, and lived in Dallas.",2024-03,Dallas,32.78306,-96.80667,seat of a second-order administrative division,Texas,Dallas County,United States,WM,City,,,,,2,
comment,2024-03-24,1,"For anyone who was waitlisted or rejected, W&M does have a guaranteed transfer program with Virginia community colleges.",2024-03,Virginia,37.54812,-77.44675,first-order administrative division,Virginia,,United States,WM,State,,,,,81,
comment,2021-04-13,1,in the w&m woods?,2021-04,W-M Lake,40.99083,-95.9919,reservoir(s),Nebraska,Cass County,United States,WM,,,,,,2,
post,2021-02-05,29,Richmond Hall Can anyone in richmond hall tell us what the situation is like in there/how many people there are?,2021-02,Richmond Hall,39.39344,-76.6058,building(s),Maryland,Baltimore County,United States,WM,Building,,,,,7,
post,2021-02-05,29,Richmond Hall Can anyone in richmond hall tell us what the situation is like in there/how many people there are?,2021-02,Richmond Hall,39.39344,-76.6058,building(s),Maryland,Baltimore County,United States,WM,Building,,,,,7,
comment,2021-02-06,3,I think it’s also important to note that Richmond hall has 100 student rooms that aren’t being occupied this semester.,2021-02,Richmond Hall,39.39344,-76.6058,building(s),Maryland,Baltimore County,United States,WM,Building,,,,,7,
comment,2020-09-15,3,Williamsburg was often referred to a ‘San Francisco of the East’.,2020-09,Old Town,35.14274,-118.49481,populated place,California,Kern County,United States,WM,City,,,,,1,
comment,2020-09-15,3,Williamsburg was often referred to a ‘San Francisco of the East’.,2020-09,Palomar San Francisco - A Kimpton Property,37.785,-122.405,hotel,California,City and County of San Francisco,United States,WM,Building,,,,,1,
comment,2020-09-15,3,Williamsburg was often referred to a ‘San Francisco of the East’.,2020-09,Austurland,65.0,-15.0,first-order administrative division,East,,Iceland,WM,State,,,,,1,
comment,2020-02-02,2,"I took plenty of classes in Morton, lived in Botetourt, and worked in the rec.",2020-02,Morton,47.10991,-0.02242,populated place,New Aquitaine,Vienne,France,WM,City,,,,,1,
comment,2020-02-02,2,"I took plenty of classes in Morton, lived in Botetourt, and worked in the rec.",2020-02,Botetourt County,37.55712,-79.81233,second-order administrative division,Virginia,Botetourt County,United States,WM,State,,,,,12,
comment,2020-02-02,7,"DuPont, Jefferson, Old Dominion, the entire Randolph complex, and all the freshman halls (Lemon being the obvious exception) are pretty bad, as are most of the academic buildings outside of ISC, Tucker, and Tyler.",2020-02,Lemon,34.26195,-119.25567,,California,Ventura County,United States,WM,,,,,,1,
comment,2020-02-02,7,"DuPont, Jefferson, Old Dominion, the entire Randolph complex, and all the freshman halls (Lemon being the obvious exception) are pretty bad, as are most of the academic buildings outside of ISC, Tucker, and Tyler.",2020-02,Tucker,31.67351,-95.74801,populated place,Texas,Anderson County,United States,WM,City,,,,,1,
comment,2020-02-02,7,"DuPont, Jefferson, Old Dominion, the entire Randolph complex, and all the freshman halls (Lemon being the obvious exception) are pretty bad, as are most of the academic buildings outside of ISC, Tucker, and Tyler.",2020-02,Tyler,32.35126,-95.30106,seat of a second-order administrative division,Texas,Smith County,United States,WM,City,,,,,1,
comment,2020-02-02,2,"I do disagree about the state of the academic halls, as the only ones that really need to be destroyed or renovated are Morton and Washington.",2020-02,Washington,47.50012,-120.50147,first-order administrative division,Washington,,United States,WM,State,,,,,5,
comment,2026-04-16,2,i got waitlisted and i am planning on doing Verto in Spain!,2026-04,Kingdom of Spain,40.0,-4.0,independent political entity,,,Spain,WM,Country,,,,,1,
comment,2026-03-23,11,"She spent a semester in Florence on the Verto program and loved that — the classes were challenging and she made good friends and had a really unique, well-run experience.",2026-03,Florence,43.77925,11.24626,seat of a first-order administrative division,Tuscany,Province of Florence,Italy,WM,City,,,,,3,
comment,2026-03-24,2,"I think the London program accepts 17-year olds, as long as they have a waiver form signed by their parents.",2026-03,London,47.2027,-91.56962,populated place,Minnesota,Lake County,United States,WM,City,,,,,1,
comment,2026-03-24,2,Unfortunately not the case for Florence and Seville,2026-03,Florence,43.77925,11.24626,seat of a first-order administrative division,Tuscany,Province of Florence,Italy,WM,City,,,,,3,
comment,2026-03-24,2,Unfortunately not the case for Florence and Seville,2026-03,Sevilla,37.38283,-5.97317,seat of a first-order administrative division,Andalusia,Provincia de Sevilla,Spain,WM,City,,,,,2,
comment,2026-03-24,1,the london location is soo expensive though…,2026-03,London,51.50853,-0.12574,capital of a political entity,England,Greater London,United Kingdom,WM,City,,,,,4,
comment,2026-03-24,1,Too young even for London?,2026-03,London,51.50853,-0.12574,capital of a political entity,England,Greater London,United Kingdom,WM,City,,,,,4,
comment,2026-03-24,1,"My son is just a little young for Seville and Florence, but London had different rules.",2026-03,Sevilla,37.38283,-5.97317,seat of a first-order administrative division,Andalusia,Provincia de Sevilla,Spain,WM,City,,,,,2,
comment,2026-03-24,1,"My son is just a little young for Seville and Florence, but London had different rules.",2026-03,Florence,43.77925,11.24626,seat of a first-order administrative division,Tuscany,Province of Florence,Italy,WM,City,,,,,3,
comment,2026-03-24,1,"My son is just a little young for Seville and Florence, but London had different rules.",2026-03,London,51.50853,-0.12574,capital of a political entity,England,Greater London,United Kingdom,WM,City,,,,,4,
comment,2020-12-18,5,"Idk man I shipped in my test 2 days after receiving it, flew there from CA, and got the results literally the day of move in.",2020-12,California,37.25022,-119.75126,first-order administrative division,California,,United States,WM,State,,,,,4,
post,2020-10-14,30,"here's what ive tried thus far:

my room, 2nd floor of swem, the business school (i liked this one a lot), the bookstore, palace green, a meeting room in isc, and the study lounge of my building.",2020-10,Palace Green,37.27237,-76.7019,park,Virginia,City of Williamsburg,United States,WM,Neighborhood,,,,,1,
post,2020-10-14,30,"here's what ive tried thus far:

my room, 2nd floor of swem, the business school (i liked this one a lot), the bookstore, palace green, a meeting room in isc, and the study lounge of my building.",2020-10,Isles of Scilly,49.92117,-6.29431,second-order administrative division,England,Isles of Scilly,United Kingdom,WM,State,,,,,2,
comment,2020-10-14,10,"If you want to study outside, I’ve found the Tucker Hall patio to be really nice!",2020-10,Tucker Hall,41.66199,-83.6166,building(s),Ohio,Lucas County,United States,WM,Building,,,,,1,
comment,2020-10-14,3,I can only focus on the 2nd floor in Swem so now I associate Swem with homework,2020-10,Swem,46.65982,-123.4046,populated place,Washington,Pacific County,United States,WM,City,,,,,24,
comment,2020-10-14,3,I can only focus on the 2nd floor in Swem so now I associate Swem with homework,2020-10,Swem,46.65982,-123.4046,populated place,Washington,Pacific County,United States,WM,City,,,,,24,
comment,2020-10-14,3,"If you have a car, the best hot chocolate in Williamsburg can be found at The Coffeehouse (5251 John Tyler Hwy) and this is a hill I'm willing to die on.",2020-10,Williamsburg,37.2707,-76.70746,seat of a second-order administrative division,Virginia,City of Williamsburg,United States,WM,City,,,,,104,
comment,2020-10-14,2,I like the 3rd floor in Sadler.,2020-10,Sadler,48.15012,-83.18308,area,Ontario,,Canada,WM,Building,,,,,7,
post,2020-07-14,29,"New cases are steady across Virginia but rising in Hampton Roads, including James City County and Williamsburg.",2020-07,Virginia,37.54812,-77.44675,first-order administrative division,Virginia,,United States,WM,State,,,,,81,
post,2020-07-14,29,"New cases are steady across Virginia but rising in Hampton Roads, including James City County and Williamsburg.",2020-07,Hampton Roads,36.97515,-76.34967,harbor(s),Virginia,City of Hampton,United States,WM,Road,,,,,5,
post,2020-07-14,29,"New cases are steady across Virginia but rising in Hampton Roads, including James City County and Williamsburg.",2020-07,James City County,37.31332,-76.77376,second-order administrative division,Virginia,James City County,United States,WM,State,,,,,4,
post,2020-07-14,29,"New cases are steady across Virginia but rising in Hampton Roads, including James City County and Williamsburg.",2020-07,Williamsburg,37.27344,-76.74148,seat of a fourth-order administrative division,Virginia,James City County,United States,WM,City,,,,,5,
post,2020-07-14,29,Even Busch Gardens didn't open and that's all outdoors.,2020-07,Busch Gardens,34.12945,-118.16479,park,California,Los Angeles County,United States,WM,Neighborhood,,,,,4,
comment,2020-07-14,3,"My uncle, who is a doctor in Maryland, has said he is certain that there will be no in-person classes this year.",2020-07,Maryland,39.00039,-76.74997,first-order administrative division,Maryland,,United States,WM,State,,,,,2,
post,2019-09-11,28,"Hey W&M, if anyone is struggling with addiction, knows anyone that is struggling, or just wants one, a Virginia non-profit offers to ship you a FREE Narcan/ Naloxone opioid overdose reversal kit.",2019-09,Virginia,37.54812,-77.44675,first-order administrative division,Virginia,,United States,WM,State,,,,,81,
post,2019-09-11,28,"<3 In 2016, there were 1,130 opioid-related overdose deaths­­ in Virginia—a rate of 13.5 deaths per 100,000 persons.",2019-09,Virginia,37.54812,-77.44675,first-order administrative division,Virginia,,United States,WM,State,,,,,81,
post,2019-09-11,28,We are willing to ship the supplies to anywhere in VIRGINIA.,2019-09,Virginia,37.54812,-77.44675,first-order administrative division,Virginia,,United States,WM,State,,,,,81,
comment,2019-09-12,2,"One easy example to give is that I’m from Hampton Roads, so I always sort of felt like a local.",2019-09,Hampton Roads,36.97515,-76.34967,harbor(s),Virginia,City of Hampton,United States,WM,Road,,,,,5,
comment,2019-09-12,2,When students would refer to Williamsburg residents as a “townie” it was hard to feel like there wasn’t some sort of alienation going on there.,2019-09,Williamsburg,37.2707,-76.70746,seat of a second-order administrative division,Virginia,City of Williamsburg,United States,WM,City,,,,,104,
comment,2019-09-12,2,"So I never mentioned where I was from, and when I would tell people they would be shocked that I wasn’t from North Jersey or Northern Virginia.",2019-09,Northern New Jersey,40.94265,-74.55049,region,New Jersey,,United States,WM,Region,,,,,1,
comment,2019-09-12,2,"So I never mentioned where I was from, and when I would tell people they would be shocked that I wasn’t from North Jersey or Northern Virginia.",2019-09,Northern Virginia,38.73074,-77.71193,region,Virginia,,United States,WM,Region,,,,,4,
post,2016-05-04,30,Benming Zhang '16 elected to Williamsburg's City Council,2016-05,Williamsburg,37.2707,-76.70746,seat of a second-order administrative division,Virginia,City of Williamsburg,United States,WM,City,,,,,104,
post,2011-08-04,30,They will make you feel so proud to go to William and Mary.,2011-08,William and Mary Hall,37.27348,-76.71968,building(s),Virginia,City of Williamsburg,United States,WM,Building,,,,,20,
post,2011-08-04,30,"And believe me, you would never believe the kind of crazy stuff that goes down in Williamsburg.",2011-08,Williamsburg,37.2707,-76.70746,seat of a second-order administrative division,Virginia,City of Williamsburg,United States,WM,City,,,,,104,
post,2011-08-04,30,"The easiest way to get in is the following- when you are looking at the front of the palace, walk to the right down Scotland street to the first dirt road on the left.",2011-08,Scotland,56.0,-4.0,first-order administrative division,Scotland,,United Kingdom,WM,State,,,,,2,
post,2011-08-04,30,"I have also had bonfires at the old Matoaka amphitheater, but I guess you can't get away with that now that the new one is built.",2011-08,Matoaka,27.4031,-82.5301,populated place,Florida,Manatee County,United States,WM,City,,,,,5,
post,2011-08-04,30,* **Go swim at the Great Wolf lodge**.,2011-08,Great Wolf Lodge,44.7177,-85.6159,hotel,Michigan,Grand Traverse County,United States,WM,Building,,,,,4,
post,2011-08-04,30,I have gone to lay by the pool and swim at Great Wolf several times.,2011-08,Great Wolf Lodge,44.7177,-85.6159,hotel,Michigan,Grand Traverse County,United States,WM,Building,,,,,4,
post,2011-08-04,30,"* If you know how to develop photos there is a small lab in the Campus Center, you have to pay ten dollars to the photo club to have access.",2011-08,The Campus Center,43.45897,-70.38338,building(s),Maine,York County,United States,WM,Building,,,,,2,
post,2011-08-04,30,On Richmond Road.,2011-08,Richmond Road,-28.95233,152.31826,road,New South Wales,,Australia,WM,Road,,,,,10,
comment,2011-08-04,6,"Just go to the main entrance on the Landrum Drive side, close to Jamestown dorms, and go over to the door on the left, which opens up to a lecture hall.",2011-08,Oriole,41.14119,-77.20997,populated place,Pennsylvania,Lycoming County,United States,WM,City,,,,,1,
comment,2011-08-04,6,"He was as of this past year, but I think he's finished his degree, although he may still be hanging around Williamsburg.",2011-08,Williamsburg,37.2707,-76.70746,seat of a second-order administrative division,Virginia,City of Williamsburg,United States,WM,City,,,,,104,
comment,2011-08-05,1,Great Wolf Lodge?,2011-08,Great Wolf Lodge,44.7177,-85.6159,hotel,Michigan,Grand Traverse County,United States,WM,Building,,,,,4,
comment,2011-08-07,1,"It's not richmond road where that house is...

First crack at secrets:
If you call campus escort, they will drive you anywhere in a golf cart (only at night during certain hours when ppl are volunteering)   This is a massive amount of fun.",2011-08,Richmond Road,-28.95233,152.31826,road,New South Wales,,Australia,WM,Road,,,,,10,
comment,2011-08-06,3,They're just down the road from Wawa.,2011-08,Wawa,39.90178,-75.45964,populated place,Pennsylvania,Delaware County,United States,WM,City,,,,,1,
comment,2011-08-04,3,They had also given her money to do research in an archive in Boston.,2011-08,Boston,42.35843,-71.05977,seat of a first-order administrative division,Massachusetts,Suffolk County,United States,WM,City,,,,,2,
comment,2011-08-04,3,"We had opportunities to meet with our chancellor Sandra Day O Connor (she does public Q&A sessions all the time at the Sadler Center but if you have an in with a professor you can have a meal with her), the Queen, many politicians because they have meetings at Kingsmill Resort, government officials (one time our health econ prof randomly invited some kids to dine with Paul Volcker, former Fed chair).",2011-08,Kingsmill Resort,37.2263,-76.6654,hotel,Virginia,,United States,WM,Building,,,,,1,
comment,2011-08-04,3,Usually the speakers they bring in to give talks will also hang out afterwards since Williamsburg is a pretty unassuming place.,2011-08,Williamsburg,37.2707,-76.70746,seat of a second-order administrative division,Virginia,City of Williamsburg,United States,WM,City,,,,,104,
comment,2011-08-07,2,One of my favorite parts of the city of Williamsburg,2011-08,City of Williamsburg,37.2707,-76.70746,second-order administrative division,Virginia,City of Williamsburg,United States,WM,State,,,,,7,
comment,2011-08-07,2,":) 
Great Wolf Lodge is a new one.",2011-08,Great Wolf Lodge,44.7177,-85.6159,hotel,Michigan,Grand Traverse County,United States,WM,Building,,,,,4,
comment,2011-08-07,2,"I was driving in nova and heard a radio advertisement for it and when they said ""Williamsburg"" I flipped a shit.",2011-08,Nova,39.73176,-77.81944,populated place,Pennsylvania,Franklin County,United States,WM,City,,,,,15,
comment,2011-08-07,2,"I was driving in nova and heard a radio advertisement for it and when they said ""Williamsburg"" I flipped a shit.",2011-08,Williamsburg,37.2707,-76.70746,seat of a second-order administrative division,Virginia,City of Williamsburg,United States,WM,City,,,,,104,
comment,2011-08-07,3,Oh one more 'hack'  - the matoka woods are amazing!,2011-08,Matoka,-10.93333,25.46667,populated place,Lualaba,Mutshatsha,Democratic Republic of the Congo,WM,City,,,,,4,
comment,2011-08-07,3,"It was on the complete other side of the lake - no idea how it got there



OH YOU CAN GO KAYAKING/CANOEING FOR FREE ON LAKE MATOAKA if you go to the boathouse during the right hours!",2011-08,Matoaka Lake,37.26591,-76.72554,reservoir(s),Virginia,City of Williamsburg,United States,WM,,,,,,11,
comment,2011-08-28,1,"I know this is a bit late, but I applied for and received a full ride to the summer program in St. Petersburg.",2011-08,Saint Petersburg,59.93863,30.31413,seat of a first-order administrative division,St.-Petersburg,,Russia,WM,City,,,,,1,
comment,2011-08-28,1,"The lodge is on Rochambeau, on the way to Walmart (parallel to 64)...",2011-08,Rochambeau,47.8006,0.97886,populated place,Centre-Val de Loire,Loire-et-Cher,France,WM,City,,,,,1,
comment,2011-08-28,1,"The lodge is on Rochambeau, on the way to Walmart (parallel to 64)...",2011-08,Interchange 64,43.32444,-88.25083,road junction,Wisconsin,Washington County,United States,WM,Road,,,,,1,
comment,2025-03-18,1,There are several Aussie rules adult teams in Virginia.,2025-03,Virginia,37.54812,-77.44675,first-order administrative division,Virginia,,United States,WM,State,,,,,81,
comment,2020-10-02,33,"Probably not the best idea, lol, so if you can make it back to your dorm in gooch without blowing a socket I suggest you book it!",2020-10,Gooch,44.75707,-122.52842,,Oregon,Marion County,United States,WM,,,,,,3,
comment,2020-10-03,2,"I've occasionally seen folks discreetly downloading carnal images there, although they seem to be dressed more like Eastern State outpatients on day pass than college students.",2020-10,Eastern States Exposition Grounds,42.09037,-72.61759,,Massachusetts,Hampden County,United States,WM,,,,,,1,
comment,2020-10-03,2,College students are Williamsburg residents and obtaining a library card should be simple.,2020-10,Williamsburg,37.2707,-76.70746,seat of a second-order administrative division,Virginia,City of Williamsburg,United States,WM,City,,,,,104,
comment,2020-09-26,35,"Lake Matoaka, esp now that its fall.",2020-09,Matoaka Lake,37.26591,-76.72554,reservoir(s),Virginia,City of Williamsburg,United States,WM,,,,,,11,
comment,2020-09-26,13,"There is also a very nice sunny patio behind the Campus Center (which, laughably, is located nowhere near the center of campus) that is nearly always deserted due to its isolated location.",2020-09,The Campus Center,43.45897,-70.38338,building(s),Maine,York County,United States,WM,Building,,,,,2,
comment,2020-09-26,8,It's an exposed part of the Cobham Bay Member of the Eastover Formation deposited during the Messinian (Late Miocene) or about 7.25-5.33 Ma.,2020-09,Cobham Bay,-11.6074,131.39011,bay,Northern Territory,,Australia,WM,Natural Feature,,,,,1,
comment,2020-09-27,3,Then I'd say check out the doc behind Botetourt.,2020-09,Botetourt County,37.55712,-79.81233,second-order administrative division,Virginia,Botetourt County,United States,WM,State,,,,,12,
comment,2020-09-26,2,"Near the Williamsburg Airport and the Williamsburg winery, there is a small field with a bunch of whalebone and shark teeth.",2020-09,Williamsburg,37.2707,-76.70746,seat of a second-order administrative division,Virginia,City of Williamsburg,United States,WM,City,,,,,104,
post,2019-10-11,28,"Hey W&M, if anyone is struggling with addiction, knows anyone that is struggling, or just wants one, a Virginia non-profit offers to ship you a FREE Narcan/ Naloxone opioid overdose reversal kit.",2019-10,Virginia,37.54812,-77.44675,first-order administrative division,Virginia,,United States,WM,State,,,,,81,
post,2019-10-11,28,"<3 In 2016, there were 1,130 opioid-related overdose deaths­­ in Virginia—a rate of 13.5 deaths per 100,000 persons.",2019-10,Virginia,37.54812,-77.44675,first-order administrative division,Virginia,,United States,WM,State,,,,,81,
post,2019-10-11,28,We are willing to ship the supplies to anywhere in VIRGINIA.,2019-10,Virginia,37.54812,-77.44675,first-order administrative division,Virginia,,United States,WM,State,,,,,81,
comment,2025-12-13,1,The US conservative party is not about economics.,2025-12,United States,39.76,-98.5,independent political entity,,,United States,WM,Country,,,,,29,
comment,2025-11-15,-2,people who bully others to stop speech they disagree with and then rationalizing  their bullying by dehumanizing their victims are as the Nazis of Europe in the 1930s and 40s…no difference.,2025-11,Europe,48.69096,9.14062,continent,,,,WM,Country,,,,,1,
comment,2025-11-14,17,The president of turning point USA at w&m went on Fox News.,2025-11,United States,39.76,-98.5,independent political entity,,,United States,WM,Country,,,,,29,
comment,2025-11-15,5,Please don’t let any of them be black  My community has gone through enough with this Virginia election,2025-11,Virginia,37.54812,-77.44675,first-order administrative division,Virginia,,United States,WM,State,,,,,81,
comment,2025-11-19,1,"They are so afraid of having their beliefs challenged that they scream ""Nazi"" without even understanding why they are screaming it or that it is a ridiculous and incorrect comparison.The funniest part about it is that Benjamin Netanyahu has said numerous times that there had been no better friend to Israel than Charlie Kirk.",2025-11,State of Israel,31.5,34.75,independent political entity,,,Israel,WM,Country,,,,,5,
comment,2025-11-19,1,"Which part...when Virginia didn't elect Winsome, a  highly qualified black woman as governor?",2025-11,Virginia,37.54812,-77.44675,first-order administrative division,Virginia,,United States,WM,State,,,,,81,
comment,2025-12-13,1,many nazis love israel.,2025-12,State of Israel,31.5,34.75,independent political entity,,,Israel,WM,Country,,,,,5,
comment,2025-12-13,1,many nazis want every jew to go to israel.,2025-12,State of Israel,31.5,34.75,independent political entity,,,Israel,WM,Country,,,,,5,
comment,2025-12-13,1,many nazis envy the power of israel to steal land violently in the name of a narrow in-group.,2025-12,State of Israel,31.5,34.75,independent political entity,,,Israel,WM,Country,,,,,5,
comment,2025-02-21,1,You got into St Andrews which has a 65% admissions rate.,2025-02,Saint Andrews,56.33871,-2.79902,populated place,Scotland,Fife,United Kingdom,WM,City,,,,,4,
comment,2025-02-21,1,You do understand that you will start your freshman year at St Andrews with the St Andrews cohort.,2025-02,Saint Andrews,56.33871,-2.79902,populated place,Scotland,Fife,United Kingdom,WM,City,,,,,4,
comment,2025-02-21,1,You do understand that you will start your freshman year at St Andrews with the St Andrews cohort.,2025-02,Saint Andrews,56.33871,-2.79902,populated place,Scotland,Fife,United Kingdom,WM,City,,,,,4,
comment,2025-02-21,2,"65% is St. Andrews University, which is in North Carolina lol.",2025-02,North Carolina,35.50069,-80.00032,first-order administrative division,North Carolina,,United States,WM,State,,,,,3,
comment,2025-02-21,2,"University of St. Andrews (who the jdp is with) is the one in Scotland and the International acceptance rate is somewhere around 12%, which isn't even mentioning the fact that St. Andrews aims to only admit about 20 people into the jdp per year, which is 10 less than W&M does.",2025-02,Scotland,56.0,-4.0,first-order administrative division,Scotland,,United Kingdom,WM,State,,,,,2,
comment,2025-02-21,2,"University of St. Andrews (who the jdp is with) is the one in Scotland and the International acceptance rate is somewhere around 12%, which isn't even mentioning the fact that St. Andrews aims to only admit about 20 people into the jdp per year, which is 10 less than W&M does.",2025-02,Saint Andrews,56.33871,-2.79902,populated place,Scotland,Fife,United Kingdom,WM,City,,,,,4,
post,2024-01-21,26,"One of those places is, you guessed it, William and Mary.",2024-01,William and Mary Hall,37.27348,-76.71968,building(s),Virginia,City of Williamsburg,United States,WM,Building,,,,,20,
comment,2024-01-21,52,"5. clubs will also do day/weekend trips to various places like va beach, intercollegiate events at other va state colleges, etc.",2024-01,Travelodge Virginia Beach Va,36.8474,-75.9747,hotel,Virginia,,United States,WM,Building,,,,,2,
comment,2024-01-21,52,"5. clubs will also do day/weekend trips to various places like va beach, intercollegiate events at other va state colleges, etc.",2024-01,State College (Centre County) VA Outpatient Clinic (503GC),40.82738,-77.80453,clinic,Pennsylvania,Centre County,United States,WM,Building,,,,,1,
comment,2024-01-21,52,"while these trips aren't unique to w&m, w&m's located between richmond and va beach so you can day trip wherever as needed.",2024-01,Richmond,37.55376,-77.46026,seat of a first-order administrative division,Virginia,City of Richmond,United States,WM,City,,,,,20,
comment,2024-01-21,52,"while these trips aren't unique to w&m, w&m's located between richmond and va beach so you can day trip wherever as needed.",2024-01,Travelodge Virginia Beach Va,36.8474,-75.9747,hotel,Virginia,,United States,WM,Building,,,,,2,
comment,2024-01-21,52,"(people will also do periodic weekend/night trips up to DC to be with friends/family or go to concerts)
6. if you prefer more international foods, the closest international grocery store is e-mart in newport news, a 30 minute drive from williamsburg.",2024-01,District of Columbia,38.91706,-77.00025,first-order administrative division,District of Columbia,,United States,WM,State,,,,,31,
comment,2024-01-21,52,"(people will also do periodic weekend/night trips up to DC to be with friends/family or go to concerts)
6. if you prefer more international foods, the closest international grocery store is e-mart in newport news, a 30 minute drive from williamsburg.",2024-01,Newport News,36.98038,-76.42975,seat of a second-order administrative division,Virginia,City of Newport News,United States,WM,City,,,,,2,
comment,2024-01-21,52,"(people will also do periodic weekend/night trips up to DC to be with friends/family or go to concerts)
6. if you prefer more international foods, the closest international grocery store is e-mart in newport news, a 30 minute drive from williamsburg.",2024-01,Williamsburg,37.2707,-76.70746,seat of a second-order administrative division,Virginia,City of Williamsburg,United States,WM,City,,,,,104,
comment,2024-01-21,52,"there are hispanic markets in williamsburg (including one on richmond road), but newport news has more  variety in international markets.",2024-01,Williamsburg,42.39314,-72.73009,populated place,Massachusetts,Hampshire County,United States,WM,City,,,,,11,
comment,2024-01-21,52,"there are hispanic markets in williamsburg (including one on richmond road), but newport news has more  variety in international markets.",2024-01,Richmond Road,-28.95233,152.31826,road,New South Wales,,Australia,WM,Road,,,,,10,
comment,2024-01-21,52,"wata recently switched up the bus routes, so the buses on lines 12/12a have become slightly more unreliable, but the other buses are relatively punctual.",2024-01,Keremeos Forks Indian Reserve 12 & 12A,49.317,-119.82,reservation,British Columbia,Regional District of Okanagan-Similkameen,Canada,WM,Natural Feature,,,,,1,
comment,2024-01-21,11,"Williamsburg isn’t the stereotypical ‘college town’ and there isn’t much to do in the area, so folks spend most of their time on campus.",2024-01,Williamsburg,42.39314,-72.73009,populated place,Massachusetts,Hampshire County,United States,WM,City,,,,,11,
comment,2024-01-22,1,I JUST transferred this semester from nova with my A.S. feel free to reach out with any questions and good luck!,2024-01,Nõva,59.21639,23.6725,populated place,Lääne,Lääne-Nigula vald,Estonia,WM,City,,,,,3,
comment,2024-01-21,1,"Haha yep I'm looking at 3-4 different unis in Virginia, W&M is probably second on my list of places I'd like to go if I had to rank them personally.",2024-01,Virginia,37.54812,-77.44675,first-order administrative division,Virginia,,United States,WM,State,,,,,81,
post,2021-05-03,26,Does anyone have access to the West Utility building?,2021-05,West Fargo Municipal Airport,46.90454,-96.91684,airport,North Dakota,Cass County,United States,WM,Building,,,,,2,
post,2021-05-03,26,"I really want to go inside the West Utility building with all the colorful pipes but I don't know anyone who can swipe me in :( 

please help",2021-05,West Fargo Municipal Airport,46.90454,-96.91684,airport,North Dakota,Cass County,United States,WM,Building,,,,,2,
comment,2021-05-04,6,"Only chance is to happen upon a door that is propped open or left unlocked... now if you want to explore a utility building other than the west one, the central utility building is behind campus center... and one of the side doors never closes fully... so if you go to the large parking lot behind campus center, there is a set of double doors which kinda just hang open.",2021-05,Campus Center,41.33232,-72.92371,building(s),Connecticut,South Central Connecticut Planning Region,United States,WM,Building,,,,,6,
comment,2021-05-04,3,But I heard you can sneak in through the steam tunnels near Bryan Complex.,2021-05,Bryan Complex,37.27306,-76.71278,,Virginia,City of Williamsburg,United States,WM,,,,,,1,
comment,2020-12-31,5,I'm falling apart here and need to get back to Williamsburg.,2020-12,Williamsburg,37.2707,-76.70746,seat of a second-order administrative division,Virginia,City of Williamsburg,United States,WM,City,,,,,104,
comment,2020-05-18,7,W&M was my first choice because I thought it was the best college in Virginia for my major and track.,2020-05,Virginia,37.54812,-77.44675,first-order administrative division,Virginia,,United States,WM,State,,,,,81,
post,2019-09-18,26,"William and Mary is home to, what, 6,000+ students?",2019-09,William and Mary Hall,37.27348,-76.71968,building(s),Virginia,City of Williamsburg,United States,WM,Building,,,,,20,
post,2019-04-16,27,Beto O'Rourke: Our two-day drive across Virginia continued with a town hall at William & Mary.,2019-04,Virginia,37.54812,-77.44675,first-order administrative division,Virginia,,United States,WM,State,,,,,81,
post,2019-04-16,27,Thanks to all the students and members of the Williamsburg community who contributed their ideas to this people-powered campaign.,2019-04,Williamsburg,37.2707,-76.70746,seat of a second-order administrative division,Virginia,City of Williamsburg,United States,WM,City,,,,,104,
comment,2018-11-20,2,"**Mike London**

Michael Wilson London Sr. (born October 9, 1960) is the current head football coach for the William & Mary Tribe football program at the College of William & Mary in Williamsburg, Virginia.",2018-11,Williamsburg,37.2707,-76.70746,seat of a second-order administrative division,Virginia,City of Williamsburg,United States,WM,City,,,,,104,
comment,2018-11-20,2,"**Mike London**

Michael Wilson London Sr. (born October 9, 1960) is the current head football coach for the William & Mary Tribe football program at the College of William & Mary in Williamsburg, Virginia.",2018-11,Virginia,37.54812,-77.44675,first-order administrative division,Virginia,,United States,WM,State,,,,,81,
comment,2018-11-20,2,"He is a former defensive back and  associate head coach and defensive line coach for the University of Maryland, College Park.",2018-11,College Park,38.98067,-76.93692,populated place,Maryland,Prince George's County,United States,WM,City,,,,,1,
comment,2018-08-06,2,Maybe we will no longer run the draw on 3rd & 9.,2018-08,3rd Arrondissement,6.39026,2.4417,third-order administrative division,Littoral,Cotonou,Benin,WM,City,,,,,1,
post,2026-04-02,25,"Random question, does Williamsburg have a public library, and follow up do they let students apply for a library card?",2026-04,Williamsburg,37.2707,-76.70746,seat of a second-order administrative division,Virginia,City of Williamsburg,United States,WM,City,,,,,104,
comment,2026-04-02,5,Psst color printing at the Williamsburg public library is cheaper than color printing on campus ;) for all your club flier needs,2026-04,City of Williamsburg,37.2707,-76.70746,second-order administrative division,Virginia,City of Williamsburg,United States,WM,State,,,,,7,
comment,2026-04-02,3,The Williamsburg Library on Scotland Street is also a great place to study.,2026-04,Scotland Street,51.99346,0.90832,populated place,England,Suffolk,United Kingdom,WM,City,,,,,2,
post,2026-03-13,27,Williamsburg Virginia What is it like to live in Williamsburg Virginia?,2026-03,Williamsburg,37.2707,-76.70746,seat of a second-order administrative division,Virginia,City of Williamsburg,United States,WM,City,,,,,104,
post,2026-03-13,27,Williamsburg Virginia What is it like to live in Williamsburg Virginia?,2026-03,Virginia,37.54812,-77.44675,first-order administrative division,Virginia,,United States,WM,State,,,,,81,
post,2026-03-13,27,Williamsburg Virginia What is it like to live in Williamsburg Virginia?,2026-03,Williamsburg,37.2707,-76.70746,seat of a second-order administrative division,Virginia,City of Williamsburg,United States,WM,City,,,,,104,
post,2026-03-13,27,Williamsburg Virginia What is it like to live in Williamsburg Virginia?,2026-03,Virginia,37.54812,-77.44675,first-order administrative division,Virginia,,United States,WM,State,,,,,81,
comment,2026-03-13,51,Colonial Williamsburg isn't for everyone.,2026-03,Williamsburg,37.2707,-76.70746,seat of a second-order administrative division,Virginia,City of Williamsburg,United States,WM,City,,,,,104,
comment,2026-03-13,51,Busch Gardens is right in town and one of the best theme parks in the country.,2026-03,Busch Gardens,34.12945,-118.16479,park,California,Los Angeles County,United States,WM,Neighborhood,,,,,4,
comment,2026-03-13,51,An hours drive from the Va beach oceanfront.,2026-03,Virginia,37.54812,-77.44675,first-order administrative division,Virginia,,United States,WM,State,,,,,81,
comment,2026-03-13,51,I went to W&M so lived in Williamsburg for 4 years.,2026-03,Williamsburg,37.2707,-76.70746,seat of a second-order administrative division,Virginia,City of Williamsburg,United States,WM,City,,,,,104,
comment,2026-03-13,51,"If you need something cheaper but want to stay in the area, head up rt.",2026-03,Rt,51.1596,-115.569,hotel,Alberta,Improvement District No. 9,Canada,WM,Building,,,,,1,
comment,2026-03-13,51,5 or rt 60 just 5 or 10 miles toward richmond to find more affordable housing.,2026-03,Richmond,39.82894,-84.89024,seat of a second-order administrative division,Indiana,Wayne County,United States,WM,City,,,,,1,
comment,2026-03-13,17,I love Busch Gardens and going to Colonial Williamsburg.,2026-03,Busch Gardens,37.23348,-76.64579,park,Virginia,James City County,United States,WM,Neighborhood,,,,,1,
comment,2026-03-13,17,I love Busch Gardens and going to Colonial Williamsburg.,2026-03,Colonial Williamsburg,37.2625,-76.69972,populated place,Virginia,City of Williamsburg,United States,WM,City,,,,,12,
comment,2026-03-13,17,"One caveat: I grew up in Virginia and went there as a child—I’m now a 53 yo mom of a senior who just applied to W and M. We still go visit there once or twice a year, so I’ve been recently, as my dad lives in Chesapeake.",2026-03,Virginia,37.54812,-77.44675,first-order administrative division,Virginia,,United States,WM,State,,,,,81,
comment,2026-03-13,17,"One caveat: I grew up in Virginia and went there as a child—I’m now a 53 yo mom of a senior who just applied to W and M. We still go visit there once or twice a year, so I’ve been recently, as my dad lives in Chesapeake.",2026-03,Chesapeake,36.81904,-76.27494,seat of a second-order administrative division,Virginia,City of Chesapeake,United States,WM,City,,,,,1,
comment,2026-03-13,17,"Still, the beach isn’t far and neither are larger cities like Chesapeake.",2026-03,City of Chesapeake,36.68765,-76.31216,second-order administrative division,Virginia,City of Chesapeake,United States,WM,State,,,,,1,
comment,2026-03-13,6,It is one of the most pristinely beautiful areas I have ever been to in the US.,2026-03,United States,39.76,-98.5,independent political entity,,,United States,WM,Country,,,,,29,
comment,2026-03-13,6,The campus is stunning (just made T&L most beautiful campuses in US).,2026-03,United States,39.76,-98.5,independent political entity,,,United States,WM,Country,,,,,29,
comment,2026-03-13,2,"Williamsburg itself the city is tiny, but James City County, which surrounds Williamsburg has a very diverse population.",2026-03,Williamsburg,37.27344,-76.74148,seat of a fourth-order administrative division,Virginia,James City County,United States,WM,City,,,,,5,
comment,2026-03-13,2,"Williamsburg itself the city is tiny, but James City County, which surrounds Williamsburg has a very diverse population.",2026-03,James City County,37.31332,-76.77376,second-order administrative division,Virginia,James City County,United States,WM,State,,,,,4,
comment,2026-03-13,2,"Williamsburg itself the city is tiny, but James City County, which surrounds Williamsburg has a very diverse population.",2026-03,Williamsburg,37.27344,-76.74148,seat of a fourth-order administrative division,Virginia,James City County,United States,WM,City,,,,,5,
comment,2026-03-13,2,And a lot of things to do whether that’s downtown in colonial Williamsburg or out by the James River.,2026-03,Williamsburg,37.27344,-76.74148,seat of a fourth-order administrative division,Virginia,James City County,United States,WM,City,,,,,5,
comment,2026-03-13,3,"Outside of W&M, Williamsburg is a pretty boring town to be in.",2026-03,Williamsburg,37.2707,-76.70746,seat of a second-order administrative division,Virginia,City of Williamsburg,United States,WM,City,,,,,104,
comment,2026-03-13,3,Weekends are fun in u have a car - head to Virginia Beach or OBX,2026-03,Virginia Beach,36.85293,-75.97799,seat of a second-order administrative division,Virginia,City of Virginia Beach,United States,WM,City,,,,,2,
comment,2026-03-13,1,"I stayed in Williamsburg two more years, not as a W&M student.",2026-03,Williamsburg,37.2707,-76.70746,seat of a second-order administrative division,Virginia,City of Williamsburg,United States,WM,City,,,,,104,
comment,2026-03-13,1,"Now, later in life, I might like Williamsburg very much.",2026-03,Williamsburg,37.2707,-76.70746,seat of a second-order administrative division,Virginia,City of Williamsburg,United States,WM,City,,,,,104,
comment,2026-03-13,1,"When we visit from DC with my kids, we are very bored.",2026-03,District of Columbia,38.91706,-77.00025,first-order administrative division,District of Columbia,,United States,WM,State,,,,,31,
comment,2026-03-13,1,Parts of NN are not the nicest/safest areas.,2026-03,Nandura,20.83889,76.46016,railroad station,Maharashtra,Buldhana,India,WM,Road,,,,,1,
post,2026-01-28,26,"There are a couple soundproof rooms in SWEM, they're labelled for media editing.",2026-01,Swem,46.65982,-123.4046,populated place,Washington,Pacific County,United States,WM,City,,,,,24,
post,2025-06-14,26,"According to Carl Sagan, there are 1000 Thomas Jeffersons out there in America.",2025-06,United States,39.76,-98.5,independent political entity,,,United States,WM,Country,,,,,29,
comment,2025-04-03,5,the only i think i dislike is the food and the city of williamsburg is a little ghetto.,2025-04,Williamsburg,41.56111,-88.24194,populated place,Illinois,Will County,United States,WM,City,,,,,2,
comment,2025-04-04,3,"I lived in Monroe before it was renovated and I’m super jealous, that place is so nice compared to when I lived there.",2025-04,Monroe County,35.44265,-84.25279,second-order administrative division,Tennessee,Monroe County,United States,WM,State,,,,,3,
comment,2025-04-08,2,"Monroe is a great dorm and profs really do support research, I’m in two labs right now!",2025-04,Monroe County,25.55731,-80.91705,second-order administrative division,Florida,Monroe County,United States,WM,State,,,,,1,
comment,2025-09-14,1,They let the Marketplace decline into utter irrelevance...I think the pandemic was the final nail in it.,2025-09,Marketplace,18.02198,-76.79692,mall,Saint Andrew Parish,Eastwood Park Gardens,Jamaica,WM,Building,,,,,3,
comment,2025-02-27,7,"https://preview.redd.it/qznk14kw5qle1.jpeg?width=2532&format=pjpg&auto=webp&s=d3f483fd668ad48f719964cbd773227dd77f89ec

Just checked out of curiosity and this is the plan for Campus Center.",2025-02,Campus Center,41.33232,-72.92371,building(s),Connecticut,South Central Connecticut Planning Region,United States,WM,Building,,,,,6,
post,2023-04-13,25,"xx

 

**William and Mary Official Student Bucket-list:**

Triathlon:

&#x200B;

* Triathlon in one night
* Hop Governor’s Palace
* Skinny Dip in Crim Del
* Streak Sunken Gardens

&#x200B;

* Swim in Matoka
* Sneak into underground physics lounge
* Get Margs at José Tequlia’s
* Have a class in the Wren
* Hang out with sheep in CW
* Yule Log
* Farmer’s Market
* Hop over the fence into college
* Paint a cooler for a Frat Formal
* Touch the Griffin’s Balls before an exam
* Ghost Tour
* Find your go-to Wawa order",2023-04,Il-Palazz tal-Gvernatur,35.89861,14.51417,palace,Valletta,,Malta,WM,Building,,,,,1,
post,2023-04-13,25,"xx

 

**William and Mary Official Student Bucket-list:**

Triathlon:

&#x200B;

* Triathlon in one night
* Hop Governor’s Palace
* Skinny Dip in Crim Del
* Streak Sunken Gardens

&#x200B;

* Swim in Matoka
* Sneak into underground physics lounge
* Get Margs at José Tequlia’s
* Have a class in the Wren
* Hang out with sheep in CW
* Yule Log
* Farmer’s Market
* Hop over the fence into college
* Paint a cooler for a Frat Formal
* Touch the Griffin’s Balls before an exam
* Ghost Tour
* Find your go-to Wawa order",2023-04,Sunken Gardens,41.87031,-87.70894,park,Illinois,Cook County,United States,WM,Neighborhood,,,,,1,
post,2023-04-13,25,"xx

 

**William and Mary Official Student Bucket-list:**

Triathlon:

&#x200B;

* Triathlon in one night
* Hop Governor’s Palace
* Skinny Dip in Crim Del
* Streak Sunken Gardens

&#x200B;

* Swim in Matoka
* Sneak into underground physics lounge
* Get Margs at José Tequlia’s
* Have a class in the Wren
* Hang out with sheep in CW
* Yule Log
* Farmer’s Market
* Hop over the fence into college
* Paint a cooler for a Frat Formal
* Touch the Griffin’s Balls before an exam
* Ghost Tour
* Find your go-to Wawa order",2023-04,Matoka,-10.93333,25.46667,populated place,Lualaba,Mutshatsha,Democratic Republic of the Congo,WM,City,,,,,4,
post,2023-04-13,25,"xx

 

**William and Mary Official Student Bucket-list:**

Triathlon:

&#x200B;

* Triathlon in one night
* Hop Governor’s Palace
* Skinny Dip in Crim Del
* Streak Sunken Gardens

&#x200B;

* Swim in Matoka
* Sneak into underground physics lounge
* Get Margs at José Tequlia’s
* Have a class in the Wren
* Hang out with sheep in CW
* Yule Log
* Farmer’s Market
* Hop over the fence into college
* Paint a cooler for a Frat Formal
* Touch the Griffin’s Balls before an exam
* Ghost Tour
* Find your go-to Wawa order",2023-04,Wren,40.80088,-84.77524,populated place,Ohio,Van Wert County,United States,WM,City,,,,,5,
comment,2023-04-13,16,I really would not recommend swimming in lake matoaka,2023-04,Matoaka Lake,37.26591,-76.72554,reservoir(s),Virginia,City of Williamsburg,United States,WM,,,,,,11,
comment,2023-04-13,6,Lol has anyone actually ever gotten into the subbasement of Small?,2023-04,Small,39.81678,-74.76044,,New Jersey,Burlington County,United States,WM,,,,,,1,
comment,2023-04-14,2,Go to matoaka at night with close friends and watch the stars.,2023-04,Matoaka,27.4031,-82.5301,populated place,Florida,Manatee County,United States,WM,City,,,,,5,
comment,2023-04-14,1,Find a reason to use a recording booth in Swem,2023-04,Swem,46.65982,-123.4046,populated place,Washington,Pacific County,United States,WM,City,,,,,24,
post,2021-11-18,26,"if you dropped an empty, first-gen AirPods case in a dark green protective silicone case around Sadler/ISC (right by the entrance to the wildflower refuge), I just dropped it off at the Sadler front desk!",2021-11,Sadler,33.68261,-96.84833,populated place,Texas,Grayson County,United States,WM,City,,,,,5,
post,2021-11-18,26,"if you dropped an empty, first-gen AirPods case in a dark green protective silicone case around Sadler/ISC (right by the entrance to the wildflower refuge), I just dropped it off at the Sadler front desk!",2021-11,Sadler,33.68261,-96.84833,populated place,Texas,Grayson County,United States,WM,City,,,,,5,
comment,2021-04-02,31,"""*Rep. Gaetz is the antithesis of a citizen lawyer and he cannot be trusted with the laws of our nation;* 

*...Ultimately, his racist behavior, combined with his disregard of the truth for his own political gain, do not represent the ideals of William & Mary Law;* 

*...Rep. Gaetz has violated this sacred oath by encouraging the insurrection at the Capitol and the rejection of the 2020 election results.",2021-04,United States Capitol,38.88983,-77.00887,administrative facility,District of Columbia,,United States,WM,Building,,,,,1,
comment,2021-01-06,5,Waiting to get more info regarding the cases in Williamsburg/James City County.,2021-01,Williamsburg - James City County Sheriff's Office,37.27558,-76.74138,building(s),Virginia,City of Williamsburg,United States,WM,Building,,,,,1,
comment,2020-12-10,3,"I still wear them all the time because they're comfy, including the UVA one :)",2020-12,Uva,56.99081,52.18517,seat of a second-order administrative division,Udmurtiya Republic,,Russia,WM,City,,,,,1,
comment,2020-03-28,2,So she is going into a full-time Software Dev position at Google in NYC because she wrote a nice tree four years ago!,2020-03,New York City,40.71427,-74.00597,populated place,New York,,United States,WM,City,,,,,6,
comment,2017-04-07,3,Part of the reason that I enjoyed William & Mary so much was that it was an inclusive campus that welcomed people with a diverse range of beliefs.,2017-04,William and Mary Hall,37.27348,-76.71968,building(s),Virginia,City of Williamsburg,United States,WM,Building,,,,,20,
comment,2017-04-07,2,"W&M became public for funding in the early 20th century, but now only about 10% of our operational budget is from Richmond.",2017-04,Richmond,37.55376,-77.46026,seat of a first-order administrative division,Virginia,City of Richmond,United States,WM,City,,,,,20,
comment,2017-04-07,4,"While the shackles from Richmond have loosened in the past 15 years or so, from my time there to today, the fact is fiscal satbility is going to be hard to achieve when we need state approval for tuition increases along with a mandated in state makeup.",2017-04,Richmond,37.55376,-77.46026,seat of a first-order administrative division,Virginia,City of Richmond,United States,WM,City,,,,,20,
comment,2017-04-08,3,"We were already required under the old GER rules to take some type of cross-cultural course, be it a politics of Africa course or a study of colonialism course.",2017-04,Africa,7.1881,21.09375,continent,,,,WM,Country,,,,,2,
comment,2017-04-08,3,I don't see how an examination of marginalized cultures in America is much different.,2017-04,United States,39.76,-98.5,independent political entity,,,United States,WM,Country,,,,,29,
post,2015-04-19,25,"W&M to retire Marcus Thornton's #3 [From our friends over at TribeTalk:](http://csnbbs.com/thread-735043.html)

""The climax to last evening's upbeat annual Basketball Dinner was the announcement to a packed house at Two Rivers of some 300 Tribe supporters by Terry Driscoll that Marcus Thornton's #3 will be retired sometime next season""

Congrats Marcus!",2015-04,Middle Branch Two Rivers,48.77276,-96.93034,stream,Minnesota,Kittson County,United States,WM,Natural Feature,,,,,1,
post,2026-01-11,24,"Williamsburg, Va Protest @ 2 today!",2026-01,Williamsburg,37.2707,-76.70746,seat of a second-order administrative division,Virginia,City of Williamsburg,United States,WM,City,,,,,104,
post,2026-01-11,24,"Williamsburg, Va Protest @ 2 today!",2026-01,Virginia,37.54812,-77.44675,first-order administrative division,Virginia,,United States,WM,State,,,,,81,
comment,2025-12-16,4,You won’t get nearly as much snow in tidewater Virginia and it’s not likely to be as cold as upstate NY.,2025-12,Virginia,37.54812,-77.44675,first-order administrative division,Virginia,,United States,WM,State,,,,,81,
comment,2025-12-16,4,You won’t get nearly as much snow in tidewater Virginia and it’s not likely to be as cold as upstate NY.,2025-12,New York,43.00035,-75.4999,first-order administrative division,New York,,United States,WM,State,,,,,4,
comment,2025-12-16,4,W&M is a Virginia state school.,2025-12,Virginia,37.54812,-77.44675,first-order administrative division,Virginia,,United States,WM,State,,,,,81,
comment,2025-12-16,4,"Majority are from Virginia and a large fraction of those are from NOVA, but there are people from all over.",2025-12,Virginia,37.54812,-77.44675,first-order administrative division,Virginia,,United States,WM,State,,,,,81,
comment,2025-12-16,4,"Majority are from Virginia and a large fraction of those are from NOVA, but there are people from all over.",2025-12,Nova,39.73176,-77.81944,populated place,Pennsylvania,Franklin County,United States,WM,City,,,,,15,
comment,2026-01-01,2,"The new dorms are absolutely gorgeous, the town of Williamsburg incredibly beautiful, and the area near the dorms a vibrant charming large town.",2026-01,Williamsburg,37.2707,-76.70746,seat of a second-order administrative division,Virginia,City of Williamsburg,United States,WM,City,,,,,104,
comment,2026-01-01,2,The Amtrak train goes right from campus straight up to NYC.,2026-01,New York City,40.71427,-74.00597,populated place,New York,,United States,WM,City,,,,,6,
post,2025-04-28,25,He's going to a DC school instead and is trying to convince me to apply up-state.,2025-04,District of Columbia,38.91706,-77.00025,first-order administrative division,District of Columbia,,United States,WM,State,,,,,31,
comment,2025-04-28,8,"Although as an alum with a son who is too, and as someone who has visited Colonial Williamsburg and the campus most of my life even before attending, I admit I do love both the campus and the city.",2025-04,Colonial Williamsburg,37.2625,-76.69972,populated place,Virginia,City of Williamsburg,United States,WM,City,,,,,12,
comment,2025-04-28,14,"If I were you, I would choose W&M over any DC school except maybe Georgetown.",2025-04,District of Columbia,38.91706,-77.00025,first-order administrative division,District of Columbia,,United States,WM,State,,,,,31,
comment,2025-04-28,14,"That said, almost everyone I knew got pretty bored of Williamsburg by their fourth year.",2025-04,City of Williamsburg,37.2707,-76.70746,second-order administrative division,Virginia,City of Williamsburg,United States,WM,State,,,,,7,
comment,2025-04-28,6,Just want to point out that the Amtrak goes straight from Williamsburg to DC.,2025-04,Williamsburg,37.2707,-76.70746,seat of a second-order administrative division,Virginia,City of Williamsburg,United States,WM,City,,,,,104,
comment,2025-04-28,6,Just want to point out that the Amtrak goes straight from Williamsburg to DC.,2025-04,District of Columbia,38.91706,-77.00025,first-order administrative division,District of Columbia,,United States,WM,State,,,,,31,
comment,2025-04-28,2,"Having graduated from W&M many years ago, I can say that the town and campus weren’t dead by any means, though there was a different vibe from Northern Virginia where I grew up.",2025-04,Northern Virginia,38.73074,-77.71193,region,Virginia,,United States,WM,Region,,,,,4,
comment,2025-04-28,2,"(If you go to W&M, you’ll find a lot of people from Northern Virginia there.",2025-04,Northern Virginia,38.73074,-77.71193,region,Virginia,,United States,WM,Region,,,,,4,
comment,2025-04-28,2,"In terms of brand strength, in my probably uninformed and likely outdated opinion, W&M is in the same weight class as more-expensive Georgetown of the DC schools.",2025-04,District of Columbia,38.91706,-77.00025,first-order administrative division,District of Columbia,,United States,WM,State,,,,,31,
comment,2025-04-28,6,I do wish there were more to do –– Williamsburg kind of gives retirement community and there isn't much to do especially without a car.,2025-04,Williamsburg,37.2707,-76.70746,seat of a second-order administrative division,Virginia,City of Williamsburg,United States,WM,City,,,,,104,
comment,2025-04-29,1,I live in NOVA and will be attending W&M in the Fall.,2025-04,Nova,64.48632,11.0805,valley,Trøndelag,Namsos,Norway,WM,Natural Feature,,,,,3,
comment,2025-04-28,1,"I never went to William and Mary, but here is my perspective as a relatively young person who has lived in Williamsburg for most of their life:

Williamsburg and particularly CW are awesome.",2025-04,William and Mary Hall,37.27348,-76.71968,building(s),Virginia,City of Williamsburg,United States,WM,Building,,,,,20,
comment,2025-04-28,1,"I never went to William and Mary, but here is my perspective as a relatively young person who has lived in Williamsburg for most of their life:

Williamsburg and particularly CW are awesome.",2025-04,Williamsburg,37.2707,-76.70746,seat of a second-order administrative division,Virginia,City of Williamsburg,United States,WM,City,,,,,104,
comment,2025-04-28,1,"I never went to William and Mary, but here is my perspective as a relatively young person who has lived in Williamsburg for most of their life:

Williamsburg and particularly CW are awesome.",2025-04,Williamsburg,37.2707,-76.70746,seat of a second-order administrative division,Virginia,City of Williamsburg,United States,WM,City,,,,,104,
comment,2025-04-28,1,"It’s a beautiful area, and despite having a very large older population, compared to other towns of a similar size Williamsburg has a lot of fun things to do.",2025-04,Williamsburg,37.2707,-76.70746,seat of a second-order administrative division,Virginia,City of Williamsburg,United States,WM,City,,,,,104,
comment,2025-05-01,2,"Also, DC to Williamsburg is pretty much the ideal “long” distance.",2025-05,District of Columbia,38.91706,-77.00025,first-order administrative division,District of Columbia,,United States,WM,State,,,,,31,
comment,2025-05-01,2,"Also, DC to Williamsburg is pretty much the ideal “long” distance.",2025-05,Williamsburg,37.2707,-76.70746,seat of a second-order administrative division,Virginia,City of Williamsburg,United States,WM,City,,,,,104,
post,2024-01-08,24,About the Campus Center building I was doing a bit of exploring one day and found myself checking out the upper and lower floors of the student center building.,2024-01,Campus Center,41.33232,-72.92371,building(s),Connecticut,South Central Connecticut Planning Region,United States,WM,Building,,,,,6,
comment,2024-01-08,3,Campus Center was creepy when I was there about a decade ago.,2024-01,Campus Center,41.33232,-72.92371,building(s),Connecticut,South Central Connecticut Planning Region,United States,WM,Building,,,,,6,
comment,2024-01-20,2,They used to have a mini dining hall called Marketplace.,2024-01,Marketplace,18.02198,-76.79692,mall,Saint Andrew Parish,Eastwood Park Gardens,Jamaica,WM,Building,,,,,3,
comment,2024-01-09,1,I forget what it’s called but it’s right next to phi beta kappa hall.,2024-01,Phi Beta Kappa Memorial Hall,37.26833,-76.71528,building(s),Virginia,City of Williamsburg,United States,WM,Building,,,,,1,
comment,2022-02-21,2,Didn't the University of Virginia have to house students at a Holiday Inn a few years ago?,2022-02,Holiday Inn Express & Suites A,35.19159,-101.9294,hotel,Texas,Potter County,United States,WM,Building,,,,,1,
comment,2022-02-22,2,"Graduated in 19, but didn’t they JUST finish OTP and open it or is it like a bridge where ya gotta do it in parts?",2022-02,Henri Coandă International Airport,44.57216,26.10218,airport,Ilfov,Oraş Otopeni,Romania,WM,Building,,,,,3,
comment,2022-02-22,2,"Not that I’ve ever been in there, Richmond Hall then Old Dominion for me (something something transfer student chant when I’m already cynical of school spirit)",2022-02,Richmond Hall,39.39344,-76.6058,building(s),Maryland,Baltimore County,United States,WM,Building,,,,,7,
comment,2022-02-22,2,"Not that I’ve ever been in there, Richmond Hall then Old Dominion for me (something something transfer student chant when I’m already cynical of school spirit)",2022-02,Virginia,37.54812,-77.44675,first-order administrative division,Virginia,,United States,WM,State,,,,,81,
post,2021-11-15,25,no soup at sadler why is no one talking about this?,2021-11,Sadler,48.15012,-83.18308,area,Ontario,,Canada,WM,Building,,,,,7,
post,2021-09-08,26,"However, yesterday when I arrived (at around 10:30) there were literally no spaces available at either the Deck or Yates Lot.",2021-09,Deck,18.6,-74.28333,populated place,Grand'Anse,Jeremi,Haiti,WM,City,,,,,1,
post,2021-09-08,26,and I parked in CW instead.,2021-09,CW Bonham,28.48554,-99.82255,,Texas,Dimmit County,United States,WM,,,,,,6,
comment,2021-09-08,17,i park at kaplan every day,2021-09,Kaplan,47.6334,-82.79979,area,Ontario,,Canada,WM,Building,,,,,2,
comment,2021-09-09,1,"If you live in the vicinity of Williamsburg, the bus might be the answer, albeit a sucky one",2021-09,Williamsburg,37.2707,-76.70746,seat of a second-order administrative division,Virginia,City of Williamsburg,United States,WM,City,,,,,104,
comment,2021-08-27,1,"yeah, last year i avoided swem as much as possible because i never got anything done in there, but i am definitely guilty of the occasional fake-studying which does suck and i'd rather not do that anymore",2021-08,Swem,46.65982,-123.4046,populated place,Washington,Pacific County,United States,WM,City,,,,,24,
comment,2021-03-18,12,I love watching the sunrise at college creek but it’s an Uber ride away.,2021-03,College Creek,39.55977,-84.81496,stream,Ohio,Butler County,United States,WM,Natural Feature,,,,,2,
comment,2021-03-18,10,"For sunset, I like matoaka or actually just Barksdale field.",2021-03,Barksdale Field (historical),34.50429,-81.97343,abandoned airfield,South Carolina,Laurens County,United States,WM,Building,,,,,1,
comment,2021-03-18,5,Lake matoaka maybe?,2021-03,Matoaka Lake,37.26591,-76.72554,reservoir(s),Virginia,City of Williamsburg,United States,WM,,,,,,11,
comment,2021-03-18,3,Sunken garden watching it rise over Wren is nice.,2021-03,Wren,40.80088,-84.77524,populated place,Ohio,Van Wert County,United States,WM,City,,,,,5,
comment,2021-03-18,2,I enjoy the bleachers on the bigger side of Zable stadium but it definitely requires hopping a fence and isn’t exactly in the rules... but the time I did it for the sunrise there was no one else awake.,2021-03,Zable Stadium,37.27306,-76.71333,stadium,Virginia,City of Williamsburg,United States,WM,Building,,,,,2,
comment,2021-03-14,5,I got offered a consulting position up in DC with great pay and benefits.,2021-03,District of Columbia,38.91706,-77.00025,first-order administrative division,District of Columbia,,United States,WM,State,,,,,31,
comment,2020-11-28,27,"Ultimately, I found that WM was the perfect environment for me- it was a great size (small enough to see familiar faces throughout campus, but large enough where you could always meet new people), didn't feel overly ""preppy,"" has a beautiful campus, and gave you the chance to feel kinda popular.",2020-11,Wam,24.01283,56.602,populated place,Al Batinah North,,Oman,WM,City,,,,,2,
comment,2020-11-28,12,"I didn’t get into UVA and it was they or WM for me, so I picked Wm.",2020-11,Wam,24.01283,56.602,populated place,Al Batinah North,,Oman,WM,City,,,,,2,
comment,2020-11-28,12,"Also someone else pointed out that UVA is more known outside of VA and more immediate area, of you are looking out of state for a job.",2020-11,Uvalde,29.20968,-99.78617,seat of a second-order administrative division,Texas,Uvalde County,United States,WM,City,,,,,1,
comment,2020-11-28,12,"Also someone else pointed out that UVA is more known outside of VA and more immediate area, of you are looking out of state for a job.",2020-11,Virginia,37.54812,-77.44675,first-order administrative division,Virginia,,United States,WM,State,,,,,81,
comment,2020-12-01,4,Oh I definitely don't regret coming to William and Mary.,2020-12,William and Mary Hall,37.27348,-76.71968,building(s),Virginia,City of Williamsburg,United States,WM,Building,,,,,20,
comment,2020-11-29,3,"Additionally, like some other people have said, the alumni network is good in VA and DC but if you want to go elsewhere it's not so helpful.",2020-11,District of Columbia,38.91706,-77.00025,first-order administrative division,District of Columbia,,United States,WM,State,,,,,31,
comment,2020-11-28,20,At W&M it felt like my classmates were mostly rich NoVA kids and I was from a small rural town.,2020-11,Nova,39.73176,-77.81944,populated place,Pennsylvania,Franklin County,United States,WM,City,,,,,15,
comment,2020-11-28,20,"Also Charlottesville is a really cool city with a lot of cool activities, history, and restaurants.",2020-11,Charlottesville,38.02931,-78.47668,seat of a second-order administrative division,Virginia,City of Charlottesville,United States,WM,City,,,,,7,
comment,2020-11-28,20,Williamsburg is foremost a historic tourist town and a college town second.,2020-11,Williamsburg,42.39314,-72.73009,populated place,Massachusetts,Hampshire County,United States,WM,City,,,,,11,
comment,2020-11-28,20,"Also it's worth saying that I live in the midwest now and no one has heard of W&M, but many know about UVA.",2020-11,Midwest,42.65982,-93.93863,region,,,United States,WM,Region,,,,,1,
comment,2020-11-29,4,> At W&M it felt like my classmates were mostly rich NoVA kids and I was from a small rural town.,2020-11,Nova,39.73176,-77.81944,populated place,Pennsylvania,Franklin County,United States,WM,City,,,,,15,
comment,2020-11-29,4,"As opposed to at UVA, where your classmates would have been the same or greater proportion of rich NoVA kids, plus even richer northeasterners who really wanted to go to an Ivy but didn't get in so are ""slumming"" it at an out-of-state state school.",2020-11,Nova,39.73176,-77.81944,populated place,Pennsylvania,Franklin County,United States,WM,City,,,,,15,
comment,2020-07-07,6,"Looking at Virginia, the state isn't  doing too bad with the pandemic, the number of total new cases is going down and the number of pandemic-related deaths is also going down.",2020-07,Virginia,37.54812,-77.44675,first-order administrative division,Virginia,,United States,WM,State,,,,,81,
comment,2020-07-07,11,"Georgetown is also in a major city though, while Williamsburg is basically in the boonies",2020-07,Georgetown,38.90483,-77.06248,section of populated place,District of Columbia,,United States,WM,Neighborhood,,,,,1,
comment,2020-07-07,11,"Georgetown is also in a major city though, while Williamsburg is basically in the boonies",2020-07,Williamsburg,37.97012,-80.4923,populated place,West Virginia,Greenbrier County,United States,WM,City,,,,,1,
post,2020-02-24,25,"On paper, William and Mary looks perfect for me -- natural environment, right population, a good reputation -- however I am nervous about everything I am hearing about grade deflation and workload.",2020-02,William and Mary Hall,37.27348,-76.71968,building(s),Virginia,City of Williamsburg,United States,WM,Building,,,,,20,
post,2020-02-24,25,But if this is just all talk and William and Mary really is a place where people can come and learn together than please correct me!,2020-02,William and Mary Hall,37.27348,-76.71968,building(s),Virginia,City of Williamsburg,United States,WM,Building,,,,,20,
comment,2020-02-24,1,You from TJ in Alexandria by chance?,2020-02,Alexandria,38.80484,-77.04692,seat of a second-order administrative division,Virginia,City of Alexandria,United States,WM,City,,,,,1,
comment,2020-03-09,2,"Moved up to DC after I graduated, but I wanted to do International Development, most of the work I found requires a masters.",2020-03,District of Columbia,38.91706,-77.00025,first-order administrative division,District of Columbia,,United States,WM,State,,,,,31,
comment,2020-02-25,1,Taliaferro felt like an all TJ dorm back in the 90's.,2020-02,Taliaferro County,33.56609,-82.87876,second-order administrative division,Georgia,Taliaferro County,United States,WM,State,,,,,4,
comment,2020-02-25,1,I think about 8 or so of them were in Monroe,2020-02,Monroe County,35.44265,-84.25279,second-order administrative division,Tennessee,Monroe County,United States,WM,State,,,,,3,
comment,2017-01-11,3,"As a W&M alum from Buffalo who supports both the Bills and Panthers, I'm feeling mixed emotions.",2017-01,Buffalo,45.17191,-93.87469,seat of a second-order administrative division,Minnesota,Wright County,United States,WM,City,,,,,1,
comment,2017-01-31,1,Ohio State?,2017-01,Ohio,40.25034,-83.00018,first-order administrative division,Ohio,,United States,WM,State,,,,,2,
comment,2017-01-31,1,Notre Dame?,2017-01,Notre-Dame,46.27979,-74.81236,,Quebec,,Canada,WM,,,,,,1,
comment,2014-05-07,3,"The letter that they sent out makes it seem like we want more of our US currency tied up in ""dollars"" that we can only spend on over-priced commodities at certain locations on campus.",2014-05,United States,39.76,-98.5,independent political entity,,,United States,WM,Country,,,,,29,
comment,2025-01-06,-1,I’m from NoVA and even though there are plenty of folks from NoVA they act differently down there.,2025-01,Nova,64.48632,11.0805,valley,Trøndelag,Namsos,Norway,WM,Natural Feature,,,,,3,
comment,2025-01-06,-1,I’m from NoVA and even though there are plenty of folks from NoVA they act differently down there.,2025-01,Nova,64.48632,11.0805,valley,Trøndelag,Namsos,Norway,WM,Natural Feature,,,,,3,
comment,2024-07-10,9,Another plus for W&M is being in Williamsburg for the 2026 and Americas semiquincentenial!,2024-07,Williamsburg,37.2707,-76.70746,seat of a second-order administrative division,Virginia,City of Williamsburg,United States,WM,City,,,,,104,
comment,2024-07-10,9,Another plus for W&M is being in Williamsburg for the 2026 and Americas semiquincentenial!,2024-07,America,26.0173,-104.41406,region,,,,WM,Region,,,,,1,
post,2023-03-07,24,So my girlfriend and I are going to be visiting Virginia in April and I'm planning on proposing.,2023-03,Virginia,37.54812,-77.44675,first-order administrative division,Virginia,,United States,WM,State,,,,,81,
post,2022-08-26,25,What is Colonial Williamsburg like?,2022-08,Colonial Williamsburg,37.2625,-76.69972,populated place,Virginia,City of Williamsburg,United States,WM,City,,,,,12,
comment,2022-05-05,25,I personally like the vibe of W&M more than UVA even tho Charlottesville is an objectively awesome college town.,2022-05,Charlottesville,38.02931,-78.47668,seat of a second-order administrative division,Virginia,City of Charlottesville,United States,WM,City,,,,,7,
comment,2022-05-17,2,The social scene in Williamsburg is miserable and so is the environment.,2022-05,Williamsburg,37.2707,-76.70746,seat of a second-order administrative division,Virginia,City of Williamsburg,United States,WM,City,,,,,104,
comment,2022-05-17,2,Not sure why everyone acts like W&M is the hardest school in VA.,2022-05,Virginia,37.54812,-77.44675,first-order administrative division,Virginia,,United States,WM,State,,,,,81,
comment,2021-10-09,-8,"It’s not students they’re afraid of, it’s people who go home and come back, or the dumbass Hampton roads locals",2021-10,Hampton,41.78399,-72.0548,populated place,Connecticut,Northeastern Connecticut Planning Region,United States,WM,City,,,,,1,
comment,2021-09-08,9,Only around 2k 19-30 year olds have died out of over 600k in the US) as opposed to having my entire education be subpar because its online.,2021-09,United States,39.76,-98.5,independent political entity,,,United States,WM,Country,,,,,29,
comment,2021-01-26,8,"Given other ""incidents"" at Dinwiddie, Botetourt Complex and Jefferson, I don't want to know.",2021-01,Dinwiddie,37.07793,-77.58665,seat of a second-order administrative division,Virginia,Dinwiddie County,United States,WM,City,,,,,1,
comment,2021-01-26,8,"Given other ""incidents"" at Dinwiddie, Botetourt Complex and Jefferson, I don't want to know.",2021-01,Botetourt Residence Complex,37.27028,-76.72111,,Virginia,City of Williamsburg,United States,WM,,,,,,1,
comment,2021-01-26,8,"Given other ""incidents"" at Dinwiddie, Botetourt Complex and Jefferson, I don't want to know.",2021-01,Jefferson Hills,40.29118,-79.93199,populated place,Pennsylvania,Allegheny County,United States,WM,City,,,,,1,
comment,2026-02-01,3,"I’m taking over lion in GGV, that or small hall",2026-02,Ghovarash Ghona,22.65168,88.78289,railroad station,West Bengal,North 24 Parganas,India,WM,Road,,,,,6,
comment,2026-02-01,6,"Campus Center for sure -- place is a maze with balconies, connected to Unity, and on the border of CW.",2026-02,Campus Center,41.33232,-72.92371,building(s),Connecticut,South Central Connecticut Planning Region,United States,WM,Building,,,,,6,
comment,2022-04-05,2,"they host nice events (iftars for ramadan currently, Holi a couple weeks ago)
3.",2022-04,Ramadan,40.51667,71.91667,populated place,,,Uzbekistan,WM,City,,,,,1,
comment,2022-04-05,2,A lot of my classmates were super stressed and spent tons of time in swem.,2022-04,Swem,46.65982,-123.4046,populated place,Washington,Pacific County,United States,WM,City,,,,,24,
comment,2022-04-05,2,"But when I would see them in swem, they took three coffee breaks an hour and talked with friends a lot.",2022-04,Swem,46.65982,-123.4046,populated place,Washington,Pacific County,United States,WM,City,,,,,24,
comment,2022-04-05,2,"I know everyone loves to say that the William and Mary name will mean something, but in my experience (50 MD applications), most schools had never really heard of it.",2022-04,William and Mary Hall,37.27348,-76.71968,building(s),Virginia,City of Williamsburg,United States,WM,Building,,,,,20,
comment,2021-09-12,2,There are some cool newspapers in the archives that report on the Colonial Parkway murders from the 80s.,2021-09,Colonial National Historical Parkway,37.27042,-76.58051,park,Virginia,King and Queen County,United States,WM,Neighborhood,,,,,1,
comment,2021-08-21,36,You’ll be walking around a lot and Williamsburg is hot.,2021-08,Williamsburg,37.2707,-76.70746,seat of a second-order administrative division,Virginia,City of Williamsburg,United States,WM,City,,,,,104,
comment,2021-01-24,28,"I lived in Botetourt, and honestly, once you decorate your dorm and get a few fans, it’s not that bad.",2021-01,Botetourt County,37.55712,-79.81233,second-order administrative division,Virginia,Botetourt County,United States,WM,State,,,,,12,
comment,2021-01-24,28,"Botetourt is right next to Lake Matoaka, which is awesome if you like running or nature walks.",2021-01,Botetourt County,37.55712,-79.81233,second-order administrative division,Virginia,Botetourt County,United States,WM,State,,,,,12,
comment,2021-01-24,28,"Botetourt is right next to Lake Matoaka, which is awesome if you like running or nature walks.",2021-01,Matoaka Lake,37.26591,-76.72554,reservoir(s),Virginia,City of Williamsburg,United States,WM,,,,,,11,
comment,2021-01-24,16,"I'm in Botetourt now, and I actually really like it.",2021-01,Botetourt County,37.55712,-79.81233,second-order administrative division,Virginia,Botetourt County,United States,WM,State,,,,,12,
comment,2021-01-24,6," i lived in botetourt freshman year (in dinwiddie, the smallest and furthest away from the street) and i can say that the complex is not nearly as bad as you're putting it.",2021-01,Botetourt County,37.55712,-79.81233,second-order administrative division,Virginia,Botetourt County,United States,WM,State,,,,,12,
comment,2021-01-24,6," i lived in botetourt freshman year (in dinwiddie, the smallest and furthest away from the street) and i can say that the complex is not nearly as bad as you're putting it.",2021-01,Dinwiddie,41.28948,-87.30114,populated place,Indiana,Lake County,United States,WM,City,,,,,1,
comment,2021-01-25,3,Had a great time at Monroe.,2021-01,Monroe County,35.44265,-84.25279,second-order administrative division,Tennessee,Monroe County,United States,WM,State,,,,,3,
comment,2021-01-25,3,"Locationwise, I can't think of any other freshman dorm to top it.. the only downside is no AC  (unlike Dupont)",2021-01,Dupont,45.0958,-93.59885,populated place,Minnesota,Hennepin County,United States,WM,City,,,,,2,
comment,2021-01-24,5,"I can only speak for Taliaferro, but the rooms are pretty small, bathrooms are kinda gross, the lounge is swelteringly hot in the summer, and a sewage pipe over the lounge ceiling once broke and leaked piss all over the room.",2021-01,Taliaferro County,33.56609,-82.87876,second-order administrative division,Georgia,Taliaferro County,United States,WM,State,,,,,4,
comment,2021-01-24,5,"That being said we  have AC (which makes up for the lounge being super hot), the location near Old Campus and literally next door to a dining hall is awesome, and our RA is super cool (most are).",2021-01,Delaware County Historical Museum,42.3375,-91.24181,,Iowa,Delaware County,United States,WM,,,,,,1,
comment,2021-01-25,3,I’m in Botetourt right now and I wouldn’t call it dark or depressing.,2021-01,Botetourt County,37.55712,-79.81233,second-order administrative division,Virginia,Botetourt County,United States,WM,State,,,,,12,
comment,2021-01-25,2,I lived in Brown and LOVED IT.,2021-01,Brown County,44.24217,-94.72748,second-order administrative division,Minnesota,Brown County,United States,WM,State,,,,,1,
comment,2021-01-24,2,"Botetourt is honestly pretty nice once you live there - the dorms are dated and humid, ngl; they're fairly nice though, and the trees around them make it more natural and nice than dark and depressing.",2021-01,Botetourt County,37.55712,-79.81233,second-order administrative division,Virginia,Botetourt County,United States,WM,State,,,,,12,
post,2020-10-28,22,"In the beginning of the semester, I would go to Swem to study and there would always be someone checking for our Tribe Card.",2020-10,Swem,46.65982,-123.4046,populated place,Washington,Pacific County,United States,WM,City,,,,,24,
post,2020-10-28,22,"However, when I go to Swem nowadays, there is rarely someone checking ID's.",2020-10,Swem,46.65982,-123.4046,populated place,Washington,Pacific County,United States,WM,City,,,,,24,
comment,2020-09-19,10,"I’m an alum but I loved campus-the Tyler garden, the Tyler mural, the trails, the Matoaca Dock, sitting on the terrace on sunny days.",2020-09,Tyler,29.65107,-82.76401,populated place,Florida,Gilchrist County,United States,WM,City,,,,,2,
comment,2020-09-19,10,"I’m an alum but I loved campus-the Tyler garden, the Tyler mural, the trails, the Matoaca Dock, sitting on the terrace on sunny days.",2020-09,Tyler,29.65107,-82.76401,populated place,Florida,Gilchrist County,United States,WM,City,,,,,2,
comment,2020-09-09,20,Matoaka amphitheatre is pretty nice at night,2020-09,Matoaka,27.4031,-82.5301,populated place,Florida,Manatee County,United States,WM,City,,,,,5,
comment,2020-09-09,12,"My favorite place to stargaze is at College Landing Park, it's a short drive from campus and has a beautiful little boardwalk with no nearby lights",2020-09,College Landing Park,37.25265,-76.71051,park,Virginia,City of Williamsburg,United States,WM,Neighborhood,,,,,2,
comment,2020-09-09,6,"College Landing Park is a walk, but is well worth it.",2020-09,College Landing Park,37.25265,-76.71051,park,Virginia,City of Williamsburg,United States,WM,Neighborhood,,,,,2,
comment,2020-09-16,1,The turf stadium lights are the brightest lights in town so go to lake matoaka or any field in colonial Williamsburg and you should be good.,2020-09,Matoaka Lake,37.26591,-76.72554,reservoir(s),Virginia,City of Williamsburg,United States,WM,,,,,,11,
comment,2020-09-16,1,The turf stadium lights are the brightest lights in town so go to lake matoaka or any field in colonial Williamsburg and you should be good.,2020-09,Williamsburg,42.39314,-72.73009,populated place,Massachusetts,Hampshire County,United States,WM,City,,,,,11,
comment,2020-09-09,1,Nelson County is amazing or even parts of Hanover if you’re willing to drive an hour!,2020-09,Nelson County,47.92169,-98.19204,second-order administrative division,North Dakota,Nelson County,United States,WM,State,,,,,1,
comment,2020-09-09,1,Nelson County is amazing or even parts of Hanover if you’re willing to drive an hour!,2020-09,Hannover,52.37052,9.73322,seat of a first-order administrative division,Lower Saxony,,Germany,WM,City,,,,,1,
comment,2020-09-09,1,Fossil beach on the york river is also close,2020-09,East River Arch Bridge of the New York Connecting Railroad,40.7826,-73.92208,bridge,New York,New York County,United States,WM,Road,,,,,1,
comment,2020-09-09,0,"Looks like you want to drive to Yarmouth Creek, based on this map: [https://www.lightpollutionmap.info/#zoom=10.61&lat=4472036&lon=-8547462&layers=B0FFFFFTFFFFFFFFF](https://www.lightpollutionmap.info/#zoom=10.61&lat=4472036&lon=-8547462&layers=B0FFFFFTFFFFFFFFF)

Nelson County or Shenandoah NP would be ideal.",2020-09,Yarmouth Creek,37.32737,-76.8733,stream,Virginia,James City County,United States,WM,Natural Feature,,,,,1,
comment,2020-09-09,0,"Looks like you want to drive to Yarmouth Creek, based on this map: [https://www.lightpollutionmap.info/#zoom=10.61&lat=4472036&lon=-8547462&layers=B0FFFFFTFFFFFFFFF](https://www.lightpollutionmap.info/#zoom=10.61&lat=4472036&lon=-8547462&layers=B0FFFFFTFFFFFFFFF)

Nelson County or Shenandoah NP would be ideal.",2020-09,Nelson County,37.78741,-78.88676,second-order administrative division,Virginia,Nelson County,United States,WM,State,,,,,1,
comment,2020-03-24,19,There’s a geology rock garden on the Sadler end of the sunken gardens!,2020-03,Sadler’s Land Settlement,17.39556,-62.79642,estate(s),Saint John Capesterre,,Saint Kitts and Nevis,WM,Building,,,,,1,
comment,2020-03-25,15,"UVA simply requested that the statue be pointed toward Jefferson’s true home, Charlottesville.",2020-03,Charlottesville,38.02931,-78.47668,seat of a second-order administrative division,Virginia,City of Charlottesville,United States,WM,City,,,,,7,
comment,2020-03-25,15,Physics students later determined his gaze was directed at the 2nd floor girls bathroom in Washington Hall.,2020-03,Washington Hall,38.83,-77.30167,building(s),Virginia,City of Fairfax,United States,WM,Building,,,,,1,
comment,2020-03-25,10,"If you stand on the western side of Blair Hall by the Tyler bust heads and speak towards the ground floor windows, you'll hear an echo effect!",2020-03,Blair Hall,42.44083,-84.92389,building(s),Michigan,Eaton County,United States,WM,Building,,,,,1,
comment,2020-03-25,11,There’s an abandoned amphitheater at Matoka overtaken by nature.,2020-03,Matoka,-10.93333,25.46667,populated place,Lualaba,Mutshatsha,Democratic Republic of the Congo,WM,City,,,,,4,
comment,2020-03-25,3,The Lake Matoaka amphitheater *used to be* really rundown.,2020-03,Matoaka Lake,37.26591,-76.72554,reservoir(s),Virginia,City of Williamsburg,United States,WM,,,,,,11,
comment,2020-03-25,3,"Like if you were facing Matoaka from the main (formerly also abandoned) amphitheatre, turned right and followed the shoreline a couple hundred yards around the point into a cove?",2020-03,Matoaka,27.4031,-82.5301,populated place,Florida,Manatee County,United States,WM,City,,,,,5,
post,2020-02-17,24,"I’m Sam Morris and I’m from Nashville, TN.",2020-02,Nashville,36.16589,-86.78444,seat of a first-order administrative division,Tennessee,Davidson County,United States,WM,City,,,,,1,
post,2020-02-17,24,"I’m Sam Morris and I’m from Nashville, TN.",2020-02,Tennessee,35.75035,-86.25027,first-order administrative division,Tennessee,,United States,WM,State,,,,,1,
post,2020-02-17,24,On March 28th I’m coming to your area and playing at Meridian House!,2020-02,Meridian House International,38.92094,-77.03692,building(s),District of Columbia,,United States,WM,Building,,,,,1,
comment,2020-02-17,7,I love the Meridian and I've enjoyed playing there and watching sets over the past few years.,2020-02,Meridian,68.96969,33.07234,hotel,Murmansk,,Russia,WM,Building,,,,,1,
comment,2020-02-17,7,Williamsburg is beautiful in the spring.,2020-02,Williamsburg,42.39314,-72.73009,populated place,Massachusetts,Hampshire County,United States,WM,City,,,,,11,
comment,2018-07-25,11,"The school brands itself as being an ""ivy of the south"" and ""the oldest continually-open university"" in the country.",2018-07,Suðurland,64.0,-19.0,first-order administrative division,South,,Iceland,WM,State,,,,,1,
comment,2018-07-25,11,Same for Michigan or Cal.,2018-07,Michigan,44.25029,-85.50033,first-order administrative division,Michigan,,United States,WM,State,,,,,1,
comment,2018-07-25,11,Same for Michigan or Cal.,2018-07,"University of California, Berkeley",37.87215,-122.25975,university,California,Alameda County,United States,WM,University,,,,,1,
comment,2018-08-07,1,"I think they were trying a (goofy to me) Colonial Williamsburg tie-in:  CW not long ago renamed a hotel complex (formerly known as Providence hall) as ""The Griffin.""",2018-08,Providence Hall,37.2682,-76.69579,building(s),Virginia,City of Williamsburg,United States,WM,Building,,,,,1,
comment,2018-08-07,1,"I think they were trying a (goofy to me) Colonial Williamsburg tie-in:  CW not long ago renamed a hotel complex (formerly known as Providence hall) as ""The Griffin.""",2018-08,Griffin,33.24678,-84.26409,seat of a second-order administrative division,Georgia,Spalding County,United States,WM,City,,,,,1,
comment,2017-08-12,1,"they had a Subway, it was the first to fail...",2017-08,Subway,26.07205,-80.23203,restaurant,Florida,Broward County,United States,WM,Building,,,,,1,
comment,2026-03-25,17,"Memorial Garden by the amphitheater, feel like nobody would question crying there.",2026-03,Eldred Memorial Gardens,39.29144,-90.54318,cemetery,Illinois,Greene County,United States,WM,Building,,,,,1,
comment,2026-03-25,17,Basement of Miller Hall after like 7pm is usually empty.,2026-03,Miller Hall,42.40926,-71.12116,building(s),Massachusetts,Middlesex County,United States,WM,Building,,,,,1,
comment,2026-03-25,9,Also recommend the picnic tables by unity hall (aka backside of campus center).,2026-03,Unity Hall,18.43304,-77.97684,second-order administrative division,Saint James Parish,Unity Hall,Jamaica,WM,State,,,,,1,
comment,2026-03-26,3,The gender neutral bathrooms in Boswell are usually empty and are quite comfy for crying in.,2026-03,Boswell,49.44988,-116.76887,populated place,British Columbia,Regional District of Central Kootenay,Canada,WM,City,,,,,2,
comment,2026-03-27,1,"Probably Lake Matoaka (Early morning, late afternoon) or the trails that go alongside it.",2026-03,Matoaka Lake,37.26591,-76.72554,reservoir(s),Virginia,City of Williamsburg,United States,WM,,,,,,11,
comment,2026-04-04,1,or there's a little courtyard outside by the entrance to the basement of tucker too that's hardly used.,2026-04,Tucker,46.23817,-122.88817,,Washington,Cowlitz County,United States,WM,,,,,,1,
comment,2026-03-26,1,There's also the drain next to matoka on the other side of Jamestown Rd.,2026-03,Matoka,-10.93333,25.46667,populated place,Lualaba,Mutshatsha,Democratic Republic of the Congo,WM,City,,,,,4,
comment,2025-12-09,4,"Virginia schools no longer consider legacy, so there's that!",2025-12,Virginia,37.54812,-77.44675,first-order administrative division,Virginia,,United States,WM,State,,,,,81,
post,2025-06-02,22,Today my bike got nabbed from William & Mary’s campus (Tucker) at around 11:00 AM.,2025-06,Tucker County,39.1136,-79.56497,second-order administrative division,West Virginia,Tucker County,United States,WM,State,,,,,1,
comment,2024-10-07,6,There are horses in Colonial Williamsburg you could make friends with.,2024-10,Colonial Williamsburg,37.2625,-76.69972,populated place,Virginia,City of Williamsburg,United States,WM,City,,,,,12,
post,2024-08-24,23,"If you live in Richmond Hall, the Gradplex, or Midtown this is a great way to get to basically everywhere on campus.",2024-08,Richmond Hall,39.39344,-76.6058,building(s),Maryland,Baltimore County,United States,WM,Building,,,,,7,
post,2024-08-24,23,"If you live in Richmond Hall, the Gradplex, or Midtown this is a great way to get to basically everywhere on campus.",2024-08,Midtown,40.11477,-88.23931,section of populated place,Illinois,Champaign County,United States,WM,Neighborhood,,,,,3,
post,2024-08-24,23,"(Also a good option if you're trying to get from dorms to Food Lion or all the great places to eat in Midtown)

The school is adding another 3 hours of service every day so it will now run till 9PM.",2024-08,Midtown,40.11477,-88.23931,section of populated place,Illinois,Champaign County,United States,WM,Neighborhood,,,,,3,
post,2022-10-02,23,"I'm a Virginia resident, and I'm heavily leaning towards William and Mary, mainly for the financial aid.",2022-10,Virginia,37.54812,-77.44675,first-order administrative division,Virginia,,United States,WM,State,,,,,81,
comment,2024-08-17,2,Your wages in Virginia will start between 30-40k and will not grow substantially year over year.,2024-08,Virginia,37.54812,-77.44675,first-order administrative division,Virginia,,United States,WM,State,,,,,81,
comment,2024-08-17,2,Anywhere that pays over 50k will be in NOVA where the average 3-bedroom townhouse costs over a million dollars.,2024-08,Nova,39.73176,-77.81944,populated place,Pennsylvania,Franklin County,United States,WM,City,,,,,15,
comment,2024-08-17,2,You will not have the time or money to live your happily ever after as a single teacher in Virginia.,2024-08,Virginia,37.54812,-77.44675,first-order administrative division,Virginia,,United States,WM,State,,,,,81,
post,2021-09-14,21,"On November 2nd, Virginia will elect a Governor, Lt.",2021-09,Virginia,37.54812,-77.44675,first-order administrative division,Virginia,,United States,WM,State,,,,,81,
post,2021-09-14,21,"Early voting runs from **September 17th until October 30th**, and takes place at [local voter registration offices](https://vote.elections.virginia.gov/VoterInformation/PublicContactLookup) in each of Virginia’s counties and independent cities.",2021-09,Virginia,37.54812,-77.44675,first-order administrative division,Virginia,,United States,WM,State,,,,,81,
post,2021-04-21,23,"However, the more that I think about what I want to major in, I'm thinking that W&M could provide more opportunities due to being so close to DC.",2021-04,District of Columbia,38.91706,-77.00025,first-order administrative division,District of Columbia,,United States,WM,State,,,,,31,
comment,2021-04-21,16,You are correct in that tons of W&M grads end up in DC.,2021-04,District of Columbia,38.91706,-77.00025,first-order administrative division,District of Columbia,,United States,WM,State,,,,,31,
comment,2021-04-21,2,"No, I don't plan on staying in Louisiana if that makes a difference",2021-04,Louisiana,31.00047,-92.0004,first-order administrative division,Louisiana,,United States,WM,State,,,,,3,
comment,2021-04-22,4,I do not meet very many people west of the appalachians who know much about William & Mary.,2021-04,William and Mary Hall,37.27348,-76.71968,building(s),Virginia,City of Williamsburg,United States,WM,Building,,,,,20,
comment,2021-04-21,5,for Louisiana.,2021-04,Louisiana,31.00047,-92.0004,first-order administrative division,Louisiana,,United States,WM,State,,,,,3,
comment,2021-04-21,5,Don't forget: Louisiana is the only state that follows the Napoleonic Code.,2021-04,Louisiana,31.00047,-92.0004,first-order administrative division,Louisiana,,United States,WM,State,,,,,3,
comment,2021-04-19,15,"While a lot of those in state kids are from Nova, not all are.",2021-04,Nõva,59.21639,23.6725,populated place,Lääne,Lääne-Nigula vald,Estonia,WM,City,,,,,3,
comment,2021-04-19,15,"Plus, there's a ton of different High Schools in Nova, so it's not like they all knew each other.",2021-04,Nõva,59.21639,23.6725,populated place,Lääne,Lääne-Nigula vald,Estonia,WM,City,,,,,3,
comment,2021-04-19,4,"About 1/3 of the student population is from northern Virginia, 1/3 is out-of-state and 1/3 is elsewhere in VA.",2021-04,Virginia,37.54812,-77.44675,first-order administrative division,Virginia,,United States,WM,State,,,,,81,
comment,2021-04-19,4,"About 1/3 of the student population is from northern Virginia, 1/3 is out-of-state and 1/3 is elsewhere in VA.",2021-04,Virginia,37.54812,-77.44675,first-order administrative division,Virginia,,United States,WM,State,,,,,81,
comment,2021-04-19,4,"For summers they can connect you with an internship off-campus, many people I knew did that in DC for at least one summer.",2021-04,District of Columbia,38.91706,-77.00025,first-order administrative division,District of Columbia,,United States,WM,State,,,,,31,
comment,2021-04-19,4,There is some truth to the fact that a lot of students here come from Northern Virginia.,2021-04,Northern Virginia,38.73074,-77.71193,region,Virginia,,United States,WM,Region,,,,,4,
comment,2021-04-19,4,Many people chose to do an internship during the summer or winter break in bigger cities like DC and Richmond.,2021-04,District of Columbia,38.91706,-77.00025,first-order administrative division,District of Columbia,,United States,WM,State,,,,,31,
comment,2021-04-19,4,Many people chose to do an internship during the summer or winter break in bigger cities like DC and Richmond.,2021-04,Richmond,37.55376,-77.46026,seat of a first-order administrative division,Virginia,City of Richmond,United States,WM,City,,,,,20,
comment,2021-04-20,5,There are quite a large number of students from NOVA here but NOVA is a pretty broad category so that doesn't necessarily mean everyone knows each other from high school already.,2021-04,Nova,39.73176,-77.81944,populated place,Pennsylvania,Franklin County,United States,WM,City,,,,,15,
comment,2021-04-20,5,There are quite a large number of students from NOVA here but NOVA is a pretty broad category so that doesn't necessarily mean everyone knows each other from high school already.,2021-04,Nova,39.73176,-77.81944,populated place,Pennsylvania,Franklin County,United States,WM,City,,,,,15,
comment,2021-04-20,5,"The study in DC program is a great opportunity if you're interested in govt, econ, environmental science etc.",2021-04,District of Columbia,38.91706,-77.00025,first-order administrative division,District of Columbia,,United States,WM,State,,,,,31,
comment,2021-04-19,3,For my junior year summer I had interviewed for a place in NYC over zoom (before pandemic) and still got the job over people coming from NYC schools.,2021-04,New York City,40.71427,-74.00597,populated place,New York,,United States,WM,City,,,,,6,
comment,2021-04-19,3,For my junior year summer I had interviewed for a place in NYC over zoom (before pandemic) and still got the job over people coming from NYC schools.,2021-04,New York City,40.71427,-74.00597,populated place,New York,,United States,WM,City,,,,,6,
comment,2021-04-20,1,Even the ones that are from Virginia (mostly NOVA) didn’t know each other in high school.,2021-04,Virginia,37.54812,-77.44675,first-order administrative division,Virginia,,United States,WM,State,,,,,81,
comment,2021-04-20,1,Even the ones that are from Virginia (mostly NOVA) didn’t know each other in high school.,2021-04,Nova,39.73176,-77.81944,populated place,Pennsylvania,Franklin County,United States,WM,City,,,,,15,
comment,2021-04-21,1,"The truth is there is a lot of exclusion at William & Mary despite ""one tribe one family.""",2021-04,William and Mary Hall,37.27348,-76.71968,building(s),Virginia,City of Williamsburg,United States,WM,Building,,,,,20,
comment,2021-04-21,1,"Williamsburg does not have endless professional opportunities, and many students do not work during the semester.",2021-04,Williamsburg,37.2707,-76.70746,seat of a second-order administrative division,Virginia,City of Williamsburg,United States,WM,City,,,,,104,
comment,2021-04-20,3,"But, despite the heavy amount of NOVA kids, very few kids from NOVA knew each other.",2021-04,Nova,39.73176,-77.81944,populated place,Pennsylvania,Franklin County,United States,WM,City,,,,,15,
comment,2021-04-20,3,"But, despite the heavy amount of NOVA kids, very few kids from NOVA knew each other.",2021-04,Nova,39.73176,-77.81944,populated place,Pennsylvania,Franklin County,United States,WM,City,,,,,15,
comment,2021-04-20,3,"The thing about NOVA is that it covers a pretty big region (Fairfax, Loudon, and Prince Williams County respectively) so it’s not really like everybody know everybody.",2021-04,Nova,39.73176,-77.81944,populated place,Pennsylvania,Franklin County,United States,WM,City,,,,,15,
comment,2021-04-20,3,"The thing about NOVA is that it covers a pretty big region (Fairfax, Loudon, and Prince Williams County respectively) so it’s not really like everybody know everybody.",2021-04,Fairfax,38.84622,-77.30637,seat of a second-order administrative division,Virginia,City of Fairfax,United States,WM,City,,,,,1,
comment,2021-04-20,3,"The thing about NOVA is that it covers a pretty big region (Fairfax, Loudon, and Prince Williams County respectively) so it’s not really like everybody know everybody.",2021-04,Loudon,30.50908,-91.13788,section of populated place,Louisiana,East Baton Rouge Parish,United States,WM,Neighborhood,,,,,1,
comment,2021-04-20,2,The other school would be Northeastern up in Boston.,2021-04,Boston,42.35843,-71.05977,seat of a first-order administrative division,Massachusetts,Suffolk County,United States,WM,City,,,,,2,
comment,2017-12-07,1,I've been looking up all the dorms and Brown Hall might just be my favorite.,2017-12,Brown Hall,45.55278,-94.14944,building(s),Minnesota,Stearns County,United States,WM,Building,,,,,1,
comment,2017-12-08,1,"I actually live in brown hall right now, feel free to pm me any questions!",2017-12,Brown Hall,42.39759,-72.52287,building(s),Massachusetts,Hampshire County,United States,WM,Building,,,,,1,
comment,2013-12-07,-1,"Grades and classes alone don't make a resume

 - This school has shitty recognition outside of the mid-atlantic.",2013-12,Meade County,37.96984,-86.21718,second-order administrative division,Kentucky,Meade County,United States,WM,State,,,,,1,
comment,2013-12-07,-1,"Grades and classes alone don't make a resume

 - This school has shitty recognition outside of the mid-atlantic.",2013-12,Atlantic County,39.46883,-74.63373,second-order administrative division,New Jersey,Atlantic County,United States,WM,State,,,,,1,
