type,date,score,sentences,year_month,place,latitude,longitude,feature_type,admin1_name,admin2_name,country_name,school,place_type,roberta_neg,roberta_neu,roberta_pos,roberta_compound
comment,2025-10-01,13,"This is a lot of why I decided not to stay in NC, for all that I really liked the UNC-CH community - I didn't trust the administration.",2025-10,North Carolina,35.50069,-80.00032,first-order administrative division,North Carolina,,United States,UNC,State,0.8780728,0.1140423,0.00788493,-0.77094966
comment,2023-09-15,-3,NC has an open carry gun law.,2023-09,North Carolina,35.50069,-80.00032,first-order administrative division,North Carolina,,United States,UNC,State,0.05670063,0.84063435,0.10266505,0.0073251505
comment,2025-02-09,19,"Thom Tillis' office is at 310 New Bern Ave Suite 122 Raleigh, NC 27601.",2025-02,North Carolina,35.50069,-80.00032,first-order administrative division,North Carolina,,United States,UNC,State,0.014291224,0.95849067,0.027218115,0.00053658657
comment,2025-02-10,6,Interesting what the residents of NC who rely on the researching funding whether they know it or not are going to think when it starts impacting them directly.,2025-02,North Carolina,35.50069,-80.00032,first-order administrative division,North Carolina,,United States,UNC,State,0.108712085,0.84325194,0.04803598,-0.009510862
comment,2025-02-13,1,I live in a very very small town in NC.,2025-02,North Carolina,35.50069,-80.00032,first-order administrative division,North Carolina,,United States,UNC,State,0.15384367,0.7755468,0.07060948,-0.018682182
post,2026-02-08,462,"UNC fans flood Franklin Street in Chapel Hill after Tar Heels’ comeback win over Duke >On Saturday night, North Carolina fans flooded Franklin Street in Chapel Hill after the Tar Heels' comeback win over the Duke Blue Devils.",2026-02,North Carolina,35.50069,-80.00032,first-order administrative division,North Carolina,,United States,UNC,State,0.08092739,0.7942314,0.1248412,0.009036083
comment,2020-08-18,32,"I’m out of state, so I can’t even vote in North Carolina.",2020-08,North Carolina,35.50069,-80.00032,first-order administrative division,North Carolina,,United States,UNC,State,0.84760034,0.14362918,0.0087705795,-0.71834934
comment,2020-08-18,11,"""Take a stand"" - not everybody can take a stand in North Carolina specifically by voting.",2020-08,North Carolina,35.50069,-80.00032,first-order administrative division,North Carolina,,United States,UNC,State,0.43578687,0.53297204,0.03124109,-0.18893419
comment,2020-08-19,3,"FYI: You can definitely vote in North Carolina: https://www.ncvoter.org/who-can-vote/#college

It has nothing to do with your in-state or out-of-state status with the university.",2020-08,North Carolina,35.50069,-80.00032,first-order administrative division,North Carolina,,United States,UNC,State,0.0071772654,0.30821657,0.68460613,0.46863404
comment,2025-11-08,40,I feel like it makes a little more unique than just the interlocking NC.,2025-11,North Carolina,35.50069,-80.00032,first-order administrative division,North Carolina,,United States,UNC,State,0.0045540356,0.15587352,0.8395724,0.7048611
comment,2020-09-05,6,"*UPDATE*
It passed
Chapel Hill does participate in NC Urban Bow Hunting season",2020-09,North Carolina,35.50069,-80.00032,first-order administrative division,North Carolina,,United States,UNC,State,0.00705768,0.8026473,0.19029504,0.036162388
comment,2023-10-18,63,"The vending machine is located in the lobby of the Orange County Southern Human Services Center at 2501 Homestead Road, Chapel Hill, NC 27516 and is available to the public during regular business hours.",2023-10,North Carolina,35.50069,-80.00032,first-order administrative division,North Carolina,,United States,UNC,State,0.0054436927,0.8874809,0.10707534,0.0114355
comment,2025-02-26,6,"Congratulations, as someone who's a native welcome to North Carolina.",2025-02,North Carolina,35.50069,-80.00032,first-order administrative division,North Carolina,,United States,UNC,State,0.0010706703,0.038311094,0.9606182,0.9227862
comment,2025-02-27,6,You’ll love unc and the state of NC :),2025-02,North Carolina,35.50069,-80.00032,first-order administrative division,North Carolina,,United States,UNC,State,0.00155462,0.026842004,0.9716034,0.94401073
comment,2025-03-06,1,North Carolina is something of a schizophrenic state culturally because of all the growth.,2025-03,North Carolina,35.50069,-80.00032,first-order administrative division,North Carolina,,United States,UNC,State,0.38781732,0.56729996,0.044882763,-0.14838779
post,2025-03-05,223,"It seems to be a great match between the warm, easygoing North Carolina hospitality and our straightforward, curious Danish way of being.",2025-03,North Carolina,35.50069,-80.00032,first-order administrative division,North Carolina,,United States,UNC,State,0.001053105,0.030302363,0.96864456,0.93827116
post,2025-03-05,223,It's heartbreaking and bewildering to see that North Carolina voted for this.,2025-03,North Carolina,35.50069,-80.00032,first-order administrative division,North Carolina,,United States,UNC,State,0.9655185,0.03223201,0.0022494849,-0.93222094
comment,2025-03-05,44,We were actually one of the bluest counties in North Carolina.,2025-03,North Carolina,35.50069,-80.00032,first-order administrative division,North Carolina,,United States,UNC,State,0.0035971173,0.09482465,0.9015782,0.81283027
comment,2025-03-06,36,"Please know that there are millions of North Carolina ends and tens and tens of millions of Americans who despise this fascist regime, and we must continue to fight for the Carolina Way and against a crime syndicate presidency that has an extremely creepy number of Dook Senior officials in it…",2025-03,North Carolina,35.50069,-80.00032,first-order administrative division,North Carolina,,United States,UNC,State,0.8893429,0.10240872,0.008248288,-0.79086286
comment,2025-03-05,35,"As for your North Carolina friends, know that Chapel Hill leans liberal, so I can almost guarantee that the friends you remember did not vote for him.",2025-03,North Carolina,35.50069,-80.00032,first-order administrative division,North Carolina,,United States,UNC,State,0.648893,0.33145967,0.0196473,-0.42067614
post,2020-12-18,212,"Here’s the vaccine situation in North Carolina: overall supply, your place in line, how quickly the line might move (Sen. Jeff Jackson) HERE’S THE VACCINE SITUATION IN NORTH CAROLINA
 
This week, North Carolina got 85,000 doses of the Pfizer vaccine.",2020-12,North Carolina,35.50069,-80.00032,first-order administrative division,North Carolina,,United States,UNC,State,0.21360481,0.7059569,0.08043831,-0.03915669
post,2020-12-18,212,"Here’s the vaccine situation in North Carolina: overall supply, your place in line, how quickly the line might move (Sen. Jeff Jackson) HERE’S THE VACCINE SITUATION IN NORTH CAROLINA
 
This week, North Carolina got 85,000 doses of the Pfizer vaccine.",2020-12,North Carolina,35.50069,-80.00032,first-order administrative division,North Carolina,,United States,UNC,State,0.21360481,0.7059569,0.08043831,-0.03915669
post,2020-12-18,212,"Here’s the vaccine situation in North Carolina: overall supply, your place in line, how quickly the line might move (Sen. Jeff Jackson) HERE’S THE VACCINE SITUATION IN NORTH CAROLINA
 
This week, North Carolina got 85,000 doses of the Pfizer vaccine.",2020-12,North Carolina,35.50069,-80.00032,first-order administrative division,North Carolina,,United States,UNC,State,0.21360481,0.7059569,0.08043831,-0.03915669
post,2020-12-18,212,"These estimates are very rough, but it’s safe to say that within the next six weeks North Carolina will be getting hundreds of thousands (but likely not millions) of doses.",2020-12,North Carolina,35.50069,-80.00032,first-order administrative division,North Carolina,,United States,UNC,State,0.271164,0.6107528,0.11808317,-0.05958628
post,2020-12-18,212,"North Carolina has complied with that, so nursing homes will have the benefit of a large number of trained medical staff on site to handle vaccine administration.",2020-12,North Carolina,35.50069,-80.00032,first-order administrative division,North Carolina,,United States,UNC,State,0.025829425,0.6445229,0.32964766,0.10800042
post,2020-12-18,212,North Carolina has adopted those guidelines.,2020-12,North Carolina,35.50069,-80.00032,first-order administrative division,North Carolina,,United States,UNC,State,0.026638387,0.90783983,0.06552176,0.003583498
post,2020-12-18,212,The state of North Carolina - like most states - is highly dependent on federal assistance in this circumstance and our state legislature has been waiting since August to get this help.,2020-12,North Carolina,35.50069,-80.00032,first-order administrative division,North Carolina,,United States,UNC,State,0.2768083,0.6846889,0.03850281,-0.07514036
comment,2026-03-26,9,"UNC Chapel Hill has had great impact on North Carolina, we all benefit from the students who come out of that school.",2026-03,North Carolina,35.50069,-80.00032,first-order administrative division,North Carolina,,United States,UNC,State,0.001680175,0.035331048,0.9629888,0.92734456
comment,2026-03-26,9,You can’t live in NC and not know kids who grew up in your neighborhood and went there.,2026-03,North Carolina,35.50069,-80.00032,first-order administrative division,North Carolina,,United States,UNC,State,0.40522075,0.55331516,0.04146413,-0.16248457
comment,2026-03-25,32,The BOG and the NC legislature are the culprits with some changes.,2026-03,North Carolina,35.50069,-80.00032,first-order administrative division,North Carolina,,United States,UNC,State,0.7078539,0.28494778,0.0071983146,-0.50100535
comment,2022-04-27,50,"* Last in person class
* Wrapping up a research paper
* 2 finals next week
* Disney World with the fam the week after
* Over the summer I'm going to train my replacement at work
* Sept I leave for the UK for 4 months
* I turn 43
* Return to NC to write my thesis
* Graduate in May with an MA
* Apply for jobs
* Retire
* Die
* Haunt my enemies and watch them tremble before my non-corporeal form.",2022-04,North Carolina,35.50069,-80.00032,first-order administrative division,North Carolina,,United States,UNC,State,0.21165244,0.65668404,0.1316635,-0.02746148
comment,2024-09-19,6,"That is great but from what I understand, NC republican legislators are trying to stop this as a way to be able to vote, further taking steps in voter suppression.",2024-09,North Carolina,35.50069,-80.00032,first-order administrative division,North Carolina,,United States,UNC,State,0.21556462,0.5902582,0.19417717,-0.008763336
comment,2020-08-14,22,And the deadline passed (with no extension) just as it was beginning to become clear how bad things were getting in NC/the country in July.,2020-08,North Carolina,35.50069,-80.00032,first-order administrative division,North Carolina,,United States,UNC,State,0.8315158,0.15840156,0.010082674,-0.69131684
comment,2025-10-13,9,Unc is just doing what North Carolina is known for regression.,2025-10,North Carolina,35.50069,-80.00032,first-order administrative division,North Carolina,,United States,UNC,State,0.4444897,0.5316051,0.02390525,-0.1969996
comment,2025-10-13,7,This wouldn't be a problem if the history of relations between the majority and the minority groups wasn't so fraught as it is in NC.,2025-10,North Carolina,35.50069,-80.00032,first-order administrative division,North Carolina,,United States,UNC,State,0.3802578,0.5630358,0.056706406,-0.14138038
post,2020-09-01,195,As of today you can securely request an absentee ballot in North Carolina *online.,2020-09,North Carolina,35.50069,-80.00032,first-order administrative division,North Carolina,,United States,UNC,State,0.0073006987,0.82529736,0.16740187,0.027970096
comment,2022-04-03,18,"Yes, the scrappy underdog from North Carolina.",2022-04,North Carolina,35.50069,-80.00032,first-order administrative division,North Carolina,,United States,UNC,State,0.15621443,0.740805,0.10298057,-0.013797953
comment,2023-10-02,5,It famously smells like cow shit… it took me a minute to realize that everyone else in the world thinks North Carolina when they say UNC.,2023-10,North Carolina,35.50069,-80.00032,first-order administrative division,North Carolina,,United States,UNC,State,0.8905724,0.09886347,0.010564095,-0.7930077
comment,2025-07-30,16,Great day for the students of North Carolina.,2025-07,North Carolina,35.50069,-80.00032,first-order administrative division,North Carolina,,United States,UNC,State,0.0011841331,0.018537672,0.9802782,0.96094394
comment,2025-07-30,9,"Every other state does this, NC should be putting its taxpayers first.",2025-07,North Carolina,35.50069,-80.00032,first-order administrative division,North Carolina,,United States,UNC,State,0.22549018,0.6696383,0.104871534,-0.039847784
comment,2025-07-30,8,"For real, get his gf out of NC!",2025-07,North Carolina,35.50069,-80.00032,first-order administrative division,North Carolina,,United States,UNC,State,0.6538387,0.31026393,0.035897445,-0.42621636
comment,2021-02-09,22,Well hello violation of *so many* NC construction & fire codes...,2021-02,North Carolina,35.50069,-80.00032,first-order administrative division,North Carolina,,United States,UNC,State,0.8191473,0.16998051,0.010872273,-0.670884
post,2024-10-31,170,Every vote counts and especially in a state like NC.,2024-10,North Carolina,35.50069,-80.00032,first-order administrative division,North Carolina,,United States,UNC,State,0.045545194,0.7797027,0.17475209,0.028463928
post,2024-10-31,170,Recognizing there are a limited number of out of staters at UNC…but you can and should still vote in NC.,2024-10,North Carolina,35.50069,-80.00032,first-order administrative division,North Carolina,,United States,UNC,State,0.024630483,0.7669663,0.20840326,0.04282525
comment,2024-10-31,36,"Remember rushing Franklin when Obama won in 2008

NC is one of the few states where your vote matters at the presidential level.",2024-10,North Carolina,35.50069,-80.00032,first-order administrative division,North Carolina,,United States,UNC,State,0.07027039,0.70647,0.22325957,0.04490691
comment,2024-10-31,3,"thats a good point, but i also imagine theres lots of students from non swing states whose votes for president wouldnt matter in their state whereas they could actually impact the election here, so that would be a reason to switch their registration to NC even if they dont know the local politics",2024-10,North Carolina,35.50069,-80.00032,first-order administrative division,North Carolina,,United States,UNC,State,0.115772925,0.5552579,0.32896918,0.09481734
comment,2025-12-18,69,"Just to clear up any potential confusion, North Carolina collected a record amount of revenue this year even despite tax cuts.",2025-12,North Carolina,35.50069,-80.00032,first-order administrative division,North Carolina,,United States,UNC,State,0.012792136,0.30455768,0.68265015,0.46584764
comment,2023-11-02,11,That's like saying NC could nuke SC.,2023-11,North Carolina,35.50069,-80.00032,first-order administrative division,North Carolina,,United States,UNC,State,0.32479182,0.64804924,0.027158935,-0.104752116
comment,2026-01-14,6,It’s not an unreasonable question unless you’re already enmeshed in all of the NC rivalries.,2026-01,North Carolina,35.50069,-80.00032,first-order administrative division,North Carolina,,United States,UNC,State,0.1607629,0.7579348,0.08130232,-0.01923464
comment,2026-01-14,6,"If you do end up coming to NC, 1.",2026-01,North Carolina,35.50069,-80.00032,first-order administrative division,North Carolina,,United States,UNC,State,0.042817317,0.90127724,0.0559054,0.0012920918
post,2021-10-13,138,"There was an editorial in the Daily Tar Heel on 10/10 that listed some good resources, here are a few more:

I just want a therapist that takes my insurance:

* Many people have mentioned finding a therapist through Psychology Today (be sure to search outside your zip code as well for virtual therapy-- you can see any therapist in North Carolina.)",2021-10,North Carolina,35.50069,-80.00032,first-order administrative division,North Carolina,,United States,UNC,State,0.0040244786,0.13972475,0.8562508,0.73314923
comment,2022-11-25,1,"Always remember you represent the good Peoples of your District - not your Party, not North Carolina as a whole, and certainly not America.",2022-11,North Carolina,35.50069,-80.00032,first-order administrative division,North Carolina,,United States,UNC,State,0.3429035,0.50802577,0.14907071,-0.09536073
post,2021-05-26,137,"On March 18, Dr. Jeffay sent the following frustrated email to Provost Bob Blouin:

> Bob I assume you've been briefed on Google's plans to move the Cloud division to NC.",2021-05,North Carolina,35.50069,-80.00032,first-order administrative division,North Carolina,,United States,UNC,State,0.082092755,0.8091973,0.10870989,0.0050786203
comment,2020-12-17,7,The number of out of state students UNC can take is limited by the North Carolina government.,2020-12,North Carolina,35.50069,-80.00032,first-order administrative division,North Carolina,,United States,UNC,State,0.14662349,0.83483446,0.01854205,-0.02115464
comment,2020-08-18,1,Where I am from in NC?,2020-08,North Carolina,35.50069,-80.00032,first-order administrative division,North Carolina,,United States,UNC,State,0.04651366,0.9134193,0.040067047,-0.0005581524
comment,2020-08-17,1,It's North Carolina in the summertime...,2020-08,North Carolina,35.50069,-80.00032,first-order administrative division,North Carolina,,United States,UNC,State,0.039618082,0.7539433,0.20643857,0.041047297
post,2025-02-19,131,Petition for new dean dome to be campus connected and not at Carolina north UNC has been thinking about building the new Dean Dome at Carolina north.,2025-02,North Carolina,35.50069,-80.00032,first-order administrative division,North Carolina,,United States,UNC,State,0.043316778,0.9158098,0.04087338,-0.00020571025
post,2025-02-19,131,Petition for new dean dome to be campus connected and not at Carolina north UNC has been thinking about building the new Dean Dome at Carolina north.,2025-02,North Carolina,35.50069,-80.00032,first-order administrative division,North Carolina,,United States,UNC,State,0.043316778,0.9158098,0.04087338,-0.00020571025
comment,2020-08-15,42,"I have friends who got rejected that clearly deserve their place and would probably not do dumb shit like this

Edit: apparently this was an NC state party but UNC, ECU, other school students attended, but these fucking students are still idiots nonetheless",2020-08,North Carolina,35.50069,-80.00032,first-order administrative division,North Carolina,,United States,UNC,State,0.9642326,0.032680396,0.003087026,-0.92973495
comment,2025-03-22,11,"I’m assuming you’re in NC since you mentioned you’re in state, but please looking into c-step.",2025-03,North Carolina,35.50069,-80.00032,first-order administrative division,North Carolina,,United States,UNC,State,0.11214494,0.83822083,0.049634248,-0.010112927
comment,2025-03-22,7,"They were going to give her a scholarship too, one of the only NC schools that offered her a scholarship.",2025-03,North Carolina,35.50069,-80.00032,first-order administrative division,North Carolina,,United States,UNC,State,0.0032306379,0.499615,0.49715438,0.24715203
comment,2025-03-22,6,I chose another of one of the State supported schools in NC.,2025-03,North Carolina,35.50069,-80.00032,first-order administrative division,North Carolina,,United States,UNC,State,0.010070291,0.7844398,0.20548987,0.042124685
comment,2025-03-25,2,"He was way over medians, owns his own company so he works and goes to college (dual enrollment) full time (and had about 40 hours college credits), and from a very rural county in NC, and still didn’t get in.",2025-03,North Carolina,35.50069,-80.00032,first-order administrative division,North Carolina,,United States,UNC,State,0.48908365,0.4559192,0.054997172,-0.23617812
comment,2025-03-25,2,"When rural students from NC can’t get in there isn’t much hope for others, tbh.",2025-03,North Carolina,35.50069,-80.00032,first-order administrative division,North Carolina,,United States,UNC,State,0.62045205,0.35252485,0.027023124,-0.38423046
comment,2021-03-09,1,That article has a basic math (23-17 is not 38): “Duke and North Carolina have faced each other 38 times since the start of the 2003-04  season.,2021-03,North Carolina,35.50069,-80.00032,first-order administrative division,North Carolina,,United States,UNC,State,0.1574258,0.79761153,0.044962753,-0.022761226
comment,2026-03-31,3,I moved to NC from California in August to go to grad school at UNC.,2026-03,North Carolina,35.50069,-80.00032,first-order administrative division,North Carolina,,United States,UNC,State,0.013037782,0.93194705,0.05501522,0.0028566886
comment,2020-08-24,11,welfare from the NC government can only be given to NC residents; no-one would argue that a SC resident should receive welfare from the NC government.,2020-08,North Carolina,35.50069,-80.00032,first-order administrative division,North Carolina,,United States,UNC,State,0.42451414,0.5389704,0.036515437,-0.17887889
comment,2020-08-24,11,welfare from the NC government can only be given to NC residents; no-one would argue that a SC resident should receive welfare from the NC government.,2020-08,North Carolina,35.50069,-80.00032,first-order administrative division,North Carolina,,United States,UNC,State,0.42451414,0.5389704,0.036515437,-0.17887889
comment,2020-08-24,11,welfare from the NC government can only be given to NC residents; no-one would argue that a SC resident should receive welfare from the NC government.,2020-08,North Carolina,35.50069,-80.00032,first-order administrative division,North Carolina,,United States,UNC,State,0.42451414,0.5389704,0.036515437,-0.17887889
comment,2020-08-24,6,"People, at least in NC, have a fundamental right to an education.",2020-08,North Carolina,35.50069,-80.00032,first-order administrative division,North Carolina,,United States,UNC,State,0.056842342,0.64327884,0.2998789,0.08669628
comment,2020-08-24,6,"Issues about ""paying for out of state students with in state taxes"" would be settled if every state did it, and the fact that those people would be more likely to stay in NC and contribute to the general tax revenue.",2020-08,North Carolina,35.50069,-80.00032,first-order administrative division,North Carolina,,United States,UNC,State,0.07800132,0.75028706,0.17171162,0.023400676
comment,2020-08-24,-1,"So all a student would have to do is establish domicile in NC for a year, and good luck establishing beyond a reasonable doubt that it was for the sole purpose of lowering tuition.",2020-08,North Carolina,35.50069,-80.00032,first-order administrative division,North Carolina,,United States,UNC,State,0.0590083,0.5909035,0.35008824,0.119079776
comment,2020-08-24,2,"IX, § 9\]

The above also addresses your point about NC residents having a right to education.",2020-08,North Carolina,35.50069,-80.00032,first-order administrative division,North Carolina,,United States,UNC,State,0.0865189,0.8618575,0.051623654,-0.0048205173
comment,2020-08-24,2,">the fact that those people would be more likely to stay in NC and contribute to the general tax revenue

I don't know how accurate this is.",2020-08,North Carolina,35.50069,-80.00032,first-order administrative division,North Carolina,,United States,UNC,State,0.3731785,0.5636831,0.063138425,-0.13527574
comment,2020-08-24,0,The right to education in NC does not draw a distinction between levels.,2020-08,North Carolina,35.50069,-80.00032,first-order administrative division,North Carolina,,United States,UNC,State,0.34140274,0.63377374,0.024823535,-0.11593961
comment,2023-11-27,49,"Some resources from our School of Government, which is a great place to learn about NC laws and local government:

https://ncpro.sog.unc.edu/manual/130-2

https://defendermanuals.sog.unc.edu/sites/default/files/pdf/2.1.pdf (detailed pdf)

https://nccriminallaw.sog.unc.edu/not-guilty-by-reason-of-insanity/ (blog discussing previous UNC shooting)",2023-11,North Carolina,35.50069,-80.00032,first-order administrative division,North Carolina,,United States,UNC,State,0.016153334,0.4472357,0.53661096,0.2876904
comment,2021-08-11,2,"There is LITERALLY A DATABASE OF ALL PEOPLE VACCINATED IN NC (it’s called CVMS, I use it at work)

When most of your student body is in-state, they literally could run their enrolled student body spreadsheet through the website and find out who’s actually vaccinated.",2021-08,North Carolina,35.50069,-80.00032,first-order administrative division,North Carolina,,United States,UNC,State,0.17820923,0.6943357,0.12745507,-0.015513735
comment,2021-08-03,20,"I could be wrong, but I believe North Carolina could have a database to track who has received the vaccine.",2021-08,North Carolina,35.50069,-80.00032,first-order administrative division,North Carolina,,United States,UNC,State,0.187014,0.76937467,0.043611296,-0.033072293
comment,2021-08-11,1,I’ve checked the NC database multiple times and I’m not in it,2021-08,North Carolina,35.50069,-80.00032,first-order administrative division,North Carolina,,United States,UNC,State,0.67080843,0.3155013,0.013690226,-0.44979653
comment,2021-08-05,2,I went to some clubs in NYC with friends last month and they ask to see our vaccine cards but nothing in NC,2021-08,North Carolina,35.50069,-80.00032,first-order administrative division,North Carolina,,United States,UNC,State,0.19652039,0.74998885,0.053490754,-0.035759002
comment,2021-12-25,10,All I’ve wanted since I came to NC was canes,2021-12,North Carolina,35.50069,-80.00032,first-order administrative division,North Carolina,,United States,UNC,State,0.021477798,0.29494742,0.6835748,0.4668132
comment,2021-12-25,6,You should check out r/canes for Canes in NC ;),2021-12,North Carolina,35.50069,-80.00032,first-order administrative division,North Carolina,,United States,UNC,State,0.0013318468,0.20857829,0.79008985,0.6242402
post,2021-03-11,111,"One Year Ago Today... Kevvy G sent out the email that spring break was extended, ZoomU was announced, and there were just 7 presumed cases in NC.",2021-03,North Carolina,35.50069,-80.00032,first-order administrative division,North Carolina,,United States,UNC,State,0.032109357,0.8607031,0.10718751,0.010458153
comment,2024-05-14,18,"Speaking as a North Carolina resident, may I remind you that North Carolina is one of the most gerrymandered states in the country.",2024-05,North Carolina,35.50069,-80.00032,first-order administrative division,North Carolina,,United States,UNC,State,0.8898955,0.10489574,0.0052086897,-0.791887
comment,2024-05-14,18,"Speaking as a North Carolina resident, may I remind you that North Carolina is one of the most gerrymandered states in the country.",2024-05,North Carolina,35.50069,-80.00032,first-order administrative division,North Carolina,,United States,UNC,State,0.8898955,0.10489574,0.0052086897,-0.791887
comment,2024-05-15,3,My wife and I (white NC natives) graduated from UNC in the early 1990s (we met decades later).,2024-05,North Carolina,35.50069,-80.00032,first-order administrative division,North Carolina,,United States,UNC,State,0.005973663,0.8336439,0.16038242,0.025686836
comment,2024-05-15,3,"And as an NC resident of over 50 years with country relatives, I can say that conservative white political actions here are very often driven by hate and the desire to keep most of the pie for a single in-group.",2024-05,North Carolina,35.50069,-80.00032,first-order administrative division,North Carolina,,United States,UNC,State,0.81374925,0.17918892,0.007061876,-0.6621379
comment,2024-05-15,3,"This action basically boils down to:

* Many older conservatives in NC are racist.",2024-05,North Carolina,35.50069,-80.00032,first-order administrative division,North Carolina,,United States,UNC,State,0.8971309,0.099538,0.0033311748,-0.8048327
comment,2024-05-15,3,"The BOG and BOT have been Republican dominated since the Pubs took over the NC legislature in 2011 (after the 2010 election, which if you recall was highly reactionary after Obama won NC in 2008.",2024-05,North Carolina,35.50069,-80.00032,first-order administrative division,North Carolina,,United States,UNC,State,0.3024713,0.6517461,0.04578263,-0.08939283
comment,2024-05-15,3,"The BOG and BOT have been Republican dominated since the Pubs took over the NC legislature in 2011 (after the 2010 election, which if you recall was highly reactionary after Obama won NC in 2008.",2024-05,North Carolina,35.50069,-80.00032,first-order administrative division,North Carolina,,United States,UNC,State,0.3024713,0.6517461,0.04578263,-0.08939283
comment,2024-05-15,3,"Also note that:

- Today, Republicans maintain control the NC legislature, primarily through gerrymandering and dishonesty (eg, [candidates running as Democrats and then switching parties and platforms after being elected](https://apnews.com/article/north-carolina-party-switch-republican-01af019aa58fd44f0e2110c32a48c4c0)).",2024-05,North Carolina,35.50069,-80.00032,first-order administrative division,North Carolina,,United States,UNC,State,0.40391248,0.5637018,0.032385726,-0.16209644
comment,2024-05-15,3,"It USED to be a mix of gubernatorial and legislative appointments, but the [Republicans in the state legislature stole the governor’s power in the time between the current governor (a Democrat) being elected and the previous governor (a Republican) exiting](https://www.insidehighered.com/news/2016/12/19/faculty-object-legislators-take-trustee-appointments-away-north-carolina-governor), one of several powers they stripped., so today it’s only legislative appointments.",2024-05,North Carolina,35.50069,-80.00032,first-order administrative division,North Carolina,,United States,UNC,State,0.5063137,0.4644254,0.029260887,-0.25549734
post,2023-11-19,107,Anybody know why a Chapel Hill North Carolina transit bus was driving around Emeryville?,2023-11,North Carolina,35.50069,-80.00032,first-order administrative division,North Carolina,,United States,UNC,State,0.12175905,0.8609794,0.017261522,-0.014527312
comment,2023-11-20,35,"They cover Chapel Hill and the surrounding communities, including UNC, and is actually the second largest mass transit system in NC!",2023-11,North Carolina,35.50069,-80.00032,first-order administrative division,North Carolina,,United States,UNC,State,0.0019077021,0.17248844,0.8256039,0.6816181
post,2020-07-09,107,"Update: Here's the COVID situation in North Carolina (and some cautionary tales to avoid) - Sen. Jeff Jackson  

https://preview.redd.it/ibdq1p5ysu951.jpg?width=1200&format=pjpg&auto=webp&s=16024e5ae2260af32e3959467e803b4c69ccbec6

It’s becoming clear that one of the biggest COVID concerns for North Carolina isn’t just what’s happening in our state - it’s the cautionary tales we’re seeing in other states.",2020-07,North Carolina,35.50069,-80.00032,first-order administrative division,North Carolina,,United States,UNC,State,0.47274208,0.49231938,0.03493857,-0.22226436
post,2020-07-09,107,"Update: Here's the COVID situation in North Carolina (and some cautionary tales to avoid) - Sen. Jeff Jackson  

https://preview.redd.it/ibdq1p5ysu951.jpg?width=1200&format=pjpg&auto=webp&s=16024e5ae2260af32e3959467e803b4c69ccbec6

It’s becoming clear that one of the biggest COVID concerns for North Carolina isn’t just what’s happening in our state - it’s the cautionary tales we’re seeing in other states.",2020-07,North Carolina,35.50069,-80.00032,first-order administrative division,North Carolina,,United States,UNC,State,0.47274208,0.49231938,0.03493857,-0.22226436
post,2020-07-09,107,The good news is we still have the ability to avoid that in North Carolina.,2020-07,North Carolina,35.50069,-80.00032,first-order administrative division,North Carolina,,United States,UNC,State,0.04020826,0.35049158,0.60930014,0.36962995
comment,2025-03-18,3,Move this to duke or NC state where it’s still recognized,2025-03,North Carolina,35.50069,-80.00032,first-order administrative division,North Carolina,,United States,UNC,State,0.025153723,0.88132477,0.09352146,0.008113557
comment,2020-08-14,-2,"How can students at our flagship university not understand that as a State University, UNC *must* honor students US and NC Constitutional Rights, and that those Rights include the Right of Free Association, flowing from the 1st Amendment?",2020-08,North Carolina,35.50069,-80.00032,first-order administrative division,North Carolina,,United States,UNC,State,0.41461408,0.52582717,0.05955868,-0.16835763
comment,2021-05-12,14,"Closest one to campus:  3536 Hillsborough Rd, Durham, NC 27705

Get on it.",2021-05,North Carolina,35.50069,-80.00032,first-order administrative division,North Carolina,,United States,UNC,State,0.02083527,0.89299846,0.08616631,0.006990522
comment,2025-04-11,1,"Deportations happening in New Mexico, Massachusetts, North Carolina, Arizona, Texas, Illinois, etc… https://www.pbs.org/newshour/show/migrants-in-u-s-legally-and-with-no-criminal-history-caught-up-in-trump-crackdown

Also all it took was a 2 second google search.",2025-04,North Carolina,35.50069,-80.00032,first-order administrative division,North Carolina,,United States,UNC,State,0.29348168,0.6169413,0.089577004,-0.07810746
comment,2025-04-11,1,"Deportations happening in New Mexico, Massachusetts, North Carolina, Arizona, Texas, Illinois, etc… https://www.pbs.org/newshour/show/migrants-in-u-s-legally-and-with-no-criminal-history-caught-up-in-trump-crackdown

Also all it took was a 2 second google search.",2025-04,North Carolina,35.50069,-80.00032,first-order administrative division,North Carolina,,United States,UNC,State,0.29348168,0.6169413,0.089577004,-0.07810746
comment,2021-04-01,17,Did no one in NC learn about safe following distance in drivers ed?,2021-04,North Carolina,35.50069,-80.00032,first-order administrative division,North Carolina,,United States,UNC,State,0.48041582,0.4975165,0.02206766,-0.23031238
comment,2021-03-31,24,I think it's just NC drivers all together,2021-03,North Carolina,35.50069,-80.00032,first-order administrative division,North Carolina,,United States,UNC,State,0.40161,0.5676415,0.03074848,-0.16034512
comment,2021-04-01,5,"North Carolina drivers are awful, Chapel Hill drivers are worse than other NC drivers",2021-04,North Carolina,35.50069,-80.00032,first-order administrative division,North Carolina,,United States,UNC,State,0.9797515,0.018117286,0.002131143,-0.9599085
comment,2021-04-01,5,"North Carolina drivers are awful, Chapel Hill drivers are worse than other NC drivers",2021-04,North Carolina,35.50069,-80.00032,first-order administrative division,North Carolina,,United States,UNC,State,0.9797515,0.018117286,0.002131143,-0.9599085
comment,2021-03-31,6,Haha the NC consensus is chapel hill drivers drive slow and cautious,2021-03,North Carolina,35.50069,-80.00032,first-order administrative division,North Carolina,,United States,UNC,State,0.1852959,0.71965957,0.09504454,-0.025301104
comment,2021-03-31,8,The new drivers can't help but I've heard from several well travelled people that NC has some of the worst drivers in the country.,2021-03,North Carolina,35.50069,-80.00032,first-order administrative division,North Carolina,,United States,UNC,State,0.92883164,0.06646983,0.0046984716,-0.8627062
comment,2021-03-31,46,I’m from a low-income area in NC (relatively close to chapel hill) and I can assure you bad driving is not exclusive to wealthy people.,2021-03,North Carolina,35.50069,-80.00032,first-order administrative division,North Carolina,,United States,UNC,State,0.405722,0.48553154,0.10874648,-0.15278453
comment,2021-03-31,46,People in NC just can’t drive in general,2021-03,North Carolina,35.50069,-80.00032,first-order administrative division,North Carolina,,United States,UNC,State,0.8899713,0.10078828,0.0092404,-0.7919636
comment,2021-04-01,3,"NC scarier to drive in than Los Angeles, can confirm.",2021-04,North Carolina,35.50069,-80.00032,first-order administrative division,North Carolina,,United States,UNC,State,0.8302513,0.15465131,0.01509747,-0.6890892
comment,2021-04-01,3,Lived there for three years and would take those mega-intersections over NC drivers any day of the week.,2021-04,North Carolina,35.50069,-80.00032,first-order administrative division,North Carolina,,United States,UNC,State,0.16399038,0.7224921,0.11351755,-0.014006608
comment,2021-03-31,10,"If you ever find yourself driving around Richmond, VA, you will appreciate NC driving.",2021-03,North Carolina,35.50069,-80.00032,first-order administrative division,North Carolina,,United States,UNC,State,0.007990814,0.24472664,0.7472825,0.5583673
comment,2021-03-31,5,"Lol I've lived in NC since I turned 18, grew up and got my license further north, and it was bad before.",2021-03,North Carolina,35.50069,-80.00032,first-order administrative division,North Carolina,,United States,UNC,State,0.58610713,0.3601161,0.053776786,-0.3406296
comment,2021-04-01,4,I think people that really think NC driving is bad haven’t been up north (@Jersey turnpike lol) or in any true metro.,2021-04,North Carolina,35.50069,-80.00032,first-order administrative division,North Carolina,,United States,UNC,State,0.70558983,0.26866144,0.02574875,-0.49719402
comment,2021-04-01,4,I’d gladly take NC over most big cities or most places up north,2021-04,North Carolina,35.50069,-80.00032,first-order administrative division,North Carolina,,United States,UNC,State,0.0058759577,0.20574956,0.7883745,0.6214998
post,2025-08-27,99,"shipping will be a flat rate of $5 anywhere in NC, but if you're out-of-state or ordering a bunch, i'll do my best to quote the cheapest rate  thank you again for all your help - really so glad to be part of this Tar Heel family",2025-08,North Carolina,35.50069,-80.00032,first-order administrative division,North Carolina,,United States,UNC,State,0.0015083527,0.017021313,0.9814703,0.9632817
comment,2021-09-13,17,"Compliment: A yes means yes and a no means no in North Carolina; you always know where you stand with a North Carolinian and what they expect from you, giving you a better chance of succeeding in a personal or work relationship than a lot of places.",2021-09,North Carolina,35.50069,-80.00032,first-order administrative division,North Carolina,,United States,UNC,State,0.019073227,0.26106948,0.7198573,0.5178307
comment,2021-09-13,11,"some more welcoming than others for sure (i feel like there is definitely an anti-outsiders vibe sometimes — just recently moved to maine and some mainers just reallllly hate anyone out of state, for good reason probably) but idk i think you’ll find people like that anywhere you go and i don’t see that as a cultural/social thing in NC that much.",2021-09,North Carolina,35.50069,-80.00032,first-order administrative division,North Carolina,,United States,UNC,State,0.47570676,0.40695578,0.117337525,-0.2125288
comment,2021-09-13,11,agree though with your geographical contextualization of NC.,2021-09,North Carolina,35.50069,-80.00032,first-order administrative division,North Carolina,,United States,UNC,State,0.03251881,0.8427818,0.12469947,0.014492479
comment,2021-09-13,11,although yes rural areas are more “southern” i just think the underlying qualities of southern culture you’ll find all through out NC.,2021-09,North Carolina,35.50069,-80.00032,first-order administrative division,North Carolina,,United States,UNC,State,0.026731424,0.80709785,0.1661707,0.026898138
comment,2021-09-13,2,"My background is thoroughly west coast, so the east coast traits of NC are pretty easy to notice for me.",2021-09,North Carolina,35.50069,-80.00032,first-order administrative division,North Carolina,,United States,UNC,State,0.0069504865,0.24359503,0.7494545,0.5616337
comment,2021-09-13,2,"definitely agree, our perspectives definitely reflect our experiences and yeah i think the triangle is not a good example of all of NC, despite being that is where i am from as well lol.",2021-09,North Carolina,35.50069,-80.00032,first-order administrative division,North Carolina,,United States,UNC,State,0.59497786,0.36241865,0.042603455,-0.35218364
post,2022-02-04,95,My name is Sarah Cothren and I'm the NC Associate Area Director for the American Foundation for Suicide Prevention.,2022-02,North Carolina,35.50069,-80.00032,first-order administrative division,North Carolina,,United States,UNC,State,0.258602,0.690977,0.05042105,-0.0643327
post,2022-02-04,95,One of my responsibilities as Associate Area Director is to help de-stigmatize mental health and increase awareness of suicide and resources on college campuses here in North Carolina.,2022-02,North Carolina,35.50069,-80.00032,first-order administrative division,North Carolina,,United States,UNC,State,0.01587771,0.56709695,0.41702536,0.17365803
comment,2024-08-21,9,I miss my family and friends in NC.,2024-08,North Carolina,35.50069,-80.00032,first-order administrative division,North Carolina,,United States,UNC,State,0.61021197,0.3288085,0.060979523,-0.36864015
post,2020-12-31,93,"Update: New vaccine prioritization for North Carolina, how quickly the line is moving, why it isn’t moving faster - Sen. Jeff Jackson We’ve modified the vaccine rollout plan for North Carolina, based on new CDC guidance.",2020-12,North Carolina,35.50069,-80.00032,first-order administrative division,North Carolina,,United States,UNC,State,0.15303685,0.7796877,0.06727543,-0.018894296
post,2020-12-31,93,"Update: New vaccine prioritization for North Carolina, how quickly the line is moving, why it isn’t moving faster - Sen. Jeff Jackson We’ve modified the vaccine rollout plan for North Carolina, based on new CDC guidance.",2020-12,North Carolina,35.50069,-80.00032,first-order administrative division,North Carolina,,United States,UNC,State,0.15303685,0.7796877,0.06727543,-0.018894296
post,2020-12-31,93,"Note: This week, Walgreens and CVS launched their program to vaccinate long-term care staff and residents in North Carolina in partnership with the federal government.",2020-12,North Carolina,35.50069,-80.00032,first-order administrative division,North Carolina,,United States,UNC,State,0.0028034195,0.55836165,0.43883494,0.19256824
post,2020-12-31,93,But now it's enormous - roughly two million just in NC.,2020-12,North Carolina,35.50069,-80.00032,first-order administrative division,North Carolina,,United States,UNC,State,0.11156732,0.6180251,0.27040756,0.06067298
post,2020-12-31,93,"- As of 8pm on Monday, 63,571 people in NC have received their first dose.",2020-12,North Carolina,35.50069,-80.00032,first-order administrative division,North Carolina,,United States,UNC,State,0.07003139,0.9079479,0.022020651,-0.0044194893
post,2020-12-31,93,"- North Carolina has received 323,125 total doses of vaccine: 147,225 Pfizer and 175,900 Moderna doses.",2020-12,North Carolina,35.50069,-80.00032,first-order administrative division,North Carolina,,United States,UNC,State,0.09443218,0.87034625,0.03522155,-0.007676881
comment,2025-03-04,3,The whole USA will suffer the loss.,2025-03,United States,39.76,-98.5,independent political entity,,,United States,UNC,Country,0.8978715,0.098115936,0.00401254,-0.8061572
comment,2025-03-06,5,"America's enemies are laughing, as was the plan.",2025-03,United States,39.76,-98.5,independent political entity,,,United States,UNC,Country,0.65976936,0.31551084,0.024719806,-0.4346845
comment,2025-03-03,3,"Prior to the shit show that’s happened, the US was a haven for good and well-paid science.",2025-03,United States,39.76,-98.5,independent political entity,,,United States,UNC,Country,0.62703806,0.30042285,0.07253901,-0.38791487
comment,2025-03-03,3,Getting out of the US is hard.,2025-03,United States,39.76,-98.5,independent political entity,,,United States,UNC,Country,0.6368247,0.33910227,0.024073018,-0.40496624
comment,2025-03-03,3,"I know, there are lots of internationals who figured out how to get into the US legally, so US citizens can figure out how to go elsewhere.",2025-03,United States,39.76,-98.5,independent political entity,,,United States,UNC,Country,0.12122173,0.7472611,0.13151719,0.0026020627
comment,2025-03-03,3,"I know, there are lots of internationals who figured out how to get into the US legally, so US citizens can figure out how to go elsewhere.",2025-03,United States,39.76,-98.5,independent political entity,,,United States,UNC,Country,0.12122173,0.7472611,0.13151719,0.0026020627
comment,2025-03-03,3,"But, by and large, US citizens don’t even know the steps to leave or where to start.",2025-03,United States,39.76,-98.5,independent political entity,,,United States,UNC,Country,0.75810605,0.23051637,0.011377534,-0.5745954
comment,2025-03-03,3,"Remember, most of us don’t know how to go through Visa processes because the US has privileged status (we’ll see how long that lasts).",2025-03,United States,39.76,-98.5,independent political entity,,,United States,UNC,Country,0.54734695,0.41647723,0.036175836,-0.29828
comment,2025-03-03,3,"These are things that can be overcome, but remember, US had a large number of well paid scientific jobs.",2025-03,United States,39.76,-98.5,independent political entity,,,United States,UNC,Country,0.046466626,0.40465558,0.5488778,0.29910767
comment,2025-03-03,3,The US is worth fighting for.,2025-03,United States,39.76,-98.5,independent political entity,,,United States,UNC,Country,0.014031756,0.23875147,0.74721676,0.558136
comment,2025-01-27,4,Jesus Christ the quality of education in the US is abysmal right now.,2025-01,United States,39.76,-98.5,independent political entity,,,United States,UNC,Country,0.9684437,0.028764917,0.002791455,-0.93787533
comment,2025-01-25,11,Fuck Donald Trump America is an oligarchy and we are the serfs,2025-01,United States,39.76,-98.5,independent political entity,,,United States,UNC,Country,0.9753525,0.022460569,0.0021869976,-0.95130765
comment,2023-09-17,1,"We could ban 100% of guns and not allow a single U.S Citizen to own any firearm except for police, military, etc and there  would still be mass shootings.",2023-09,United States,39.76,-98.5,independent political entity,,,United States,UNC,Country,0.8007899,0.18877196,0.010438174,-0.6411555
comment,2023-09-17,1,"Even if you somehow managed to prevent any guns from entering the U.S like this, you would prevent mass shootings sure.",2023-09,United States,39.76,-98.5,independent political entity,,,United States,UNC,Country,0.40973017,0.5212201,0.06904971,-0.16311096
comment,2023-09-18,7,We have a ton of data both in the US and overseas that shows gun control does work.,2023-09,United States,39.76,-98.5,independent political entity,,,United States,UNC,Country,0.021298643,0.3680495,0.61065185,0.37244204
comment,2023-09-17,2,But it clearly can't work here in the US when we've never tried.,2023-09,United States,39.76,-98.5,independent political entity,,,United States,UNC,Country,0.7982492,0.19074559,0.011005174,-0.63708067
comment,2023-09-17,2,"Ofc there's still mass shootings in those countries, the one per couple years vs. couple hundred / year in the US.",2023-09,United States,39.76,-98.5,independent political entity,,,United States,UNC,Country,0.7622961,0.23061691,0.0070869457,-0.58104515
comment,2023-09-17,1,USA .,2023-09,United States,39.76,-98.5,independent political entity,,,United States,UNC,Country,0.15823992,0.6974815,0.14427854,-0.004223574
comment,2023-09-17,1,The guns make USA one of the most dangerous countries in the world.,2023-09,United States,39.76,-98.5,independent political entity,,,United States,UNC,Country,0.96187663,0.03539586,0.0027274734,-0.9251993
comment,2023-09-18,3,You are dead set on having America continue to struggle with a gun violence crisis that is unique among first world countries.,2023-09,United States,39.76,-98.5,independent political entity,,,United States,UNC,Country,0.72814465,0.25405526,0.017800026,-0.52987784
comment,2023-08-30,3,"My partner is a faculty member who is over 40 and not from the US (I.e., from a country with heavy gun regulations).",2023-08,United States,39.76,-98.5,independent political entity,,,United States,UNC,Country,0.29987913,0.662657,0.037463777,-0.08852398
comment,2025-02-10,10,"What it means is that the US looked at its leadership in scientific research and said, “no thanks, don’t need it”.",2025-02,United States,39.76,-98.5,independent political entity,,,United States,UNC,Country,0.41321367,0.5295365,0.05724987,-0.16746798
comment,2024-04-29,23,"Iranian Parliament members came together and chanted 'Death to America' just three years ago - this is nothing new and is reciprocated by much of the Middle East, which holds the US responsible for its slow development or regression.",2024-04,United States,39.76,-98.5,independent political entity,,,United States,UNC,Country,0.6231785,0.34904414,0.027777392,-0.38757983
comment,2024-04-29,23,"Iranian Parliament members came together and chanted 'Death to America' just three years ago - this is nothing new and is reciprocated by much of the Middle East, which holds the US responsible for its slow development or regression.",2024-04,United States,39.76,-98.5,independent political entity,,,United States,UNC,Country,0.6231785,0.34904414,0.027777392,-0.38757983
comment,2024-04-29,23,"Israel mitigates threats, advances US interests, and is backed by Jewish American lobbying.",2024-04,United States,39.76,-98.5,independent political entity,,,United States,UNC,Country,0.1395404,0.73317623,0.12728333,-0.0032704775
comment,2024-04-29,23,"But Israel is America's police dog, and when that dog bites someone, you are inclined to look the other way.",2024-04,United States,39.76,-98.5,independent political entity,,,United States,UNC,Country,0.88925004,0.10471216,0.006037763,-0.7907292
comment,2024-04-29,23,"But like many Americans, I also value democracy and need a fancy job to pay for my fancy car and that might just require two non-American countries going at it than having the US lose its position in the long run, so I don't really know where to go from here.",2024-04,United States,39.76,-98.5,independent political entity,,,United States,UNC,Country,0.48077205,0.44786724,0.071360655,-0.22604944
comment,2024-04-29,10,The speaker at the event literally said “ we are going to bring America to heel” lol I stopped and listened for 30 seconds lol,2024-04,United States,39.76,-98.5,independent political entity,,,United States,UNC,Country,0.15733348,0.53956884,0.30309767,0.067114376
comment,2024-04-29,4,Imagine your a hostage being tortured by Hamas and you see people in America cheering for your captors lol,2024-04,United States,39.76,-98.5,independent political entity,,,United States,UNC,Country,0.78204733,0.2024966,0.015456054,-0.6113591
comment,2024-04-30,5,Death to America but I want the federal government to repay my student loans,2024-04,United States,39.76,-98.5,independent political entity,,,United States,UNC,Country,0.7820045,0.19888227,0.01911327,-0.6111657
comment,2024-04-29,0,It started as the US supporting the Jewish state but I think what it is now is more.,2024-04,United States,39.76,-98.5,independent political entity,,,United States,UNC,Country,0.29150057,0.6653849,0.043114513,-0.08311373
comment,2024-04-29,0,It seems like the US uses Israel as a forward military testing system.,2024-04,United States,39.76,-98.5,independent political entity,,,United States,UNC,Country,0.64059633,0.3503608,0.009042846,-0.4102819
comment,2024-04-29,0,It also makes israel an independent military power dependent on US aid.,2024-04,United States,39.76,-98.5,independent political entity,,,United States,UNC,Country,0.39806348,0.57548606,0.0264505,-0.15775488
comment,2024-04-29,0,I would like them to focus on developing the US.,2024-04,United States,39.76,-98.5,independent political entity,,,United States,UNC,Country,0.13019249,0.69785523,0.1719523,0.012617511
comment,2025-09-14,10,"Including the founder of the first US farm animal rights organization, Alex Hershaft, who lost his father to the camps and most of his family to n@zis.",2025-09,United States,39.76,-98.5,independent political entity,,,United States,UNC,Country,0.73744076,0.2502236,0.012335607,-0.5436667
comment,2023-09-17,5,This is sadly how US medical training works.,2023-09,United States,39.76,-98.5,independent political entity,,,United States,UNC,Country,0.9149383,0.08155879,0.0035029827,-0.8370998
comment,2023-09-18,1,Global warming is the only thing that could break the cycle of US medical industry,2023-09,United States,39.76,-98.5,independent political entity,,,United States,UNC,Country,0.13203342,0.638859,0.22910762,0.035057474
comment,2023-10-19,1,"I don't fully understand it either, but I remember reading that there are industrial style facilities in Mexico producing fentanyl in large quantities intended for the US.",2023-10,United States,39.76,-98.5,independent political entity,,,United States,UNC,Country,0.6531961,0.33498907,0.01181482,-0.42652556
comment,2023-08-29,7,Sending love from USA,2023-08,United States,39.76,-98.5,independent political entity,,,United States,UNC,Country,0.0031309687,0.08977324,0.9070958,0.822813
comment,2020-08-27,19,They’re the type of people who really made us the top college in the US for covid.,2020-08,United States,39.76,-98.5,independent political entity,,,United States,UNC,Country,0.030485913,0.3445949,0.62491924,0.3895946
comment,2023-09-16,-9,"“Hate speech” does not exist in the U.S.

And thank God it doesn’t.",2023-09,United States,39.76,-98.5,independent political entity,,,United States,UNC,Country,0.62659746,0.30181578,0.0715868,-0.38749972
comment,2025-03-06,1,"stop reporting this post for misinformation lol 
trump deadass said the US would take control of Greenland during his address",2025-03,United States,39.76,-98.5,independent political entity,,,United States,UNC,Country,0.67861897,0.29631698,0.025064033,-0.4598955
comment,2025-03-07,11,"I dont think many people outside of the US understand how insane some of his supporters are and that they believe everything that comes out of trumps mouth
 No matter how crazy or irrational it is.",2025-03,United States,39.76,-98.5,independent political entity,,,United States,UNC,Country,0.9326483,0.062070213,0.0052814865,-0.869805
comment,2025-03-06,1,"With all due respect, not only did you elect him, now that he's shown he's about to turn the US into a fascist dictatorship, absolutely nothing is being done about it.",2025-03,United States,39.76,-98.5,independent political entity,,,United States,UNC,Country,0.90202063,0.09300935,0.0049699736,-0.8136166
comment,2025-03-06,16,The man caused an invasion of the US Capitol itself.,2025-03,United States,39.76,-98.5,independent political entity,,,United States,UNC,Country,0.911611,0.08567513,0.0027138363,-0.83102727
comment,2025-02-13,11,"From Wiki:   
  
Hans worked as an advisor to U.S.",2025-02,United States,39.76,-98.5,independent political entity,,,United States,UNC,Country,0.16134222,0.8013751,0.0372826,-0.02464133
comment,2022-03-06,0,I loved watching him coach US teams to gold medals in the Olympics.,2022-03,United States,39.76,-98.5,independent political entity,,,United States,UNC,Country,0.0025819775,0.024709392,0.97270864,0.9461554
comment,2023-09-19,6,I escaped from Chinese public education system and went to US for college.,2023-09,United States,39.76,-98.5,independent political entity,,,United States,UNC,Country,0.14517452,0.75726557,0.09755995,-0.0115576945
comment,2021-09-12,-5,1/10 of what US provides.,2021-09,United States,39.76,-98.5,independent political entity,,,United States,UNC,Country,0.18515383,0.77227926,0.042566895,-0.032470003
comment,2024-06-10,19,"Because I'm an international student, I thought this is how open the US is...",2024-06,United States,39.76,-98.5,independent political entity,,,United States,UNC,Country,0.030025817,0.5648713,0.40510282,0.16320677
comment,2025-12-18,8,"ACC (11 of the top 51 [US News])

4.",2025-12,United States,39.76,-98.5,independent political entity,,,United States,UNC,Country,0.053269766,0.90791893,0.03881125,-0.0013313555
comment,2025-12-18,8,There is one ACC school outside the top 100 universities in America (Louisville).,2025-12,United States,39.76,-98.5,independent political entity,,,United States,UNC,Country,0.08721352,0.8153516,0.09743488,0.0018873567
comment,2023-11-13,1,I think anyone with foresight can tell that this guy is going to be a US senator one day.,2023-11,United States,39.76,-98.5,independent political entity,,,United States,UNC,Country,0.39594343,0.51039404,0.0936625,-0.14799854
comment,2022-11-25,1,"Always remember you represent the good Peoples of your District - not your Party, not North Carolina as a whole, and certainly not America.",2022-11,United States,39.76,-98.5,independent political entity,,,United States,UNC,Country,0.3429035,0.50802577,0.14907071,-0.09536073
comment,2020-08-24,24,Remember you're not alone or weak in feeling this - almost everyone in the US has been in a heightened state of stress for the past 5-6 months and it's brutal.,2020-08,United States,39.76,-98.5,independent political entity,,,United States,UNC,Country,0.829122,0.15983821,0.011039688,-0.68732154
comment,2024-05-03,3,A minority of billionaires drunk with power and funding an absolute criminal who is literally in court daily who will be the empty suit the Heritage Foundation uses to keep white old farts in power and who knew we totally cater this Zionist fascist genocide obsessed with both in Israel and the US?,2024-05,United States,39.76,-98.5,independent political entity,,,United States,UNC,Country,0.9299171,0.066039406,0.0040435223,-0.86472946
comment,2024-05-03,3,AIPAC runs the show in both political parties and the Dems in same old pathetic actions with Joe Biden & his propping up mass murders of Palestinians & allowing violence towards US citizens is going to lose the election that will screw over the country and the world.,2024-05,United States,39.76,-98.5,independent political entity,,,United States,UNC,Country,0.9678886,0.03018057,0.001930867,-0.93680453
comment,2020-08-24,6,"....

> The powers not delegated to the United States by the Constitution, nor prohibited by it to the States, are reserved to the States respectively, or to the people.",2020-08,United States,39.76,-98.5,independent political entity,,,United States,UNC,Country,0.12451329,0.8444738,0.031012962,-0.014541754
comment,2020-08-24,6,"....

> The powers not delegated to the United States by the Constitution, nor prohibited by it to the States, are reserved to the States respectively, or to the people.",2020-08,United States,39.76,-98.5,independent political entity,,,United States,UNC,Country,0.12451329,0.8444738,0.031012962,-0.014541754
comment,2021-08-03,35,I know that UNC students come from across the US and the world but the State of NC has a portal that shows if you are vaccinated or not.,2021-08,United States,39.76,-98.5,independent political entity,,,United States,UNC,Country,0.095633805,0.83592606,0.06844011,-0.004461777
post,2022-04-22,116,"They have an above average football team at best, their basketball team makes people throw up and their baseball team was the gem of America the last couple years and yet this year is alright.",2022-04,United States,39.76,-98.5,independent political entity,,,United States,UNC,Country,0.113680795,0.2837473,0.6025719,0.35016957
comment,2022-04-22,11,It’s almost like saying because someone says the US military is better than Russia’s (as we have seen?),2022-04,United States,39.76,-98.5,independent political entity,,,United States,UNC,Country,0.39544407,0.5491922,0.055363756,-0.15331087
comment,2023-10-23,1,It’s almost like saying because someone says the US military is better than Russia’s (as we have seen?),2023-10,United States,39.76,-98.5,independent political entity,,,United States,UNC,Country,0.39544407,0.5491922,0.055363756,-0.15331087
comment,2021-03-11,19,"It also helps to put in perspective that almost every person in America, and especially every college student, experienced some form of loss or grief due to COVID, so we aren’t suffering alone.",2021-03,United States,39.76,-98.5,independent political entity,,,United States,UNC,Country,0.2615024,0.57695496,0.16154267,-0.04228746
comment,2024-04-30,77,They attend some of the best university’s in the world and they think that somehow lowering the US flag is going to help them lol.,2024-04,United States,39.76,-98.5,independent political entity,,,United States,UNC,Country,0.1998682,0.42663172,0.3735001,0.09955503
comment,2024-05-01,26,Lee Roberts and the cops then essentially deputized the pro Israeli/america protesters to help get the US flag back up.,2024-05,United States,39.76,-98.5,independent political entity,,,United States,UNC,Country,0.359547,0.6184793,0.021973722,-0.12879118
comment,2024-05-01,26,"Once the US flag was back up, the cops allowed the frat boys to encircle the flag pole, in direct contrast to their treatment of the Palestinian protesters.",2024-05,United States,39.76,-98.5,independent political entity,,,United States,UNC,Country,0.6650461,0.32070917,0.014244763,-0.4420834
comment,2024-04-30,8,"Now I understand people may have different opinions on the U.S. and its role in this conflict/other conflicts around the world, but this action will straightly feed into the right-wing circlejerk, be broadcast 1000x on Fox News, and won't help the Palestinian cause at all.",2024-04,United States,39.76,-98.5,independent political entity,,,United States,UNC,Country,0.8374388,0.15641165,0.006149552,-0.701266
comment,2024-05-01,4,Some random kids in the US exercising poor judgement shouldn't invalidate that message.,2024-05,United States,39.76,-98.5,independent political entity,,,United States,UNC,Country,0.61815035,0.3634958,0.01835385,-0.381773
comment,2024-05-01,-8,Not sure why the protestors confine themselves to US institutions other than they are being paid to do so.,2024-05,United States,39.76,-98.5,independent political entity,,,United States,UNC,Country,0.6938271,0.2994572,0.0067157717,-0.4813509
comment,2024-04-30,21,"As far as the more detailed ""what's up"", the DTH is tweeting vids from the site; protestors pushed back police barricades and took down the US flag at Polk Place and ran the Palestinian flag up the flag pole.",2024-04,United States,39.76,-98.5,independent political entity,,,United States,UNC,Country,0.572594,0.40949178,0.017914232,-0.32754296
comment,2023-09-29,1,"No, it has to be from the U.S.",2023-09,United States,39.76,-98.5,independent political entity,,,United States,UNC,Country,0.25051117,0.7078755,0.04161329,-0.061024193
comment,2023-09-25,3,"Now, that doesn’t necessarily mean they can practice in the US.",2023-09,United States,39.76,-98.5,independent political entity,,,United States,UNC,Country,0.30637467,0.6686738,0.024951512,-0.09324286
comment,2023-09-25,3,"If they satisfy the educational requirements of medical school, they would be referred to as IMG (international medical graduate) and would have to complete a US residency.",2023-09,United States,39.76,-98.5,independent political entity,,,United States,UNC,Country,0.03891932,0.90551853,0.055562135,0.0015724377
comment,2023-09-25,3,"Unfortunately, IMG’s have a historically difficult time matching into US residency programs, especially competitive specialties.",2023-09,United States,39.76,-98.5,independent political entity,,,United States,UNC,Country,0.8093792,0.17756,0.0130607495,-0.6549242
comment,2023-09-26,7,"However as we see it in the US, the degree is technically a bachelors level degree and is insufficient here for residency application in the US without you having taken all the appropriate licensing exams.",2023-09,United States,39.76,-98.5,independent political entity,,,United States,UNC,Country,0.42226946,0.53967005,0.038060524,-0.17686288
comment,2023-09-26,7,"However as we see it in the US, the degree is technically a bachelors level degree and is insufficient here for residency application in the US without you having taken all the appropriate licensing exams.",2023-09,United States,39.76,-98.5,independent political entity,,,United States,UNC,Country,0.42226946,0.53967005,0.038060524,-0.17686288
comment,2023-09-26,3,You then do residency as you would in America but you do not have to obtain a separate bachelors.,2023-09,United States,39.76,-98.5,independent political entity,,,United States,UNC,Country,0.09305691,0.85535824,0.051584873,-0.005998588
comment,2020-08-15,11,They could have planed for something else it seems like they have done the bare minimum to me look at America as a whole they should have know from how serious it is not being taken by the citizens in our nation that the students on campus wouldnt take it serious.,2020-08,United States,39.76,-98.5,independent political entity,,,United States,UNC,Country,0.8557545,0.13909993,0.0051456294,-0.73228925
comment,2025-02-22,5,"He did not fled, he moved to work at a Bank his father in law used to own in California that was catered towards Taiwanese families in the US.",2025-02,United States,39.76,-98.5,independent political entity,,,United States,UNC,Country,0.043559354,0.8709329,0.08550775,0.005414159
comment,2025-03-19,-1,"He needs to egress from the U.S.

Hey overseers, when you remove comments, you are not practicing free speech.",2025-03,United States,39.76,-98.5,independent political entity,,,United States,UNC,Country,0.72481143,0.26792434,0.0072641685,-0.5252989
comment,2020-08-14,-2,"How can students at our flagship university not understand that as a State University, UNC *must* honor students US and NC Constitutional Rights, and that those Rights include the Right of Free Association, flowing from the 1st Amendment?",2020-08,United States,39.76,-98.5,independent political entity,,,United States,UNC,Country,0.41461408,0.52582717,0.05955868,-0.16835763
comment,2020-08-14,-4,"To my knowledge, no college student at any State University in the US has yet been expelled for failing to follow State  mandates on COVID-19.",2020-08,United States,39.76,-98.5,independent political entity,,,United States,UNC,Country,0.5754637,0.4019928,0.022543501,-0.33065027
comment,2020-08-14,0,"In most States, only the governor has emergency powers - and in most States the governor cannot delegate those powers - so deans would not have emergency powers of the State, which would mean the deans would not have authority to expel students for failing to wear face masks, even if those face masks are mandated by the governor.",2020-08,United States,39.76,-98.5,independent political entity,,,United States,UNC,Country,0.5140144,0.4658357,0.020149888,-0.26380482
comment,2020-08-14,0,"In most States, only the governor has emergency powers - and in most States the governor cannot delegate those powers - so deans would not have emergency powers of the State, which would mean the deans would not have authority to expel students for failing to wear face masks, even if those face masks are mandated by the governor.",2020-08,United States,39.76,-98.5,independent political entity,,,United States,UNC,Country,0.5140144,0.4658357,0.020149888,-0.26380482
comment,2024-05-23,44,"Growing up as an Asian in America has been such a “weird” experience in that, we’re not asian enough to be with people of our own race(those that came from the mainland) but we’re not white enough to be with Americans.",2024-05,United States,39.76,-98.5,independent political entity,,,United States,UNC,Country,0.7481327,0.23227471,0.019592516,-0.5593187
comment,2024-05-04,-18,Comparing an organization that was started to promote the rights of Black people in the US against segregation and lynching to a political ideology that is inherently colonialist is disingenuous.,2024-05,United States,39.76,-98.5,independent political entity,,,United States,UNC,Country,0.82804245,0.16568187,0.0062757526,-0.6856149
comment,2025-04-06,8,"Legal US citizens have already been deported, there’s nothing deep to understand here.",2025-04,United States,39.76,-98.5,independent political entity,,,United States,UNC,Country,0.66859627,0.31827024,0.013133485,-0.4468485
comment,2025-04-29,0,"First article says ""in the US legally"" NOT US citizens.",2025-04,United States,39.76,-98.5,independent political entity,,,United States,UNC,Country,0.4591712,0.5234844,0.01734439,-0.21053737
comment,2025-04-29,0,"First article says ""in the US legally"" NOT US citizens.",2025-04,United States,39.76,-98.5,independent political entity,,,United States,UNC,Country,0.4591712,0.5234844,0.01734439,-0.21053737
comment,2021-09-13,17,North Carolinians' geographical position in the U.S. is such that they get a lot of the good and bad of the East Coast and the South at the same time.,2021-09,United States,39.76,-98.5,independent political entity,,,United States,UNC,Country,0.15350372,0.6622691,0.18422717,0.010376259
comment,2021-11-13,16,"Also, in most of the world college in no way shape or form resembles the ""social paradise"" that's come to be expected in America.",2021-11,United States,39.76,-98.5,independent political entity,,,United States,UNC,Country,0.63626194,0.3286848,0.03505326,-0.4036005
comment,2020-08-17,2,We thought it would be 5k in the US.,2020-08,United States,39.76,-98.5,independent political entity,,,United States,UNC,Country,0.15970033,0.7977198,0.042579938,-0.02369114
post,2020-12-31,93,"The CDC defines “frontline essential workers” as:

- First responders (e.g., firefighters and police officers) 
- Education and childcare workers (that means ***teachers and support staff***)
- Corrections officers 
- Food and agricultural workers 
- Manufacturing workers 
- U.S.",2020-12,United States,39.76,-98.5,independent political entity,,,United States,UNC,Country,0.103355505,0.8353176,0.06132683,-0.006921382
post,2020-12-31,93,It hasn't been approved in the US yet because the FDA is waiting for data from a separate clinical trial.,2020-12,United States,39.76,-98.5,independent political entity,,,United States,UNC,Country,0.49235085,0.4957471,0.011902072,-0.2422677
comment,2025-01-30,9,This thread is a fantastic example of the real opinions of the folks in Chapel Hill.,2025-01,Chapel Hill,35.91221726932567,-79.05285639443778,church,Virginia,Scott County,United States,UNC,City,0.008957893,0.1734783,0.81756383,0.6683303
comment,2020-08-06,8,"A Southern, rural, Trump-voting county seems safer than Chapel Hill, which is just sad.",2020-08,Chapel Hill,35.91221726932567,-79.05285639443778,church,Virginia,Scott County,United States,UNC,City,0.6818314,0.27339935,0.04476918,-0.46288985
comment,2020-08-06,25,I get paid and send my money in Chapel Hill.,2020-08,Chapel Hill,35.91221726932567,-79.05285639443778,church,Virginia,Scott County,United States,UNC,City,0.057933006,0.8727674,0.06929967,0.0014462101
comment,2020-08-06,64,I'm not even in Chapel Hill atm,2020-08,Chapel Hill,35.91221726932567,-79.05285639443778,church,Virginia,Scott County,United States,UNC,City,0.23009399,0.6840394,0.08586661,-0.04557017
post,2020-09-04,299,It's so empty that animal life returned to Chapel Hill,2020-09,Chapel Hill,35.91221726932567,-79.05285639443778,church,Virginia,Scott County,United States,UNC,City,0.89258915,0.10052477,0.0068860827,-0.796668
comment,2020-09-05,13,"If you go driving at night there’s a ton of deer in Chapel Hill, it made me nervous because I had some walk into the street on Highway 54 a few times at 2 am",2020-09,Chapel Hill,35.91221726932567,-79.05285639443778,church,Virginia,Scott County,United States,UNC,City,0.7412441,0.24069114,0.018064763,-0.5491165
comment,2023-10-21,1,"Cousin is a paramedic for Chapel Hill, her horror stories are insane",2023-10,Chapel Hill,35.91221726932567,-79.05285639443778,church,Virginia,Scott County,United States,UNC,City,0.93241906,0.06371159,0.0038693333,-0.8693903
comment,2020-08-17,28,I miss when it was just The University of No Classes at Chapel Hill :(,2020-08,Chapel Hill,35.91221726932567,-79.05285639443778,church,Virginia,Scott County,United States,UNC,City,0.61781657,0.34187213,0.04031129,-0.38007236
comment,2025-02-25,5,My time in Chapel Hill were some of the best years of my life.,2025-02,Chapel Hill,35.91221726932567,-79.05285639443778,church,Virginia,Scott County,United States,UNC,City,0.001267438,0.010326786,0.9884058,0.9769444
comment,2025-02-28,2,Best of luck and enjoy Chapel Hill.,2025-02,Chapel Hill,35.91221726932567,-79.05285639443778,church,Virginia,Scott County,United States,UNC,City,0.0017923845,0.031155393,0.96705216,0.93518674
comment,2025-03-02,2,You are going to LOVE Chapel Hill!,2025-03,Chapel Hill,35.91221726932567,-79.05285639443778,church,Virginia,Scott County,United States,UNC,City,0.0013176297,0.01964452,0.9790379,0.95851344
comment,2022-03-28,3,Nah I was in Chapel Hill.,2022-03,Chapel Hill,35.91221726932567,-79.05285639443778,church,Virginia,Scott County,United States,UNC,City,0.112951875,0.8388425,0.04820567,-0.010434335
comment,2022-03-28,3,"That said, if you don’t get tickets, Chapel Hill is great too",2022-03,Chapel Hill,35.91221726932567,-79.05285639443778,church,Virginia,Scott County,United States,UNC,City,0.0106090745,0.09600441,0.8933865,0.79802686
comment,2021-01-15,62,Someone posted a couple videos of them partying in chapel hill last night.,2021-01,Chapel Hill,35.91221726932567,-79.05285639443778,church,Virginia,Scott County,United States,UNC,City,0.037164584,0.85911524,0.10372018,0.009376669
comment,2024-06-26,22,The casting page has posted about needed extras in Chapel Hill,2024-06,Chapel Hill,35.91221726932567,-79.05285639443778,church,Virginia,Scott County,United States,UNC,City,0.02089057,0.93563837,0.04347099,0.0014533127
comment,2024-06-25,1,Excellent old Chapel Hill reference,2024-06,Chapel Hill,35.91221726932567,-79.05285639443778,church,Virginia,Scott County,United States,UNC,City,0.02545599,0.8558225,0.11872146,0.013446783
comment,2025-03-06,3,"Unfortunately, several of the Chapel Hill people I still kept in touch with after my stay, later voted Trump.",2025-03,Chapel Hill,35.91221726932567,-79.05285639443778,church,Virginia,Scott County,United States,UNC,City,0.69260246,0.29175797,0.015639558,-0.4794536
comment,2023-09-02,9,"Constantly checking for press conferences, texting people in Chapel Hill every 20 minutes.",2023-09,Chapel Hill,35.91221726932567,-79.05285639443778,church,Virginia,Scott County,United States,UNC,City,0.18008895,0.7837582,0.03615281,-0.031125007
post,2021-01-28,189,I got into Chapel Hill and I don’t think I’ve ever been so excited!!,2021-01,Chapel Hill,35.91221726932567,-79.05285639443778,church,Virginia,Scott County,United States,UNC,City,0.0026229564,0.011541211,0.9858358,0.97186536
comment,2025-08-03,3,Looks like the tail is wagging the dog in Chapel Hill.,2025-08,Chapel Hill,35.91221726932567,-79.05285639443778,church,Virginia,Scott County,United States,UNC,City,0.1540565,0.7927374,0.053206008,-0.020902533
comment,2024-11-01,6,304 E. Franklin St -- [all early voting sites in Chapel Hill/Orange County](https://www.orangecountync.gov/3013/Early-Voting-Wait-Time-Tracker) are open tomorrow from 8am to 7:30pm and Saturday from 8am to 3pm!,2024-11,Chapel Hill,35.91221726932567,-79.05285639443778,church,Virginia,Scott County,United States,UNC,City,0.01006252,0.8866262,0.10331136,0.010571976
comment,2024-11-01,6,304 E. Franklin St -- [all early voting sites in Chapel Hill/Orange County](https://www.orangecountync.gov/3013/Early-Voting-Wait-Time-Tracker) are open tomorrow from 8am to 7:30pm and Saturday from 8am to 3pm!,2024-11,Chapel Hill,35.91221726932567,-79.05285639443778,church,Virginia,Scott County,United States,UNC,City,0.01006252,0.8866262,0.10331136,0.010571976
comment,2024-11-01,8,304 E. Franklin St -- [all early voting sites in Chapel Hill/Orange County](https://www.orangecountync.gov/3013/Early-Voting-Wait-Time-Tracker) are open tomorrow from 8am to 7:30pm and Saturday from 8am to 3pm!,2024-11,Chapel Hill,35.91221726932567,-79.05285639443778,church,Virginia,Scott County,United States,UNC,City,0.01006252,0.8866262,0.10331136,0.010571976
comment,2024-08-10,45,Then they put a fucking dookie in charge of Chapel Hill?,2024-08,Chapel Hill,35.91221726932567,-79.05285639443778,church,Virginia,Scott County,United States,UNC,City,0.9553488,0.041298233,0.0033530237,-0.9126801
comment,2021-04-01,33,"Lived in Chapel Hill my whole life, and he's been the coach for almost my whole life.",2021-04,Chapel Hill,35.91221726932567,-79.05285639443778,church,Virginia,Scott County,United States,UNC,City,0.01671929,0.5387095,0.44457123,0.19736403
comment,2020-11-27,50,Little chrome extension I made to help chapel hill students register faster by speeding up the time it takes to research professors.,2020-11,Chapel Hill,35.91221726932567,-79.05285639443778,church,Virginia,Scott County,United States,UNC,City,0.02050649,0.44837633,0.53111714,0.28166494
comment,2021-04-14,4,Enjoy your time in Chapel Hill!!,2021-04,Chapel Hill,35.91221726932567,-79.05285639443778,church,Virginia,Scott County,United States,UNC,City,0.0017385827,0.034177057,0.9640844,0.92945564
comment,2021-04-14,4,Welcome to Chapel Hill.,2021-04,Chapel Hill,35.91221726932567,-79.05285639443778,church,Virginia,Scott County,United States,UNC,City,0.0022580246,0.22426698,0.773475,0.59825844
comment,2020-08-29,11,"The moms of chapel hill are literally lining up to support students any way they can (listening ear, help connecting to resources, food, literally whatever) I know I would have felt a little silly asking for help when I was 20, but seriously i know what it’s like to be the Covid depression hole and it sucks.",2020-08,Chapel Hill,35.91221726932567,-79.05285639443778,church,Virginia,Scott County,United States,UNC,City,0.5046675,0.36786434,0.12746818,-0.23844115
comment,2020-12-17,53,I've always heard that there was a big coke ring in Chapel Hill.,2020-12,Chapel Hill,35.91221726932567,-79.05285639443778,church,Virginia,Scott County,United States,UNC,City,0.24088779,0.7162133,0.042898946,-0.0561866
comment,2024-01-02,34,Linda’s has been the go to for me in my time here and has really been a place that has solidified the feeling that I belong in chapel hill.,2024-01,Chapel Hill,35.91221726932567,-79.05285639443778,church,Virginia,Scott County,United States,UNC,City,0.0025121982,0.1087515,0.8887363,0.7898459
comment,2024-01-02,25,I grew up going to Chapel Hill because my dad went there for school and the amount it’s changed from then to going into my senior year is really depressing.,2024-01,Chapel Hill,35.91221726932567,-79.05285639443778,church,Virginia,Scott County,United States,UNC,City,0.85982585,0.12264949,0.017524712,-0.73899335
comment,2020-08-24,18,I'm a person in Chapel Hill.,2020-08,Chapel Hill,35.91221726932567,-79.05285639443778,church,Virginia,Scott County,United States,UNC,City,0.06422045,0.88247854,0.05330095,-0.0012832757
post,2026-03-30,120,I hate being here I hate being here at Chapel Hill.,2026-03,Chapel Hill,35.91221726932567,-79.05285639443778,church,Virginia,Scott County,United States,UNC,City,0.98078156,0.016309384,0.0029090245,-0.9619241
post,2026-03-30,120,You could even say that I hate Chapel Hill itself.,2026-03,Chapel Hill,35.91221726932567,-79.05285639443778,church,Virginia,Scott County,United States,UNC,City,0.9207686,0.074727766,0.0045035877,-0.8477946
comment,2026-03-30,13,"As a current chapel hill student, I’m so proud of you for expressing yourself and you are not alone.",2026-03,Chapel Hill,35.91221726932567,-79.05285639443778,church,Virginia,Scott County,United States,UNC,City,0.0015934244,0.016321318,0.9820853,0.964489
comment,2026-03-30,10,"Sometimes, Chapel Hill is amazing for people.",2026-03,Chapel Hill,35.91221726932567,-79.05285639443778,church,Virginia,Scott County,United States,UNC,City,0.002115269,0.025583524,0.9723012,0.9453652
comment,2026-03-30,19,"UNC Class of ‘01 here — this saddens me as someone who thinks Chapel Hill is one of the most beautiful places on Earth, but I empathize as my 5 years there were rough as well.",2026-03,Chapel Hill,35.91221726932567,-79.05285639443778,church,Virginia,Scott County,United States,UNC,City,0.4810054,0.3664735,0.15252107,-0.20810352
comment,2026-03-31,2,I remember chapel Hill.,2026-03,Chapel Hill,35.91221726932567,-79.05285639443778,church,Virginia,Scott County,United States,UNC,City,0.08202446,0.8235084,0.09446718,0.0021960349
comment,2026-03-31,-7,"I highly suggest the chapel hill church campus and this sunday would be a great day to visit, since it's easter!",2026-03,Chapel Hill,35.91221726932567,-79.05285639443778,church,Virginia,Scott County,United States,UNC,City,0.00089813437,0.014593023,0.9845088,0.9692569
comment,2022-06-01,30,Between this and Cook Out buying the Burger King near Whole Foods (who knows when that will open though) there will be some more fast food eating options around Chapel Hill in the near future.,2022-06,Chapel Hill,35.91221726932567,-79.05285639443778,church,Virginia,Scott County,United States,UNC,City,0.006176188,0.60269463,0.39112914,0.15294388
comment,2024-04-30,12,"It clarifies that their cause puts foreign interests ahead of American interests and coming at a time when American citizens (one from Chapel Hill for gods sake) are being held hostage by the people who fly that flag, it is unforgivable.",2024-04,Chapel Hill,35.91221726932567,-79.05285639443778,church,Virginia,Scott County,United States,UNC,City,0.94096607,0.056143247,0.0028906295,-0.8854088
comment,2024-05-24,2,I have a lot of Family in Chapel Hill that would love these.,2024-05,Chapel Hill,35.91221726932567,-79.05285639443778,church,Virginia,Scott County,United States,UNC,City,0.0019339689,0.052364092,0.94570196,0.8943484
comment,2023-11-20,35,That bus is a part of the next order of electric busses in Chapel Hill.,2023-11,Chapel Hill,35.91221726932567,-79.05285639443778,church,Virginia,Scott County,United States,UNC,City,0.03294385,0.91375,0.053306144,0.0017562481
comment,2020-08-15,9,** Instead of getting mad on reddit get mad in Chapel Hill and **express it to people**.,2020-08,Chapel Hill,35.91221726932567,-79.05285639443778,church,Virginia,Scott County,United States,UNC,City,0.4131449,0.5218708,0.06498429,-0.16646574
comment,2025-02-22,5,He divorced his wife because they were different and he moved here to chapel hill.,2025-02,Chapel Hill,35.91221726932567,-79.05285639443778,church,Virginia,Scott County,United States,UNC,City,0.3819864,0.5925328,0.025480764,-0.14526434
comment,2026-02-05,1,If you decide to come to Chapel Hill you’ll have a great time.,2026-02,Chapel Hill,35.91221726932567,-79.05285639443778,church,Virginia,Scott County,United States,UNC,City,0.0015369072,0.02580539,0.97265774,0.94606066
post,2021-03-31,102,Why can no one in Chapel Hill freaking drive?!,2021-03,Chapel Hill,35.91221726932567,-79.05285639443778,church,Virginia,Scott County,United States,UNC,City,0.9248286,0.06991779,0.005253568,-0.8552804
post,2020-12-21,94,"Coworker: Delivery driver for Insomnia Cookies robbed, shot in Chapel Hill",2020-12,Chapel Hill,35.91221726932567,-79.05285639443778,church,Virginia,Scott County,United States,UNC,City,0.6453114,0.3481369,0.0065516736,-0.4163839
comment,2020-09-09,3,Glad to see there’s some kindness going on back in Chapel Hill during all this.,2020-09,Chapel Hill,35.91221726932567,-79.05285639443778,church,Virginia,Scott County,United States,UNC,City,0.0019030465,0.040101115,0.95799583,0.9177524
comment,2020-08-17,20,What does that tell us about COVID in Chapel Hill?,2020-08,Chapel Hill,35.91221726932567,-79.05285639443778,church,Virginia,Scott County,United States,UNC,City,0.030080626,0.9414572,0.028462058,-9.475547e-05
comment,2022-09-07,13,I’ve also noticed a lot of homeless folks on the triangle bus from RTC to Chapel Hill.,2022-09,Chapel Hill,35.91221726932567,-79.05285639443778,church,Virginia,Scott County,United States,UNC,City,0.45356908,0.5101314,0.03629953,-0.20440724
comment,2020-04-24,44,"All of my hard work, just to get to Chapel Hill, being taunted by a virus.",2020-04,Chapel Hill,35.91221726932567,-79.05285639443778,church,Virginia,Scott County,United States,UNC,City,0.8291575,0.16213562,0.00870694,-0.6874263
comment,2020-04-24,4,"You have an incredible story, and you will return to Chapel Hill at some point.",2020-04,Chapel Hill,35.91221726932567,-79.05285639443778,church,Virginia,Scott County,United States,UNC,City,0.0018254021,0.028176652,0.96999794,0.9408927
comment,2023-09-14,-52,"I mean I wouldn't say it was incredibly traumatic...

Also alert Carolina did better this time with more consistent messaging imo

Edit: okay, fair enough, I didn't think this through.",2023-09,University of North Carolina at Chapel Hill,35.9050988639873,-79.0474283874253,populated place,South Carolina,Dillon County,United States,UNC,University,0.1664131,0.48287016,0.3507167,0.0953089
comment,2025-06-14,62,"As the original poster said, I started getting worried that they could take back our admission to Carolina or worse—even for those who were not involved with taking the photo.",2025-06,University of North Carolina at Chapel Hill,35.9050988639873,-79.0474283874253,populated place,South Carolina,Dillon County,United States,UNC,University,0.8294374,0.16530932,0.0052533653,-0.6879387
comment,2025-06-14,23,That sounds awful and I’m sorry it happened to you but also welcome to Carolina lol,2025-06,University of North Carolina at Chapel Hill,35.9050988639873,-79.0474283874253,populated place,South Carolina,Dillon County,United States,UNC,University,0.6896894,0.2515224,0.058788195,-0.4722154
comment,2021-10-10,43,As a Carolina grad and father to a current student there this wrecks me.,2021-10,University of North Carolina at Chapel Hill,35.9050988639873,-79.0474283874253,populated place,South Carolina,Dillon County,United States,UNC,University,0.91298425,0.08238205,0.0046337466,-0.83351874
post,2023-08-28,282,!Alert Carolina!,2023-08,University of North Carolina at Chapel Hill,35.9050988639873,-79.0474283874253,populated place,South Carolina,Dillon County,United States,UNC,University,0.04283899,0.6456849,0.31147602,0.09518216
comment,2023-08-28,37,Carolina grad here.,2023-08,University of North Carolina at Chapel Hill,35.9050988639873,-79.0474283874253,populated place,South Carolina,Dillon County,United States,UNC,University,0.059968416,0.87714803,0.06288357,0.00035813256
post,2023-09-03,268,The one and only Carolina,2023-09,University of North Carolina at Chapel Hill,35.9050988639873,-79.0474283874253,populated place,South Carolina,Dillon County,United States,UNC,University,0.011579853,0.5266956,0.4617245,0.21305543
comment,2021-01-16,15,Love that look for Carolina.,2021-01,University of North Carolina at Chapel Hill,35.9050988639873,-79.0474283874253,populated place,South Carolina,Dillon County,United States,UNC,University,0.0025542497,0.03912367,0.95832205,0.91837466
comment,2023-09-01,23,"Carolina was a place that I felt safe and accepted, so Monday felt like an attack on that.",2023-09,University of North Carolina at Chapel Hill,35.9050988639873,-79.0474283874253,populated place,South Carolina,Dillon County,United States,UNC,University,0.41484734,0.4652324,0.11992026,-0.15771747
comment,2023-09-02,16,I am thinking of the Carolina community and send my love and well wishes.,2023-09,University of North Carolina at Chapel Hill,35.9050988639873,-79.0474283874253,populated place,South Carolina,Dillon County,United States,UNC,University,0.0046181735,0.13038291,0.8649989,0.7482018
comment,2025-05-03,5,Carolina has long cared far more about wins than actually teaching young people to be good people.,2025-05,University of North Carolina at Chapel Hill,35.9050988639873,-79.0474283874253,populated place,South Carolina,Dillon County,United States,UNC,University,0.5540204,0.37882987,0.06714972,-0.30242953
comment,2024-09-19,55,"There is no good reason to not be in favor of legally registered voters being given tools to aid in voting, especially bc the id laws were pushed on N.C.  

Everyone should be thrilled that Carolina is offering a solution to meeting the required benchmark for registered voters.",2024-09,University of North Carolina at Chapel Hill,35.9050988639873,-79.0474283874253,populated place,South Carolina,Dillon County,United States,UNC,University,0.09971203,0.3918363,0.5084517,0.24858065
comment,2020-08-14,48,Did the university only send out an Alert Carolina because the DTH exposed them?,2020-08,University of North Carolina at Chapel Hill,35.9050988639873,-79.0474283874253,populated place,South Carolina,Dillon County,United States,UNC,University,0.4099462,0.5756895,0.014364359,-0.16784953
comment,2020-08-14,21,"NCDHHS says ""five or more cases that are deemed close proximity in location"" 

Got this from there alert Carolina update",2020-08,University of North Carolina at Chapel Hill,35.9050988639873,-79.0474283874253,populated place,South Carolina,Dillon County,United States,UNC,University,0.17431928,0.7946997,0.03098103,-0.029427381
comment,2025-10-13,29,Dark time to go to Carolina.,2025-10,University of North Carolina at Chapel Hill,35.9050988639873,-79.0474283874253,populated place,South Carolina,Dillon County,United States,UNC,University,0.1760217,0.789437,0.034541287,-0.029790541
post,2020-08-18,188,"i didn’t believe everyone who said how amazing college was because i thought it was just harder school...well, thank you, carolina.",2020-08,University of North Carolina at Chapel Hill,35.9050988639873,-79.0474283874253,populated place,South Carolina,Dillon County,United States,UNC,University,0.12798059,0.29534158,0.57667786,0.3161783
post,2021-01-28,189,"UNC is my top choice but I don’t want to go to Carolina and then bomb, so I’ve still got some thinking to do, but if anyone has any advice or tips, I’d love to hear.",2021-01,University of North Carolina at Chapel Hill,35.9050988639873,-79.0474283874253,populated place,South Carolina,Dillon County,United States,UNC,University,0.22621067,0.57240766,0.20138164,-0.010616703
comment,2021-01-28,14,99% of people come to Carolina and have a hard time their first semester.,2021-01,University of North Carolina at Chapel Hill,35.9050988639873,-79.0474283874253,populated place,South Carolina,Dillon County,United States,UNC,University,0.75020325,0.2335873,0.016209375,-0.56254226
comment,2021-01-28,13,"Carolina is an amazing school, and I know that you will love it if you do choose to attend :)",2021-01,University of North Carolina at Chapel Hill,35.9050988639873,-79.0474283874253,populated place,South Carolina,Dillon County,United States,UNC,University,0.0012162575,0.006773796,0.99201,0.98408234
comment,2021-01-29,6,"If you do choose to attend, just remember that you are never alone -- what makes Carolina so incredible in my opinion is the supportive, accepting community and that every prof I've had cares a lot about your success.",2021-01,University of North Carolina at Chapel Hill,35.9050988639873,-79.0474283874253,populated place,South Carolina,Dillon County,United States,UNC,University,0.002535279,0.02865599,0.96880877,0.93858397
comment,2020-08-11,8,"It's all for a good reason, but yeah, not the Carolina we loved.",2020-08,University of North Carolina at Chapel Hill,35.9050988639873,-79.0474283874253,populated place,South Carolina,Dillon County,United States,UNC,University,0.29303166,0.49428037,0.212688,-0.04063137
comment,2023-08-28,2,Agreed: !Alert Carolina!,2023-08,University of North Carolina at Chapel Hill,35.9050988639873,-79.0474283874253,populated place,South Carolina,Dillon County,United States,UNC,University,0.034931142,0.42094916,0.54411966,0.29484606
comment,2021-12-13,4,Thank you  everyone in the Carolina community is so kind,2021-12,University of North Carolina at Chapel Hill,35.9050988639873,-79.0474283874253,populated place,South Carolina,Dillon County,United States,UNC,University,0.001728591,0.0123758335,0.9858956,0.97198707
post,2023-04-15,171,All of that was to help me get into Carolina.,2023-04,University of North Carolina at Chapel Hill,35.9050988639873,-79.0474283874253,populated place,South Carolina,Dillon County,United States,UNC,University,0.023965036,0.83888656,0.13714838,0.018235357
comment,2023-04-15,12,Carolina is one of many fantastic schools; you can undoubtedly get into many of them and do well.,2023-04,University of North Carolina at Chapel Hill,35.9050988639873,-79.0474283874253,populated place,South Carolina,Dillon County,United States,UNC,University,0.0013490549,0.014050109,0.98460084,0.969437
comment,2023-04-15,12,"Maybe you'll get through a year or two at another school and realize Carolina is just buildings and classes and students, and you can find those wherever you end up, too.",2023-04,University of North Carolina at Chapel Hill,35.9050988639873,-79.0474283874253,populated place,South Carolina,Dillon County,United States,UNC,University,0.04210254,0.6523249,0.30557257,0.09160196
comment,2023-04-15,3,"It wasn’t in the way I hoped, but Carolina is still part of my story.",2023-04,University of North Carolina at Chapel Hill,35.9050988639873,-79.0474283874253,populated place,South Carolina,Dillon County,United States,UNC,University,0.17045929,0.69013506,0.13940568,-0.009622423
comment,2020-10-15,9,I thought Carolina professors would be so much better and that I'd have better learning outcomes.,2020-10,University of North Carolina at Chapel Hill,35.9050988639873,-79.0474283874253,populated place,South Carolina,Dillon County,United States,UNC,University,0.023959877,0.14768307,0.82835704,0.6856013
post,2025-07-25,144,New student checking in Carolina in the morning!,2025-07,University of North Carolina at Chapel Hill,35.9050988639873,-79.0474283874253,populated place,South Carolina,Dillon County,United States,UNC,University,0.004801594,0.8595852,0.13561317,0.018367877
comment,2023-01-30,1,Welcome to Carolina !,2023-01,University of North Carolina at Chapel Hill,35.9050988639873,-79.0474283874253,populated place,South Carolina,Dillon County,United States,UNC,University,0.0020788775,0.1117776,0.88614357,0.785246
comment,2020-08-17,65,"The Carolina community shouldn't have to lose someone for the BoG to actually consider the people they are supposed to serve, not the pockets they are supposed to fill.",2020-08,University of North Carolina at Chapel Hill,35.9050988639873,-79.0474283874253,populated place,South Carolina,Dillon County,United States,UNC,University,0.64266163,0.33678657,0.020551838,-0.41259155
post,2022-11-18,124,"---

Carolina can be a TOUGH, unforgiving place.",2022-11,University of North Carolina at Chapel Hill,35.9050988639873,-79.0474283874253,populated place,South Carolina,Dillon County,United States,UNC,University,0.81480175,0.1752295,0.009968774,-0.6638025
comment,2022-05-29,1,"But while I’m happy as hell for this one, the fact that we graduated already takes away from it a little since we won’t be coming back to Carolina as students",2022-05,University of North Carolina at Chapel Hill,35.9050988639873,-79.0474283874253,populated place,South Carolina,Dillon County,United States,UNC,University,0.079521246,0.26119235,0.65928644,0.42833498
post,2025-03-21,122,"I feel lost honestly, i wish I could have cIaimed carolina as home.",2025-03,University of North Carolina at Chapel Hill,35.9050988639873,-79.0474283874253,populated place,South Carolina,Dillon County,United States,UNC,University,0.7897651,0.19212362,0.018111244,-0.6234009
comment,2025-03-22,16,"If your heart is really set on Carolina, you do have options, so please don’t give up!",2025-03,University of North Carolina at Chapel Hill,35.9050988639873,-79.0474283874253,populated place,South Carolina,Dillon County,United States,UNC,University,0.014233026,0.28564876,0.70011824,0.48996294
post,2020-04-15,118,holy fuck connect carolina is dogshit using this archaic website never fails to make me consider slamming a scooter into my ankle so that i can feel any other emotion besides anger and frustration ...,2020-04,University of North Carolina at Chapel Hill,35.9050988639873,-79.0474283874253,populated place,South Carolina,Dillon County,United States,UNC,University,0.9787562,0.017998226,0.0032456089,-0.95795316
comment,2020-04-15,3,"I once left a connect Carolina tab open overnight before class registration, which resulted in a error message when I tried to log back on.",2020-04,University of North Carolina at Chapel Hill,35.9050988639873,-79.0474283874253,populated place,South Carolina,Dillon County,United States,UNC,University,0.72337013,0.26131272,0.015317082,-0.5230298
post,2020-06-08,112,"I haven't had my meeting to discuss the allegation yet, obviously when I do I'm going to admit to my mistake...right now it just feels like I have such a huge weight on my chest, I've been struggling to eat or sleep wondering what may happen and it's been such a struggle trying to concentrate for my summer classes as well as being paranoid that I might get falsely accused of cheating or something, I've gone to absolute exterme lengths for my summer classes to make sure that I do everything by the book, making sure my prof knows that I am not trying to cheat at all...going back home in the spring semester was awful for me, especially having to be around my parents, and I'm praying constantly that I can return to Carolina in the fall with all of my friends...I know what I did was completely wrong and that other people were in worse situations than me and what I did was so unfair to them...

&#x200B;

Please learn from my mistake and don't risk cheating...obviously if I could go back I would change everything, I would much rather fail my exam or even fail the entire class than consider cheating again.",2020-06,University of North Carolina at Chapel Hill,35.9050988639873,-79.0474283874253,populated place,South Carolina,Dillon County,United States,UNC,University,0.81071615,0.16678216,0.022501696,-0.6567544
post,2022-04-07,116,Carolina basketball ain’t done yet for sure.,2022-04,University of North Carolina at Chapel Hill,35.9050988639873,-79.0474283874253,populated place,South Carolina,Dillon County,United States,UNC,University,0.1794379,0.764416,0.056146014,-0.0290456
comment,2022-04-23,3,Idk how anyone can look at our chem department and think Carolina students are somehow getting a superior education.,2022-04,University of North Carolina at Chapel Hill,35.9050988639873,-79.0474283874253,populated place,South Carolina,Dillon County,United States,UNC,University,0.5189437,0.3836349,0.097421326,-0.2598117
comment,2021-03-11,77,"What I hate the most is how significant this past year has been, how it demands every bit of my attention and has dulled my memories of Carolina like a sun washed art print in a thrift store.",2021-03,University of North Carolina at Chapel Hill,35.9050988639873,-79.0474283874253,populated place,South Carolina,Dillon County,United States,UNC,University,0.946205,0.048340857,0.0054541514,-0.8952742
comment,2021-03-11,77,I miss Carolina.,2021-03,University of North Carolina at Chapel Hill,35.9050988639873,-79.0474283874253,populated place,South Carolina,Dillon County,United States,UNC,University,0.7052778,0.24912784,0.045594428,-0.49533784
post,2021-05-21,112,Beautiful Carolina day out!,2021-05,University of North Carolina at Chapel Hill,35.9050988639873,-79.0474283874253,populated place,South Carolina,Dillon County,United States,UNC,University,0.0014429986,0.020069508,0.97848755,0.9574358
post,2020-10-30,114,"Alert Carolina (Colorized October 30, 2020)",2020-10,University of North Carolina at Chapel Hill,35.9050988639873,-79.0474283874253,populated place,South Carolina,Dillon County,United States,UNC,University,0.012244217,0.92846316,0.059292585,0.0033656915
comment,2024-02-13,4,"i’m also a honors carolina student so if you have any questions, lmk :)",2024-02,University of North Carolina at Chapel Hill,35.9050988639873,-79.0474283874253,populated place,South Carolina,Dillon County,United States,UNC,University,0.0019780851,0.22983953,0.76818234,0.59010017
post,2023-09-13,111,"Guys I know we sing about it but I’m not ready to be TarHeel dead… Not gonna lie I just started laughing when the alert Carolina went off, how is this real :’)",2023-09,University of North Carolina at Chapel Hill,35.9050988639873,-79.0474283874253,populated place,South Carolina,Dillon County,United States,UNC,University,0.18331285,0.37913486,0.43755224,0.15784836
comment,2023-11-20,7,"Also, as I'm sure all of you know, our Fire Engines and Ladders are Carolina Blue, too!",2023-11,University of North Carolina at Chapel Hill,35.9050988639873,-79.0474283874253,populated place,South Carolina,Dillon County,United States,UNC,University,0.005104112,0.4158666,0.57902926,0.33524883
comment,2022-09-26,1,UNC = ABC Anybody but Carolina.,2022-09,University of North Carolina at Chapel Hill,35.9050988639873,-79.0474283874253,populated place,South Carolina,Dillon County,United States,UNC,University,0.14876609,0.81557864,0.035655282,-0.020860048
comment,2020-04-24,44,"I decided I really wanted to do something my mom and brother would be proud of, so I re-enrolled at the community college I was at with the goal of going to Carolina.",2020-04,University of North Carolina at Chapel Hill,35.9050988639873,-79.0474283874253,populated place,South Carolina,Dillon County,United States,UNC,University,0.0022168912,0.1427443,0.8550388,0.7310865
comment,2020-04-24,2,I'm proud of you for making it into Carolina despite all the obstacles you faced.,2020-04,University of North Carolina at Chapel Hill,35.9050988639873,-79.0474283874253,populated place,South Carolina,Dillon County,United States,UNC,University,0.004415951,0.034590147,0.9609939,0.9234898
comment,2024-04-29,23,"Israel is a key figure for the United States in the Middle East, essentially controlling Iranian movement.",2024-04,State of Israel,31.5,34.75,independent political entity,,,Israel,UNC,Country,0.16410105,0.819012,0.016887017,-0.026643975
comment,2024-04-29,23,"Israel mitigates threats, advances US interests, and is backed by Jewish American lobbying.",2024-04,State of Israel,31.5,34.75,independent political entity,,,Israel,UNC,Country,0.1395404,0.73317623,0.12728333,-0.0032704775
comment,2024-04-29,23,"But Israel is America's police dog, and when that dog bites someone, you are inclined to look the other way.",2024-04,State of Israel,31.5,34.75,independent political entity,,,Israel,UNC,Country,0.88925004,0.10471216,0.006037763,-0.7907292
comment,2024-04-30,4,Prayers for Israel,2024-04,State of Israel,31.5,34.75,independent political entity,,,Israel,UNC,Country,0.07258927,0.7648887,0.16252199,0.021144198
comment,2024-04-29,0,It seems like the US uses Israel as a forward military testing system.,2024-04,State of Israel,31.5,34.75,independent political entity,,,Israel,UNC,Country,0.64059633,0.3503608,0.009042846,-0.4102819
comment,2024-04-29,0,It also makes israel an independent military power dependent on US aid.,2024-04,State of Israel,31.5,34.75,independent political entity,,,Israel,UNC,Country,0.39806348,0.57548606,0.0264505,-0.15775488
comment,2024-04-29,-16,We stand with Israel.,2024-04,State of Israel,31.5,34.75,independent political entity,,,Israel,UNC,Country,0.04853577,0.60095036,0.3505139,0.12050427
comment,2025-09-14,10,"He also says that Israel's genocide of Palestine is similar to the Holocaust, and that our treatment of animals is the root of all oppression.",2025-09,State of Israel,31.5,34.75,independent political entity,,,Israel,UNC,Country,0.9504034,0.047796935,0.0017997265,-0.90326333
comment,2025-03-06,3,"People in cities who stayed home, largely due to their feelings on the handling of the Israel-Palestine conflict are a lot to blame for why Harris didn’t get as much of the numbers that she needed.",2025-03,State of Israel,31.5,34.75,independent political entity,,,Israel,UNC,Country,0.73380715,0.25442633,0.01176661,-0.53833437
post,2023-11-01,146,Jewish Voices for Peace on Zionism & Antisemitism (with additional resources) There have been constant attempts on this sub and elsewhere to equate all criticism of Israel and Zionism with antisemitism.,2023-11,State of Israel,31.5,34.75,independent political entity,,,Israel,UNC,Country,0.5401547,0.43416336,0.0256819,-0.29110757
post,2023-11-01,146,But those who insist on conflating criticism of Israel and zionism are not doing so in good faith.,2023-11,State of Israel,31.5,34.75,independent political entity,,,Israel,UNC,Country,0.712326,0.27847224,0.009201759,-0.5073236
post,2023-11-01,146,What we are witnessing is the culmination of a century-long attempt by Israel and pro-Israeli nations to subjugate the Palestinian people.,2023-11,State of Israel,31.5,34.75,independent political entity,,,Israel,UNC,Country,0.90249103,0.09484237,0.0026666212,-0.8144829
post,2023-11-01,146,"If you condemn the attacks by Hamas without acknowledging the violent oppression that led to Hamas' creation or condemning the indiscriminate brutality Israel has perpetrated against civilians since October 7, you're simply perpetuating the very violence you claim to condemn.",2023-11,State of Israel,31.5,34.75,independent political entity,,,Israel,UNC,Country,0.9581442,0.040144674,0.0017111237,-0.91803735
post,2023-11-01,146,"There have been unverified claims about the group's ties with antisemitism, but these claims are made by many of the same groups who wish to obscure the issue of Palestinian liberation from Israel's apartheid control by associating the movement with antisemitism.",2023-11,State of Israel,31.5,34.75,independent political entity,,,Israel,UNC,Country,0.72836924,0.26474828,0.006882507,-0.53047436
post,2023-11-01,146,"**Resources**

* [JEWISH VOICES FOR PEACE: OUR APPROACH TO ZIONISM](https://www.jewishvoiceforpeace.org/resource/zionism/)
* [Statement from the National Students for Justice in Palestine & Jewish Voices for Peace](https://nationalsjp.org/the-movement-for-palestinian-rights-will-not-be-silenced)
* [The National Students for Justice in Palestine (SJP): Purpose, Mission, Vision, Values](https://nationalsjp.org/about)
* [Supporting Palestinian rights is antisemitic because Israel wants it to be](https://www.nbcnews.com/think/opinion/how-jews-can-support-palestinian-rights-condemn-antisemitism-ncna1268680) ([Abraham Gutman](https://www.huffpost.com/author/abgutman-362), 2021)
* [BLOWBACK: HOW ISRAEL WENT FROM HELPING CREATE HAMAS TO BOMBING IT](https://theintercept.com/2018/02/19/hamas-israel-palestine-conflict/) (The Intercept, 2018)
* [What's the Israel-Hamas Conflict About?",2023-11,State of Israel,31.5,34.75,independent political entity,,,Israel,UNC,Country,0.31635734,0.6432176,0.040425096,-0.09844776
post,2023-11-01,146,"**Resources**

* [JEWISH VOICES FOR PEACE: OUR APPROACH TO ZIONISM](https://www.jewishvoiceforpeace.org/resource/zionism/)
* [Statement from the National Students for Justice in Palestine & Jewish Voices for Peace](https://nationalsjp.org/the-movement-for-palestinian-rights-will-not-be-silenced)
* [The National Students for Justice in Palestine (SJP): Purpose, Mission, Vision, Values](https://nationalsjp.org/about)
* [Supporting Palestinian rights is antisemitic because Israel wants it to be](https://www.nbcnews.com/think/opinion/how-jews-can-support-palestinian-rights-condemn-antisemitism-ncna1268680) ([Abraham Gutman](https://www.huffpost.com/author/abgutman-362), 2021)
* [BLOWBACK: HOW ISRAEL WENT FROM HELPING CREATE HAMAS TO BOMBING IT](https://theintercept.com/2018/02/19/hamas-israel-palestine-conflict/) (The Intercept, 2018)
* [What's the Israel-Hamas Conflict About?",2023-11,State of Israel,31.5,34.75,independent political entity,,,Israel,UNC,Country,0.31635734,0.6432176,0.040425096,-0.09844776
post,2023-11-01,146,"A Simple Guide](https://www.aljazeera.com/news/2023/10/9/whats-the-israel-palestine-conflict-about-a-simple-guide) (Al Jazeera, 2023)
* [Israel's Occupation of Palestinian Territories Constitutes Apartheid (Amnesty International, 2022)](https://www.amnesty.org/en/location/middle-east-and-north-africa/israel-and-occupied-palestinian-territories/report-israel-and-occupied-palestinian-territories/)
* [Misinformation about the Israel-Hamas war is easy to find online.",2023-11,State of Israel,31.5,34.75,independent political entity,,,Israel,UNC,Country,0.43165296,0.5264606,0.041886434,-0.1845698
post,2023-11-01,146,"A Simple Guide](https://www.aljazeera.com/news/2023/10/9/whats-the-israel-palestine-conflict-about-a-simple-guide) (Al Jazeera, 2023)
* [Israel's Occupation of Palestinian Territories Constitutes Apartheid (Amnesty International, 2022)](https://www.amnesty.org/en/location/middle-east-and-north-africa/israel-and-occupied-palestinian-territories/report-israel-and-occupied-palestinian-territories/)
* [Misinformation about the Israel-Hamas war is easy to find online.",2023-11,State of Israel,31.5,34.75,independent political entity,,,Israel,UNC,Country,0.43165296,0.5264606,0.041886434,-0.1845698
post,2023-11-01,146,"A Simple Guide](https://www.aljazeera.com/news/2023/10/9/whats-the-israel-palestine-conflict-about-a-simple-guide) (Al Jazeera, 2023)
* [Israel's Occupation of Palestinian Territories Constitutes Apartheid (Amnesty International, 2022)](https://www.amnesty.org/en/location/middle-east-and-north-africa/israel-and-occupied-palestinian-territories/report-israel-and-occupied-palestinian-territories/)
* [Misinformation about the Israel-Hamas war is easy to find online.",2023-11,State of Israel,31.5,34.75,independent political entity,,,Israel,UNC,Country,0.43165296,0.5264606,0.041886434,-0.1845698
post,2023-11-01,146,"A Simple Guide](https://www.aljazeera.com/news/2023/10/9/whats-the-israel-palestine-conflict-about-a-simple-guide) (Al Jazeera, 2023)
* [Israel's Occupation of Palestinian Territories Constitutes Apartheid (Amnesty International, 2022)](https://www.amnesty.org/en/location/middle-east-and-north-africa/israel-and-occupied-palestinian-territories/report-israel-and-occupied-palestinian-territories/)
* [Misinformation about the Israel-Hamas war is easy to find online.",2023-11,State of Israel,31.5,34.75,independent political entity,,,Israel,UNC,Country,0.43165296,0.5264606,0.041886434,-0.1845698
comment,2023-11-01,26,"Really fucking frustrating to see people on here accuse others of antisemitism for the simple crime of saying that perhaps, maybe, Israel should stop bombing a city that’s half children in retribution",2023-11,State of Israel,31.5,34.75,independent political entity,,,Israel,UNC,Country,0.9667086,0.030281525,0.003009894,-0.93451643
comment,2023-11-02,15,In just the last two days: Israel attacked the same refugee camp for a THIRD time.,2023-11,State of Israel,31.5,34.75,independent political entity,,,Israel,UNC,Country,0.91142577,0.085761726,0.0028124976,-0.830689
comment,2023-11-02,12,Jewish Voices For Peace are also Anti-Zionist while an overwhelming percentage of Jews are Zionist and believe Israel has the right to exist.,2023-11,State of Israel,31.5,34.75,independent political entity,,,Israel,UNC,Country,0.7303241,0.2600585,0.009617403,-0.5332808
comment,2023-11-02,12,"OP is just using Jewish Voices For Peace as his token Jews trying to legitimize his hate for Israel like many anti zionists do with ultra orthodox “Neturei Karta” who are an extremely fringe group of messianic Jews who are Anti Zionist and frequently used as straw men and token Jews when one wants to be anti Israel while justifying himself by pointing at a religious Jew and saying “they’re Jewish so I couldn’t be an antisemite”

You’re welcome to downvote me all you want but anyone who actually knows Jewish people outside of their echo chamber would know what I’m saying is true.",2023-11,State of Israel,31.5,34.75,independent political entity,,,Israel,UNC,Country,0.6513217,0.32595932,0.02271899,-0.42370382
comment,2023-11-02,-10,ISRAEL HAS NUKES.,2023-11,State of Israel,31.5,34.75,independent political entity,,,Israel,UNC,Country,0.8789786,0.10703248,0.013988823,-0.77240777
comment,2023-11-02,16,Israel is bombing a city that is *half children.,2023-11,State of Israel,31.5,34.75,independent political entity,,,Israel,UNC,Country,0.9573238,0.040281482,0.002394782,-0.916463
comment,2023-11-02,3,"So Israel has a military and this is acceptable, but any similar Palestinian action is immediately (appropriately) condemned?",2023-11,State of Israel,31.5,34.75,independent political entity,,,Israel,UNC,Country,0.5930115,0.39118773,0.015800772,-0.35141298
comment,2023-11-02,3,By what logic is it ok for Israel to possess and use missiles but not Palestians?,2023-11,State of Israel,31.5,34.75,independent political entity,,,Israel,UNC,Country,0.540907,0.4480712,0.0110217575,-0.29245892
comment,2023-11-02,3,But only hamas is condemned and there is no commentary on Israel actions when the actual reality is that the majority of brutality originates from Israel.,2023-11,State of Israel,31.5,34.75,independent political entity,,,Israel,UNC,Country,0.829494,0.16549279,0.005013179,-0.6880352
comment,2023-11-02,3,But only hamas is condemned and there is no commentary on Israel actions when the actual reality is that the majority of brutality originates from Israel.,2023-11,State of Israel,31.5,34.75,independent political entity,,,Israel,UNC,Country,0.829494,0.16549279,0.005013179,-0.6880352
comment,2023-11-01,17,Israel should stop engaging in apartheid and the genocidal occupation of Palestinian territories.,2023-11,State of Israel,31.5,34.75,independent political entity,,,Israel,UNC,Country,0.92651004,0.07107458,0.0024154226,-0.85841495
comment,2023-11-01,17,"If Israel really cared about stopping Hamas, it would stop oppressing the Palestinian people.",2023-11,State of Israel,31.5,34.75,independent political entity,,,Israel,UNC,Country,0.75489944,0.23653196,0.008568566,-0.5697997
comment,2023-11-01,9,It’s not apologist to insist on a complete representation of the history that led to Hamas’ creation (including Israel’s role in establishing the group).,2023-11,State of Israel,31.5,34.75,independent political entity,,,Israel,UNC,Country,0.39322323,0.58479077,0.021986028,-0.15414111
comment,2023-11-02,10,[Hamas literally cannot release hostages without a ceasefire](https://www.aljazeera.com/news/2023/10/27/hamas-cannot-free-captives-until-israel-gaza-truce-official).,2023-11,State of Israel,31.5,34.75,independent political entity,,,Israel,UNC,Country,0.755271,0.23522007,0.009508914,-0.5703439
comment,2023-11-02,10,"Many, [including the families of several hostages, fear that Israel's attacks on Gaza threaten the safety of their loved ones and are pleading with Israel to reign in its war effort](https://www.reuters.com/world/middle-east/hostage-families-face-appalling-dilemma-gaza-invasion-looms-2023-10-23/).",2023-11,State of Israel,31.5,34.75,independent political entity,,,Israel,UNC,Country,0.89228296,0.104142494,0.0035744915,-0.79615617
comment,2023-11-02,10,"Many, [including the families of several hostages, fear that Israel's attacks on Gaza threaten the safety of their loved ones and are pleading with Israel to reign in its war effort](https://www.reuters.com/world/middle-east/hostage-families-face-appalling-dilemma-gaza-invasion-looms-2023-10-23/).",2023-11,State of Israel,31.5,34.75,independent political entity,,,Israel,UNC,Country,0.89228296,0.104142494,0.0035744915,-0.79615617
comment,2023-11-02,8,"[The Fallacy of Israel's Human Shields Claim in Gaza](https://www.aljazeera.com/opinions/2018/6/18/the-fallacy-of-israels-human-shields-claims-in-gaza) (Al Jazeera, 2018)",2023-11,State of Israel,31.5,34.75,independent political entity,,,Israel,UNC,Country,0.3872709,0.5920477,0.020681353,-0.14955105
comment,2024-05-03,3,A minority of billionaires drunk with power and funding an absolute criminal who is literally in court daily who will be the empty suit the Heritage Foundation uses to keep white old farts in power and who knew we totally cater this Zionist fascist genocide obsessed with both in Israel and the US?,2024-05,State of Israel,31.5,34.75,independent political entity,,,Israel,UNC,Country,0.9299171,0.066039406,0.0040435223,-0.86472946
comment,2024-05-02,-1,"I’m Lebanese Druzim, I have no reason to get people to support Palestine, but projecting the Nazi accusation on Arabs, as if the very Zionists that founded Israel weren’t Nazi collaborators, and as if the Arabs didn’t fight alongside the French and British in WW2 (including 30,000 Palestinians) is just distasteful and historically inaccurate",2024-05,State of Israel,31.5,34.75,independent political entity,,,Israel,UNC,Country,0.8773481,0.11622465,0.006427201,-0.76969844
comment,2023-11-30,-29,Discussion of the Israel/Palestine conflict should go in the pinned megathread.,2023-11,State of Israel,31.5,34.75,independent political entity,,,Israel,UNC,Country,0.11208687,0.8545897,0.033323392,-0.01145302
comment,2024-05-04,-6,"If supporting the existence of Israel ""doesn't justify any type of violence against them or their property,"" why exactly is it ""worth noting?""",2024-05,State of Israel,31.5,34.75,independent political entity,,,Israel,UNC,Country,0.7193187,0.2727448,0.007936584,-0.51735634
comment,2024-05-04,7,"Regardless if it is Israel, or another.",2024-05,State of Israel,31.5,34.75,independent political entity,,,Israel,UNC,Country,0.29297018,0.6787022,0.02832766,-0.08502906
post,2025-06-14,425,Photos from the protest on Franklin today.,2025-06,Franklin Street,35.91208961361997,-79.0584622314049,seat of a first-order administrative division,Ohio,Franklin County,United States,UNC,Road,0.13187884,0.8392492,0.028871927,-0.016558444
comment,2024-10-27,20,Seen them on Franklin next to one of the sorority houses,2024-10,Franklin Street,35.91208961361997,-79.0584622314049,seat of a first-order administrative division,Ohio,Franklin County,United States,UNC,Road,0.07179274,0.8993798,0.028827446,-0.0043231766
comment,2021-02-07,10,"that being said, yeah people shouldnt be rushing franklin.",2021-02,Franklin Street,35.91208961361997,-79.0584622314049,seat of a first-order administrative division,Ohio,Franklin County,United States,UNC,Road,0.3833564,0.58623534,0.030408239,-0.14603747
comment,2023-09-01,15,I was on Franklin but I was still scared for the students on campus and still feel guilty over even feeling impacted by the event itself.,2023-09,Franklin Street,35.91208961361997,-79.0584622314049,seat of a first-order administrative division,Ohio,Franklin County,United States,UNC,Road,0.91660243,0.07978633,0.0036111453,-0.8401471
post,2024-08-22,219,"** This includes Carr mill, Mcdonalds on Franklin, Panera on franklin, and many others.",2024-08,Franklin Street,35.91208961361997,-79.0584622314049,seat of a first-order administrative division,Ohio,Franklin County,United States,UNC,Road,0.020162463,0.8697192,0.11011827,0.011719514
comment,2024-08-22,2,It was somewhere on Franklin and he probably hadn’t been out of his car for five minutes before they got him.,2024-08,Franklin Street,35.91208961361997,-79.0584622314049,seat of a first-order administrative division,Ohio,Franklin County,United States,UNC,Road,0.3023848,0.6500051,0.04761009,-0.089169845
comment,2024-08-23,-6,There's big lots on the backside of Franklin if your going to park and walk around or go to multiple places while in downtown.,2024-08,Franklin Street,35.91208961361997,-79.0584622314049,seat of a first-order administrative division,Ohio,Franklin County,United States,UNC,Road,0.004217389,0.55806255,0.4377201,0.19158109
comment,2024-08-23,-6,But majority of the people downtown don't have any regard for anyone else and I gladly moved from orange county because of Franklin Street and how miserable it was to get to anything since every food establishment within 20 minutes of my house was on Franklin and I was sick of fratt houses and college kids running everywhere being ignorant,2024-08,Franklin Street,35.91208961361997,-79.0584622314049,seat of a first-order administrative division,Ohio,Franklin County,United States,UNC,Road,0.93958277,0.05362927,0.0067879637,-0.8827697
comment,2024-11-22,6,I’ve walked past a homeless man on Franklin street openly doing the same thing.,2024-11,Franklin Street,35.91208961361997,-79.0584622314049,seat of a first-order administrative division,Ohio,Franklin County,United States,UNC,Road,0.35271704,0.5865905,0.060692422,-0.12072574
comment,2021-08-15,1,I spent all day Thursday and Friday on campus and saw half of the people NOT wearing their mask….only say hand sanitizer at a restaurant on Franklin.,2021-08,Franklin Street,35.91208961361997,-79.0584622314049,seat of a first-order administrative division,Ohio,Franklin County,United States,UNC,Road,0.57792586,0.38481745,0.03725672,-0.33261022
comment,2021-03-07,19,The cops on Franklin are trying their best and actually not doing that bad IMO,2021-03,Franklin Street,35.91208961361997,-79.0584622314049,seat of a first-order administrative division,Ohio,Franklin County,United States,UNC,Road,0.043646056,0.37661174,0.57974225,0.3341961
comment,2021-04-01,31,Lmfao state homies will walk into a bar on franklin and start barking like it's supposed to instigate some long standing century old beef or something.,2021-04,Franklin Street,35.91208961361997,-79.0584622314049,seat of a first-order administrative division,Ohio,Franklin County,United States,UNC,Road,0.76931936,0.21842062,0.012260085,-0.5917019
post,2021-07-14,161,"Rainbow this evening over Franklin, one of the clearest I’ve seen!",2021-07,Franklin Street,35.91208961361997,-79.0584622314049,seat of a first-order administrative division,Ohio,Franklin County,United States,UNC,Road,0.00082394545,0.025507214,0.9736689,0.94803035
comment,2022-09-21,3,There are plenty of better places on Franklin to eat.,2022-09,Franklin Street,35.91208961361997,-79.0584622314049,seat of a first-order administrative division,Ohio,Franklin County,United States,UNC,Road,0.06064757,0.34663537,0.59271705,0.34763542
comment,2021-02-08,11,Explain how anyone found to have rushed franklin could get any harsher penalty than someone randomly unmasked or gathering in public?,2021-02,Franklin Street,35.91208961361997,-79.0584622314049,seat of a first-order administrative division,Ohio,Franklin County,United States,UNC,Road,0.6352034,0.35775954,0.0070370473,-0.40343386
post,2021-09-04,152,Just started working food service on franklin and I love you guys I just wanna say pretty much every interaction I’ve had with a student has been so respectful and polite.,2021-09,Franklin Street,35.91208961361997,-79.0584622314049,seat of a first-order administrative division,Ohio,Franklin County,United States,UNC,Road,0.0023987042,0.011618518,0.9859827,0.9721562
comment,2024-01-02,53,"Linda’s was in a tough spot (monetarily and physically), they aren’t super popular with undergrads and it’s too out of the way for most grad students (who mainly stay in Carborro or west Franklin).",2024-01,Franklin Street,35.91208961361997,-79.0584622314049,seat of a first-order administrative division,Ohio,Franklin County,United States,UNC,Road,0.6844426,0.2850903,0.030467095,-0.4675334
comment,2024-01-03,4,Also general lack of population near Franklin because of zoning/lack of housing on Franklin.,2024-01,Franklin Street,35.91208961361997,-79.0584622314049,seat of a first-order administrative division,Ohio,Franklin County,United States,UNC,Road,0.7818511,0.2100425,0.008106386,-0.6112254
comment,2024-01-03,4,Also general lack of population near Franklin because of zoning/lack of housing on Franklin.,2024-01,Franklin Street,35.91208961361997,-79.0584622314049,seat of a first-order administrative division,Ohio,Franklin County,United States,UNC,Road,0.7818511,0.2100425,0.008106386,-0.6112254
comment,2024-01-03,4,But I wonder how many people consider Four Corners the end of Franklin and don’t even notice those places,2024-01,Franklin Street,35.91208961361997,-79.0584622314049,seat of a first-order administrative division,Ohio,Franklin County,United States,UNC,Road,0.4220844,0.5362647,0.04165084,-0.17642047
comment,2024-01-02,25,"I disagree, the property values on Franklin are simply too high to sustain small businesses.",2024-01,Franklin Street,35.91208961361997,-79.0584622314049,seat of a first-order administrative division,Ohio,Franklin County,United States,UNC,Road,0.85554993,0.13606761,0.0083824545,-0.73189545
comment,2024-01-02,25,There’s a reason Canes (a chain) is the only place that can afford the buildings on the intersection of Franklin and Columbia and the rest are empty.,2024-01,Franklin Street,35.91208961361997,-79.0584622314049,seat of a first-order administrative division,Ohio,Franklin County,United States,UNC,Road,0.117937624,0.6116021,0.27046025,0.059239462
comment,2024-01-04,2,"And then they’d complain that they were broke at the same time as that lol

Even when I lived on MLK in junior/senior year, the <5 minute drive to Franklin to grab an order felt way more worth it to me than the 25%+ fee that doordash would add",2024-01,Franklin Street,35.91208961361997,-79.0584622314049,seat of a first-order administrative division,Ohio,Franklin County,United States,UNC,Road,0.16003856,0.51382995,0.32613143,0.08074938
comment,2024-01-02,5,And if you go further down Franklin there are plenty of businesses that don’t rely on undergrads to survive like Vimalas and Med Deli who appear to be doing great.,2024-01,Franklin Street,35.91208961361997,-79.0584622314049,seat of a first-order administrative division,Ohio,Franklin County,United States,UNC,Road,0.010505934,0.19282489,0.7966692,0.63457143
post,2021-12-25,115,The Lula’s (and Spanky’s before that) location on the corner of Franklin and Columbia has been bought by Raising Cane’s for $3.87 Million,2021-12,Franklin Street,35.91208961361997,-79.0584622314049,seat of a first-order administrative division,Ohio,Franklin County,United States,UNC,Road,0.03498561,0.91729933,0.047714982,0.0010527277
comment,2021-12-25,24,"Source: https://twitter.com/rossmartin_ic/status/1474759795848757248?s=21

On one hand, it’s really sad to see the mom and pop places on Franklin go out of business while chains take over.",2021-12,Franklin Street,35.91208961361997,-79.0584622314049,seat of a first-order administrative division,Ohio,Franklin County,United States,UNC,Road,0.87670255,0.113600306,0.009697148,-0.7685133
comment,2021-12-26,5,"Thats awesome, could we see good AND cheap food on Franklin?",2021-12,Franklin Street,35.91208961361997,-79.0584622314049,seat of a first-order administrative division,Ohio,Franklin County,United States,UNC,Road,0.0017692682,0.013465359,0.9847654,0.96975976
comment,2021-12-26,5,Right now there's no food on Franklin that fits in either of those categories.,2021-12,Franklin Street,35.91208961361997,-79.0584622314049,seat of a first-order administrative division,Ohio,Franklin County,United States,UNC,Road,0.64461046,0.34185976,0.013529737,-0.41533965
comment,2025-11-11,3,There was also a naked guy on Franklin street after the NCAA win!,2025-11,Franklin Street,35.91208961361997,-79.0584622314049,seat of a first-order administrative division,Ohio,Franklin County,United States,UNC,Road,0.1944525,0.6594656,0.14608191,-0.016471848
comment,2022-06-01,12,Major W. Raising Canes is also opening on Franklin.,2022-06,Franklin Street,35.91208961361997,-79.0584622314049,seat of a first-order administrative division,Ohio,Franklin County,United States,UNC,Road,0.007968904,0.93448955,0.0575416,0.00324753
comment,2025-02-22,2,It’s like a weird perk of being near Franklin street classes,2025-02,Franklin Street,35.91208961361997,-79.0584622314049,seat of a first-order administrative division,Ohio,Franklin County,United States,UNC,Road,0.10818235,0.67416054,0.2176571,0.035671197
comment,2021-09-13,16,"If you have no idea what you’re into, get a restaurant job on Franklin and you’ll meet cool unc students there.",2021-09,Franklin Street,35.91208961361997,-79.0584622314049,seat of a first-order administrative division,Ohio,Franklin County,United States,UNC,Road,0.16054854,0.48489204,0.35455942,0.09993656
comment,2022-09-06,59,"Literally was just talking about this with my roommates, we’ve had homeless people on the bus accosting random students, catcalling, straight up talking shit and have seen numerous sketchy events going down in Franklin.",2022-09,Franklin Street,35.91208961361997,-79.0584622314049,seat of a first-order administrative division,Ohio,Franklin County,United States,UNC,Road,0.90948415,0.0837232,0.0067926203,-0.82711536
comment,2022-09-07,45,I brought my family down to Franklin this last weekend and a homeless guy screamed at my kids and swore at them when we wouldn’t give him money.,2022-09,Franklin Street,35.91208961361997,-79.0584622314049,seat of a first-order administrative division,Ohio,Franklin County,United States,UNC,Road,0.89003026,0.100566365,0.009403408,-0.7920654
comment,2022-09-07,27,"It's sad because I have a lot of good memories on Franklin, but I don't want to risk it because it's gotten worse in a major way.",2022-09,Franklin Street,35.91208961361997,-79.0584622314049,seat of a first-order administrative division,Ohio,Franklin County,United States,UNC,Road,0.85750693,0.12018231,0.02231074,-0.73482037
comment,2022-09-07,24,Used to take the bus but people from Franklin would harass me there too.,2022-09,Franklin Street,35.91208961361997,-79.0584622314049,seat of a first-order administrative division,Ohio,Franklin County,United States,UNC,Road,0.84597224,0.14856246,0.0054653464,-0.7156392
comment,2022-09-06,48,"I thought that Franklin Street was your typical cute, small town college bar area… until I started working at the Starbucks on Franklin.",2022-09,Franklin Street,35.91208961361997,-79.0584622314049,seat of a first-order administrative division,Ohio,Franklin County,United States,UNC,Road,0.04267294,0.3729822,0.58434486,0.33963794
comment,2022-09-07,10,Then there's the relatively young guy on Franklin with the blue sweatband that will come up to you acting like he knows you and hasn't seen you in a while before asking for money.,2022-09,Franklin Street,35.91208961361997,-79.0584622314049,seat of a first-order administrative division,Ohio,Franklin County,United States,UNC,Road,0.23515546,0.7006304,0.0642141,-0.05117464
comment,2022-09-07,24,The way Franklin is becoming increasingly unsafe is saddening and I understand how people feel.,2022-09,Franklin Street,35.91208961361997,-79.0584622314049,seat of a first-order administrative division,Ohio,Franklin County,United States,UNC,Road,0.96414334,0.03375353,0.0021031983,-0.9295679
comment,2022-09-08,8,"I don't mean to discount the experiences people have had recently on Franklin, but I have lived here all my life and it is part of a much larger affordable housing crisis that this town has ignored for decades.",2022-09,Franklin Street,35.91208961361997,-79.0584622314049,seat of a first-order administrative division,Ohio,Franklin County,United States,UNC,Road,0.6201878,0.3342526,0.045559675,-0.38255718
comment,2022-09-07,2,"You shouldn't have to deal with this scenario or have to ask for an escort, but if you venture back up to Franklin, it's an option.",2022-09,Franklin Street,35.91208961361997,-79.0584622314049,seat of a first-order administrative division,Ohio,Franklin County,United States,UNC,Road,0.25596148,0.7002045,0.043834064,-0.06359485
post,2026-02-08,462,"UNC fans flood Franklin Street in Chapel Hill after Tar Heels’ comeback win over Duke >On Saturday night, North Carolina fans flooded Franklin Street in Chapel Hill after the Tar Heels' comeback win over the Duke Blue Devils.",2026-02,Franklin Street,35.91208961361997,-79.0584622314049,street,Calabarzon,Province of Rizal,Philippines,UNC,Road,0.08092739,0.7942314,0.1248412,0.009036083
post,2026-02-08,462,"UNC fans flood Franklin Street in Chapel Hill after Tar Heels’ comeback win over Duke >On Saturday night, North Carolina fans flooded Franklin Street in Chapel Hill after the Tar Heels' comeback win over the Duke Blue Devils.",2026-02,Franklin Street,35.91208961361997,-79.0584622314049,street,Calabarzon,Province of Rizal,Philippines,UNC,Road,0.08092739,0.7942314,0.1248412,0.009036083
comment,2022-03-28,3,Franklin Street was magical,2022-03,Franklin Street,35.91208961361997,-79.0584622314049,street,Calabarzon,Province of Rizal,Philippines,UNC,Road,0.0044834865,0.1022226,0.8932939,0.7979539
comment,2024-06-26,6,The way the showed it in the show is like they got dropped off from some body of water right near franklin street.,2024-06,Franklin Street,35.91208961361997,-79.0584622314049,street,Calabarzon,Province of Rizal,Philippines,UNC,Road,0.27199155,0.68886805,0.039140474,-0.07244741
comment,2024-08-23,-6,But majority of the people downtown don't have any regard for anyone else and I gladly moved from orange county because of Franklin Street and how miserable it was to get to anything since every food establishment within 20 minutes of my house was on Franklin and I was sick of fratt houses and college kids running everywhere being ignorant,2024-08,Franklin Street,35.91208961361997,-79.0584622314049,street,Calabarzon,Province of Rizal,Philippines,UNC,Road,0.93958277,0.05362927,0.0067879637,-0.8827697
comment,2022-04-27,8,"Working on Franklin Street in '99, we heard that fake Vonnegut speech about once a month.",2022-04,Franklin Street,35.91208961361997,-79.0584622314049,street,Calabarzon,Province of Rizal,Philippines,UNC,Road,0.41535076,0.5312326,0.05341669,-0.1696629
comment,2020-08-15,40,"harris teeter is a nightmare, trader joe’s is a nightmare, franklin street is a nightmare.",2020-08,Franklin Street,35.91208961361997,-79.0584622314049,street,Calabarzon,Province of Rizal,Philippines,UNC,Road,0.8770228,0.11408887,0.00888837,-0.76908994
comment,2025-11-14,5,I have but one bit of groutfitti left on Franklin Street.,2025-11,Franklin Street,35.91208961361997,-79.0584622314049,street,Calabarzon,Province of Rizal,Philippines,UNC,Road,0.08731124,0.8513315,0.061357297,-0.0038585342
comment,2022-04-03,12,It’s likely a big golf brand and probably purchased from a store on Franklin street.,2022-04,Franklin Street,35.91208961361997,-79.0584622314049,street,Calabarzon,Province of Rizal,Philippines,UNC,Road,0.04273802,0.8665475,0.0907145,0.00640258
comment,2023-05-28,5,Franklin Street expansion pack,2023-05,Franklin Street,35.91208961361997,-79.0584622314049,street,Calabarzon,Province of Rizal,Philippines,UNC,Road,0.02857059,0.8785808,0.09284859,0.007804583
comment,2024-01-03,14,"Sad day on Franklin Street, glad I had lunch there the last two Fridays.",2024-01,Franklin Street,35.91208961361997,-79.0584622314049,street,Calabarzon,Province of Rizal,Philippines,UNC,Road,0.15847974,0.40631944,0.43520078,0.16428392
post,2022-04-07,116,I’ll never forget the hype moments along the way like rushing Franklin Street for my first time after beating Dook in the final 4 and sending Coach K into retirement.,2022-04,Franklin Street,35.91208961361997,-79.0584622314049,street,Calabarzon,Province of Rizal,Philippines,UNC,Road,0.016851377,0.34717187,0.6359768,0.40418246
comment,2021-12-26,3,"Ugh, I love the Cosmic in Durham, but the one on Franklin Street?",2021-12,Franklin Street,35.91208961361997,-79.0584622314049,street,Calabarzon,Province of Rizal,Philippines,UNC,Road,0.05958526,0.16819265,0.77222204,0.59277654
comment,2021-01-24,-5,What about the day Biden won and there were tons and tons of people celebrating on Franklin street.,2021-01,Franklin Street,35.91208961361997,-79.0584622314049,street,Calabarzon,Province of Rizal,Philippines,UNC,Road,0.0132499095,0.18220975,0.80454034,0.64710957
post,2025-07-10,94,"* Use the CW bus if you want to head up to Carrboro, the small town west of Franklin Street.",2025-07,Franklin Street,35.91208961361997,-79.0584622314049,street,Calabarzon,Province of Rizal,Philippines,UNC,Road,0.019104036,0.9360745,0.044821497,0.0016440017
post,2025-07-10,94,"* There are also buses in the evening called P2P express buses you can take, they’re white buses that cycle between South campus and Franklin street.",2025-07,Franklin Street,35.91208961361997,-79.0584622314049,street,Calabarzon,Province of Rizal,Philippines,UNC,Road,0.006724487,0.88521796,0.108057536,0.011631214
comment,2024-01-31,18,I already try to avoid homeless people on Franklin Street.,2024-01,Franklin Street,35.91208961361997,-79.0584622314049,street,Calabarzon,Province of Rizal,Philippines,UNC,Road,0.5442863,0.42841473,0.02729898,-0.29550236
post,2022-09-06,93,"I've had people threaten to kill me:' Franklin Street becoming a scary place for students, employees",2022-09,Franklin Street,35.91208961361997,-79.0584622314049,street,Calabarzon,Province of Rizal,Philippines,UNC,Road,0.9539915,0.043977324,0.0020312888,-0.9100956
comment,2022-09-07,40,I was walking down Franklin street in broad daylight and some random homeless guy challenged me to a fight as I walked by him.,2022-09,Franklin Street,35.91208961361997,-79.0584622314049,street,Calabarzon,Province of Rizal,Philippines,UNC,Road,0.30183694,0.64573723,0.052425843,-0.08835706
comment,2022-09-06,26,it’s honestly crazy how fucked up franklin street can be,2022-09,Franklin Street,35.91208961361997,-79.0584622314049,street,Calabarzon,Province of Rizal,Philippines,UNC,Road,0.91743577,0.06969419,0.0128700975,-0.84152275
comment,2022-09-07,27,I haven't been to Franklin Street since.,2022-09,Franklin Street,35.91208961361997,-79.0584622314049,street,Calabarzon,Province of Rizal,Philippines,UNC,Road,0.62785655,0.35549062,0.016652891,-0.3939265
comment,2022-09-06,48,"I thought that Franklin Street was your typical cute, small town college bar area… until I started working at the Starbucks on Franklin.",2022-09,Franklin Street,35.91208961361997,-79.0584622314049,street,Calabarzon,Province of Rizal,Philippines,UNC,Road,0.04267294,0.3729822,0.58434486,0.33963794
comment,2022-09-07,29,"The basic problem is that there are two populations with limited but significant intersection: the people who are harassing us on franklin street, and the people who don't have housing.",2022-09,Franklin Street,35.91208961361997,-79.0584622314049,street,Calabarzon,Province of Rizal,Philippines,UNC,Road,0.85738146,0.13631345,0.006305087,-0.7350632
comment,2022-09-07,18,There absolutely needs to be more police doing beats on Franklin street.. it’s getting out of control.,2022-09,Franklin Street,35.91208961361997,-79.0584622314049,street,Calabarzon,Province of Rizal,Philippines,UNC,Road,0.81004834,0.16700391,0.022947822,-0.6556516
comment,2022-09-07,24,I go to Franklin Street.,2022-09,Franklin Street,35.91208961361997,-79.0584622314049,street,Calabarzon,Province of Rizal,Philippines,UNC,Road,0.043080322,0.87286675,0.084052905,0.0052089775
comment,2022-09-07,9,Where things have started to get sketchy is on Franklin street which is part of the town of Chapel Hill where all the local businesses are.,2022-09,Franklin Street,35.91208961361997,-79.0584622314049,street,Calabarzon,Province of Rizal,Philippines,UNC,Road,0.5852597,0.40299362,0.011746715,-0.3423909
post,2026-02-08,462,"UNC fans flood Franklin Street in Chapel Hill after Tar Heels’ comeback win over Duke >On Saturday night, North Carolina fans flooded Franklin Street in Chapel Hill after the Tar Heels' comeback win over the Duke Blue Devils.",2026-02,Chapel Hill,35.91221726932567,-79.05285639443778,populated place,North Carolina,Madison County,United States,UNC,City,0.08092739,0.7942314,0.1248412,0.009036083
post,2026-02-08,462,"UNC fans flood Franklin Street in Chapel Hill after Tar Heels’ comeback win over Duke >On Saturday night, North Carolina fans flooded Franklin Street in Chapel Hill after the Tar Heels' comeback win over the Duke Blue Devils.",2026-02,Chapel Hill,35.91221726932567,-79.05285639443778,populated place,North Carolina,Madison County,United States,UNC,City,0.08092739,0.7942314,0.1248412,0.009036083
comment,2020-08-06,25,I am a resident of Chapel Hill; I am not just a UNC student.,2020-08,Chapel Hill,35.91221726932567,-79.05285639443778,populated place,North Carolina,Madison County,United States,UNC,City,0.017197017,0.78422546,0.19857752,0.039137296
comment,2020-09-05,6,"*UPDATE*
It passed
Chapel Hill does participate in NC Urban Bow Hunting season",2020-09,Chapel Hill,35.91221726932567,-79.05285639443778,populated place,North Carolina,Madison County,United States,UNC,City,0.00705768,0.8026473,0.19029504,0.036162388
comment,2023-10-18,8,"Factual Basis for Duke student's plea: https://storage.courtlistener.com/recap/gov.uscourts.ncmd.95685/gov.uscourts.ncmd.95685.3.0.pdf

Complaint against Frasier: https://storage.courtlistener.com/recap/gov.uscourts.ncmd.95147/gov.uscourts.ncmd.95147.3.0.pdf

(later filings indicate that the meeting location for the Feb 23 controlled buy was Pantana Bob's in Chapel Hill).",2023-10,Chapel Hill,35.91221726932567,-79.05285639443778,populated place,North Carolina,Madison County,United States,UNC,City,0.17921038,0.7933651,0.02742451,-0.031364255
comment,2025-03-05,35,"As for your North Carolina friends, know that Chapel Hill leans liberal, so I can almost guarantee that the friends you remember did not vote for him.",2025-03,Chapel Hill,35.91221726932567,-79.05285639443778,populated place,North Carolina,Madison County,United States,UNC,City,0.648893,0.33145967,0.0196473,-0.42067614
comment,2023-09-02,9,"I have coworkers and friends who live in Chapel Hill, go to UNC, and some who work there.",2023-09,Chapel Hill,35.91221726932567,-79.05285639443778,populated place,North Carolina,Madison County,United States,UNC,City,0.0073334146,0.8395207,0.15314591,0.023399888
comment,2026-01-14,69,Perfect time to remind folks that the planned parenthood on Chapel Hill does HRT and gender affirming care https://www.plannedparenthood.org/health-center/north-carolina/chapel-hill/27514/chapel-hill-health-center-4169-90860/gender-affirming-care,2026-01,Chapel Hill,35.91221726932567,-79.05285639443778,populated place,North Carolina,Madison County,United States,UNC,City,0.0077989814,0.35167718,0.64052385,0.41020998
post,2020-08-22,133,"For those who might not know from the moniker, I’m the one who, for the past three years, has been biking around Chapel Hill wearing exclusively yellow-coloured clothing, typically accompanied with a yellow UNC ballcap.",2020-08,Chapel Hill,35.91221726932567,-79.05285639443778,populated place,North Carolina,Madison County,United States,UNC,City,0.046058156,0.84708464,0.10685717,0.009297104
comment,2023-11-20,35,"They cover Chapel Hill and the surrounding communities, including UNC, and is actually the second largest mass transit system in NC!",2023-11,Chapel Hill,35.91221726932567,-79.05285639443778,populated place,North Carolina,Madison County,United States,UNC,City,0.0019077021,0.17248844,0.8256039,0.6816181
post,2020-02-21,109,"University of North Carolina boys in their car at the Chapel Hill post office, 1940",2020-02,Chapel Hill,35.91221726932567,-79.05285639443778,populated place,North Carolina,Madison County,United States,UNC,City,0.058839988,0.9172149,0.02394516,-0.0028887729
comment,2021-04-01,5,"North Carolina drivers are awful, Chapel Hill drivers are worse than other NC drivers",2021-04,Chapel Hill,35.91221726932567,-79.05285639443778,populated place,North Carolina,Madison County,United States,UNC,City,0.9797515,0.018117286,0.002131143,-0.9599085
comment,2021-03-31,46,I’m from a low-income area in NC (relatively close to chapel hill) and I can assure you bad driving is not exclusive to wealthy people.,2021-03,Chapel Hill,35.91221726932567,-79.05285639443778,populated place,North Carolina,Madison County,United States,UNC,City,0.405722,0.48553154,0.10874648,-0.15278453
comment,2020-08-21,3,"I had no option but to move to Chapel Hill because I'm at the point in my degree where I can't take any more gen-eds or covid-specific courses (which are offered through Carolina Away); I would've much rather stayed home for the semester instead of moving here, being stuck, and going remote anyways.",2020-08,Chapel Hill,35.91221726932567,-79.05285639443778,populated place,North Carolina,Madison County,United States,UNC,City,0.6754071,0.29190186,0.032691043,-0.45510605
comment,2022-09-07,16,"something i’ve been thinking about lately is that triangle transit has offered free bus services since covid, and i wonder if that has caused homeless people in raleigh and durham to wander on and end up in chapel hill.",2022-09,Chapel Hill,35.91221726932567,-79.05285639443778,populated place,North Carolina,Madison County,United States,UNC,City,0.34768942,0.5889631,0.06334756,-0.116875
comment,2022-09-07,13,Previously I commuted to Durham using GoTriangle and had less uncomfortable encounters on a Raleigh/Durham bus than one involving Chapel Hill.,2022-09,Chapel Hill,35.91221726932567,-79.05285639443778,populated place,North Carolina,Madison County,United States,UNC,City,0.11005032,0.60326403,0.28668568,0.0700776
comment,2020-08-17,3,Unfortunately I have yet to find any data about how much the outbreaks on campus at UNC have spread outside the campus to the towns of Chapel Hill and Carrboro and the community at large so I don't really have any idea of what might happen outside of the campus in Provo.,2020-08,Chapel Hill,35.91221726932567,-79.05285639443778,populated place,North Carolina,Madison County,United States,UNC,City,0.67594427,0.31544685,0.008608882,-0.45682654
comment,2020-04-24,44,"I grew up with a brother with cystic fibrosis that was treated at UNC, had a double lung transplant at UNC, and died in Chapel Hill.",2020-04,Chapel Hill,35.91221726932567,-79.05285639443778,populated place,North Carolina,Madison County,United States,UNC,City,0.6962418,0.28715986,0.016598402,-0.4844771
comment,2020-08-18,9,"There were protests on many fronts (students, chapel hill residents, TA’s withholding grades, and faculty push) that stopped those problematic decisions.",2020-08,Chapel Hill,35.91221726932567,-79.05285639443778,populated place,Georgia,DeKalb County,United States,UNC,City,0.35294738,0.59250224,0.0545504,-0.1215961
comment,2020-09-01,1,"Reporting Violations in Chapel Hill

 Minor violations that would benefit from a follow up, like single face covering violations and small gatherings of people not following physical distancing, can be reported through non-emergency channels below.",2020-09,Chapel Hill,35.91221726932567,-79.05285639443778,populated place,Georgia,DeKalb County,United States,UNC,City,0.4095572,0.558893,0.031549733,-0.16674173
post,2026-03-25,206,"It’s not hard to see that Chapel Hill is in a transformative era right now, but it also might be one of the most questionable eras we’ve had in terms of leadership.",2026-03,Chapel Hill,35.91221726932567,-79.05285639443778,populated place,Georgia,DeKalb County,United States,UNC,City,0.57779664,0.38236916,0.039834186,-0.3322622
comment,2020-06-02,48,UNC and Chapel Hill police have decades of experience terrorizing Black students and community members.,2020-06,Chapel Hill,35.91221726932567,-79.05285639443778,populated place,Georgia,DeKalb County,United States,UNC,City,0.913264,0.08470542,0.0020306476,-0.8340469
post,2021-05-26,137,"As Google builds out, none of us should be surprised that they look far more to
State & Duke than to Chapel Hill.",2021-05,Chapel Hill,35.91221726932567,-79.05285639443778,populated place,Georgia,DeKalb County,United States,UNC,City,0.18543962,0.63859284,0.17596757,-0.003423264
comment,2023-11-23,34,It might be best to contact the Chapel Hill Animal Control Officer at (919) 942-7387. https://www.townofchapelhill.org/residents/a-z-services/animals,2023-11,Chapel Hill,35.91221726932567,-79.05285639443778,populated place,Georgia,DeKalb County,United States,UNC,City,0.078625835,0.7544752,0.166899,0.021673253
comment,2026-04-12,3,"It has been a bit of time now, but if anyone from the paper is reading this, I want you to know there are many people in the Chapel Hill and Carrboro communities who read the DTH, not just students.",2026-04,Chapel Hill,35.91221726932567,-79.05285639443778,populated place,Georgia,DeKalb County,United States,UNC,City,0.031926904,0.6454535,0.3226196,0.10306407
comment,2026-03-31,2,"Its hard but keep going, keep the smile from the heart, that smile is the difference between every other college and Chapel Hill baby!",2026-03,Chapel Hill,35.91221726932567,-79.05285639443778,populated place,Georgia,DeKalb County,United States,UNC,City,0.005629634,0.118856765,0.8755137,0.76649237
comment,2020-08-24,-32,I'm not going to hire anyone that graduates from Chapel Hill after 2020...,2020-08,Chapel Hill,35.91221726932567,-79.05285639443778,populated place,Georgia,DeKalb County,United States,UNC,City,0.834549,0.15689453,0.008556435,-0.69639885
comment,2023-10-13,22,"I was overwhelmed by the difficulty of, well, everything at Chapel Hill and spent all of my energy just trying to pass all of my classes.",2023-10,Chapel Hill,35.91221726932567,-79.05285639443778,populated place,Georgia,DeKalb County,United States,UNC,City,0.8018802,0.17745782,0.020662012,-0.6425849
post,2020-06-22,107,"I know there are so many smart and great people in Chapel Hill, but literally everyone and their mothers are going to bars, parties, and not social distancing at all.",2020-06,Chapel Hill,35.91221726932567,-79.05285639443778,populated place,Georgia,DeKalb County,United States,UNC,City,0.087086394,0.318153,0.59476066,0.34615618
post,2020-06-22,107,"The current mindset seems to be “hey, these are supposed to be the best four years of my life, I’m not gonna waste them hiding from a virus that won’t kill me.” 

I have zero friends that are both in Chapel Hill and quarantined, and I really just don’t believe we’ll be in in person classes.",2020-06,Chapel Hill,35.91221726932567,-79.05285639443778,populated place,Georgia,DeKalb County,United States,UNC,City,0.74057215,0.21195553,0.04747234,-0.5461934
comment,2025-04-05,4,"I had no idea this was planned until after it occurred, and I live/work in Chapel Hill.",2025-04,Chapel Hill,35.91221726932567,-79.05285639443778,populated place,Georgia,DeKalb County,United States,UNC,City,0.30169833,0.64844334,0.04985835,-0.08853602
comment,2021-09-13,2,i still have felt community especially in places like carrboro and outside of the college area of chapel hill.,2021-09,Chapel Hill,35.91221726932567,-79.05285639443778,populated place,Georgia,DeKalb County,United States,UNC,City,0.005219172,0.4330288,0.5617521,0.31553814
comment,2024-10-22,20,I'm a State grad and graduate student who lives in Chapel Hill.,2024-10,Chapel Hill,35.91221726932567,-79.05285639443778,populated place,Georgia,DeKalb County,United States,UNC,City,0.011330996,0.92226094,0.06640805,0.0042816387
comment,2020-09-09,3,"Hey r/carnage700 if you are in Chapel Hill or Carrboro, we can accommodate you <3 We know a lot of students who live off campus are struggling too!",2020-09,Chapel Hill,35.91221726932567,-79.05285639443778,populated place,Georgia,DeKalb County,United States,UNC,City,0.07961469,0.5962568,0.3241285,0.09872079
post,2020-08-17,93,* The university is strong encouraging people to return to their permanent address rather than move off-campus to an apartment in the Chapel Hill area.,2020-08,Chapel Hill,35.91221726932567,-79.05285639443778,populated place,Georgia,DeKalb County,United States,UNC,City,0.0071185427,0.4263622,0.56651926,0.32089344
comment,2024-04-29,28,"Protesting is a foundational right, but I am unsure how any of this is grounded in anything other than a suspicion that UNC is tangentially related to some sort of Israeli something or other that may or may not be loosely related to the efforts in Gaza.",2024-04,Gaza,31.50161,34.46672,seat of a first-order administrative division,Gaza Strip,Gaza,Palestinian Territory,UNC,City,0.4560309,0.52553487,0.018434241,-0.20762436
comment,2024-04-29,23,More than half the population in Gaza are refugees.,2024-04,Gaza,31.50161,34.46672,seat of a first-order administrative division,Gaza Strip,Gaza,Palestinian Territory,UNC,City,0.54047143,0.43610182,0.023426816,-0.29156053
comment,2024-04-29,23,"Personally, I don't know how eradicating what's left in Gaza is helping Americans except for the real estate aspect, which has been pushed quickly.",2024-04,Gaza,31.50161,34.46672,seat of a first-order administrative division,Gaza Strip,Gaza,Palestinian Territory,UNC,City,0.7459577,0.24254438,0.011497927,-0.55632067
post,2023-11-01,146,"I'm posting a few resources here, including a statement from the [Jewish Voices for Peace](https://www.jewishvoiceforpeace.org/), a group that has led many of the most notable protests and movements for Palestinian liberation since the most recent Israeli attacks on Gaza.",2023-11,Gaza,31.50161,34.46672,seat of a first-order administrative division,Gaza Strip,Gaza,Palestinian Territory,UNC,City,0.16390991,0.750629,0.08546107,-0.019562865
comment,2023-11-02,-10,There is no genocide in Gaza this claim is ridiculous.,2023-11,Gaza,31.50161,34.46672,seat of a first-order administrative division,Gaza Strip,Gaza,Palestinian Territory,UNC,City,0.77907366,0.20468274,0.016243573,-0.60669196
comment,2023-11-02,-10,If the goal is too kill Palestinians in gaza why not just nuke.,2023-11,Gaza,31.50161,34.46672,seat of a first-order administrative division,Gaza Strip,Gaza,Palestinian Territory,UNC,City,0.80845356,0.18675393,0.0047925008,-0.65357417
comment,2023-11-02,-10,They could kill every single person in Gaza if they wanted.,2023-11,Gaza,31.50161,34.46672,seat of a first-order administrative division,Gaza Strip,Gaza,Palestinian Territory,UNC,City,0.9062811,0.089554705,0.0041641546,-0.8213281
comment,2023-11-02,11,Gaza is only about 40 miles from Tel Aviv.,2023-11,Gaza,31.50161,34.46672,seat of a first-order administrative division,Gaza Strip,Gaza,Palestinian Territory,UNC,City,0.089127816,0.84390396,0.06696815,-0.0034590361
comment,2023-11-02,11,So no they can't just nuke Gaza,2023-11,Gaza,31.50161,34.46672,seat of a first-order administrative division,Gaza Strip,Gaza,Palestinian Territory,UNC,City,0.7021012,0.2859965,0.011902323,-0.49280438
comment,2023-11-02,10,"Many, [including the families of several hostages, fear that Israel's attacks on Gaza threaten the safety of their loved ones and are pleading with Israel to reign in its war effort](https://www.reuters.com/world/middle-east/hostage-families-face-appalling-dilemma-gaza-invasion-looms-2023-10-23/).",2023-11,Gaza,31.50161,34.46672,seat of a first-order administrative division,Gaza Strip,Gaza,Palestinian Territory,UNC,City,0.89228296,0.104142494,0.0035744915,-0.79615617
comment,2023-11-02,10,"Many, [including the families of several hostages, fear that Israel's attacks on Gaza threaten the safety of their loved ones and are pleading with Israel to reign in its war effort](https://www.reuters.com/world/middle-east/hostage-families-face-appalling-dilemma-gaza-invasion-looms-2023-10-23/).",2023-11,Gaza,31.50161,34.46672,seat of a first-order administrative division,Gaza Strip,Gaza,Palestinian Territory,UNC,City,0.89228296,0.104142494,0.0035744915,-0.79615617
comment,2023-11-02,8,"[The Fallacy of Israel's Human Shields Claim in Gaza](https://www.aljazeera.com/opinions/2018/6/18/the-fallacy-of-israels-human-shields-claims-in-gaza) (Al Jazeera, 2018)",2023-11,Gaza,31.50161,34.46672,seat of a first-order administrative division,Gaza Strip,Gaza,Palestinian Territory,UNC,City,0.3872709,0.5920477,0.020681353,-0.14955105
comment,2024-05-03,3,Dems (and I am a life time Dem & a UNC alum of decades talking 1980’s) - Dems are letting BiBi the monster get exactly what he wants - Trump back in as well as mass murder and Gaza developed as a luxury “ocean views” condos and palaces for Zionists like Jared creep Kushner who stated this plan recently at Harvard to create.,2024-05,Gaza,31.50161,34.46672,seat of a first-order administrative division,Gaza Strip,Gaza,Palestinian Territory,UNC,City,0.61012673,0.36123905,0.028634233,-0.3714347
comment,2024-05-15,3,"They usually zoom in on the worst examples, even though [a recent study found that 97% of Gaza campus protests have been peaceful](https://www.theguardian.com/us-news/article/2024/may/10/peaceful-pro-palestinian-campus-protests#:~:text=Among%20the%203%25%20of%20US,damage%20or%20confrontations%20with%20police).",2024-05,Gaza,31.50161,34.46672,seat of a first-order administrative division,Gaza Strip,Gaza,Palestinian Territory,UNC,City,0.44442302,0.48131505,0.074262,-0.19199696
comment,2024-04-30,-40,There are no universities left in Gaza,2024-04,Gaza,31.50161,34.46672,seat of a first-order administrative division,Gaza Strip,Gaza,Palestinian Territory,UNC,City,0.6932811,0.28702348,0.019695407,-0.4802508
comment,2024-05-01,-8,The student protests would be much more effective and contribute more to the effort if taking place in Gaza.,2024-05,Gaza,31.50161,34.46672,seat of a first-order administrative division,Gaza Strip,Gaza,Palestinian Territory,UNC,City,0.04191352,0.38095436,0.5771321,0.33132473
post,2026-01-27,445,A map of Chapel Hill I've drawn with one line,2026-01,Chapel Hill,35.91221726932567,-79.05285639443778,mountain,Connecticut,Southeastern Connecticut Planning Region,United States,UNC,City,0.025616314,0.92897314,0.04541056,0.001405923
comment,2024-10-12,2,I live 10 minutes from chapel hill and have never once heard anyone say it’s in financial trouble.,2024-10,Chapel Hill,35.91221726932567,-79.05285639443778,mountain,Connecticut,Southeastern Connecticut Planning Region,United States,UNC,City,0.39911816,0.5173224,0.08355938,-0.15231316
comment,2024-06-26,66,I think it’s an investigative documentary on how the outer banks cast took a ferry from outer banks to chapel hill for a day trip in season one,2024-06,Chapel Hill,35.91221726932567,-79.05285639443778,mountain,Connecticut,Southeastern Connecticut Planning Region,United States,UNC,City,0.034062725,0.8935565,0.072380796,0.0040787105
comment,2026-03-25,18,Campus and chapel hill were my home for almost a decade; I rarely go back now.,2026-03,Chapel Hill,35.91221726932567,-79.05285639443778,mountain,Connecticut,Southeastern Connecticut Planning Region,United States,UNC,City,0.039025605,0.46781573,0.49315867,0.24168245
post,2022-07-30,152,I made-up a metro map for Chapel Hill!,2022-07,Chapel Hill,35.91221726932567,-79.05285639443778,mountain,Connecticut,Southeastern Connecticut Planning Region,United States,UNC,City,0.01519265,0.64293116,0.34187618,0.1166485
comment,2022-07-30,18,"Bro u should make a map of the actual chapel hill bus routes in this format, I think that’d be cool",2022-07,Chapel Hill,35.91221726932567,-79.05285639443778,mountain,Connecticut,Southeastern Connecticut Planning Region,United States,UNC,City,0.0020129285,0.12718078,0.87080634,0.7582996
post,2021-04-17,150,My proposition for a completely hypothetical and cost-ineffective Chapel Hill metro,2021-04,Chapel Hill,35.91221726932567,-79.05285639443778,mountain,Connecticut,Southeastern Connecticut Planning Region,United States,UNC,City,0.1287276,0.8215441,0.049728174,-0.014097913
comment,2021-04-17,11,Chapel hill metro?,2021-04,Chapel Hill,35.91221726932567,-79.05285639443778,mountain,Connecticut,Southeastern Connecticut Planning Region,United States,UNC,City,0.064243704,0.87368745,0.06206883,-0.00027471376
comment,2020-08-25,25,Lowes (south of Chapel Hill) has a pretty good curbside pickup.,2020-08,Chapel Hill,35.91221726932567,-79.05285639443778,mountain,Connecticut,Southeastern Connecticut Planning Region,United States,UNC,City,0.0014790937,0.05406545,0.94445544,0.8919939
comment,2026-04-03,2,You have to really see if it’s just the environment in Chapel Hill or if this is really something else in combination.,2026-04,Chapel Hill,35.91221726932567,-79.05285639443778,mountain,Connecticut,Southeastern Connecticut Planning Region,United States,UNC,City,0.23268995,0.7403719,0.026938245,-0.053418927
post,2021-09-09,107,Chapel Hill Transit- Bus Changes starting Sept. 20th,2021-09,Chapel Hill,35.91221726932567,-79.05285639443778,mountain,Connecticut,Southeastern Connecticut Planning Region,United States,UNC,City,0.02286236,0.94536686,0.031770743,0.00048669297
comment,2020-06-23,2,I believe that masks are required and especially so since the town of chapel hill requires them in public spaces- so the university is forced to obey that.,2020-06,Chapel Hill,35.91221726932567,-79.05285639443778,mountain,Connecticut,Southeastern Connecticut Planning Region,United States,UNC,City,0.13892984,0.7858025,0.075267605,-0.013636294
comment,2024-10-16,1,The traffic signals in Chapel Hill are also not synced correctly to address the traffic issues.,2024-10,Chapel Hill,35.91221726932567,-79.05285639443778,mountain,Connecticut,Southeastern Connecticut Planning Region,United States,UNC,City,0.9106478,0.085905224,0.0034469352,-0.8292676
comment,2020-04-02,44,I guess there’s solace in knowing that chapel hill will always be our home.,2020-04,Chapel Hill,35.91221726932567,-79.05285639443778,mountain,Connecticut,Southeastern Connecticut Planning Region,United States,UNC,City,0.009201372,0.2089273,0.7818713,0.6112381
comment,2020-08-17,10,We have a mask mandate in Orange County (where Chapel Hill is at).,2020-08,Chapel Hill,35.91221726932567,-79.05285639443778,mountain,Connecticut,Southeastern Connecticut Planning Region,United States,UNC,City,0.047675528,0.90038913,0.051935293,0.0004243189
comment,2024-08-22,28,We took 2 cars as my husband works in Durham has a 1st responded call Vehicle.,2024-08,Durham,35.99403,-78.89862,seat of a second-order administrative division,North Carolina,Durham County,United States,UNC,City,0.025936544,0.8860772,0.0879862,0.007068869
comment,2026-01-14,8,Driving to Durham is a little less convenient but being seen without a wait time approaching a year was absolutely worth it.,2026-01,Durham,35.99403,-78.89862,seat of a second-order administrative division,North Carolina,Durham County,United States,UNC,City,0.035264827,0.2190571,0.74567807,0.55479217
comment,2026-03-31,6,I went to The Art Institute in Durham.,2026-03,Durham,35.99403,-78.89862,seat of a second-order administrative division,North Carolina,Durham County,United States,UNC,City,0.008368423,0.91856796,0.073063605,0.005268261
comment,2022-01-26,21,"Another thing that I like about ENC is that we attend Sunday service at a local church in Durham (King's Park International Church), which is different from A2F because their Sunday services were held on campus, and the majority of the time the sermons were being given by other Gracepoint pastors from around the country that we just watched a video recording of.",2022-01,Durham,35.99403,-78.89862,seat of a second-order administrative division,North Carolina,Durham County,United States,UNC,City,0.005196524,0.10228435,0.8925191,0.7965634
comment,2021-09-10,8,"Especially when go Durham, go raleigh and go triangle all pay drivers significantly more

EDIT: I took this on word from a bus driver - I looked up job postings and the starting pay is actually similar.",2021-09,Durham,35.99403,-78.89862,seat of a second-order administrative division,North Carolina,Durham County,United States,UNC,City,0.077276945,0.6107721,0.31195098,0.09134169
post,2024-05-23,105,"Hey all, I live in Durham and hand made a pair of Jordan 1s with Tar Heel flair.",2024-05,Durham,35.99403,-78.89862,seat of a second-order administrative division,North Carolina,Durham County,United States,UNC,City,0.0022859422,0.53835535,0.45935875,0.21100523
comment,2021-05-12,14,"Closest one to campus:  3536 Hillsborough Rd, Durham, NC 27705

Get on it.",2021-05,Durham,35.99403,-78.89862,seat of a second-order administrative division,North Carolina,Durham County,United States,UNC,City,0.02083527,0.89299846,0.08616631,0.006990522
comment,2021-05-13,1,That’s depressing... we were so upset they weren’t decorated since we drove to Durham for them.,2021-05,Durham,35.99403,-78.89862,seat of a second-order administrative division,North Carolina,Durham County,United States,UNC,City,0.8762459,0.106988266,0.016765818,-0.7675258
comment,2021-04-01,3,Better than Durham,2021-04,Durham,35.99403,-78.89862,seat of a second-order administrative division,North Carolina,Durham County,United States,UNC,City,0.078797884,0.44067946,0.4805226,0.2246929
comment,2025-07-14,3,UNC also offers a free GoTriangle pass for buses to Durham/Raleigh/Airport/Cary,2025-07,Durham,35.99403,-78.89862,seat of a second-order administrative division,North Carolina,Durham County,United States,UNC,City,0.0021173705,0.59131086,0.40657175,0.16529611
comment,2022-09-07,16,"something i’ve been thinking about lately is that triangle transit has offered free bus services since covid, and i wonder if that has caused homeless people in raleigh and durham to wander on and end up in chapel hill.",2022-09,Durham,35.99403,-78.89862,seat of a second-order administrative division,North Carolina,Durham County,United States,UNC,City,0.34768942,0.5889631,0.06334756,-0.116875
comment,2022-09-07,13,Previously I commuted to Durham using GoTriangle and had less uncomfortable encounters on a Raleigh/Durham bus than one involving Chapel Hill.,2022-09,Durham,35.99403,-78.89862,seat of a second-order administrative division,North Carolina,Durham County,United States,UNC,City,0.11005032,0.60326403,0.28668568,0.0700776
comment,2022-09-07,13,Previously I commuted to Durham using GoTriangle and had less uncomfortable encounters on a Raleigh/Durham bus than one involving Chapel Hill.,2022-09,Durham,35.99403,-78.89862,seat of a second-order administrative division,North Carolina,Durham County,United States,UNC,City,0.11005032,0.60326403,0.28668568,0.0700776
comment,2022-09-07,5,"I don't know if the migration theory is also true, but there are better services for homeless people in Raleigh and Durham.",2022-09,Durham,35.99403,-78.89862,seat of a second-order administrative division,North Carolina,Durham County,United States,UNC,City,0.16059688,0.61653954,0.22286357,0.023876814
comment,2020-08-17,16,Carrboro resident here.,2020-08,Carrboro,35.91014,-79.07529,populated place,North Carolina,Orange County,United States,UNC,City,0.06106131,0.88789845,0.051040206,-0.0011233815
comment,2023-10-18,19,"Having frequented many bars around the UNC/carrboro area, the coke scene is huge here and it's for sure that a lot of it is laced with some shit.",2023-10,Carrboro,35.91014,-79.07529,populated place,North Carolina,Orange County,United States,UNC,City,0.80126584,0.17920585,0.019528355,-0.6416456
comment,2021-01-15,68,But I--who happen to live in Carrboro and went out of my way to take all online classes--have to stand in line with these people to get tested once a week?,2021-01,Carrboro,35.91014,-79.07529,populated place,North Carolina,Orange County,United States,UNC,City,0.44025084,0.52697504,0.032774165,-0.19274664
comment,2024-08-22,35,[Here's](https://townofcarrboro.org/2774/Downtown-Parking) a map of free town parking in Carrboro,2024-08,Carrboro,35.91014,-79.07529,populated place,North Carolina,Orange County,United States,UNC,City,0.036320418,0.88812715,0.075552456,0.004389
comment,2024-08-22,0,Carrboro has tons of free parking options.,2024-08,Carrboro,35.91014,-79.07529,populated place,North Carolina,Orange County,United States,UNC,City,0.002929048,0.1454696,0.85160136,0.7252163
comment,2020-08-15,40,"as someone who has lived in carrboro for over 5 years and attended UNC for 2, i gotta say that the townies are pissed as fuck over this.",2020-08,Carrboro,35.91014,-79.07529,populated place,North Carolina,Orange County,United States,UNC,City,0.9015125,0.08975739,0.008730102,-0.8126486
comment,2026-04-12,3,"It has been a bit of time now, but if anyone from the paper is reading this, I want you to know there are many people in the Chapel Hill and Carrboro communities who read the DTH, not just students.",2026-04,Carrboro,35.91014,-79.07529,populated place,North Carolina,Orange County,United States,UNC,City,0.031926904,0.6454535,0.3226196,0.10306407
comment,2020-08-24,25,unfortunately it’s 10% of the students and while the majority of us are following protocol (i live in carrboro and haven’t been on campus in months) the minority of bad actors are getting the majority of the press.,2020-08,Carrboro,35.91014,-79.07529,populated place,North Carolina,Orange County,United States,UNC,City,0.72547776,0.2544745,0.020047761,-0.52591604
comment,2021-09-13,2,i still have felt community especially in places like carrboro and outside of the college area of chapel hill.,2021-09,Carrboro,35.91014,-79.07529,populated place,North Carolina,Orange County,United States,UNC,City,0.005219172,0.4330288,0.5617521,0.31553814
comment,2020-09-09,3,"Hey r/carnage700 if you are in Chapel Hill or Carrboro, we can accommodate you <3 We know a lot of students who live off campus are struggling too!",2020-09,Carrboro,35.91014,-79.07529,populated place,North Carolina,Orange County,United States,UNC,City,0.07961469,0.5962568,0.3241285,0.09872079
post,2025-07-10,94,"* Use the CW bus if you want to head up to Carrboro, the small town west of Franklin Street.",2025-07,Carrboro,35.91014,-79.07529,populated place,North Carolina,Orange County,United States,UNC,City,0.019104036,0.9360745,0.044821497,0.0016440017
comment,2020-08-17,3,Unfortunately I have yet to find any data about how much the outbreaks on campus at UNC have spread outside the campus to the towns of Chapel Hill and Carrboro and the community at large so I don't really have any idea of what might happen outside of the campus in Provo.,2020-08,Carrboro,35.91014,-79.07529,populated place,North Carolina,Orange County,United States,UNC,City,0.67594427,0.31544685,0.008608882,-0.45682654
comment,2026-02-08,17,HoJo residents: “first time?”,2026-02,Hinton James Housing (UNC),35.90250555489845,-79.04275385216378,seat of a second-order administrative division,Chiba,Tateyama Shi,Japan,UNC,Building,0.10587271,0.8356203,0.05850696,-0.0077859694
comment,2020-08-19,2,I still vote in California!,2020-08,California,37.25022,-119.75126,first-order administrative division,California,,United States,UNC,State,0.020799033,0.45446625,0.52473474,0.27491394
post,2025-02-25,279,I'm from California and I'm so excited to start my new life at such an amazing school.,2025-02,California,37.25022,-119.75126,first-order administrative division,California,,United States,UNC,State,0.0012856979,0.006068069,0.9926462,0.98534495
comment,2025-02-25,10,California Tar Heels unite!,2025-02,California,37.25022,-119.75126,first-order administrative division,California,,United States,UNC,State,0.0048421756,0.3328998,0.66225797,0.4385622
comment,2025-03-02,4,I want to get out of California as it does not align with my values.,2025-03,California,37.25022,-119.75126,first-order administrative division,California,,United States,UNC,State,0.94345176,0.05433547,0.0022127654,-0.8900963
post,2024-03-02,264,"To the students who were walking at the crosswalk between Hojo and Koury ~ 11:25 pm: I'm so sorry I'm not sure if this will reach you guys, but I wanted to be able to apologize somewhere because I knew I'd keep on worrying if I didn't; I was driving and turning left from Ridge Road and didn't see you guys cross until I turned because it was so dark and rainy.",2024-03,Hinton James Housing (UNC),35.90250555489845,-79.04275385216378,seat of a second-order administrative division,Chiba,Tateyama Shi,Japan,UNC,Building,0.6459531,0.31368554,0.040361386,-0.41562635
post,2020-08-16,220,Bets on how many people from the Hojo cluster were part of this and spread it before they realized today they were sick?,2020-08,Hinton James Housing (UNC),35.90250555489845,-79.04275385216378,seat of a second-order administrative division,Chiba,Tateyama Shi,Japan,UNC,Building,0.65494937,0.3351767,0.009873901,-0.42886117
comment,2020-08-16,53,Y’all I’m in Hojo and have barely left my room this week.,2020-08,Hinton James Housing (UNC),35.90250555489845,-79.04275385216378,seat of a second-order administrative division,Chiba,Tateyama Shi,Japan,UNC,Building,0.13831808,0.6348471,0.22683479,0.032322135
comment,2020-08-17,8,I feel so bad for all the students in Hojo watching from their windows.,2020-08,Hinton James Housing (UNC),35.90250555489845,-79.04275385216378,seat of a second-order administrative division,Chiba,Tateyama Shi,Japan,UNC,Building,0.9331967,0.063650504,0.0031528582,-0.87084615
comment,2020-08-16,19,I’m also in Hojo and I haven’t left my room unless it’s for class or food (which I usually do to go and come right back) besides the tiny bit of shopping I needed to do right after move in.,2020-08,Hinton James Housing (UNC),35.90250555489845,-79.04275385216378,seat of a second-order administrative division,Chiba,Tateyama Shi,Japan,UNC,Building,0.14962701,0.7319594,0.11841362,-0.008366457
comment,2020-08-14,21,There are cases on my floor in hojo too,2020-08,Hinton James Housing (UNC),35.90250555489845,-79.04275385216378,seat of a second-order administrative division,Chiba,Tateyama Shi,Japan,UNC,Building,0.095123835,0.8589769,0.045899186,-0.0069418126
comment,2025-11-14,13,I left a rock with my name etched into it under my AC unit in HOJO when i left.,2025-11,Hinton James Housing (UNC),35.90250555489845,-79.04275385216378,seat of a second-order administrative division,Chiba,Tateyama Shi,Japan,UNC,Building,0.18284371,0.7821951,0.034961272,-0.032209523
post,2022-09-14,147,I’m in Hojo and this picture was stuck between the vinyl and the wall.,2022-09,Hinton James Housing (UNC),35.90250555489845,-79.04275385216378,seat of a second-order administrative division,Chiba,Tateyama Shi,Japan,UNC,Building,0.5479665,0.4228613,0.029172173,-0.29941624
comment,2023-08-28,32,This California alum has been streaming WRAL and refreshing the DTH all day.,2023-08,California,37.25022,-119.75126,first-order administrative division,California,,United States,UNC,State,0.0021875233,0.5234905,0.474322,0.22497657
post,2021-10-10,137,"I’m sure many of you all heard about what happened at Hojo, and I just want to say… let’s take care of each other.",2021-10,Hinton James Housing (UNC),35.90250555489845,-79.04275385216378,seat of a second-order administrative division,Chiba,Tateyama Shi,Japan,UNC,Building,0.103259094,0.6891934,0.20754747,0.032413512
comment,2020-12-17,29,"if this was in CA, they’d be legitimate businessmen.",2020-12,California,37.25022,-119.75126,first-order administrative division,California,,United States,UNC,State,0.08801246,0.7583264,0.15366112,0.015865548
comment,2026-03-31,3,I moved to NC from California in August to go to grad school at UNC.,2026-03,California,37.25022,-119.75126,first-order administrative division,California,,United States,UNC,State,0.013037782,0.93194705,0.05501522,0.0028566886
comment,2026-03-31,3,I have lost touch with many of my friends from California because im not as accessible to them.,2026-03,California,37.25022,-119.75126,first-order administrative division,California,,United States,UNC,State,0.91523606,0.08079121,0.003972676,-0.8376413
comment,2026-03-31,3,"I wanna move back to California and find my footing, but I need to just finish here and then I can do whatever I want.",2026-03,California,37.25022,-119.75126,first-order administrative division,California,,United States,UNC,State,0.08025176,0.6418444,0.27790388,0.07079022
post,2022-01-26,114,"If you’re involved or considering getting involved, I’m just going to leave this here and will encourage you to do your homework (Google, and check out what’s been said about their base church and California branches on r/ucsd r/Berkeley r/gracepointchurch as a starting point) before making a decision.",2022-01,California,37.25022,-119.75126,first-order administrative division,California,,United States,UNC,State,0.033908345,0.8040119,0.16207974,0.025120068
comment,2025-02-22,5,"He did not fled, he moved to work at a Bank his father in law used to own in California that was catered towards Taiwanese families in the US.",2025-02,California,37.25022,-119.75126,first-order administrative division,California,,United States,UNC,State,0.043559354,0.8709329,0.08550775,0.005414159
comment,2022-09-06,59,Not to mention the seeming spike in illegal shit going down around campus like that larceny stuff near HoJo,2022-09,Hinton James Housing (UNC),35.90250555489845,-79.04275385216378,seat of a second-order administrative division,Chiba,Tateyama Shi,Japan,UNC,Building,0.8628885,0.13205346,0.005057924,-0.74455106
comment,2025-09-13,5,"He could drive back to Raleigh, shower, change, and get started with his work and have a full ass 12 hours left in the day.",2025-09,Beckley,37.77817,-81.18816,seat of a second-order administrative division,West Virginia,Raleigh County,United States,UNC,City,0.33826554,0.5822418,0.07949265,-0.1081045
comment,2024-04-29,23,"To put into perspective, Raleigh covers an area of 388 km2.",2024-04,Beckley,37.77817,-81.18816,seat of a second-order administrative division,West Virginia,Raleigh County,United States,UNC,City,0.04709803,0.89755505,0.05534692,0.00084505725
comment,2020-08-18,32,"I moved to Raleigh, signed up for a fully remote semester.",2020-08,Beckley,37.77817,-81.18816,seat of a second-order administrative division,West Virginia,Raleigh County,United States,UNC,City,0.0094490945,0.87023574,0.120315135,0.01438645
comment,2023-08-29,37,"I’m still messed up about that mass shooting in Raleigh last year, can’t wrap my head around senseless violence.",2023-08,Beckley,37.77817,-81.18816,seat of a second-order administrative division,West Virginia,Raleigh County,United States,UNC,City,0.951744,0.042453058,0.005802955,-0.905783
post,2025-03-05,223,"10 years ago, I was at UNC as an exchange student I visited from Copenhagen, Denmark.",2025-03,Kingdom of Denmark,56.0,10.0,independent political entity,,,Denmark,UNC,Country,0.014059522,0.9266793,0.05926122,0.0033142196
post,2025-03-05,223,"Since, there have been many Danish students at UNC and many UNC students in Denmark.",2025-03,Kingdom of Denmark,56.0,10.0,independent political entity,,,Denmark,UNC,Country,0.011152033,0.88751304,0.101334885,0.010144395
post,2025-03-05,223,"Yesterday, your president threatened to invade and annex Greenland, which makes up almost all of the land mass of the kingdom of Denmark.",2025-03,Kingdom of Denmark,56.0,10.0,independent political entity,,,Denmark,UNC,Country,0.6161648,0.37004188,0.013793356,-0.3794688
post,2025-03-05,223,This is just short of declaring war on Denmark - a country that has stood as a close ally of the United States for nearly a century.,2025-03,Kingdom of Denmark,56.0,10.0,independent political entity,,,Denmark,UNC,Country,0.39155474,0.5651949,0.043250278,-0.15144455
comment,2025-03-05,44,"About 75% of Orange County voted for Kamala, so a majority of Chapel Hill wasn’t for Trump.",2025-03,Chapel Hill,26.49813,-80.07421,populated place,Florida,Palm Beach County,United States,UNC,City,0.20280991,0.70539045,0.09179955,-0.032704715
comment,2025-03-07,11,I love denmark so much and Scandinavia.,2025-03,Kingdom of Denmark,56.0,10.0,independent political entity,,,Denmark,UNC,Country,0.002940506,0.014318691,0.9827408,0.96577084
comment,2025-03-06,-28,Nobody is invading Denmark.,2025-03,Kingdom of Denmark,56.0,10.0,independent political entity,,,Denmark,UNC,Country,0.4001747,0.5731122,0.026713084,-0.15942621
comment,2025-03-06,6,They have a better deal with Denmark.,2025-03,Kingdom of Denmark,56.0,10.0,independent political entity,,,Denmark,UNC,Country,0.07015671,0.66754717,0.26229617,0.06387731
comment,2025-03-06,2,"And it's a part of the kingdom of Denmark, which was what I wrote.",2025-03,Kingdom of Denmark,56.0,10.0,independent political entity,,,Denmark,UNC,Country,0.048722744,0.89348316,0.0577941,0.00096625235
comment,2023-09-02,9,I'm a 2020 grad and I live in the neighborhood in Raleigh that had a mass shooting this time last year.,2023-09,Beckley,37.77817,-81.18816,seat of a second-order administrative division,West Virginia,Raleigh County,United States,UNC,City,0.5601083,0.42128044,0.018611245,-0.31337494
comment,2023-11-23,44,Dogs must be leashed when off the owner’s property per Chapel Hill law.,2023-11,Chapel Hill,26.49813,-80.07421,populated place,Florida,Palm Beach County,United States,UNC,City,0.46630487,0.5182177,0.015477446,-0.21720068
comment,2022-03-26,9,Based in Raleigh,2022-03,Beckley,37.77817,-81.18816,seat of a second-order administrative division,West Virginia,Raleigh County,United States,UNC,City,0.05164971,0.86938065,0.078969635,0.003568511
comment,2026-04-24,70,A Chapel Hill man and former CH police officer was arrested for allegedly planning a mass shooter attack in New Orleans.,2026-04,Chapel Hill,26.49813,-80.07421,populated place,Florida,Palm Beach County,United States,UNC,City,0.59107006,0.40203083,0.0068991305,-0.3493162
comment,2024-01-03,20,This is a real loss for Chapel Hill.,2024-01,Chapel Hill,26.49813,-80.07421,populated place,Florida,Palm Beach County,United States,UNC,City,0.8997867,0.09386402,0.0063492185,-0.80957586
comment,2021-09-01,18,DK as in Denmark?,2021-09,Kingdom of Denmark,56.0,10.0,independent political entity,,,Denmark,UNC,Country,0.07397038,0.8873382,0.03869139,-0.0039745932
comment,2025-02-22,24,"Having grown up in Chapel Hill and still calling it home, it warms my heart to see the people who were here before me doing well.",2025-02,Chapel Hill,26.49813,-80.07421,populated place,Florida,Palm Beach County,United States,UNC,City,0.0016647798,0.02943437,0.96890086,0.9387661
comment,2021-04-01,5,A lot of drivers in Chapel Hill are apathetic and don’t seem too concerned about running into other cars.,2021-04,Chapel Hill,26.49813,-80.07421,populated place,Florida,Palm Beach County,United States,UNC,City,0.7867833,0.19746293,0.015753763,-0.6187798
comment,2021-04-01,7,Better than Raleigh at least,2021-04,Beckley,37.77817,-81.18816,seat of a second-order administrative division,West Virginia,Raleigh County,United States,UNC,City,0.04949083,0.45278606,0.4977231,0.24527892
comment,2022-09-07,10,I figured the homeless problem has been around Chapel Hill for a while though because populous towns/cities often have that.,2022-09,Chapel Hill,26.49813,-80.07421,populated place,Florida,Palm Beach County,United States,UNC,City,0.27485988,0.68536496,0.03977518,-0.073965885
comment,2022-09-07,5,If homeless people are choosing to come to Chapel Hill it's probably because they are concerned about their safety.,2022-09,Chapel Hill,26.49813,-80.07421,populated place,Florida,Palm Beach County,United States,UNC,City,0.40579027,0.56369215,0.030517582,-0.16373442
comment,2020-08-17,20,"The U( that’s what we call it, not Miami) has a lot of the same measures as Chapel Hill it seems.",2020-08,Chapel Hill,26.49813,-80.07421,populated place,Florida,Palm Beach County,United States,UNC,City,0.13757339,0.803973,0.058453508,-0.0155096315
comment,2021-08-26,4,Also a commuter (from Raleigh) and yeah the heat definitely sucks.,2021-08,Beckley,37.77817,-81.18816,seat of a second-order administrative division,West Virginia,Raleigh County,United States,UNC,City,0.94068086,0.05237525,0.006943889,-0.88483226
comment,2021-08-26,4,Also Raleigh’s buses aren’t great so I do a good bit of walking.,2021-08,Beckley,37.77817,-81.18816,seat of a second-order administrative division,West Virginia,Raleigh County,United States,UNC,City,0.7096714,0.24557152,0.04475717,-0.50163025
comment,2023-09-17,2,"Yes, it's only worked for Australia, Britain, Japan, and the rest of the developed world.",2023-09,United Kingdom of Great Britain and Northern Ireland,54.75844,-2.69531,independent political entity,,,United Kingdom,UNC,Country,0.07244583,0.56452996,0.36302423,0.12653819
comment,2023-08-29,4,"I'm 37 and had exactly one lockdown drill in high school and nothing close to it while at UNC, despite being there during the Pit SUV attack and the VaTech shooting.",2023-08,Pittsburgh,40.44062,-79.99589,seat of a second-order administrative division,Pennsylvania,Allegheny County,United States,UNC,City,0.21300857,0.7137452,0.07324624,-0.04000764
comment,2025-02-10,10,"The qualified candidates and researchers will try to go somewhere else: Canada, UK, EU, China, India, any other nation that wants to strip our infrastructure for valuable parts.",2025-02,United Kingdom of Great Britain and Northern Ireland,54.75844,-2.69531,independent political entity,,,United Kingdom,UNC,Country,0.3562512,0.5934477,0.050301097,-0.12438472
comment,2025-02-10,10,"The qualified candidates and researchers will try to go somewhere else: Canada, UK, EU, China, India, any other nation that wants to strip our infrastructure for valuable parts.",2025-02,People’s Republic of China,35.0,105.0,independent political entity,,,China,UNC,Country,0.3562512,0.5934477,0.050301097,-0.12438472
comment,2025-11-09,72,The Old Well kept it more academic,2025-11,The Old Well,33.87703,-104.17413,well,New Mexico,Chaves County,United States,UNC,Building,0.057664707,0.80271256,0.13962272,0.016169285
comment,2025-11-08,61,The Old Well is iconic.,2025-11,The Old Well,33.87703,-104.17413,well,New Mexico,Chaves County,United States,UNC,Building,0.0043586213,0.13303658,0.8626048,0.74406797
comment,2025-11-08,26,This is what I hope UVA never becomes - our Rotunda logo (separate from athletics V-Sabre) is very similar to the Old Well.,2025-11,The Old Well,33.87703,-104.17413,well,New Mexico,Chaves County,United States,UNC,Building,0.43152934,0.46317914,0.10529146,-0.1751313
comment,2023-09-15,3,"UNC Charlotte goer here

Lmao",2023-09,Charlotte,35.22709,-80.84313,seat of a second-order administrative division,North Carolina,Mecklenburg County,United States,UNC,City,0.18192917,0.7514981,0.06657272,-0.028666297
comment,2021-10-10,46,I was around Granville at the time and talked to the girl who found the body.,2021-10,Granville,41.26115,-89.22759,populated place,Illinois,Putnam County,United States,UNC,City,0.055586264,0.90882415,0.03558959,-0.0018232138
comment,2021-04-25,5,I have at least 5 paintings of the Old Well already.,2021-04,The Old Well,33.87703,-104.17413,well,New Mexico,Chaves County,United States,UNC,Building,0.011333872,0.80269295,0.18597314,0.03445756
comment,2023-08-28,25,As a Charlotte student who went through our own shooting - my heart and thoughts go out to everyone.,2023-08,Charlotte,35.22709,-80.84313,seat of a second-order administrative division,North Carolina,Mecklenburg County,United States,UNC,City,0.7614683,0.22200873,0.016523015,-0.57956094
comment,2023-09-04,13,Imagine being a South Carolina fan period,2023-09,South Carolina,34.00043,-81.00009,first-order administrative division,South Carolina,,United States,UNC,State,0.53754807,0.4223304,0.04012149,-0.2873482
comment,2020-08-17,1,Here is a question for them: if UK can update daily why can't UNC?,2020-08,United Kingdom of Great Britain and Northern Ireland,54.75844,-2.69531,independent political entity,,,United Kingdom,UNC,Country,0.1320226,0.8318614,0.03611601,-0.016125603
comment,2023-09-02,16,"What about the people who live in Charlotte, who aren’t even students or know students?",2023-09,Charlotte,35.22709,-80.84313,seat of a second-order administrative division,North Carolina,Mecklenburg County,United States,UNC,City,0.47573605,0.5055775,0.018686434,-0.2259756
comment,2024-11-21,13,Some guys in a white truck recently robbed and assaulted people outside Granville and another location.,2024-11,Granville,41.26115,-89.22759,populated place,Illinois,Putnam County,United States,UNC,City,0.87526256,0.12088985,0.003847649,-0.7660697
comment,2026-03-26,6,Note also that the steps of Lenoir Hall and the Pit are not exactly comfy.,2026-03,Pittsburgh,40.44062,-79.99589,seat of a second-order administrative division,Pennsylvania,Allegheny County,United States,UNC,City,0.7387087,0.24285987,0.018431421,-0.54535085
comment,2022-04-27,50,"* Last in person class
* Wrapping up a research paper
* 2 finals next week
* Disney World with the fam the week after
* Over the summer I'm going to train my replacement at work
* Sept I leave for the UK for 4 months
* I turn 43
* Return to NC to write my thesis
* Graduate in May with an MA
* Apply for jobs
* Retire
* Die
* Haunt my enemies and watch them tremble before my non-corporeal form.",2022-04,United Kingdom of Great Britain and Northern Ireland,54.75844,-2.69531,independent political entity,,,United Kingdom,UNC,Country,0.21165244,0.65668404,0.1316635,-0.02746148
comment,2020-08-14,64,I live in Granville and I see groups of 10+ people together w/o masks on all of the time.,2020-08,Granville,41.26115,-89.22759,populated place,Illinois,Putnam County,United States,UNC,City,0.08118761,0.8142493,0.10456305,0.004342004
comment,2020-08-14,35,Of course it's Granville!,2020-08,Granville,41.26115,-89.22759,populated place,Illinois,Putnam County,United States,UNC,City,0.02655182,0.34397388,0.6294743,0.39553288
comment,2020-08-17,4,They have shown in China that masks at home are effective at preventing transmission.,2020-08,People’s Republic of China,35.0,105.0,independent political entity,,,China,UNC,Country,0.009499954,0.3788714,0.6116286,0.3739993
comment,2021-09-12,-5,"We have fine examples of those in China, NK, Russia etc.",2021-09,People’s Republic of China,35.0,105.0,independent political entity,,,China,UNC,Country,0.038803976,0.5434147,0.41778132,0.17303549
comment,2021-09-12,-5,Why WHO doesn't ask China to provide that.,2021-09,People’s Republic of China,35.0,105.0,independent political entity,,,China,UNC,Country,0.3401201,0.642912,0.016967943,-0.115393765
comment,2021-09-12,-5,You know how much China provides in WHO funding?,2021-09,People’s Republic of China,35.0,105.0,independent political entity,,,China,UNC,Country,0.0660213,0.88269144,0.051287245,-0.0017284309
comment,2023-08-28,17,As a Charlotte student who went through our own shooting - my heart and thoughts go out to everyone.,2023-08,Charlotte,35.22709,-80.84313,seat of a second-order administrative division,North Carolina,Mecklenburg County,United States,UNC,City,0.7614683,0.22200873,0.016523015,-0.57956094
comment,2025-06-05,6,I remember arguing with this guy in the Pit in the late 80s – I’m sad that I didn’t have one last chance to tell him to fuck off.,2025-06,Pittsburgh,40.44062,-79.99589,seat of a second-order administrative division,Pennsylvania,Allegheny County,United States,UNC,City,0.88936704,0.09709256,0.013540377,-0.7907904
comment,2025-06-03,8,No that guy lives in Charlotte,2025-06,Charlotte,35.22709,-80.84313,seat of a second-order administrative division,North Carolina,Mecklenburg County,United States,UNC,City,0.46770957,0.51047254,0.02181787,-0.21827623
comment,2025-12-18,8,"There are 11 SEC schools outside the top 100 (Auburn, Missouri, Tennessee, Oklahoma, South Carolina, Kentucky, Alabama, LSU, Ole Miss, Arkansas, Miss.",2025-12,South Carolina,34.00043,-81.00009,first-order administrative division,South Carolina,,United States,UNC,State,0.046205066,0.9106565,0.043138377,-0.00027398867
comment,2025-12-18,8,"South Carolina  
143.",2025-12,South Carolina,34.00043,-81.00009,first-order administrative division,South Carolina,,United States,UNC,State,0.09927301,0.8411788,0.059548154,-0.0063091503
post,2023-11-10,151,They told me that Charlotte exists in a weather radar gap because the national weather radar network was built decades ago and back then we just didn’t get our own radar.,2023-11,Charlotte,35.22709,-80.84313,seat of a second-order administrative division,North Carolina,Mecklenburg County,United States,UNC,City,0.43976015,0.51846504,0.04177479,-0.19164386
post,2023-11-10,151,"We rely on a radar in South Carolina, and that means less accurate weather predictions for my district.",2023-11,South Carolina,34.00043,-81.00009,first-order administrative division,South Carolina,,United States,UNC,State,0.7284153,0.25679788,0.014786737,-0.53037024
post,2021-07-18,150,"At least for my org alone, we would have 500 people sign up on our listserv at Fall fest compared to around 10 people when we would pub in the Pit or the quad.",2021-07,Pittsburgh,40.44062,-79.99589,seat of a second-order administrative division,Pennsylvania,Allegheny County,United States,UNC,City,0.011197222,0.66834927,0.3204535,0.10256507
post,2021-07-18,150,"I'm not sure what sort of shitty cost cutting measure this is, now that they are relegating student orgs to the Pit a week to two weeks after school has started, meaning that most clubs will have already had their interest meetings.",2021-07,Pittsburgh,40.44062,-79.99589,seat of a second-order administrative division,Pennsylvania,Allegheny County,United States,UNC,City,0.8468563,0.14260599,0.010537673,-0.71705455
post,2021-07-18,150,"There are nearly what 900 student orgs at UNC, how the hell are all of those going to fit in the Pit in one week.",2021-07,Pittsburgh,40.44062,-79.99589,seat of a second-order administrative division,Pennsylvania,Allegheny County,United States,UNC,City,0.73751026,0.24127604,0.021213703,-0.5434714
post,2021-07-18,150,"While the Pit does have high foot traffic during the day, I know many who cannot go to this event because they have classes.",2021-07,Pittsburgh,40.44062,-79.99589,seat of a second-order administrative division,Pennsylvania,Allegheny County,United States,UNC,City,0.65568143,0.32225913,0.022059405,-0.42943156
comment,2021-04-17,3,The Old Well is just tap water now.,2021-04,The Old Well,33.87703,-104.17413,well,New Mexico,Chaves County,United States,UNC,Building,0.2448948,0.7200614,0.035043757,-0.058745403
comment,2023-11-02,11,That's like saying NC could nuke SC.,2023-11,South Carolina,34.00043,-81.00009,first-order administrative division,South Carolina,,United States,UNC,State,0.32479182,0.64804924,0.027158935,-0.104752116
comment,2021-10-10,9,The parents are wearing yellow at Thursday’s rally at the Pit.,2021-10,Pittsburgh,40.44062,-79.99589,seat of a second-order administrative division,Pennsylvania,Allegheny County,United States,UNC,City,0.014560718,0.87154025,0.11389912,0.012760986
post,2021-10-10,137,"Let’s Take Care of Each Other… **edit: With the news about what happened at Granville, I just want to reiterate that I, and many others are here for you if you need help.",2021-10,Granville,41.26115,-89.22759,populated place,Illinois,Putnam County,United States,UNC,City,0.021590695,0.46520746,0.5132019,0.26291
comment,2026-02-08,2,"Of course not, I got Seth and Drake to meet me at the Old Well and pose for a hand-drawn portrait.",2026-02,The Old Well,33.87703,-104.17413,well,New Mexico,Chaves County,United States,UNC,Building,0.12421871,0.74916846,0.12661281,0.00060051645
comment,2022-04-02,6,"UK flag is eating us up, dunno if this is the best spot anymore...",2022-04,United Kingdom of Great Britain and Northern Ireland,54.75844,-2.69531,independent political entity,,,United Kingdom,UNC,Country,0.87960666,0.10881936,0.011574049,-0.7735739
comment,2020-08-24,22,"You can find help at a National Suicide Prevention Lifeline

USA: 18002738255
US Crisis textline: 741741 text HOME

United Kingdom: 116 123

Trans Lifeline (877-565-8860)

Others: https://en.wikipedia.org/wiki/List_of_suicide_crisis_lines

https://suicidepreventionlifeline.org",2020-08,United Kingdom of Great Britain and Northern Ireland,54.75844,-2.69531,independent political entity,,,United Kingdom,UNC,Country,0.21735571,0.71658474,0.06605959,-0.04287963
comment,2025-03-21,4,I work at a small college in SC that has online and is useful for those who want to transfer after 1 or 2 years,2025-03,South Carolina,34.00043,-81.00009,first-order administrative division,South Carolina,,United States,UNC,State,0.0031079245,0.25257933,0.7443127,0.5539918
comment,2020-08-24,11,welfare from the NC government can only be given to NC residents; no-one would argue that a SC resident should receive welfare from the NC government.,2020-08,South Carolina,34.00043,-81.00009,first-order administrative division,South Carolina,,United States,UNC,State,0.42451414,0.5389704,0.036515437,-0.17887889
comment,2025-11-10,21,I think that’s the back of the Pika house and they’re rating (harassing) students walking the alleyway from Granville parking lot,2025-11,Granville,41.26115,-89.22759,populated place,Illinois,Putnam County,United States,UNC,City,0.38787222,0.58807015,0.024057634,-0.14986609
comment,2025-11-12,1,"I (male) lived in Granville a few years later & remember an alley going by frat court behind the backs of houses, but don't remember any seating areas facing that way.",2025-11,Granville,41.26115,-89.22759,populated place,Illinois,Putnam County,United States,UNC,City,0.14968155,0.8081635,0.04215502,-0.020627512
comment,2024-02-12,23,I got a bottle of water from the Old Well due to the pandemic just starting.,2024-02,The Old Well,33.87703,-104.17413,well,New Mexico,Chaves County,United States,UNC,Building,0.23293652,0.66510963,0.101953916,-0.043864813
comment,2024-02-12,3,"Omg, that's so sentimental, tho, since the Old Well is such a HUGE part of UNC!",2024-02,The Old Well,33.87703,-104.17413,well,New Mexico,Chaves County,United States,UNC,Building,0.008226523,0.15907058,0.8327029,0.6933264
post,2020-06-19,108,We made it onto a crazy Qanon Covid conspiracy map (look to the left of China),2020-06,People’s Republic of China,35.0,105.0,independent political entity,,,China,UNC,Country,0.103735186,0.63175833,0.26450643,0.059202675
comment,2023-09-26,3,"In China, you can apply directly into a bachelors in medicine.",2023-09,People’s Republic of China,35.0,105.0,independent political entity,,,China,UNC,Country,0.01566121,0.85197926,0.13235956,0.017273778
comment,2021-09-01,-6,Policy being reversed in DK and UK.,2021-09,United Kingdom of Great Britain and Northern Ireland,54.75844,-2.69531,independent political entity,,,United Kingdom,UNC,Country,0.20108452,0.77197474,0.026940804,-0.039709166
post,2020-07-09,107,South Carolina is at a 20% positive rate.,2020-07,South Carolina,34.00043,-81.00009,first-order administrative division,South Carolina,,United States,UNC,State,0.0030315868,0.29004872,0.70691967,0.49972624
comment,2020-08-14,-2,"By the way, this particular virus was first predicted by researchers here at UNC in 2015, born, not unlike Ebola, out of bats: https://www.nature.com/articles/nm.3985 

From the beginning, SARS-CoV-2 has been politicized by both the left and the right - by the democrats to get Trump, by the republicans to get China.",2020-08,People’s Republic of China,35.0,105.0,independent political entity,,,China,UNC,Country,0.4836307,0.47972435,0.036644973,-0.23255579
comment,2021-05-13,2,I'm in Charlotte and they had about ten boxes of each set aside.,2021-05,Charlotte,35.22709,-80.84313,seat of a second-order administrative division,North Carolina,Mecklenburg County,United States,UNC,City,0.023160627,0.91141903,0.065420285,0.003743401
comment,2021-09-07,8,Was nice when I lived in granville tho,2021-09,Granville,41.26115,-89.22759,populated place,Illinois,Putnam County,United States,UNC,City,0.018244319,0.1796633,0.8020924,0.6430193
comment,2024-08-21,27,"And then, sure, there are those top 10 students from the more competitive metro areas (RTP and Charlotte mostly) who generally are better prepared at the start have taken 20+ AP classes or classes at local colleges..",2024-08,Charlotte,35.22709,-80.84313,seat of a second-order administrative division,North Carolina,Mecklenburg County,United States,UNC,City,0.012856729,0.3945148,0.59262854,0.35104325
post,2020-12-31,93,"- A third vaccine, from AstraZeneca, was approved by the UK yesterday.",2020-12,United Kingdom of Great Britain and Northern Ireland,54.75844,-2.69531,independent political entity,,,United Kingdom,UNC,Country,0.0016852447,0.28789353,0.7104212,0.5046955
comment,2025-03-04,4,Exactly as russia demands.,2025-03,Russian Federation,60.0,100.0,independent political entity,,,Russia,UNC,Country,0.6112544,0.37068173,0.018063936,-0.37330556
comment,2023-08-29,56,"One thing to consider:

Everyone that is a college student in 2023 and went through K-12 in the United States has likely been through multiple lockdown drills while they were in K-12 education.",2023-08,Territories of the United States,35.27766,-102.35403,region,,,United States,UNC,Region,0.24800648,0.70879066,0.043202832,-0.059640735
comment,2025-02-09,19,"Thom Tillis' office is at 310 New Bern Ave Suite 122 Raleigh, NC 27601.",2025-02,Raleigh,35.7721,-78.63861,seat of a first-order administrative division,North Carolina,Wake County,United States,UNC,City,0.014291224,0.95849067,0.027218115,0.00053658657
comment,2024-05-01,9,Killing children and raping women and taking hostages.” I guess the plus side for them is that students at extremely liberal universities in the United States would months later take down the flag of their own country and raise the flag of a country who committed a racially motivated terror attack.,2024-05,Territories of the United States,35.27766,-102.35403,region,,,United States,UNC,Region,0.9089135,0.08655829,0.004528253,-0.8261032
comment,2025-09-14,10,"He also says that Israel's genocide of Palestine is similar to the Holocaust, and that our treatment of animals is the root of all oppression.",2025-09,Palestine,31.92157,35.20329,semi-independent political entity,,,Palestinian Territory,UNC,Country,0.9504034,0.047796935,0.0017997265,-0.90326333
post,2023-09-15,236,"While I acknowledge that in the United States we have the right to freedom of speech, this is a moderated online community.",2023-09,Territories of the United States,35.27766,-102.35403,region,,,United States,UNC,Region,0.05568762,0.78458846,0.15972395,0.022410627
post,2025-03-05,223,"Yesterday, your president threatened to invade and annex Greenland, which makes up almost all of the land mass of the kingdom of Denmark.",2025-03,Greenland,72.0,-40.0,dependent political entity,,,Greenland,UNC,Country,0.6161648,0.37004188,0.013793356,-0.3794688
post,2025-03-05,223,"A man who threatens the right to exist for Greenland, Ukraine, even Canada.",2025-03,Greenland,72.0,-40.0,dependent political entity,,,Greenland,UNC,Country,0.922988,0.074617736,0.002394223,-0.8519012
comment,2025-03-06,1,"stop reporting this post for misinformation lol 
trump deadass said the US would take control of Greenland during his address",2025-03,Greenland,72.0,-40.0,dependent political entity,,,Greenland,UNC,Country,0.67861897,0.29631698,0.025064033,-0.4598955
comment,2025-03-05,22,Think about how freaked out you are that he even threatened to go after Greenland...and then imagine what it's like for those of us stuck here with no way out.,2025-03,Greenland,72.0,-40.0,dependent political entity,,,Greenland,UNC,Country,0.86055356,0.13293047,0.006515929,-0.74051005
comment,2025-03-06,12,"The United States is a largely uneducated country,  for the most part.",2025-03,Territories of the United States,35.27766,-102.35403,region,,,United States,UNC,Region,0.77289385,0.20920482,0.017901288,-0.59704447
comment,2025-03-06,10,Please be assured that trump is not going to invade Greenland or any place.,2025-03,Greenland,72.0,-40.0,dependent political entity,,,Greenland,UNC,Country,0.19318521,0.71715826,0.089656465,-0.029282251
comment,2025-03-06,11,with regards to Greenland in his fucking fever dream of a SOTU is a threat.,2025-03,Greenland,72.0,-40.0,dependent political entity,,,Greenland,UNC,Country,0.90632904,0.087853566,0.0058174348,-0.8213985
comment,2025-03-06,2,"I'm a political scientist major who wrote my final thesis on Greenland and have visited it several times, by the way.",2025-03,Greenland,72.0,-40.0,dependent political entity,,,Greenland,UNC,Country,0.009128961,0.79736793,0.1935031,0.037360113
comment,2025-03-06,3,"The poll numbers will continue to drop because he’s destroying our country,siding with Russia (Reagan is turning in his grave)  and acting like a petulant mad king.",2025-03,Russian Federation,60.0,100.0,independent political entity,,,Russia,UNC,Country,0.95427185,0.042188555,0.0035395545,-0.9106223
comment,2025-03-06,8,Go move to Russia.,2025-03,Russian Federation,60.0,100.0,independent political entity,,,Russia,UNC,Country,0.27104908,0.6710732,0.057877697,-0.07011779
comment,2026-03-25,32,When you blame UNC you really mean BOG and our gerrymandered super majority politicians in Raleigh.,2026-03,Raleigh,35.7721,-78.63861,seat of a first-order administrative division,North Carolina,Wake County,United States,UNC,City,0.72107434,0.26853922,0.01038644,-0.5198403
comment,2021-09-12,-5,"We have fine examples of those in China, NK, Russia etc.",2021-09,Russian Federation,60.0,100.0,independent political entity,,,Russia,UNC,Country,0.038803976,0.5434147,0.41778132,0.17303549
comment,2021-09-12,14,"I’m not sure if you’re trying to say that Russia is authoritarian and socialist, but that would be very incorrect.",2021-09,Russian Federation,60.0,100.0,independent political entity,,,Russia,UNC,Country,0.7157796,0.27034143,0.013878926,-0.51214784
comment,2024-08-09,160,"Encampment, Palestine protests, and far-right wing connections aside, this guy still sucks as a pick to be a Chancellor for a top public undergraduate and R1 research institution.",2024-08,Palestine,31.92157,35.20329,semi-independent political entity,,,Palestinian Territory,UNC,Country,0.9487785,0.047827136,0.0033943555,-0.90016913
comment,2025-04-13,-3,It is not their right to be in the United States.,2025-04,Territories of the United States,35.27766,-102.35403,region,,,United States,UNC,Region,0.856316,0.13917528,0.0045088194,-0.73325664
comment,2023-11-02,-10,"SJP is a seriously problematic org that advocates ""from the river to the see, Palestine will be free"" (a direct call for genocide against jews.",2023-11,Palestine,31.92157,35.20329,semi-independent political entity,,,Palestinian Territory,UNC,Country,0.872152,0.12148698,0.006361017,-0.7606087
comment,2023-11-01,9,Lord the determination of Israeli apologists to ignore Palestine while focusing on Hamas.,2023-11,Palestine,31.92157,35.20329,semi-independent political entity,,,Palestinian Territory,UNC,Country,0.6323539,0.35807997,0.009566087,-0.39977998
comment,2020-08-22,19,Lol I just want to say I lived with you in Cobb last year and I was too scared to ask if your room was also really yellow?,2020-08,Cobb County,33.94147,-84.57667,second-order administrative division,Georgia,Cobb County,United States,UNC,State,0.37030184,0.53394693,0.09575125,-0.12795514
comment,2020-08-22,18,"Aww, I miss seeing everyone in Cobb as well!",2020-08,Cobb County,33.94147,-84.57667,second-order administrative division,Georgia,Cobb County,United States,UNC,State,0.7862842,0.18328896,0.03042684,-0.6173171
comment,2024-05-02,-1,"I’m Lebanese Druzim, I have no reason to get people to support Palestine, but projecting the Nazi accusation on Arabs, as if the very Zionists that founded Israel weren’t Nazi collaborators, and as if the Arabs didn’t fight alongside the French and British in WW2 (including 30,000 Palestinians) is just distasteful and historically inaccurate",2024-05,Palestine,31.92157,35.20329,semi-independent political entity,,,Palestinian Territory,UNC,Country,0.8773481,0.11622465,0.006427201,-0.76969844
comment,2020-08-23,37,People have been ballin at Cobb all day everyday since move-in week,2020-08,Cobb County,33.94147,-84.57667,second-order administrative division,Georgia,Cobb County,United States,UNC,State,0.022826867,0.8064237,0.17074949,0.02863431
comment,2020-08-24,18,"Back when I lived in Cobb, lots of the people I ended up meeting on the courts were just local high schoolers/high school grads.",2020-08,Cobb County,33.94147,-84.57667,second-order administrative division,Georgia,Cobb County,United States,UNC,State,0.1061264,0.8076343,0.08623937,-0.0038255826
comment,2020-08-24,6,"....

> The powers not delegated to the United States by the Constitution, nor prohibited by it to the States, are reserved to the States respectively, or to the people.",2020-08,Territories of the United States,35.27766,-102.35403,region,,,United States,UNC,Region,0.12451329,0.8444738,0.031012962,-0.014541754
comment,2022-04-22,11,It’s almost like saying because someone says the US military is better than Russia’s (as we have seen?),2022-04,Russian Federation,60.0,100.0,independent political entity,,,Russia,UNC,Country,0.39544407,0.5491922,0.055363756,-0.15331087
comment,2023-10-23,1,It’s almost like saying because someone says the US military is better than Russia’s (as we have seen?),2023-10,Russian Federation,60.0,100.0,independent political entity,,,Russia,UNC,Country,0.39544407,0.5491922,0.055363756,-0.15331087
post,2024-05-14,112,"Local/State Elections Matter:  UNC board slashes diversity program funding, diverts money to public safety resources >RALEIGH, N.C. -- As North Carolina's public university system considers a vote on changing its diversity policy, the system's flagship university board voted Monday to cut funding for diversity programs in next year's budget.",2024-05,Raleigh,35.7721,-78.63861,seat of a first-order administrative division,North Carolina,Wake County,United States,UNC,City,0.5514678,0.42762968,0.020902585,-0.30367976
comment,2024-04-30,59,I can confirm the flag in the mid lawn is replaced by Palestine flag.,2024-04,Palestine,31.92157,35.20329,semi-independent political entity,,,Palestinian Territory,UNC,Country,0.14231421,0.7963266,0.061359227,-0.016488379
comment,2021-09-10,8,"Especially when go Durham, go raleigh and go triangle all pay drivers significantly more

EDIT: I took this on word from a bus driver - I looked up job postings and the starting pay is actually similar.",2021-09,Raleigh,35.7721,-78.63861,seat of a first-order administrative division,North Carolina,Wake County,United States,UNC,City,0.077276945,0.6107721,0.31195098,0.09134169
comment,2024-05-01,-31,Well the protestors took down the American flag and replaced it with a Palestine flag.,2024-05,Palestine,31.92157,35.20329,semi-independent political entity,,,Palestinian Territory,UNC,Country,0.75442654,0.23792021,0.0076532364,-0.56910086
comment,2020-08-20,6,The United States as a whole failed to take this seriously and we're all going to feel it for years to come.,2020-08,Territories of the United States,35.27766,-102.35403,region,,,United States,UNC,Region,0.94376564,0.05384546,0.0023888932,-0.8906879
comment,2022-09-07,16,"something i’ve been thinking about lately is that triangle transit has offered free bus services since covid, and i wonder if that has caused homeless people in raleigh and durham to wander on and end up in chapel hill.",2022-09,Raleigh,35.7721,-78.63861,seat of a first-order administrative division,North Carolina,Wake County,United States,UNC,City,0.34768942,0.5889631,0.06334756,-0.116875
comment,2022-09-07,13,Previously I commuted to Durham using GoTriangle and had less uncomfortable encounters on a Raleigh/Durham bus than one involving Chapel Hill.,2022-09,Raleigh,35.7721,-78.63861,seat of a first-order administrative division,North Carolina,Wake County,United States,UNC,City,0.11005032,0.60326403,0.28668568,0.0700776
comment,2022-09-07,5,"I don't know if the migration theory is also true, but there are better services for homeless people in Raleigh and Durham.",2022-09,Raleigh,35.7721,-78.63861,seat of a first-order administrative division,North Carolina,Wake County,United States,UNC,City,0.16059688,0.61653954,0.22286357,0.023876814
comment,2022-01-25,40,"I live in Cobb, and apparently there were paramedics and a stretcher.",2022-01,Cobb County,33.94147,-84.57667,second-order administrative division,Georgia,Cobb County,United States,UNC,State,0.051493727,0.76660734,0.18189886,0.0304356
comment,2022-01-29,6,A friend of mine that lives in Cobb mentioned to me a few days ago that someone died from what people are saying was a drug overdose.,2022-01,Cobb County,33.94147,-84.57667,second-order administrative division,Georgia,Cobb County,United States,UNC,State,0.78232384,0.21176305,0.005913078,-0.6119957
comment,2022-01-26,-6,It was a male suicide in Cobb.,2022-01,Cobb County,33.94147,-84.57667,second-order administrative division,Georgia,Cobb County,United States,UNC,State,0.7541016,0.24023256,0.005665849,-0.5686371
comment,2024-04-06,9,"- I got it from the bottom of Lenoir 
- it tasted like nothing but I knew something was off
- I’m saving it to show on Saturday 
- I was able to speak to the manager of lenoir about this
- I’m not sick (yet)
- I felt queasy at first but I hope that was just in my head",2024-04,Lenoir City,35.7973,-84.25603,populated place,Tennessee,Loudon County,United States,UNC,City,0.35632735,0.52261865,0.12105398,-0.11231512
comment,2024-04-06,9,"- I got it from the bottom of Lenoir 
- it tasted like nothing but I knew something was off
- I’m saving it to show on Saturday 
- I was able to speak to the manager of lenoir about this
- I’m not sick (yet)
- I felt queasy at first but I hope that was just in my head",2024-04,Lenoir City,35.7973,-84.25603,populated place,Tennessee,Loudon County,United States,UNC,City,0.35632735,0.52261865,0.12105398,-0.11231512
comment,2024-04-06,6,"From what I have seen, I would much rather eat at Lenoir.",2024-04,Lenoir City,35.7973,-84.25603,populated place,Tennessee,Loudon County,United States,UNC,City,0.28361285,0.6101396,0.10624759,-0.06914769
post,2025-02-02,764,"Final Soldier Killed in Black Hawk Collision Identified as Family, Friends Grieve The pilot of the US Army Black Hawk helicopter involved in the tragic collision/aviation disaster in Washington DC was identified as Captain Rebecca Lobach.",2025-02,District of Columbia,38.91706,-77.00025,first-order administrative division,District of Columbia,,United States,UNC,State,0.6566599,0.3327993,0.010540836,-0.43109107
comment,2025-02-09,7,Foushee represents Chapel Hill.,2025-02,Chapel Hill,35.59868,-88.48672,populated place,Tennessee,Henderson County,United States,UNC,City,0.05320376,0.91552305,0.03127315,-0.0018526312
comment,2020-09-04,17,Chapel Hill has a massive deer population.,2020-09,Chapel Hill,50.66153,-2.60614,hill,England,Dorset,United Kingdom,UNC,Natural Feature,0.09094113,0.7617908,0.1472681,0.013417602
comment,2022-03-28,5,"I was on campus as well and let me just say, had I gotten tickets in Arizona, I would’ve skipped class without any hesitation.",2022-03,Arizona,34.5003,-111.50098,first-order administrative division,Arizona,,United States,UNC,State,0.18345018,0.5722119,0.24433786,0.026047023
comment,2024-06-25,43,I have it on good authority that it’s in fact The Summer I Turned Outer Banks.,2024-06,Outer Banks,-25.15,152.96666,bank(s),Queensland,,Australia,UNC,Natural Feature,0.019216506,0.7267881,0.2539954,0.06414438
comment,2024-06-25,13,One person confirms it’s TSITP and one confirms it’s Outer Banks.,2024-06,Outer Banks,-25.15,152.96666,bank(s),Queensland,,Australia,UNC,Natural Feature,0.06428954,0.8317007,0.10400977,0.0066848877
comment,2024-06-25,0,It’s Outer Banks.,2024-06,Outer Banks,-25.15,152.96666,bank(s),Queensland,,Australia,UNC,Natural Feature,0.06543427,0.810315,0.12425075,0.011156603
comment,2024-06-25,-18,"No, its Outer Banks",2024-06,Outer Banks,-25.15,152.96666,bank(s),Queensland,,Australia,UNC,Natural Feature,0.14045857,0.788447,0.07109441,-0.014674195
comment,2024-06-25,-20,They confirmed its Outer Banks,2024-06,Outer Banks,-25.15,152.96666,bank(s),Queensland,,Australia,UNC,Natural Feature,0.022308795,0.8352135,0.14247774,0.01980222
comment,2024-06-25,-12,It’s Outer Banks,2024-06,Outer Banks,-25.15,152.96666,bank(s),Queensland,,Australia,UNC,Natural Feature,0.050202277,0.8125143,0.13728343,0.01632647
comment,2024-08-22,48,I used to DoorDash in Chapel Hill and would witness Barnes extorting people with their wheels capped every single day at McDonalds and Panera.,2024-08,Chapel Hill,35.59868,-88.48672,populated place,Tennessee,Henderson County,United States,UNC,City,0.46562028,0.5022883,0.03209144,-0.21577239
comment,2024-08-22,22,"Anyway, this happened in AZ but I'm sure other states have similar laws.",2024-08,Arizona,34.5003,-111.50098,first-order administrative division,Arizona,,United States,UNC,State,0.0948697,0.8188008,0.0863295,-0.0015474784
comment,2024-08-23,-6,You know how many times as a chapel hill resident who didn't go to unc I got blocked into the Chipotle parking lot because kids thought it was okay to double park and than walk over to Panera.,2024-08,Chapel Hill,35.59868,-88.48672,populated place,Tennessee,Henderson County,United States,UNC,City,0.6880638,0.2879766,0.023959622,-0.47285768
comment,2024-08-25,2,They didn’t AZ has very specific laws on towing and they were issues a promissory note.,2024-08,Arizona,34.5003,-111.50098,first-order administrative division,Arizona,,United States,UNC,State,0.26851138,0.7053978,0.026090886,-0.071417615
comment,2020-08-15,16,chapel hill just became the southern part of **hell**,2020-08,Chapel Hill,50.66153,-2.60614,hill,England,Dorset,United Kingdom,UNC,Natural Feature,0.67001414,0.301527,0.028458836,-0.44810906
comment,2024-08-22,11,you’re in chapel hill baby take advantage of it,2024-08,Chapel Hill,50.66153,-2.60614,hill,England,Dorset,United Kingdom,UNC,Natural Feature,0.024164563,0.38784498,0.58799046,0.34514886
post,2022-11-23,139,"Lots of people suddenly swoop in and fill your schedule, and they start by getting you up to D.C. pretty quick.",2022-11,District of Columbia,38.91706,-77.00025,first-order administrative division,District of Columbia,,United States,UNC,State,0.012007335,0.3799548,0.6080378,0.3695658
post,2022-11-23,139,"Ever since my first campaign we’ve always approached this challenge as a team, so to be able to spend my first week in D.C. with her by my side just felt right.",2022-11,District of Columbia,38.91706,-77.00025,first-order administrative division,District of Columbia,,United States,UNC,State,0.0022803198,0.085312925,0.9124068,0.83248097
comment,2020-12-17,3,you have no idea of the machinations of the drug scene in chapel hill.,2020-12,Chapel Hill,50.66153,-2.60614,hill,England,Dorset,United Kingdom,UNC,Natural Feature,0.43053913,0.54633325,0.02312757,-0.18482909
comment,2025-03-21,12,"She got a master’s from Carnegie Mellon, has a great job, and owns her own place in DC, and is way more successful than the rest of our high school group, myself included.",2025-03,District of Columbia,38.91706,-77.00025,first-order administrative division,District of Columbia,,United States,UNC,State,0.0014889365,0.021389022,0.977122,0.95476526
comment,2026-03-30,8,"And i LOVED chapel hill, this was purely academic stress.",2026-03,Chapel Hill,50.66153,-2.60614,hill,England,Dorset,United Kingdom,UNC,Natural Feature,0.020234358,0.06155781,0.9182078,0.8426962
comment,2022-01-10,1,Chapel Hill desperately needs a Cookout,2022-01,Chapel Hill,35.59868,-88.48672,populated place,Tennessee,Henderson County,United States,UNC,City,0.08336535,0.77954,0.13709468,0.011845167
comment,2021-03-11,9,I’m gonna eat at top of lenoir like the rest of ya :),2021-03,Lenoir City,35.7973,-84.25603,populated place,Tennessee,Loudon County,United States,UNC,City,0.0044191056,0.15055299,0.8450279,0.7140527
post,2020-07-09,107,Arizona is at 25%.,2020-07,Arizona,34.5003,-111.50098,first-order administrative division,Arizona,,United States,UNC,State,0.050350297,0.88153493,0.06811471,0.0021044626
comment,2025-04-11,1,"Deportations happening in New Mexico, Massachusetts, North Carolina, Arizona, Texas, Illinois, etc… https://www.pbs.org/newshour/show/migrants-in-u-s-legally-and-with-no-criminal-history-caught-up-in-trump-crackdown

Also all it took was a 2 second google search.",2025-04,Arizona,34.5003,-111.50098,first-order administrative division,Arizona,,United States,UNC,State,0.29348168,0.6169413,0.089577004,-0.07810746
comment,2025-04-11,1,"Deportations happening in New Mexico, Massachusetts, North Carolina, Arizona, Texas, Illinois, etc… https://www.pbs.org/newshour/show/migrants-in-u-s-legally-and-with-no-criminal-history-caught-up-in-trump-crackdown

Also all it took was a 2 second google search.",2025-04,Arizona,34.5003,-111.50098,first-order administrative division,Arizona,,United States,UNC,State,0.29348168,0.6169413,0.089577004,-0.07810746
comment,2021-04-01,2,I’ve been to DC multiple times and I think that takes the cake from what I’ve seen personally,2021-04,District of Columbia,38.91706,-77.00025,first-order administrative division,District of Columbia,,United States,UNC,State,0.008596866,0.23780996,0.7535932,0.56782883
comment,2021-04-01,2,"In the VA suburbs of DC, when a driver is being a jerk, everyone else will band together to freeze him out of whatever lane he is trying to get into.",2021-04,District of Columbia,38.91706,-77.00025,first-order administrative division,District of Columbia,,United States,UNC,State,0.7276973,0.25916266,0.013140065,-0.52937067
post,2021-12-05,100,"To the guy who was walking around Lenoir maskless and grabbing large numbers of utensils just to put those back into an utensil holder Some of us are immunocompromised or have immunocompromised family members

F\*ck you, for being such inconsiderate d\*ck",2021-12,Lenoir City,35.7973,-84.25603,populated place,Tennessee,Loudon County,United States,UNC,City,0.97009605,0.027606646,0.002297332,-0.941081
comment,2020-08-17,15,"I'm not in chapel hill myself, but it doesn't really feel like they were at all well prepared.",2020-08,Chapel Hill,50.66153,-2.60614,hill,England,Dorset,United Kingdom,UNC,Natural Feature,0.745161,0.2360222,0.018816775,-0.55491084
comment,2021-06-25,14,I love Chapel Hill because sometimes I'll be shopping at Harris Teeter and see a Nobel Laureate shopping for groceries in jeans with his wife.,2021-06,Chapel Hill,35.59868,-88.48672,populated place,Tennessee,Henderson County,United States,UNC,City,0.0019879488,0.026617896,0.9713941,0.9436026
comment,2022-09-07,9,Where things have started to get sketchy is on Franklin street which is part of the town of Chapel Hill where all the local businesses are.,2022-09,Chapel Hill,35.59868,-88.48672,populated place,Tennessee,Henderson County,United States,UNC,City,0.5852597,0.40299362,0.011746715,-0.3423909
comment,2021-11-16,5,There really was nothing like leaving your 8am and going to Lenoir and vibing to the classical music.,2021-11,Lenoir City,35.7973,-84.25603,populated place,Tennessee,Loudon County,United States,UNC,City,0.12009482,0.3778322,0.502073,0.23765452
comment,2020-08-17,12,"As someone who has attended both universities (undergrad at UNC, grad school at the U) there are some differences between the schools that I think should limit the spread at Utah when compared to what UNC has experienced so far even with the same policies in place.",2020-08,Utah,39.25024,-111.75103,first-order administrative division,Utah,,United States,UNC,State,0.28319168,0.6804019,0.03640637,-0.078872114
comment,2020-08-17,12,"Utah is much more of a commuter school than UNC, with a much larger proportion of the student body living off of campus.",2020-08,Utah,39.25024,-111.75103,first-order administrative division,Utah,,United States,UNC,State,0.08746089,0.7869362,0.12560287,0.008126674
comment,2020-08-17,12,Additionally there is significantly more on campus dorm housing at UNC and in much larger capacity buildings than Utah has (Hinton James where one of the clusters is located for example is a 10 story dorm building that typically houses 900 students on campus).,2020-08,Utah,39.25024,-111.75103,first-order administrative division,Utah,,United States,UNC,State,0.014052276,0.5692426,0.4167052,0.17344573
comment,2020-08-17,12,"UNC also per my experience in a typical year (i'm not there now so I can't comment on what the party scene currently looks like) has more of a party scene than Utah, most likely because of the greater number of students living in close proximity on campus as well as a larger and more robust Greek system.",2020-08,Utah,39.25024,-111.75103,first-order administrative division,Utah,,United States,UNC,State,0.014128044,0.5409608,0.44491115,0.19774634
comment,2020-08-17,12,"That isn't to say that an outbreak of equal magnitude couldn't occur at Utah, but there are some advantages that the university has that should limit and/or slow down any outbreaks when compared to what has happened at UNC.",2020-08,Utah,39.25024,-111.75103,first-order administrative division,Utah,,United States,UNC,State,0.095048845,0.63725775,0.26769346,0.0626255
comment,2020-08-17,3,Yeah BYU (student code aside) is definitely a much more similar campus set up to UNC than Utah is.,2020-08,Utah,39.25024,-111.75103,first-order administrative division,Utah,,United States,UNC,State,0.01350033,0.3332098,0.65328985,0.42660537
comment,2025-02-10,10,"The qualified candidates and researchers will try to go somewhere else: Canada, UK, EU, China, India, any other nation that wants to strip our infrastructure for valuable parts.",2025-02,Canada,60.10867,-113.64258,independent political entity,,,Canada,UNC,Country,0.3562512,0.5934477,0.050301097,-0.12438472
comment,2020-08-06,25,"I have friends who are PhD students at.... ""the school who shall not be named,"" and they feel the same with Durham.",2020-08,Durham,54.77676,-1.57566,seat of a second-order administrative division,England,County Durham,United Kingdom,UNC,City,0.112730436,0.8006307,0.08663892,-0.0052018478
comment,2020-08-19,1,I’m fairly certain you could vote in N.C. if you wanted to.,2020-08,Kamalabaria N.C.,26.7685,94.19297,populated place,Assam,Jorhat,India,UNC,City,0.026713006,0.7461203,0.22716668,0.050891124
comment,2020-08-19,12,I didn’t vote in N.C. the one (non-presidential) election I was here before I knew I’d be here long term.,2020-08,Kamalabaria N.C.,26.7685,94.19297,populated place,Assam,Jorhat,India,UNC,City,0.37726206,0.5628233,0.059914637,-0.13873689
comment,2021-10-10,27,"However the process for going to caps is a hectic one, you need to take an hour long useless mental examination.",2021-10,Caps,32.37318,-99.84704,populated place,Texas,Taylor County,United States,UNC,City,0.8075087,0.17978086,0.012710426,-0.65190876
comment,2020-09-05,11,We had some nice chats at 3 am when I was doing the walk of shame from the UL back to South Campus.,2020-09,South Campus Complex,43.50972,-83.96139,building(s),Michigan,Saginaw County,United States,UNC,Building,0.003706275,0.06929567,0.926998,0.85931164
comment,2020-08-27,13,Alabama pulled ahead with 531 in a week.,2020-08,Alabama,32.75041,-86.75026,first-order administrative division,Alabama,,United States,UNC,State,0.007272489,0.76594,0.22678746,0.051379673
comment,2020-08-27,1,Hope Alabama also switches to online only.,2020-08,Alabama,32.75041,-86.75026,first-order administrative division,Alabama,,United States,UNC,State,0.060584586,0.791479,0.14793639,0.018214686
comment,2020-08-28,1,But Alabama tested over 40k their positive rate is 1.2%.,2020-08,Alabama,32.75041,-86.75026,first-order administrative division,Alabama,,United States,UNC,State,0.04430769,0.78268325,0.17300908,0.027968967
comment,2022-03-28,1,i requested tickets for next weekend but not sure how i will get to nola if i get tickets.,2022-03,New Orleans,29.95465,-90.07507,seat of a second-order administrative division,Louisiana,Orleans Parish,United States,UNC,City,0.43016052,0.5392886,0.030550884,-0.18410471
comment,2024-06-25,64,"The code name for the project is “Strawberry Fields.” The same project filmed in Wilmington earlier this year, and someone from the Wilmington sub said it was actually filming for the Amazon series “The Summer I Turned Pretty.” 

There was also a call for extras that look college age, if that sounds interesting just google “chapel hill film extras” and info should pop up",2024-06,Wilmington,39.74595,-75.54659,seat of a second-order administrative division,Delaware,New Castle County,United States,UNC,City,0.016134344,0.47801518,0.5058505,0.25562438
comment,2024-06-25,64,"The code name for the project is “Strawberry Fields.” The same project filmed in Wilmington earlier this year, and someone from the Wilmington sub said it was actually filming for the Amazon series “The Summer I Turned Pretty.” 

There was also a call for extras that look college age, if that sounds interesting just google “chapel hill film extras” and info should pop up",2024-06,Wilmington,39.74595,-75.54659,seat of a second-order administrative division,Delaware,New Castle County,United States,UNC,City,0.016134344,0.47801518,0.5058505,0.25562438
comment,2024-06-25,12,Always love the nod they give to Durham in the show.,2024-06,Durham,54.77676,-1.57566,seat of a second-order administrative division,England,County Durham,United Kingdom,UNC,City,0.001472813,0.01986249,0.9786647,0.95778245
comment,2024-06-26,3,Lol idk if you ever saw the reasoning behind this but apparently there were scenes planned but never filmed of them taking an uber from Wilmington or something,2024-06,Wilmington,39.74595,-75.54659,seat of a second-order administrative division,Delaware,New Castle County,United States,UNC,City,0.256718,0.6747723,0.06850968,-0.061210558
post,2025-03-05,223,"A man who threatens the right to exist for Greenland, Ukraine, even Canada.",2025-03,Canada,60.10867,-113.64258,independent political entity,,,Canada,UNC,Country,0.922988,0.074617736,0.002394223,-0.8519012
comment,2025-03-06,16,"Having said all that, I am convinced that greenland, panama, canada etc is all part of his usual grandstanding where he makes a lot of noise of perceived leadership to appease his now-mass programmed base and to do absolutely nothing, but will claim some sort of deal (remember he wrote this crappy book the art of the deal).",2025-03,Canada,60.10867,-113.64258,independent political entity,,,Canada,UNC,Country,0.6571403,0.3109407,0.031918976,-0.43081453
comment,2025-03-06,1,Where are the LA riots like protests?,2025-03,Los Angeles,34.05223,-118.24368,seat of a second-order administrative division,California,Los Angeles County,United States,UNC,City,0.63611877,0.3504802,0.013401027,-0.4044675
comment,2025-03-07,3,Same with canada.,2025-03,Canada,60.10867,-113.64258,independent political entity,,,Canada,UNC,Country,0.14101595,0.7705069,0.08847715,-0.01205729
comment,2026-04-14,1,How about that DTH “april fools” joke about south campus though,2026-04,South Campus Complex,43.50972,-83.96139,building(s),Michigan,Saginaw County,United States,UNC,Building,0.1581328,0.7819565,0.059910666,-0.0214167
comment,2022-04-27,7,i'm in FL.,2022-04,Florida,28.75054,-82.5001,first-order administrative division,Florida,,United States,UNC,State,0.0683651,0.80802894,0.12360597,0.010604649
comment,2024-09-19,55,"There is no good reason to not be in favor of legally registered voters being given tools to aid in voting, especially bc the id laws were pushed on N.C.  

Everyone should be thrilled that Carolina is offering a solution to meeting the required benchmark for registered voters.",2024-09,Kamalabaria N.C.,26.7685,94.19297,populated place,Assam,Jorhat,India,UNC,City,0.09971203,0.3918363,0.5084517,0.24858065
comment,2023-09-18,16,CAPS works well as a starting point.,2023-09,Caps,32.37318,-99.84704,populated place,Texas,Taylor County,United States,UNC,City,0.0047665397,0.15542062,0.8398128,0.7052629
comment,2023-09-20,1,Have you tried going to CAPS?,2023-09,Caps,32.37318,-99.84704,populated place,Texas,Taylor County,United States,UNC,City,0.057038262,0.896485,0.04647677,-0.0010932732
comment,2024-10-31,7,I’m from Wilmington so I just voted there last Saturday as I know the local people running much better there,2024-10,Wilmington,39.74595,-75.54659,seat of a second-order administrative division,Delaware,New Castle County,United States,UNC,City,0.017173456,0.3023758,0.68045074,0.46271828
comment,2024-10-31,-4,I voted last Saturday in Wilmington!,2024-10,Wilmington,39.74595,-75.54659,seat of a second-order administrative division,Delaware,New Castle County,United States,UNC,City,0.011912032,0.8280335,0.16005442,0.025475526
comment,2025-12-18,8,"Florida State  
51.",2025-12,Florida,28.75054,-82.5001,first-order administrative division,Florida,,United States,UNC,State,0.08427666,0.86043555,0.055287752,-0.0040458213
comment,2025-12-18,8,"There are 11 SEC schools outside the top 100 (Auburn, Missouri, Tennessee, Oklahoma, South Carolina, Kentucky, Alabama, LSU, Ole Miss, Arkansas, Miss.",2025-12,Alabama,32.75041,-86.75026,first-order administrative division,Alabama,,United States,UNC,State,0.046205066,0.9106565,0.043138377,-0.00027398867
comment,2025-12-18,8,"Alabama  
169.",2025-12,Alabama,32.75041,-86.75026,first-order administrative division,Alabama,,United States,UNC,State,0.165152,0.7858278,0.049020186,-0.024872204
comment,2021-04-17,3,"Missing all of South Campus & all of the apartments & homes on 15-501 & S Columbia - close, but this ain't it chief",2021-04,South Campus Complex,43.50972,-83.96139,building(s),Michigan,Saginaw County,United States,UNC,Building,0.8216615,0.16649362,0.011844947,-0.6749872
comment,2023-11-02,15,Join us in Durham today to demand a ceasefire.,2023-11,Durham,54.77676,-1.57566,seat of a second-order administrative division,England,County Durham,United Kingdom,UNC,City,0.035423458,0.8301667,0.13440983,0.016811183
post,2021-10-10,137,"If you don’t want to go to CAPS, talk to your friends or someone you trust.",2021-10,Caps,32.37318,-99.84704,populated place,Texas,Taylor County,United States,UNC,City,0.4567724,0.50328004,0.03994761,-0.2070452
comment,2026-04-24,70,A Chapel Hill man and former CH police officer was arrested for allegedly planning a mass shooter attack in New Orleans.,2026-04,New Orleans,29.95465,-90.07507,seat of a second-order administrative division,Louisiana,Orleans Parish,United States,UNC,City,0.59107006,0.40203083,0.0068991305,-0.3493162
comment,2026-04-23,22,Might be connected to the guy who was arrested in Florida today?,2026-04,Florida,28.75054,-82.5001,first-order administrative division,Florida,,United States,UNC,State,0.18430476,0.7992273,0.016467974,-0.033697046
comment,2026-04-02,3,"Even their [editorial statement about it](https://www.dailytarheel.com/article/statement-from-the-editor-satire-edition-20260401) reeks of ""ChatGPT write me a heartfelt apology""

I didn't think it was possible to top that ""joke"" DTH editorial from a decade or so ago where some 19 year old white girl wrote a whole facetious screed about building a border fence between Durham and CH to make CH safe from undesirables and was equally surprised by the negative backlash.",2026-04,Durham,54.77676,-1.57566,seat of a second-order administrative division,England,County Durham,United Kingdom,UNC,City,0.72506404,0.24694523,0.027990706,-0.5249344
comment,2025-02-22,11,Better stock up on your potassium now that we're in a trade war with Canada,2025-02,Canada,60.10867,-113.64258,independent political entity,,,Canada,UNC,Country,0.4954332,0.46391535,0.040651437,-0.24380153
comment,2021-12-26,3,"Ugh, I love the Cosmic in Durham, but the one on Franklin Street?",2021-12,Durham,54.77676,-1.57566,seat of a second-order administrative division,England,County Durham,United Kingdom,UNC,City,0.05958526,0.16819265,0.77222204,0.59277654
comment,2020-08-21,5,There are lab kits available through a few sources in N.C. for lower-division classes like the general chemistries and bio.,2020-08,Kamalabaria N.C.,26.7685,94.19297,populated place,Assam,Jorhat,India,UNC,City,0.0040299133,0.813159,0.18281113,0.03340366
post,2024-05-14,112,"Local/State Elections Matter:  UNC board slashes diversity program funding, diverts money to public safety resources >RALEIGH, N.C. -- As North Carolina's public university system considers a vote on changing its diversity policy, the system's flagship university board voted Monday to cut funding for diversity programs in next year's budget.",2024-05,Kamalabaria N.C.,26.7685,94.19297,populated place,Assam,Jorhat,India,UNC,City,0.5514678,0.42762968,0.020902585,-0.30367976
post,2020-07-09,107,Florida is at 19%.,2020-07,Florida,28.75054,-82.5001,first-order administrative division,Florida,,United States,UNC,State,0.0774852,0.85972047,0.062794335,-0.002060827
comment,2024-07-13,0,Guess we want all out hardware and clothing stores being emptied out by flash mobs like San Francisco and LA,2024-07,Los Angeles,34.05223,-118.24368,seat of a second-order administrative division,California,Los Angeles County,United States,UNC,City,0.51388186,0.46001992,0.026098229,-0.26339343
comment,2024-10-16,1,"For a town with only 75,000 people,  the traffic is more like L.A.",2024-10,Los Angeles,34.05223,-118.24368,seat of a second-order administrative division,California,Los Angeles County,United States,UNC,City,0.540458,0.39469194,0.064849995,-0.28788936
comment,2021-04-01,3,"NC scarier to drive in than Los Angeles, can confirm.",2021-04,Los Angeles,34.05223,-118.24368,seat of a second-order administrative division,California,Los Angeles County,United States,UNC,City,0.8302513,0.15465131,0.01509747,-0.6890892
comment,2021-09-13,2,And I lived in LA!,2021-09,Los Angeles,34.05223,-118.24368,seat of a second-order administrative division,California,Los Angeles County,United States,UNC,City,0.12071539,0.61504817,0.26423648,0.05524871
post,2022-03-28,99,If we play in the Natty on Monday I’m simply taking a 0 on the exam and going to New Orleans.,2022-03,New Orleans,29.95465,-90.07507,seat of a second-order administrative division,Louisiana,Orleans Parish,United States,UNC,City,0.28119233,0.6314137,0.08739396,-0.07143142
post,2025-07-10,94,"* There are also buses in the evening called P2P express buses you can take, they’re white buses that cycle between South campus and Franklin street.",2025-07,South Campus Complex,43.50972,-83.96139,building(s),Michigan,Saginaw County,United States,UNC,Building,0.006724487,0.88521796,0.108057536,0.011631214
post,2025-07-10,94,"* If you live on South Campus, **they have a Starbucks at the hospital if you’re looking for an alternative place to grab coffee/breakfast**.",2025-07,South Campus Complex,43.50972,-83.96139,building(s),Michigan,Saginaw County,United States,UNC,Building,0.0053294473,0.49549425,0.49917632,0.24914858
comment,2022-03-27,3,"Already have hotel tix booked in NOLA, hoping I can snag tix.",2022-03,New Orleans,29.95465,-90.07507,seat of a second-order administrative division,Louisiana,Orleans Parish,United States,UNC,City,0.0031253255,0.3521213,0.6447534,0.4156972
comment,2022-03-28,1,"Hotels in NOLA are minimum $400, that’s why we are trying to stay in Baton Rouge ($150)",2022-03,New Orleans,29.95465,-90.07507,seat of a second-order administrative division,Louisiana,Orleans Parish,United States,UNC,City,0.0695103,0.83541554,0.09507412,0.0042074067
comment,2024-08-21,3,Walk into CAPS and talk to someone there.,2024-08,Caps,32.37318,-99.84704,populated place,Texas,Taylor County,United States,UNC,City,0.038052343,0.9060209,0.055926755,0.0016798215
comment,2020-08-17,6,Florida is already an absolute mess and as a grad student/staff member I’m pretty worried.,2020-08,Florida,28.75054,-82.5001,first-order administrative division,Florida,,United States,UNC,State,0.9266692,0.06522878,0.008101969,-0.85865027
comment,2024-04-29,23,"Israel is a key figure for the United States in the Middle East, essentially controlling Iranian movement.",2024-04,Embassy of the United States,-35.30653,149.11623,diplomatic facility,Australian Capital Territory,,Australia,UNC,Building,0.16410105,0.819012,0.016887017,-0.026643975
post,2025-09-13,343,Chalk art seen at Kenan Stadium today,2025-09,Kenan Stadium,35.90709,-79.04807,stadium,North Carolina,Orange County,United States,UNC,Building,0.009983325,0.9386958,0.051320888,0.002534167
comment,2020-08-17,2,I was going to say not as bad as Kentucky's but at least they are updating daily.,2020-08,Kentucky,38.20042,-84.87762,first-order administrative division,Kentucky,,United States,UNC,State,0.09210199,0.5787337,0.32916436,0.09986639
post,2025-03-05,223,This is just short of declaring war on Denmark - a country that has stood as a close ally of the United States for nearly a century.,2025-03,Embassy of the United States,-35.30653,149.11623,diplomatic facility,Australian Capital Territory,,Australia,UNC,Building,0.39155474,0.5651949,0.043250278,-0.15144455
comment,2025-03-06,16,"Unfortunately the recently elected president of the United States is an embarrassment to both himself, our nation and the international community.",2025-03,Embassy of the United States,-35.30653,149.11623,diplomatic facility,Australian Capital Territory,,Australia,UNC,Building,0.95879275,0.038970113,0.0022370808,-0.91927856
comment,2024-08-22,28,A guy named Nathan Milian who lives in Maryland watches on the Camaras to see if people misuse the parking lot.,2024-08,Maryland,39.00039,-76.74997,first-order administrative division,Maryland,,United States,UNC,State,0.23463623,0.74459785,0.020765888,-0.054622944
comment,2024-08-22,6,The property owner whose name I forget is the one who lives in Maryland.,2024-08,Maryland,39.00039,-76.74997,first-order administrative division,Maryland,,United States,UNC,State,0.21320929,0.76217896,0.024611779,-0.044852454
comment,2024-03-26,19,I'll be in CH on Thu.,2024-03,Switzerland,47.00016,8.01427,independent political entity,,,Switzerland,UNC,Country,0.008942003,0.9048799,0.08617804,0.0073466976
comment,2021-01-14,10,LMAO on second glance it says drug trafficker but I thought it meant sex trafficker bc of the “6 women = brothel” rule in CH rip,2021-01,Switzerland,47.00016,8.01427,independent political entity,,,Switzerland,UNC,Country,0.6511852,0.32978946,0.019025289,-0.42368025
comment,2023-04-30,-19,The Kenan Stadium expansions are privately funded.,2023-04,Kenan Stadium,35.90709,-79.04807,stadium,North Carolina,Orange County,United States,UNC,Building,0.10828537,0.8613322,0.030382454,-0.010802628
comment,2023-08-31,27,One of my co workers told me how he went to school in New York City and they only took one day off when 9/11 happened because they didn’t want the perpetrators to have the power of disrupting everyone’s lives more then they already had,2023-08,New York City,40.71427,-74.00597,populated place,New York,,United States,UNC,City,0.74574447,0.24135971,0.012895745,-0.5559685
comment,2024-11-01,6,"Chapel of the Cross on East Franklin, across from the Planetarium :) 304 E Franklin St, open tomorrow from 8am to 7:30pm!",2024-11,East Franklin,40.6212,-76.43051,populated place,Pennsylvania,Schuylkill County,United States,UNC,City,0.0011656374,0.31880957,0.68002474,0.46243232
comment,2024-11-01,6,"Chapel of the Cross on East Franklin, across from the Planetarium :) 304 E Franklin St, open tomorrow from 8am to 7:30pm!",2024-11,Planetarium,52.5433,13.4278,observation point,State of Berlin,,Germany,UNC,Building,0.0011656374,0.31880957,0.68002474,0.46243232
comment,2024-11-01,6,"](https://www.ncsbe.gov/voting/voter-id#acceptable) 

The closest early voting site to campus is Chapel of the Cross on East Franklin, across from the Planetarium.",2024-11,East Franklin,40.6212,-76.43051,populated place,Pennsylvania,Schuylkill County,United States,UNC,City,0.08514573,0.84162784,0.07322643,-0.0018876849
comment,2024-11-01,6,"](https://www.ncsbe.gov/voting/voter-id#acceptable) 

The closest early voting site to campus is Chapel of the Cross on East Franklin, across from the Planetarium.",2024-11,Planetarium,52.5433,13.4278,observation point,State of Berlin,,Germany,UNC,Building,0.08514573,0.84162784,0.07322643,-0.0018876849
comment,2024-11-01,6,"](https://www.ncsbe.gov/voting/voter-id#acceptable) 

The closest early voting site to campus is Chapel of the Cross on East Franklin, across from the Planetarium.",2024-11,East Franklin,40.6212,-76.43051,populated place,Pennsylvania,Schuylkill County,United States,UNC,City,0.08514573,0.84162784,0.07322643,-0.0018876849
comment,2024-11-01,6,"](https://www.ncsbe.gov/voting/voter-id#acceptable) 

The closest early voting site to campus is Chapel of the Cross on East Franklin, across from the Planetarium.",2024-11,Planetarium,52.5433,13.4278,observation point,State of Berlin,,Germany,UNC,Building,0.08514573,0.84162784,0.07322643,-0.0018876849
comment,2024-11-01,8,"](https://www.ncsbe.gov/voting/voter-id#acceptable) 

The closest early voting site to campus is Chapel of the Cross on East Franklin, across from the Planetarium.",2024-11,East Franklin,40.6212,-76.43051,populated place,Pennsylvania,Schuylkill County,United States,UNC,City,0.08514573,0.84162784,0.07322643,-0.0018876849
comment,2024-11-01,8,"](https://www.ncsbe.gov/voting/voter-id#acceptable) 

The closest early voting site to campus is Chapel of the Cross on East Franklin, across from the Planetarium.",2024-11,Planetarium,52.5433,13.4278,observation point,State of Berlin,,Germany,UNC,Building,0.08514573,0.84162784,0.07322643,-0.0018876849
comment,2025-12-18,8,"Texas  
46.",2025-12,Texas,31.25044,-99.25061,first-order administrative division,Texas,,United States,UNC,State,0.11253794,0.8236393,0.06382284,-0.00859143
comment,2025-12-18,8,"Texas A+M

The bigger difference is probably in the **bottom part** of the distribution.",2025-12,Texas,31.25044,-99.25061,first-order administrative division,Texas,,United States,UNC,State,0.3350955,0.6006718,0.064232685,-0.108163156
comment,2025-12-18,8,"There are 11 SEC schools outside the top 100 (Auburn, Missouri, Tennessee, Oklahoma, South Carolina, Kentucky, Alabama, LSU, Ole Miss, Arkansas, Miss.",2025-12,Kentucky,38.20042,-84.87762,first-order administrative division,Kentucky,,United States,UNC,State,0.046205066,0.9106565,0.043138377,-0.00027398867
comment,2025-12-18,8,"Kentucky  
169.",2025-12,Kentucky,38.20042,-84.87762,first-order administrative division,Kentucky,,United States,UNC,State,0.11478717,0.8318253,0.053387567,-0.010325858
comment,2022-03-05,2,"Walking around CH when the crape myrtles and cherry blossoms are ""blooming"" is something else.",2022-03,Switzerland,47.00016,8.01427,independent political entity,,,Switzerland,UNC,Country,0.038656536,0.45082283,0.5105206,0.25913697
comment,2023-11-01,9,The comparison to Candace Owens and the JVP is not accurate and is especially weak as an argument considering the strong solidarity between the Palestinian liberation movement and Black activism in the United States (also referenced in my post).,2023-11,Embassy of the United States,-35.30653,149.11623,diplomatic facility,Australian Capital Territory,,Australia,UNC,Building,0.69148767,0.28853834,0.01997396,-0.4777563
comment,2026-04-02,3,"Even their [editorial statement about it](https://www.dailytarheel.com/article/statement-from-the-editor-satire-edition-20260401) reeks of ""ChatGPT write me a heartfelt apology""

I didn't think it was possible to top that ""joke"" DTH editorial from a decade or so ago where some 19 year old white girl wrote a whole facetious screed about building a border fence between Durham and CH to make CH safe from undesirables and was equally surprised by the negative backlash.",2026-04,Switzerland,47.00016,8.01427,independent political entity,,,Switzerland,UNC,Country,0.72506404,0.24694523,0.027990706,-0.5249344
post,2021-12-07,129,Nightfall over Kenan Stadium,2021-12,Kenan Stadium,35.90709,-79.04807,stadium,North Carolina,Orange County,United States,UNC,Building,0.027887216,0.9220667,0.050046057,0.0017269119
post,2021-09-03,119,Beautiful day out at Kenan Stadium!,2021-09,Kenan Stadium,35.90709,-79.04807,stadium,North Carolina,Orange County,United States,UNC,Building,0.0010758488,0.018398777,0.9805253,0.9614288
comment,2021-08-05,2,I went to some clubs in NYC with friends last month and they ask to see our vaccine cards but nothing in NC,2021-08,New York City,40.71427,-74.00597,populated place,New York,,United States,UNC,City,0.19652039,0.74998885,0.053490754,-0.035759002
comment,2023-09-26,5,"That's what the Canadian Degree Qualification Frameworks concluded (apparently, MD with some college but no degree is possible there):

> Though considered to be bachelor’s programs in academic standing, some professional programs yield degrees with other nomenclature.",2023-09,Maryland,39.00039,-76.74997,first-order administrative division,Maryland,,United States,UNC,State,0.21652329,0.70716065,0.07631603,-0.0410582
comment,2025-02-22,44,He’s from Taiwan and used to serve in their military.,2025-02,Taiwan,24.0,121.0,independent political entity,,,Taiwan,UNC,Country,0.07589459,0.8855323,0.038573034,-0.0042721117
comment,2025-02-22,9,He reminds me a bit of my grandpa who lives in Taiwan.,2025-02,Taiwan,24.0,121.0,independent political entity,,,Taiwan,UNC,Country,0.009220323,0.6797447,0.31103498,0.09665773
comment,2025-02-22,9,"Interesting thing about Taiwan, they still require mandatory military service for 1 year for all qualified male citizens.",2025-02,Taiwan,24.0,121.0,independent political entity,,,Taiwan,UNC,Country,0.115788,0.6297868,0.2544252,0.05132532
comment,2020-08-14,-4,"In a much earlier epidemic, Typhoid Mary was found to be the asymptomatic super-spreader of Typhoid Fever through New York City.",2020-08,New York City,40.71427,-74.00597,populated place,New York,,United States,UNC,City,0.5645416,0.42060003,0.014858405,-0.3184864
comment,2020-08-14,-4,"She was released from quarantine by a new Public Health Commissioner, and a new cycle of Typhoid Fever began in NYC.",2020-08,New York City,40.71427,-74.00597,populated place,New York,,United States,UNC,City,0.44232026,0.508899,0.04878074,-0.19326766
comment,2021-07-30,13,"His name is Gregory and in my experience he's just a nice old man from Taiwan who really likes classical music/opera, poetry, flowers, baseball, and will generally talk your ear off if you give him the chance.",2021-07,Taiwan,24.0,121.0,independent political entity,,,Taiwan,UNC,Country,0.0029252395,0.05661743,0.9404573,0.8844514
comment,2025-04-11,1,"Deportations happening in New Mexico, Massachusetts, North Carolina, Arizona, Texas, Illinois, etc… https://www.pbs.org/newshour/show/migrants-in-u-s-legally-and-with-no-criminal-history-caught-up-in-trump-crackdown

Also all it took was a 2 second google search.",2025-04,Texas,31.25044,-99.25061,first-order administrative division,Texas,,United States,UNC,State,0.29348168,0.6169413,0.089577004,-0.07810746
comment,2025-04-11,1,"Deportations happening in New Mexico, Massachusetts, North Carolina, Arizona, Texas, Illinois, etc… https://www.pbs.org/newshour/show/migrants-in-u-s-legally-and-with-no-criminal-history-caught-up-in-trump-crackdown

Also all it took was a 2 second google search.",2025-04,Texas,31.25044,-99.25061,first-order administrative division,Texas,,United States,UNC,State,0.29348168,0.6169413,0.089577004,-0.07810746
comment,2021-04-02,3,y'all havnt even SEEN maryland drivers,2021-04,Maryland,39.00039,-76.74997,first-order administrative division,Maryland,,United States,UNC,State,0.47115704,0.50500655,0.02383641,-0.22142078
comment,2022-03-28,11,Then we lost to Kentucky for a double whammy.,2022-03,Kentucky,38.20042,-84.87762,first-order administrative division,Kentucky,,United States,UNC,State,0.75043887,0.23899186,0.010569236,-0.5630468
comment,2024-04-06,2,I would bring hell to Earth,2024-04,Earth,0.0,0.0,area,,,,UNC,Building,0.93203765,0.06240991,0.005552443,-0.8686633
comment,2025-01-26,1,Mexico already refusing the flights full of detainees.,2025-01,Mexico,23.0,-102.0,independent political entity,,,Mexico,UNC,Country,0.71218383,0.28123838,0.006577819,-0.5071626
comment,2023-09-18,7,Look at Massachusetts as an example.,2023-09,Massachusetts,42.36565,-71.10832,first-order administrative division,Massachusetts,,United States,UNC,State,0.18404877,0.78243095,0.033520244,-0.03275035
comment,2023-09-17,1,"Also, you say Mexico has guns, but you know where the guns are smuggled from?",2023-09,Mexico,23.0,-102.0,independent political entity,,,Mexico,UNC,Country,0.6572964,0.33295363,0.009749976,-0.43194354
post,2025-06-13,638,At that point we left and walked back to Hinton James to go to sleep.,2025-06,Hinton James Residence Hall,35.9023,-79.0433,building(s),North Carolina,Orange County,United States,UNC,Building,0.04428531,0.9021336,0.053581078,0.0009097436
comment,2024-04-29,23,"Israel is a key figure for the United States in the Middle East, essentially controlling Iranian movement.",2024-04,Al Bank al Brīţānī lish Sharq al Awsaţ,25.2643,55.29326,bank,Dubai,,United Arab Emirates,UNC,Natural Feature,0.16410105,0.819012,0.016887017,-0.026643975
comment,2024-04-29,23,"Iranian Parliament members came together and chanted 'Death to America' just three years ago - this is nothing new and is reciprocated by much of the Middle East, which holds the US responsible for its slow development or regression.",2024-04,Al Bank al Brīţānī lish Sharq al Awsaţ,25.2643,55.29326,bank,Dubai,,United Arab Emirates,UNC,Natural Feature,0.6231785,0.34904414,0.027777392,-0.38757983
comment,2024-10-28,45,"that’s beans, she’s a cat that lives in the bush under old east.",2024-10,Austurland,65.0,-15.0,first-order administrative division,East,,Iceland,UNC,State,0.35792103,0.59398836,0.04809057,-0.12579477
comment,2024-10-27,32,So that’s why I always see food bowls near old east!,2024-10,Austurland,65.0,-15.0,first-order administrative division,East,,Iceland,UNC,State,0.008030916,0.43831238,0.5536567,0.30647123
post,2025-11-08,317,Many University websites and accounts have already replaced some Old Well iconography.,2025-11,Old Well,37.12181,-78.8239,,Virginia,Charlotte County,United States,UNC,,0.13774587,0.7761731,0.086081035,-0.011563979
post,2023-09-11,309,てへぺろ~ I'm just a wittle freshman living in Hinton James and thinking of m-majowing in CS.,2023-09,Hinton James Residence Hall,35.9023,-79.0433,building(s),North Carolina,Orange County,United States,UNC,Building,0.058673117,0.8659933,0.07533358,0.0022326133
comment,2023-10-19,1,"I don't fully understand it either, but I remember reading that there are industrial style facilities in Mexico producing fentanyl in large quantities intended for the US.",2023-10,Mexico,23.0,-102.0,independent political entity,,,Mexico,UNC,Country,0.6531961,0.33498907,0.01181482,-0.42652556
comment,2020-08-17,26,Chapel Hill should say Covid Hotspot,2020-08,Chapel Hill,18.43941,-64.55516,hill,,,British Virgin Islands,UNC,Natural Feature,0.08294564,0.86912745,0.047926877,-0.0045829946
comment,2023-08-28,69,"Pray for us chemistry peeps

Edit: in Kenan, waiting for evacuation.",2023-08,Kenan,-3.45865,18.443,populated place,Mai-Ndombe,Kutu,Democratic Republic of the Congo,UNC,City,0.06635021,0.74989754,0.18375227,0.029362544
comment,2025-02-25,10,The east coast college culture is such a different vibe than the west coast.,2025-02,East Coast,37.02332,-77.36954,region,,,United States,UNC,Region,0.060425427,0.4214564,0.51811814,0.26479518
comment,2020-08-17,22,Chapel Hill resident here.,2020-08,Chapel Hill,18.43941,-64.55516,hill,,,British Virgin Islands,UNC,Natural Feature,0.033828914,0.89168257,0.07448853,0.0044041453
comment,2025-02-25,7,I always had heard there was another access point somewhere around Craige deck and the steam cogeneration plant but my friends and I were never able to find it.,2025-02,Craige,46.13543,-117.02376,populated place,Washington,Asotin County,United States,UNC,City,0.3495429,0.6010031,0.049454037,-0.11973452
comment,2024-08-22,16,I go to Carr Mill pretty frequently and always get a receipt from whatever business I go to just in case i come out to find my car gone and I have to prove I was shopping at one of the businesses.,2024-08,Carr Mill,53.47639,-2.71971,section of populated place,England,St. Helens,United Kingdom,UNC,Neighborhood,0.11244953,0.8209662,0.06658428,-0.00821143
comment,2024-08-22,4,"But it’s not the businesses in Carr Mill who hire the towing company, it’s the guy who owns Carr Mill.",2024-08,Carr Mill,53.47639,-2.71971,section of populated place,England,St. Helens,United Kingdom,UNC,Neighborhood,0.37663642,0.5924282,0.03093538,-0.14089799
comment,2024-08-22,6,I do still shop and park at Carr Mill but I do not step foot off the property or even go close to the street.,2024-08,Carr Mill,53.47639,-2.71971,section of populated place,England,St. Helens,United Kingdom,UNC,Neighborhood,0.22659221,0.7306181,0.04278966,-0.049513076
comment,2026-03-25,52,There are not enough beds in Chapel Hill.,2026-03,Chapel Hill,18.43941,-64.55516,hill,,,British Virgin Islands,UNC,Natural Feature,0.6752054,0.3000719,0.02472273,-0.4552911
comment,2024-06-11,6,When I lived in Craige one of my suitemates put up a second shower rod with a curtain so there was a divider between the toilet area and the sink area,2024-06,Craige,46.13543,-117.02376,populated place,Washington,Asotin County,United States,UNC,City,0.04745698,0.91004723,0.042495757,-0.0004462757
comment,2024-08-22,13,"Visit the [Carolina cupboard](https://carolinacupboard.web.unc.edu/visit-the-pantry/), they have frozen, canned meals, fruits and veggies!",2024-08,Carolina,35.38847,-81.37147,section of populated place,North Carolina,Gaston County,United States,UNC,Neighborhood,0.008659893,0.63771707,0.35362306,0.124974266
comment,2024-10-31,15,"I just realized I'm not registered to vote in Orange county, is it too late to do that?",2024-10,Orange County,30.12131,-93.8939,second-order administrative division,Texas,Orange County,United States,UNC,State,0.62682444,0.34939054,0.023785057,-0.39234313
comment,2024-11-01,6,"It's *not* too late to register to vote here, but the early voting period is the **last** chance to register to vote in Orange County!",2024-11,Orange County,30.12131,-93.8939,second-order administrative division,Texas,Orange County,United States,UNC,State,0.07688938,0.5395435,0.38356704,0.1412117
comment,2024-11-01,6,"](https://www.ncsbe.gov/voting/voter-id#acceptable) 

The closest early voting site to campus is Chapel of the Cross on East Franklin, across from the Planetarium.",2024-11,Chapel of the Cross,35.91469,-79.04991,church,North Carolina,Orange County,United States,UNC,Building,0.08514573,0.84162784,0.07322643,-0.0018876849
comment,2024-11-01,6,"Dropping some resources that can hopefully help :) 

It's *not* too late to register to vote here, but the early voting period is the **last** chance to register to vote in Orange County!",2024-11,Orange County,30.12131,-93.8939,second-order administrative division,Texas,Orange County,United States,UNC,State,0.005873062,0.12648475,0.8676422,0.75276846
comment,2024-11-01,6,"](https://www.ncsbe.gov/voting/voter-id#acceptable) 

The closest early voting site to campus is Chapel of the Cross on East Franklin, across from the Planetarium.",2024-11,Chapel of the Cross,35.91469,-79.04991,church,North Carolina,Orange County,United States,UNC,Building,0.08514573,0.84162784,0.07322643,-0.0018876849
comment,2024-11-01,8,"](https://www.ncsbe.gov/voting/voter-id#acceptable) 

The closest early voting site to campus is Chapel of the Cross on East Franklin, across from the Planetarium.",2024-11,Chapel of the Cross,35.91469,-79.04991,church,North Carolina,Orange County,United States,UNC,Building,0.08514573,0.84162784,0.07322643,-0.0018876849
comment,2022-04-04,6,Can we change it to the new color closet to Carolina blue?,2022-04,Carolina,35.38847,-81.37147,section of populated place,North Carolina,Gaston County,United States,UNC,Neighborhood,0.027402231,0.9192047,0.053393096,0.0020999394
comment,2021-02-08,4,I'd be curious to see how on Earth they follow this up.,2021-02,Earth,0.0,0.0,area,,,,UNC,Building,0.15266913,0.7945869,0.052743964,-0.020525938
post,2023-11-23,133,Dog tried to attack me at Battle Park I was out hiking today at Battle Park and came across a middle aged couple with a large black pit bull.,2023-11,Battle Park,39.16498,-107.48617,plain(s),Colorado,Gunnison County,United States,UNC,,0.7973874,0.19487831,0.007734338,-0.6357668
post,2023-11-23,133,Dog tried to attack me at Battle Park I was out hiking today at Battle Park and came across a middle aged couple with a large black pit bull.,2023-11,Battle Park,39.16498,-107.48617,plain(s),Colorado,Gunnison County,United States,UNC,,0.7973874,0.19487831,0.007734338,-0.6357668
post,2023-11-23,133,If you go hiking at Battle Park PLEASE either put your dog on a leash or train it not to charge at strangers.,2023-11,Battle Park,39.16498,-107.48617,plain(s),Colorado,Gunnison County,United States,UNC,,0.12736472,0.7149537,0.15768155,0.008641699
comment,2021-10-11,3,"The Parents Rally on Thursday 11a-3p will be at Davie Poplar behind Old Well, look for yellow!!",2021-10,Davie Poplar,35.91301,-79.0518,monument,North Carolina,Orange County,United States,UNC,Building,0.005000137,0.68033093,0.31466895,0.09899154
comment,2021-10-12,2,It’s at Davie Poplar behind Old Well.,2021-10,Davie Poplar,35.91301,-79.0518,monument,North Carolina,Orange County,United States,UNC,Building,0.03023876,0.88883615,0.08092507,0.0056344853
comment,2021-10-12,2,It’s at Davie Poplar behind Old Well.,2021-10,Old Well,37.12181,-78.8239,,Virginia,Charlotte County,United States,UNC,,0.03023876,0.88883615,0.08092507,0.0056344853
comment,2024-01-04,2,"I was shocked at the amount of students that used doordash, even some friends I had that literally lived in dorms on Cameron in freshman year that were only a few minute walk to pick up.",2024-01,Republic of Cameroon,6.0,12.5,independent political entity,,,Cameroon,UNC,Country,0.36506543,0.49655285,0.13838176,-0.11412325
comment,2020-08-17,8,"If I left supplies (water, Tylenol) etc in the front of Craige would you all be able to get them?",2020-08,Craige,46.13543,-117.02376,populated place,Washington,Asotin County,United States,UNC,City,0.1342837,0.8388443,0.026871959,-0.017310016
comment,2024-05-02,78,"Removing DEI, social justice spaces like the Y and other safe locations will not silence the communities you are trying so hard to marginalize.",2024-05,Italian Republic,42.83333,12.83333,independent political entity,,,Italy,UNC,Country,0.34612474,0.5815989,0.072276436,-0.11457843
comment,2024-05-02,13,They closed the campus Y indefinitely because protestors were using bathrooms and they don't like DEI?,2024-05,Italian Republic,42.83333,12.83333,independent political entity,,,Italy,UNC,Country,0.88923883,0.1075902,0.0031709052,-0.7907357
comment,2024-05-03,3,Big Gretch from Michigan who is not part of this disaster could win.,2024-05,Michigan,44.25029,-85.50033,first-order administrative division,Michigan,,United States,UNC,State,0.41056427,0.4959272,0.09350848,-0.1598192
comment,2021-09-05,2,I believe Kenan is open to the public during daytime hours when the gates are open and a game isn’t going on.,2021-09,Kenan,-3.45865,18.443,populated place,Mai-Ndombe,Kutu,Democratic Republic of the Congo,UNC,City,0.0275068,0.742706,0.22978722,0.05204554
comment,2021-03-09,1,"I have Duke up 10-8 at Cameron, UNC up 10-9 in Dean Dome, and Duke up 4-1 in ACC Tourney since Roy came back as head coach.",2021-03,Republic of Cameroon,6.0,12.5,independent political entity,,,Cameroon,UNC,Country,0.008933045,0.9063161,0.08475083,0.007102906
comment,2026-03-30,19,"UNC Class of ‘01 here — this saddens me as someone who thinks Chapel Hill is one of the most beautiful places on Earth, but I empathize as my 5 years there were rough as well.",2026-03,Earth,0.0,0.0,area,,,,UNC,Building,0.4810054,0.3664735,0.15252107,-0.20810352
comment,2025-11-10,0,"Yeah, I was looking at the Google street view of around frat court as well as some of the houses that are on Cameron and I just couldn’t narrow it down enough to pinpoint which one it was.",2025-11,Republic of Cameroon,6.0,12.5,independent political entity,,,Cameroon,UNC,Country,0.2759889,0.6199502,0.10406087,-0.06534122
comment,2024-05-15,4,"I think rush and hazing are as toxic as water pipes in my Flint, MI.",2024-05,Michigan,44.25029,-85.50033,first-order administrative division,Michigan,,United States,UNC,State,0.97063386,0.027674396,0.0016917445,-0.9421272
comment,2022-06-02,1,The one in my hometown is garbage so it was enlightening to come to Carolina and try one that was actually really damn good.,2022-06,Carolina,35.38847,-81.37147,section of populated place,North Carolina,Gaston County,United States,UNC,Neighborhood,0.3351193,0.34880096,0.31607974,-0.01239855
comment,2024-05-02,-3,"Drug addicted braindead students who don't realize that palestinians are zealous animals who every nation in the region (including all the arab ones) want nothing to do with, are angry that Isreal (the only functional civilization in the middle east) has finally had enough of their bullshit.",2024-05,Al Bank al Brīţānī lish Sharq al Awsaţ,25.2643,55.29326,bank,Dubai,,United Arab Emirates,UNC,Natural Feature,0.96374756,0.03402847,0.002223991,-0.9288044
comment,2021-10-13,2,"We will have chalk at the parent Rally on Thursday at Davie Poplar, behind Old Well, to use or take.",2021-10,Davie Poplar,35.91301,-79.0518,monument,North Carolina,Orange County,United States,UNC,Building,0.004796014,0.92197967,0.073224425,0.0053388076
comment,2021-10-13,2,"We will have chalk at the parent Rally on Thursday at Davie Poplar, behind Old Well, to use or take.",2021-10,Old Well,37.12181,-78.8239,,Virginia,Charlotte County,United States,UNC,,0.004796014,0.92197967,0.073224425,0.0053388076
comment,2021-10-07,2,Kenan looks like that whole game,2021-10,Kenan,-3.45865,18.443,populated place,Mai-Ndombe,Kutu,Democratic Republic of the Congo,UNC,City,0.15214218,0.7434495,0.1044083,-0.0122461505
comment,2021-10-06,1,Adopted in the east tho,2021-10,Austurland,65.0,-15.0,first-order administrative division,East,,Iceland,UNC,State,0.05517471,0.8909409,0.0538843,-0.00014073063
comment,2025-04-11,1,"Deportations happening in New Mexico, Massachusetts, North Carolina, Arizona, Texas, Illinois, etc… https://www.pbs.org/newshour/show/migrants-in-u-s-legally-and-with-no-criminal-history-caught-up-in-trump-crackdown

Also all it took was a 2 second google search.",2025-04,Massachusetts,42.36565,-71.10832,first-order administrative division,Massachusetts,,United States,UNC,State,0.29348168,0.6169413,0.089577004,-0.07810746
comment,2025-04-11,1,"Deportations happening in New Mexico, Massachusetts, North Carolina, Arizona, Texas, Illinois, etc… https://www.pbs.org/newshour/show/migrants-in-u-s-legally-and-with-no-criminal-history-caught-up-in-trump-crackdown

Also all it took was a 2 second google search.",2025-04,Illinois,40.00032,-89.25037,first-order administrative division,Illinois,,United States,UNC,State,0.29348168,0.6169413,0.089577004,-0.07810746
comment,2025-04-11,1,"Deportations happening in New Mexico, Massachusetts, North Carolina, Arizona, Texas, Illinois, etc… https://www.pbs.org/newshour/show/migrants-in-u-s-legally-and-with-no-criminal-history-caught-up-in-trump-crackdown

Also all it took was a 2 second google search.",2025-04,Massachusetts,42.36565,-71.10832,first-order administrative division,Massachusetts,,United States,UNC,State,0.29348168,0.6169413,0.089577004,-0.07810746
comment,2025-04-11,1,"Deportations happening in New Mexico, Massachusetts, North Carolina, Arizona, Texas, Illinois, etc… https://www.pbs.org/newshour/show/migrants-in-u-s-legally-and-with-no-criminal-history-caught-up-in-trump-crackdown

Also all it took was a 2 second google search.",2025-04,Illinois,40.00032,-89.25037,first-order administrative division,Illinois,,United States,UNC,State,0.29348168,0.6169413,0.089577004,-0.07810746
comment,2021-04-01,9,Moved here from Chicago three years ago.,2021-04,Chicago,41.85003,-87.65005,seat of a second-order administrative division,Illinois,Cook County,United States,UNC,City,0.031036247,0.9008553,0.06810846,0.0036755137
comment,2021-04-01,9,"Something like 4,000,000 in the Chicago metro area.",2021-04,Chicago,41.85003,-87.65005,seat of a second-order administrative division,Illinois,Cook County,United States,UNC,City,0.07697052,0.8912362,0.03179328,-0.0049136486
comment,2021-04-01,9,"And yet, I find the drivers here less reckless and much more courteous than in Illinois.",2021-04,Illinois,40.00032,-89.25037,first-order administrative division,Illinois,,United States,UNC,State,0.07071847,0.4167737,0.51250786,0.2576632
comment,2021-04-01,3,"People in Michigan tend to drive more aggressively in Ohio, for example.",2021-04,Michigan,44.25029,-85.50033,first-order administrative division,Michigan,,United States,UNC,State,0.09605863,0.8327109,0.071230456,-0.004153482
comment,2021-09-13,17,"The cities are more East Coast, the rural areas more South.",2021-09,East Coast,37.02332,-77.36954,region,,,United States,UNC,Region,0.04218493,0.88251,0.07530515,0.0038912944
comment,2021-09-13,2,"My background is thoroughly west coast, so the east coast traits of NC are pretty easy to notice for me.",2021-09,East Coast,37.02332,-77.36954,region,,,United States,UNC,Region,0.0069504865,0.24359503,0.7494545,0.5616337
comment,2025-05-09,2,He’s from Chicago so definitely not a cardinals fan,2025-05,Chicago,41.85003,-87.65005,seat of a second-order administrative division,Illinois,Cook County,United States,UNC,City,0.6716273,0.31273934,0.015633307,-0.45083883
comment,2021-07-12,2,As an arsenal fan rooting for Italy that last penalty was so bittersweet,2021-07,Italian Republic,42.83333,12.83333,independent political entity,,,Italy,UNC,Country,0.2631626,0.53808886,0.19874854,-0.029753577
comment,2020-08-17,12,Additionally there is significantly more on campus dorm housing at UNC and in much larger capacity buildings than Utah has (Hinton James where one of the clusters is located for example is a 10 story dorm building that typically houses 900 students on campus).,2020-08,Hinton James Residence Hall,35.9023,-79.0433,building(s),North Carolina,Orange County,United States,UNC,Building,0.014052276,0.5692426,0.4167052,0.17344573
comment,2024-04-06,6,"I have done work in the kitchen area of the self proclaimed ""world class dining"" in the Carolina Inn and lots in the kitchen area of Lenoir.",2024-04,The Carolina Inn-Chapel Hill,35.9101,-79.0553,hotel,North Carolina,Orange County,United States,UNC,Building,0.01621147,0.79226947,0.19151907,0.036416743
comment,2023-09-17,1,And we know is allowing it because these issues are not the main focus in other countries like South Korea.,2023-09,Republic of Korea,36.5,127.75,independent political entity,,,South Korea,UNC,Country,0.49371117,0.47950408,0.026784785,-0.24303328
comment,2023-08-29,20,"Yep, I was in Philipps similar thing.",2023-08,Makemo,-16.59836,-143.72349,atoll(s),Tuamotu-Gambier Islands,,French Polynesia,UNC,,0.08036945,0.8220606,0.09756999,0.0030606536
comment,2023-08-29,16,"My class was next door in Dey and we actually did a really excellent job of locking down, I’m so proud of my classmates and professor.",2023-08,Deyang,31.13019,104.38198,seat of a second-order administrative division,Sichuan,Deyang Shi,China,UNC,City,0.0013979173,0.00740153,0.9912006,0.98247665
comment,2026-02-10,1,Also from the left where Granville is.,2026-02,Granville,40.55369,-77.62555,populated place,Pennsylvania,Mifflin County,United States,UNC,City,0.04630366,0.9116558,0.04204053,-0.0003766228
comment,2026-02-12,1,"There are some apartments there like Union and lark and a decent amount of houses down mlk, got a couple of friends who live in those.",2026-02,Melaka,2.25,102.25,first-order administrative division,Melaka,,Malaysia,UNC,State,0.0049238964,0.5082187,0.48685738,0.23700587
comment,2026-02-08,16,i don’t go to either school (from Virginia here) but ngl y’all aren’t even that different in rankings.,2026-02,Virginia,37.54812,-77.44675,first-order administrative division,Virginia,,United States,UNC,State,0.44058353,0.51194644,0.04747007,-0.19186042
comment,2022-12-12,7,"Thank god we’re moving on from Sakai soon, I absolutely hated it lmao",2022-12,Sakai,34.58216,135.46653,seat of a second-order administrative division,Osaka,Sakai Shi,Japan,UNC,City,0.5553669,0.29853147,0.1461016,-0.28708673
comment,2020-08-18,19,I know that's wrong but along those lines) and another member who I believe voted against the plan cause he wanted the statue back in McCorkle.,2020-08,McCorkle,36.67621,-82.38598,populated place,Virginia,Scott County,United States,UNC,City,0.6750972,0.31446442,0.010438375,-0.45564726
comment,2023-10-18,63,"The vending machine is located in the lobby of the Orange County Southern Human Services Center at 2501 Homestead Road, Chapel Hill, NC 27516 and is available to the public during regular business hours.",2023-10,Chapel Hill,35.9132,-79.05584,populated place,North Carolina,Orange County,United States,UNC,City,0.0054436927,0.8874809,0.10707534,0.0114355
comment,2023-10-18,19,"Having frequented many bars around the UNC/carrboro area, the coke scene is huge here and it's for sure that a lot of it is laced with some shit.",2023-10,Unguia,8.03333,-77.0833,airport,Chocó,Unguía,Colombia,UNC,Building,0.80126584,0.17920585,0.019528355,-0.6416456
post,2023-08-28,282,http://alertcarolina.unc.edu !Alert Carolina!,2023-08,Carolina,36.1318,-79.41252,populated place,North Carolina,Alamance County,United States,UNC,City,0.029710684,0.55588424,0.4144051,0.17084886
comment,2023-11-11,8,"I have one in my town outside of Denver and like it for an easy work lunch, but I wouldn’t wait in this crazy line.",2023-11,Denver,39.73915,-104.9847,seat of a first-order administrative division,Colorado,Denver County,United States,UNC,City,0.13868766,0.48638195,0.37493035,0.12133852
comment,2025-02-25,10,The east coast college culture is such a different vibe than the west coast.,2025-02,The West Coast,40.73889,-74.00889,building(s),New York,New York County,United States,UNC,Building,0.060425427,0.4214564,0.51811814,0.26479518
comment,2020-09-01,1,"\- Chapel Hill Police non-emergency line         919-968-2760 - 8:30 a.m. to 5 p.m. Monday through Friday     

\- Orange County Health Department         919-245-6111 (messages left after hours will be returned the next business day)         Reporting form: [orangecountync.gov/RegisterComplaint](http://orangecountync.gov/RegisterComplaint)

\- UNC-Chapel Hill Student Conduct Referral Form:     [cm.maxient.com/reportingform.php?UNCChapelHill&layout\_id=23](http://cm.maxient.com/reportingform.php?UNCChapelHill&layout_id=23)

 \- 911 after hours 

&#x200B;

 Source: [https://www.townofchapelhill.org/Home/Components/News/News/16559](https://www.townofchapelhill.org/Home/Components/News/News/16559)

&#x200B;

&#x200B;

Should I share this as its own post or try and publicize this info among students (the ones who are being careful/distant) or do you think everyone already has these info handy?",2020-09,Orange County,36.0613,-79.1206,second-order administrative division,North Carolina,Orange County,United States,UNC,State,0.1450862,0.791391,0.06352278,-0.017014863
comment,2020-08-28,0,The TEFL program at Tunghai University in Taiwan (a good school but not an elite school).,2020-08,Taiwan,24.15114,120.70541,first-order administrative division,Taiwan,,Taiwan,UNC,State,0.1374636,0.7523352,0.110201254,-0.0067519234
comment,2021-06-17,7,"Lowkey grateful my classes are in Philipps, Hanes, and prob Sitterson

They’re all together",2021-06,Makemo,-16.59836,-143.72349,atoll(s),Tuamotu-Gambier Islands,,French Polynesia,UNC,,0.003139841,0.05953182,0.93732834,0.87857455
comment,2024-12-03,45,"In 1985 or 86, when Carmichael dorm construction was just about done, someone in Teague, where I lived, found that they were storing brand new mattresses in a storage room on the basement floor.",2024-12,Carmichaels,39.89674,-79.9745,populated place,Pennsylvania,Greene County,United States,UNC,City,0.12888566,0.7856019,0.08551238,-0.009299148
comment,2024-12-03,45,"In 1985 or 86, when Carmichael dorm construction was just about done, someone in Teague, where I lived, found that they were storing brand new mattresses in a storage room on the basement floor.",2024-12,Teague,32.28096,-103.18602,,New Mexico,Lea County,United States,UNC,,0.12888566,0.7856019,0.08551238,-0.009299148
comment,2025-12-13,1,Let your sister know her video made it to London!,2025-12,London,51.50853,-0.12574,capital of a political entity,England,Greater London,United Kingdom,UNC,City,0.01578562,0.7046164,0.279598,0.07792584
post,2025-03-05,223,"Danes have fought and died alongside Americans in Afghanistan and Iraq, including friends and family members of mine.",2025-03,Islamic Republic of Afghanistan,33.0,66.0,independent political entity,,,Afghanistan,UNC,Country,0.9037847,0.09335466,0.0028606297,-0.81681865
comment,2024-08-22,35,"The solution is not to spend money at any of the above places, especially Carr Mill Mall which has been enforcing their parking lot by hiring predatory towing companies like this for literally 20+ years at this point (same with McDs).",2024-08,Carr Mill Mall,35.9115,-79.07112,mall,North Carolina,Orange County,United States,UNC,Building,0.77568626,0.20343085,0.020882867,-0.60125315
comment,2024-08-22,4,"I went with two friends to Target on Franklin but parked in the Panera lot, we weren’t even there for 10 minutes, I come back and my car was gone.",2024-08,El Paso,31.75872,-106.48693,seat of a second-order administrative division,Texas,El Paso County,United States,UNC,City,0.30631316,0.55705565,0.13663124,-0.07515965
comment,2024-08-22,7,"I posted a comment with an anecdotal account of a customer being towed while at venable in carborro, and also the articles i posted talk about this as well.",2024-08,Venable,35.52622,-82.60679,populated place,North Carolina,Buncombe County,United States,UNC,City,0.18206535,0.7769782,0.040956434,-0.031470366
comment,2024-08-22,28,"The sign states we can park there if we are eating, this is costing $360 or $280 cash this is the carr mill mall parking lot.",2024-08,Carr Mill Mall,35.9115,-79.07112,mall,North Carolina,Orange County,United States,UNC,Building,0.22665419,0.7099695,0.06337627,-0.047355574
comment,2024-08-23,5,"I posted a comment with an anecdotal account of a customer being towed while at venable in carborro, and also the articles i posted talk about this as well.",2024-08,Venable,35.52622,-82.60679,populated place,North Carolina,Buncombe County,United States,UNC,City,0.18206535,0.7769782,0.040956434,-0.031470366
post,2024-11-21,216,I realized he had pulled up to every light next to me from south campus past the hospitals all the way to the light near MLK but I didn’t notice he was staring and being weird til that last light.,2024-11,Melaka,2.25,102.25,first-order administrative division,Melaka,,Malaysia,UNC,State,0.33884138,0.6025201,0.058638446,-0.11137503
comment,2020-08-14,55,"Me, sitting at ehringhaus right now",2020-08,Ehringhaus Residence Hall,35.9043,-79.0429,building(s),North Carolina,Orange County,United States,UNC,Building,0.035451632,0.8987081,0.065840244,0.00307812
comment,2020-08-14,14,"The Daily Tar Heel on Twitter: 

“BREAKING: Carolina Housing reported two COVID-19 clusters today: one at Granville Towers and one at Ehringhaus Residence Hall.",2020-08,Ehringhaus Residence Hall,35.9043,-79.0429,building(s),North Carolina,Orange County,United States,UNC,Building,0.12988956,0.8283143,0.04179611,-0.015124385
comment,2025-10-16,1,Silent Sam was in his place of honor on McCorkle Place right along Franklin until 2018 and only removed because the students and community forcibly took it down.,2025-10,Franklin,41.60899,-72.14591,populated place,Connecticut,Southeastern Connecticut Planning Region,United States,UNC,City,0.57793283,0.41053104,0.01153609,-0.3338733
comment,2024-10-31,10,Does anyone have a link to a list of early voting locations in Orange County?,2024-10,Orange County,33.67691,-117.77617,second-order administrative division,California,Orange County,United States,UNC,State,0.057513803,0.9155151,0.02697098,-0.0025804066
comment,2024-10-31,11,"Chapel of the Cross, next to Morehead Planetarium, is the most convenient early voting spot near campus.",2024-10,Morehead Planetarium,35.91469,-79.05154,museum,North Carolina,Orange County,United States,UNC,Building,0.0010432758,0.08069183,0.9182649,0.8432094
comment,2024-11-01,8,"This, with the added note: the early voting period is the **last** chance to register to vote in Orange County!",2024-11,Orange County,33.67691,-117.77617,second-order administrative division,California,Orange County,United States,UNC,State,0.158341,0.6838375,0.15782158,-0.00016422261
comment,2025-12-18,8,"Cal (Berkeley)  
20.",2025-12,Berkeley,37.87159,-122.27275,populated place,California,Alameda County,United States,UNC,City,0.04619691,0.89260507,0.06119798,0.0016110389
comment,2025-12-18,8,"There are 11 SEC schools outside the top 100 (Auburn, Missouri, Tennessee, Oklahoma, South Carolina, Kentucky, Alabama, LSU, Ole Miss, Arkansas, Miss.",2025-12,Missouri,38.25031,-92.50046,first-order administrative division,Missouri,,United States,UNC,State,0.046205066,0.9106565,0.043138377,-0.00027398867
comment,2025-12-18,8,"There are 11 SEC schools outside the top 100 (Auburn, Missouri, Tennessee, Oklahoma, South Carolina, Kentucky, Alabama, LSU, Ole Miss, Arkansas, Miss.",2025-12,Tennessee,35.75035,-86.25027,first-order administrative division,Tennessee,,United States,UNC,State,0.046205066,0.9106565,0.043138377,-0.00027398867
comment,2025-12-18,8,"There are 11 SEC schools outside the top 100 (Auburn, Missouri, Tennessee, Oklahoma, South Carolina, Kentucky, Alabama, LSU, Ole Miss, Arkansas, Miss.",2025-12,Oklahoma,35.49209,-97.50328,first-order administrative division,Oklahoma,,United States,UNC,State,0.046205066,0.9106565,0.043138377,-0.00027398867
comment,2025-12-18,8,"There are 11 SEC schools outside the top 100 (Auburn, Missouri, Tennessee, Oklahoma, South Carolina, Kentucky, Alabama, LSU, Ole Miss, Arkansas, Miss.",2025-12,University of Mississippi,34.36677,-89.53536,school,Mississippi,Lafayette County,United States,UNC,Building,0.046205066,0.9106565,0.043138377,-0.00027398867
comment,2025-12-18,8,"There are 11 SEC schools outside the top 100 (Auburn, Missouri, Tennessee, Oklahoma, South Carolina, Kentucky, Alabama, LSU, Ole Miss, Arkansas, Miss.",2025-12,Arkansas,34.75037,-92.50044,first-order administrative division,Arkansas,,United States,UNC,State,0.046205066,0.9106565,0.043138377,-0.00027398867
comment,2025-12-18,8,"Miami  
69.",2025-12,Miami,25.77427,-80.19366,seat of a second-order administrative division,Florida,Miami-Dade County,United States,UNC,City,0.06706118,0.84376043,0.08917833,0.0034555744
comment,2025-12-18,8,"Louisville

SEC

102.",2025-12,Louisville,38.25424,-85.75941,seat of a second-order administrative division,Kentucky,Jefferson County,United States,UNC,City,0.1374567,0.7932953,0.0692479,-0.014099077
comment,2025-12-18,8,"Missouri  
102.",2025-12,Missouri,38.25031,-92.50046,first-order administrative division,Missouri,,United States,UNC,State,0.13001269,0.8125845,0.057402797,-0.013608218
comment,2025-12-18,8,"Tennessee  
110.",2025-12,Tennessee,35.75035,-86.25027,first-order administrative division,Tennessee,,United States,UNC,State,0.110965885,0.82446766,0.06456646,-0.008144599
comment,2025-12-18,8,"Oklahoma  
127.",2025-12,Oklahoma,35.49209,-97.50328,first-order administrative division,Oklahoma,,United States,UNC,State,0.121814705,0.816461,0.061724234,-0.011028944
comment,2025-12-18,8,"Ole Miss  
183.",2025-12,University of Mississippi,34.36677,-89.53536,school,Mississippi,Lafayette County,United States,UNC,Building,0.22797015,0.69967383,0.072355986,-0.046735007
comment,2025-12-18,8,"Arkansas  
208.",2025-12,Arkansas,34.75037,-92.50044,first-order administrative division,Arkansas,,United States,UNC,State,0.13816556,0.82000136,0.041833065,-0.017339718
comment,2025-04-20,0,"Remember the ""Carolina way?""",2025-04,Carolina,36.1318,-79.41252,populated place,North Carolina,Alamance County,United States,UNC,City,0.06362201,0.8868295,0.04954852,-0.0015927041
comment,2021-04-17,15,"I know “N Greensboro” means Greensboro Street, but I’m choosing to believe that one of these metro lines will run all the way to my home in actual Greensboro",2021-04,Greensboro,33.57568,-83.18238,seat of a second-order administrative division,Georgia,Greene County,United States,UNC,City,0.11935429,0.7079711,0.17267466,0.015571088
comment,2021-04-17,15,"I know “N Greensboro” means Greensboro Street, but I’m choosing to believe that one of these metro lines will run all the way to my home in actual Greensboro",2021-04,Greensboro,33.57568,-83.18238,seat of a second-order administrative division,Georgia,Greene County,United States,UNC,City,0.11935429,0.7079711,0.17267466,0.015571088
comment,2023-11-01,-2,Didn't you re-post a flyer/poster yesterday with an unusually familiar font to the one used by Nazi Germany to persecute the Jewish population?,2023-11,Federal Republic of Germany,51.5,10.5,independent political entity,,,Germany,UNC,Country,0.75654376,0.23419324,0.00926305,-0.57227266
comment,2023-11-02,-3,"There's a black guy in Asheville that dresses up with a Confederate flag and walks around yelling about how the south was right in the civil war, etc.",2023-11,Asheville,35.60095,-82.55402,seat of a second-order administrative division,North Carolina,Buncombe County,United States,UNC,City,0.7177984,0.2714106,0.010790964,-0.5151182
comment,2022-11-25,1,"Congratulations Congressman - 

I am very pleased to see another recent vet elevated to Congress - your experience in Afghanistan will, I hope, guide your thinking when other international conflicts move beyond what diplomacy and trade sanctions can mitigate.",2022-11,Islamic Republic of Afghanistan,33.0,66.0,independent political entity,,,Afghanistan,UNC,Country,0.0052815313,0.061982207,0.9327362,0.869969
comment,2021-05-27,17,"There will still be plenty of seats in 110, since that course is a service to the general university.",2021-05,Interchange 110,42.67833,-84.43306,road junction,Michigan,Ingham County,United States,UNC,Road,0.010026399,0.38566324,0.60431033,0.36509046
comment,2021-01-22,19,Athletes in Carmichael got it before regular students even moved back in,2021-01,Carmichaels,39.89674,-79.9745,populated place,Pennsylvania,Greene County,United States,UNC,City,0.0974149,0.83358496,0.06900021,-0.0047286325
comment,2023-11-24,24,"But no matter the breed, all dogs should be leashed in Battle Park.",2023-11,Battle Park,37.19764,-76.49273,populated place,Virginia,York County,United States,UNC,City,0.2231212,0.68574625,0.0911326,-0.041477907
comment,2023-11-25,4,"*Goes to Battle Park, surprised there was a battle with a dog*.",2023-11,Battle Park,37.19764,-76.49273,populated place,Virginia,York County,United States,UNC,City,0.10855323,0.6677097,0.2237371,0.038274482
comment,2020-08-17,17,Kind of like how they won't do anything about the granite steps until someone leaks their brain onto Polk Place.,2020-08,Polk Place,35.91075,-79.05048,common,North Carolina,Orange County,United States,UNC,Neighborhood,0.7629895,0.22777094,0.009239505,-0.58206767
comment,2020-02-04,8,Granville will never understand,2020-02,Granville,40.55369,-77.62555,populated place,Pennsylvania,Mifflin County,United States,UNC,City,0.6682658,0.30835757,0.023376593,-0.44603273
comment,2025-02-21,2,Check out Louisville’s new(er) stadium with all the modern amenities.,2025-02,Louisville,38.25424,-85.75941,seat of a second-order administrative division,Kentucky,Jefferson County,United States,UNC,City,0.0028040342,0.4733771,0.52381885,0.27437833
comment,2024-01-02,73,the positive reaction towards canes and people eating there three times a week was kind of the last nail in the coffin for any hope of small businesses on franklin surviving.,2024-01,Franklin,41.60899,-72.14591,populated place,Connecticut,Southeastern Connecticut Planning Region,United States,UNC,City,0.2691232,0.54031336,0.19056346,-0.036112864
post,2020-10-23,128,The first was in Calc.,2020-10,Canal del Forn de la Calç,42.55379,1.54104,stream,Ordino,,Andorra,UNC,Natural Feature,0.058241237,0.8398284,0.10193048,0.0069977767
post,2020-10-23,128,Then it happened again in Calc.,2020-10,Canal del Forn de la Calç,42.55379,1.54104,stream,Ordino,,Andorra,UNC,Natural Feature,0.52821344,0.45380047,0.017986102,-0.27868593
comment,2025-02-21,13,"I'm pretty sure that's actually Kazakhstan Style Leg of Lamb

Kazakhstan number one exporter of potassium, all other countries have inferior potassium",2025-02,Republic of Kazakhstan,48.0,68.0,independent political entity,,,Kazakhstan,UNC,Country,0.29830202,0.61345917,0.08823884,-0.081198
comment,2025-02-21,13,"I'm pretty sure that's actually Kazakhstan Style Leg of Lamb

Kazakhstan number one exporter of potassium, all other countries have inferior potassium",2025-02,Republic of Kazakhstan,48.0,68.0,independent political entity,,,Kazakhstan,UNC,Country,0.29830202,0.61345917,0.08823884,-0.081198
comment,2025-03-21,9,hey i am from wake county and got deferred and rejected.,2025-03,Wake County,35.79012,-78.65022,second-order administrative division,North Carolina,Wake County,United States,UNC,State,0.76031286,0.2315349,0.008152206,-0.57800925
comment,2025-03-24,2,Ended up going to Akron instead and loved it.,2025-03,Akron,41.08144,-81.51901,seat of a second-order administrative division,Ohio,Summit County,United States,UNC,City,0.0047210557,0.04778524,0.9474937,0.897722
comment,2025-03-24,2,"If I didn't go to Akron, I wouldn't have met some of my best friends and now fiance, and I wouldn't have my dream job right now.",2025-03,Akron,41.08144,-81.51901,seat of a second-order administrative division,Ohio,Summit County,United States,UNC,City,0.28077653,0.4803359,0.23888755,-0.021768201
comment,2024-05-02,-2,You may want to Google the Havaara agreement (The agreement between Nazi Germany and the Zionists) and Phalangist Nazis that were abetted and propped as dictators in Lebanon before calling Arabs Nazis,2024-05,Federal Republic of Germany,51.5,10.5,independent political entity,,,Germany,UNC,Country,0.65036106,0.33308572,0.01655327,-0.42269546
comment,2021-08-03,20,"The Virginia database is mentioned in [this tweet](https://twitter.com/dogarrett/status/1422566729717276678?s=20), and there is the [NC Covid-19 Vaccine Portal](https://covid19.ncdhhs.gov/vaccines/after-youve-been-vaccinated/your-vaccine-information#step-1-go-to-the-north-carolina-covid-19-vaccine-portal), but information there is limited :(",2021-08,Virginia,37.54812,-77.44675,first-order administrative division,Virginia,,United States,UNC,State,0.69733703,0.28667226,0.015990667,-0.48602328
comment,2020-09-11,2,"Not sure what programming language they use in 110 now but the lower the language level, the harder it is to have different code.",2020-09,Interchange 110,42.67833,-84.43306,road junction,Michigan,Ingham County,United States,UNC,Road,0.68132204,0.3019926,0.016685383,-0.4639213
comment,2019-04-24,3,Walked through campus several weeks ago for the Spring football game and was somewhat shocked at the condition of the Quad and buildings.,2019-04,Quad,40.77078,-111.75827,populated place,Utah,Salt Lake County,United States,UNC,City,0.74414164,0.24428067,0.011577741,-0.5536127
comment,2019-04-24,3,The Quad seemed to be all weeds and many buildings needed a good pressure washing.,2019-04,Quad,40.77078,-111.75827,populated place,Utah,Salt Lake County,United States,UNC,City,0.33677596,0.5804252,0.08279882,-0.1065624
comment,2019-04-23,10,My very first class at UNC was a Tuesday morning at Dey there on the right.,2019-04,Deyang,31.13019,104.38198,seat of a second-order administrative division,Sichuan,Deyang Shi,China,UNC,City,0.01315105,0.9228764,0.063972555,0.0039195367
comment,2022-11-04,5,"I noticed a decidedly anti-Asian bias in one of the leaders, to the point that she would turn off my Korean music with no explanation and dismiss my interest in Korea in general.",2022-11,Republic of Korea,36.5,127.75,independent political entity,,,South Korea,UNC,Country,0.9183834,0.07912514,0.0024914157,-0.8434219
comment,2025-11-10,14,Pretty sure it on West Cameron Ave. across from the Carolina Inn.,2025-11,The Carolina Inn-Chapel Hill,35.9101,-79.0553,hotel,North Carolina,Orange County,United States,UNC,Building,0.017386427,0.8366668,0.14594682,0.020998178
comment,2024-05-01,20,"May 1970, after Nixon announced the invasion of Cambodia, four were dead in Ohio, and UNC joined 300 or so other universities in a student-led strike.",2024-05,Ohio,40.25034,-83.00018,first-order administrative division,Ohio,,United States,UNC,State,0.6658776,0.32519418,0.008928174,-0.44331327
comment,2024-04-30,21,"As far as the more detailed ""what's up"", the DTH is tweeting vids from the site; protestors pushed back police barricades and took down the US flag at Polk Place and ran the Palestinian flag up the flag pole.",2024-04,Polk Place,35.91075,-79.05048,common,North Carolina,Orange County,United States,UNC,Neighborhood,0.572594,0.40949178,0.017914232,-0.32754296
post,2022-09-12,109,Moldy Food @ Chase,2022-09,Chase,40.565,-101.82045,populated place,Nebraska,Chase County,United States,UNC,City,0.048761085,0.8397403,0.1114987,0.010054313
comment,2021-09-10,24,Wait WTH is gonna happen when Friday Center is full now that South is closing ?,2021-09,Suðurland,64.0,-19.0,first-order administrative division,South,,Iceland,UNC,State,0.40035987,0.57432604,0.025314134,-0.15964721
post,2023-11-19,107,Anybody know why a Chapel Hill North Carolina transit bus was driving around Emeryville?,2023-11,Chapel Hill,35.9132,-79.05584,populated place,North Carolina,Orange County,United States,UNC,City,0.12175905,0.8609794,0.017261522,-0.014527312
comment,2021-02-23,14,"Most of the Apollo, Gemini, and Mercury astronauts were trained in celestial navigation at Morehead Planetarium throughout the 60s and early 70s... including Buzz Aldrin and Neil Armstrong.",2021-02,Morehead Planetarium,35.91469,-79.05154,museum,North Carolina,Orange County,United States,UNC,Building,0.018107945,0.92758095,0.054311037,0.0026217937
comment,2020-06-22,15,Those counties around unc are high Covid numbers which may help in person classes if they begin to turn around in a month.,2020-06,Unguia,8.03333,-77.0833,airport,Chocó,Unguía,Colombia,UNC,Building,0.0040600346,0.36442515,0.6315148,0.39879444
comment,2020-06-22,16,I was shocked that cities like Asheville had very few people wearing masks or social distancing and almost no one on the trail I hiked was practicing any sort of safety precautions.,2020-06,Asheville,35.60095,-82.55402,seat of a second-order administrative division,North Carolina,Buncombe County,United States,UNC,City,0.5901468,0.36848304,0.04137015,-0.34656173
comment,2025-02-22,9,"I believe he is from one of the small islands that is part of Taiwan, maybe Matsu or Kinmen?",2025-02,Taiwan,24.15114,120.70541,first-order administrative division,Taiwan,,Taiwan,UNC,State,0.008521604,0.92353714,0.0679412,0.004543393
comment,2020-09-22,11,All the materials and assignments are already on sakai.,2020-09,Sakai,34.58216,135.46653,seat of a second-order administrative division,Osaka,Sakai Shi,Japan,UNC,City,0.13415547,0.81219465,0.05364985,-0.015119386
comment,2025-03-18,3,Move this to duke or NC state where it’s still recognized,2025-03,Erwin,35.32683,-78.67613,populated place,North Carolina,Harnett County,United States,UNC,City,0.025153723,0.88132477,0.09352146,0.008113557
comment,2021-10-06,11,"Hamilton hall is the biggest eye sore on campus, the cheap 70s architecture has pretty much no character, the building is in a color the meshes with no other buildings on campus, and for literally no reason it is abnormally tall.",2021-10,Hamilton Hall,41.37454,-72.10035,building(s),Connecticut,Southeastern Connecticut Planning Region,United States,UNC,Building,0.9449584,0.048830617,0.00621111,-0.8929077
comment,2021-10-06,11,"However, I have never in my life heard someone say they like the atrocity that is Hamilton hall.",2021-10,Hamilton Hall,41.37454,-72.10035,building(s),Connecticut,Southeastern Connecticut Planning Region,United States,UNC,Building,0.8795885,0.11022212,0.010189426,-0.7735721
comment,2021-10-06,1,"**[Government Center, Boston](https://en.m.wikipedia.org/wiki/Government_Center,_Boston)** 
 
 >Government Center is an area in downtown Boston, centered on City Hall Plaza.",2021-10,Government Center,42.36093,-71.05922,building(s),Massachusetts,Suffolk County,United States,UNC,Building,0.09622349,0.8542109,0.04956558,-0.006802214
comment,2021-10-06,1,"**[Government Center, Boston](https://en.m.wikipedia.org/wiki/Government_Center,_Boston)** 
 
 >Government Center is an area in downtown Boston, centered on City Hall Plaza.",2021-10,Boston,42.35843,-71.05977,seat of a first-order administrative division,Massachusetts,Suffolk County,United States,UNC,City,0.09622349,0.8542109,0.04956558,-0.006802214
comment,2021-10-06,1,"Formerly the site of Scollay Square, it is now the location of Boston City Hall, courthouses, state and federal office buildings, and a major MBTA subway station, also called Government Center.",2021-10,Government Center,42.36093,-71.05922,building(s),Massachusetts,Suffolk County,United States,UNC,Building,0.023915617,0.9352882,0.04079622,0.0010923744
comment,2024-05-04,10,I spoke to a girl who is dating someone in aepi.,2024-05,Lowo Aepi,-8.55823,121.61168,intermittent stream,East Nusa Tenggara,,Indonesia,UNC,Natural Feature,0.05514883,0.90774405,0.03710717,-0.0016644504
comment,2024-05-04,16,"It is as follows: 

#“Curious why the tent people haven’t burned down AEPi yet.",2024-05,Lowo Aepi,-8.55823,121.61168,intermittent stream,East Nusa Tenggara,,Indonesia,UNC,Natural Feature,0.36094698,0.5988495,0.040203568,-0.12866639
comment,2025-04-11,1,"Deportations happening in New Mexico, Massachusetts, North Carolina, Arizona, Texas, Illinois, etc… https://www.pbs.org/newshour/show/migrants-in-u-s-legally-and-with-no-criminal-history-caught-up-in-trump-crackdown

Also all it took was a 2 second google search.",2025-04,New Mexico,34.50034,-106.00085,first-order administrative division,New Mexico,,United States,UNC,State,0.29348168,0.6169413,0.089577004,-0.07810746
comment,2025-04-11,1,"Deportations happening in New Mexico, Massachusetts, North Carolina, Arizona, Texas, Illinois, etc… https://www.pbs.org/newshour/show/migrants-in-u-s-legally-and-with-no-criminal-history-caught-up-in-trump-crackdown

Also all it took was a 2 second google search.",2025-04,New Mexico,34.50034,-106.00085,first-order administrative division,New Mexico,,United States,UNC,State,0.29348168,0.6169413,0.089577004,-0.07810746
comment,2021-04-01,13,I had someone on Franklin LEAN on their horn because I waited to let oncoming traffic pass before turning left into Chipotle.,2021-04,El Paso,31.75872,-106.48693,seat of a second-order administrative division,Texas,El Paso County,United States,UNC,City,0.309025,0.61973083,0.07124422,-0.0904207
comment,2021-04-01,3,"People in Michigan tend to drive more aggressively in Ohio, for example.",2021-04,Ohio,40.25034,-83.00018,first-order administrative division,Ohio,,United States,UNC,State,0.09605863,0.8327109,0.071230456,-0.004153482
comment,2021-04-01,4,"Denver is a shit show, Boston is a shit show, Seattle shit show.",2021-04,Denver,39.73915,-104.9847,seat of a first-order administrative division,Colorado,Denver County,United States,UNC,City,0.9702861,0.02565736,0.0040565394,-0.9414387
comment,2021-04-01,4,"Denver is a shit show, Boston is a shit show, Seattle shit show.",2021-04,Boston,42.35843,-71.05977,seat of a first-order administrative division,Massachusetts,Suffolk County,United States,UNC,City,0.9702861,0.02565736,0.0040565394,-0.9414387
comment,2021-04-01,4,"Denver is a shit show, Boston is a shit show, Seattle shit show.",2021-04,Seattle,47.60621,-122.33207,seat of a second-order administrative division,Washington,King County,United States,UNC,City,0.9702861,0.02565736,0.0040565394,-0.9414387
comment,2021-09-13,17,North Carolinians' geographical position in the U.S. is such that they get a lot of the good and bad of the East Coast and the South at the same time.,2021-09,Suðurland,64.0,-19.0,first-order administrative division,South,,Iceland,UNC,State,0.15350372,0.6622691,0.18422717,0.010376259
comment,2021-09-13,17,"The cities are more East Coast, the rural areas more South.",2021-09,South,33.45876,-90.15081,region,,,United States,UNC,Region,0.04218493,0.88251,0.07530515,0.0038912944
comment,2021-09-13,2,Someone who has only lived in the north or south of the east coast may be more likely to notice the nuances of NE vs South traits.,2021-09,South,33.45876,-90.15081,region,,,United States,UNC,Region,0.05928705,0.8436895,0.09702348,0.0058986004
comment,2021-09-13,3,"As is Seattle, where I was born and raised.",2021-09,Seattle,47.60621,-122.33207,seat of a second-order administrative division,Washington,King County,United States,UNC,City,0.074663706,0.8789218,0.046414495,-0.0034203634
post,2022-03-28,99,If we play in the Natty on Monday I’m simply taking a 0 on the exam and going to New Orleans.,2022-03,Lac Natty,46.42917,-76.18611,lake,Quebec,Outaouais,Canada,UNC,Natural Feature,0.28119233,0.6314137,0.08739396,-0.07143142
comment,2024-10-23,9,It’s the accepted Wake County symbol for under distress.,2024-10,Wake County,35.79012,-78.65022,second-order administrative division,North Carolina,Wake County,United States,UNC,State,0.12716344,0.7978476,0.07498897,-0.010547193
comment,2023-08-29,7,"I went to graduate school on the west coast for physics and the general workload, happiness, and stress levels varied significantly from one PI to the other that it really opened my eyes to how little structure there is in grad school mentorship",2023-08,The West Coast,40.73889,-74.00889,building(s),New York,New York County,United States,UNC,Building,0.07955747,0.45982802,0.4606145,0.20583633
post,2020-03-16,95,The sort of quarantine in Chase,2020-03,Chase,40.565,-101.82045,populated place,Nebraska,Chase County,United States,UNC,City,0.2652064,0.7057187,0.02907492,-0.06948908
comment,2020-04-02,44,I was having a hard time adjusting back to campus after a semester in London.,2020-04,London,51.50853,-0.12574,capital of a political entity,England,Greater London,United Kingdom,UNC,City,0.7564135,0.21792382,0.025662603,-0.57150286
comment,2020-04-03,12,"1. my friends
2. doing drugs with my friends
3. the arboretum 
4. doing drugs with my friends in the arboretum 
5. the ackland
6. doing drugs in the arboretum with my friends, then wandering like a cloud in trousers to the ackland
7. the library
8. doing drugs in the arboretum with my friends, then wandering like a cloud in trousers to the ackland, and finding ourselves looking at all the picture books in the art library, except they're all covered in shifting winking eyes because we're on drugs 
8. ms mongs 
9. doing drugs in the arboretum with my friends, then wandering like a cloud in trousers to the ackland, and finding ourselves looking at all the picture books in the art library, except they're all covered in shifting winking eyes because we're on drugs, which is a little scary not gonna lie, so we go to ms mongs, which feels like we're aliens remembering how to be human, and we get fried rice coated in white sauce tossed with everything on the menu, which is pretty akin to a religious experience, etc, we finally understand why so many cultures have holy foods 
10. debate club, which is enough of a trip to do sober

now I have to do drugs alone, in my childhood bedroom, stumble to my backyard to smoke a black&mild, blink and find myself in my kitchen eating pickled sausage (how the fuck did I get here?",2020-04,Acland,-27.30863,151.68976,populated place,Queensland,Toowoomba,Australia,UNC,City,0.49761248,0.40647322,0.09591429,-0.23841862
comment,2020-04-03,12,"1. my friends
2. doing drugs with my friends
3. the arboretum 
4. doing drugs with my friends in the arboretum 
5. the ackland
6. doing drugs in the arboretum with my friends, then wandering like a cloud in trousers to the ackland
7. the library
8. doing drugs in the arboretum with my friends, then wandering like a cloud in trousers to the ackland, and finding ourselves looking at all the picture books in the art library, except they're all covered in shifting winking eyes because we're on drugs 
8. ms mongs 
9. doing drugs in the arboretum with my friends, then wandering like a cloud in trousers to the ackland, and finding ourselves looking at all the picture books in the art library, except they're all covered in shifting winking eyes because we're on drugs, which is a little scary not gonna lie, so we go to ms mongs, which feels like we're aliens remembering how to be human, and we get fried rice coated in white sauce tossed with everything on the menu, which is pretty akin to a religious experience, etc, we finally understand why so many cultures have holy foods 
10. debate club, which is enough of a trip to do sober

now I have to do drugs alone, in my childhood bedroom, stumble to my backyard to smoke a black&mild, blink and find myself in my kitchen eating pickled sausage (how the fuck did I get here?",2020-04,Acland,-27.30863,151.68976,populated place,Queensland,Toowoomba,Australia,UNC,City,0.49761248,0.40647322,0.09591429,-0.23841862
comment,2021-07-11,10,England and Tottenham fanguess I’m cursed to never see my team win,2021-07,England,52.16045,-0.70312,first-order administrative division,England,,United Kingdom,UNC,State,0.85830086,0.12165308,0.02004599,-0.7362786
comment,2021-07-11,14,Sorry England lost,2021-07,England,52.16045,-0.70312,first-order administrative division,England,,United Kingdom,UNC,State,0.86930835,0.115850866,0.014840843,-0.7554767
comment,2022-03-27,9,"If you think that the game was rigged, go outside and touch some grass

Both teams were really good and I'm excited for Saint Peter's future

But damn, UNC vs Duke game",2022-03,Erwin,35.32683,-78.67613,populated place,North Carolina,Harnett County,United States,UNC,City,0.062293246,0.20453453,0.7331722,0.533661
comment,2022-03-27,3,We got a hotel in Baton Rouge (1 hr away)!,2022-03,Baton Rouge,30.44332,-91.18747,seat of a first-order administrative division,Louisiana,East Baton Rouge Parish,United States,UNC,City,0.0033071816,0.6395885,0.3571044,0.12751259
comment,2022-03-27,2,i went to the natty alone and saw usual idiots that i knew,2022-03,Lac Natty,46.42917,-76.18611,lake,Quebec,Outaouais,Canada,UNC,Natural Feature,0.8497984,0.13664763,0.013553959,-0.7219736
comment,2022-03-28,1,"Hotels in NOLA are minimum $400, that’s why we are trying to stay in Baton Rouge ($150)",2022-03,Baton Rouge,30.44332,-91.18747,seat of a first-order administrative division,Louisiana,East Baton Rouge Parish,United States,UNC,City,0.0695103,0.83541554,0.09507412,0.0042074067
comment,2020-08-20,-22,"UNC, the Chancellor, the BOT, and yes even the BOG had doubts this would work, but they gave the portion of UNC students who really wanted to be on campus a chance to prove we could be responsible and be worthy of an in-person on-campus real education instead of what faculty and Orange County were pressing for: UNC-Tube.",2020-08,Orange County,36.0613,-79.1206,second-order administrative division,North Carolina,Orange County,United States,UNC,State,0.4213591,0.51551527,0.06312572,-0.1735586
comment,2022-09-07,5,I've been to Berkeley many times and there are some places that students are advised to never go after dark.,2022-09,Berkeley,37.87159,-122.27275,populated place,California,Alameda County,United States,UNC,City,0.37624326,0.5610235,0.06273323,-0.13762355
comment,2020-08-17,20,"The U( that’s what we call it, not Miami) has a lot of the same measures as Chapel Hill it seems.",2020-08,Miami,25.77427,-80.19366,seat of a second-order administrative division,Florida,Miami-Dade County,United States,UNC,City,0.13757339,0.803973,0.058453508,-0.0155096315
comment,2019-03-26,3,"oh that's probably why I don't know him, most of my classes are in Genome and I live in south campus so I think I've been thru McCorkle like twice this year",2019-03,McCorkle,36.67621,-82.38598,populated place,Virginia,Scott County,United States,UNC,City,0.3209487,0.62666667,0.05238463,-0.10026391
comment,2020-08-10,13,"In Teague, we just had the alarms go off at 8:10 in the morning.",2020-08,Teague,32.28096,-103.18602,,New Mexico,Lea County,United States,UNC,,0.0957889,0.8569662,0.047244947,-0.0069434266
comment,2025-03-06,5,"Whether it were Cruz, Desantis or whomever that could've landed in the Oval before him, Project 2025 would have still been enacted.",2025-03,Oval,51.48235,-0.11321,section of populated place,England,Greater London,United Kingdom,UNC,Neighborhood,0.08574355,0.8607442,0.053512268,-0.004488393
comment,2025-03-01,2,I used to work in Lineberger too long time ago in TCF.,2025-03,Lineberger Acres,35.82597,-80.3145,populated place,North Carolina,Davidson County,United States,UNC,City,0.09833742,0.8521691,0.049493395,-0.007220656
comment,2025-10-01,13,So now I'm teaching CS in Washington State.,2025-10,Washington,47.50012,-120.50147,first-order administrative division,Washington,,United States,UNC,State,0.060704872,0.8806313,0.058663756,-0.00024364535
comment,2025-10-01,14,"Weird, my grandfather went to Europe to fight fascists in wwII",2025-10,Europe,48.69096,9.14062,continent,,,,UNC,Country,0.57621336,0.38543504,0.038351625,-0.33055097
comment,2024-03-11,15,Hey I was just arrested in Moore County two weeks ago small world,2024-03,Moore County,35.83769,-101.89292,second-order administrative division,Texas,Moore County,United States,UNC,State,0.37481782,0.5693457,0.05583648,-0.13737069
comment,2024-04-06,6,"I have done work in the kitchen area of the self proclaimed ""world class dining"" in the Carolina Inn and lots in the kitchen area of Lenoir.",2024-04,Lenoir County,35.23915,-77.64127,second-order administrative division,North Carolina,Lenoir County,United States,UNC,State,0.01621147,0.79226947,0.19151907,0.036416743
comment,2025-01-25,112,Read about Liberia.,2025-01,Republic of Liberia,6.5,-9.5,independent political entity,,,Liberia,UNC,Country,0.13786241,0.80032814,0.061809447,-0.015185637
comment,2025-01-26,4,Look up 287g and alamance county.,2025-01,Alamance County,36.04407,-79.39951,second-order administrative division,North Carolina,Alamance County,United States,UNC,State,0.076696254,0.8814011,0.041902635,-0.004126484
comment,2023-09-17,2,"Yes, it's only worked for Australia, Britain, Japan, and the rest of the developed world.",2023-09,Commonwealth of Australia,-25.0,135.0,independent political entity,,,Australia,UNC,Country,0.07244583,0.56452996,0.36302423,0.12653819
comment,2023-09-17,2,"Yes, it's only worked for Australia, Britain, Japan, and the rest of the developed world.",2023-09,Japan,35.68536,139.75309,independent political entity,,,Japan,UNC,Country,0.07244583,0.56452996,0.36302423,0.12653819
comment,2025-02-05,1,No bro they had planes in ancient Egypt bro!,2025-02,Arab Republic of Egypt,27.0,30.0,independent political entity,,,Egypt,UNC,Country,0.25538212,0.6457888,0.09882906,-0.05545285
comment,2025-02-06,1,Screw what that guy in the White House thinks ..,2025-02,The White House,38.89761,-77.03637,building(s),District of Columbia,,United States,UNC,Building,0.8327518,0.15074475,0.016503396,-0.6932033
post,2023-08-29,679,"It’s not like we were next to Caudill in Peabody, but it’s in a range where we should not have felt so nonchalant about it.",2023-08,Caudill Mountain,32.9079,-98.50756,mountain,Texas,Palo Pinto County,United States,UNC,Natural Feature,0.34254,0.5729966,0.08446341,-0.11019957
post,2023-08-29,679,"It’s not like we were next to Caudill in Peabody, but it’s in a range where we should not have felt so nonchalant about it.",2023-08,Peabody,36.45036,-84.07576,populated place,Tennessee,Campbell County,United States,UNC,City,0.34254,0.5729966,0.08446341,-0.11019957
comment,2023-08-29,19,I was in the big auditorium on the first floor of Hamilton.,2023-08,Hamilton,43.25011,-79.84963,populated place,Ontario,Hamilton,Canada,UNC,City,0.009560085,0.7564129,0.23402698,0.054677237
comment,2025-06-13,38,My UNC orientation was drinking lots of beer with my new buddies downtown at the Village Green and ZoomZoom.,2025-06,The Village Green,40.26357,-111.66715,,Utah,Utah County,United States,UNC,,0.0017283631,0.29651856,0.7017531,0.4924544
comment,2020-08-17,29,"I forget, is North Craige the ""probably has corona"" dorm while Parker is the ""definitely has corona"" dorm?",2020-08,Craige North Residence Hall,35.9035,-79.0459,building(s),North Carolina,Orange County,United States,UNC,Building,0.164604,0.7701911,0.06520492,-0.022842795
comment,2020-08-17,29,"I forget, is North Craige the ""probably has corona"" dorm while Parker is the ""definitely has corona"" dorm?",2020-08,Parker,41.893,12.5127,hotel,Lazio,Città metropolitana di Roma Capitale,Italy,UNC,Building,0.164604,0.7701911,0.06520492,-0.022842795
post,2023-08-28,504,During the Mumbai attacks the gunmen used live news broadcasts to hunt down survivors and killed them.,2023-08,Mumbai,19.07283,72.88261,seat of a first-order administrative division,Maharashtra,,India,UNC,City,0.8637785,0.13354662,0.0026748325,-0.7461062
comment,2025-02-10,10,"The qualified candidates and researchers will try to go somewhere else: Canada, UK, EU, China, India, any other nation that wants to strip our infrastructure for valuable parts.",2025-02,European Union,50.83857,4.37599,zone,,,,UNC,Natural Feature,0.3562512,0.5934477,0.050301097,-0.12438472
comment,2025-02-10,10,"The qualified candidates and researchers will try to go somewhere else: Canada, UK, EU, China, India, any other nation that wants to strip our infrastructure for valuable parts.",2025-02,Republic of India,22.0,79.0,independent political entity,,,India,UNC,Country,0.3562512,0.5934477,0.050301097,-0.12438472
comment,2026-02-08,33,Love from Philly!!,2026-02,Philadelphia,39.95238,-75.16362,seat of a second-order administrative division,Pennsylvania,Philadelphia County,United States,UNC,City,0.001297902,0.023623532,0.9750786,0.9507766
comment,2026-02-09,1,Why are there so many people coming from down past Buns?,2026-02,Buns Basin,41.50124,-123.31977,depression(s),California,Siskiyou County,United States,UNC,,0.35774007,0.6161534,0.026106527,-0.1272964
comment,2026-02-10,1,Like from main campus and old east/west and then the Avery area.,2026-02,Avery,41.16667,-95.92529,,Nebraska,Sarpy County,United States,UNC,,0.037373815,0.90475416,0.057871986,0.0019523655
comment,2026-02-12,1,"There are some apartments there like Union and lark and a decent amount of houses down mlk, got a couple of friends who live in those.",2026-02,Union Station,40.02145,-82.51266,populated place,Ohio,Licking County,United States,UNC,City,0.0049238964,0.5082187,0.48685738,0.23700587
comment,2026-02-12,1,"There are some apartments there like Union and lark and a decent amount of houses down mlk, got a couple of friends who live in those.",2026-02,River Lark,52.43333,0.33333,stream,England,,United Kingdom,UNC,Natural Feature,0.0049238964,0.5082187,0.48685738,0.23700587
comment,2026-01-27,18,I like the Lake District place,2026-01,Lake District,54.5,-3.16667,region,England,,United Kingdom,UNC,Region,0.0016038123,0.036184814,0.9622114,0.9258481
comment,2020-08-17,3,I lived at 210 for the 2009-2010 school year.,2020-08,Fredensborg Kommune,55.95,12.45,second-order administrative division,Capital Region,Fredensborg Kommune,Denmark,UNC,State,0.035105176,0.93365103,0.031243743,-0.0002562021
comment,2024-04-29,23,"Resurgence of resistance is expected from the drastically stressed community, which used to span from span from Eilat to Metula just 70 years ago and has been subject to several conflicts.",2024-04,Elat,29.58333,34.91667,administrative division,Southern District,,Israel,UNC,Neighborhood,0.60911185,0.37598863,0.014899524,-0.37079525
comment,2024-04-29,23,"Resurgence of resistance is expected from the drastically stressed community, which used to span from span from Eilat to Metula just 70 years ago and has been subject to several conflicts.",2024-04,Metula,33.27929,35.5787,populated place,Northern District,,Israel,UNC,City,0.60911185,0.37598863,0.014899524,-0.37079525
comment,2023-11-02,-10,The vindictiveness Chile…,2023-11,Republic of Chile,-30.0,-71.0,independent political entity,,,Chile,UNC,Country,0.18565424,0.76911336,0.045232363,-0.032421533
post,2025-11-08,317,"Well, new logo From The Daily Tarheel...

>UNC is replacing its Old Well logo with the interlocking NC symbol — which was previously utilized for athletics only — as its primary branding.",2025-11,South Norwalk,41.09371,-73.41873,populated place,Connecticut,Western Connecticut Planning Region,United States,UNC,City,0.02833819,0.8620377,0.10962402,0.011214379
comment,2025-11-08,26,This is what I hope UVA never becomes - our Rotunda logo (separate from athletics V-Sabre) is very similar to the Old Well.,2025-11,Rotunda,38.03569,-78.50362,building(s),Virginia,City of Charlottesville,United States,UNC,Building,0.43152934,0.46317914,0.10529146,-0.1751313
comment,2021-10-10,35,"Regardless of what happened at Granville, I think that UNC must officially address the entire situation.",2021-10,Granville County,36.30402,-78.65302,second-order administrative division,North Carolina,Granville County,United States,UNC,State,0.19213004,0.7682611,0.039608903,-0.035345085
comment,2021-04-25,2,The Carolina BLUEE.,2021-04,Benito Juárez Dos,18.55548,-89.45027,populated place,Campeche,Calakmul,Mexico,UNC,City,0.03680536,0.7260121,0.2371825,0.054900907
comment,2020-09-05,13,"If you go driving at night there’s a ton of deer in Chapel Hill, it made me nervous because I had some walk into the street on Highway 54 a few times at 2 am",2020-09,State Highway 54,21.26187,83.86767,road,Odisha,,India,UNC,Road,0.7412441,0.24069114,0.018064763,-0.5491165
comment,2025-10-04,19,Update - Kenji has been located.,2025-10,Kenji,33.54526,130.86458,populated locality,Fukuoka,Tagawa-gun,Japan,UNC,City,0.018971698,0.86196226,0.11906604,0.013816796
comment,2023-08-29,3,Sending love from under the MIT bridge with the homies!,2023-08,Massachusetts Institute of Technology,42.35954,-71.09172,school,Massachusetts,Middlesex County,United States,UNC,Building,0.0013782224,0.054171845,0.9444499,0.8919837
comment,2023-11-11,57,The Carolinas are Bojos territory.,2023-11,Puntan Carolinas,14.92194,145.63306,cape,Tinian,,Northern Mariana Islands,UNC,Natural Feature,0.17238683,0.79226965,0.035343535,-0.028468052
comment,2020-08-27,4,We already have two perfectly good hotlines that aren't being used - 911 and the non-emergency number.,2020-08,H2O 911 Restoration,26.54233,-81.78705,building(s),Florida,Lee County,United States,UNC,Building,0.14341408,0.40294546,0.45364043,0.18522204
comment,2022-03-28,2,yea i used to live in phoenix and it was too far to fly to not stay a while anyway.,2022-03,Phoenix,33.44838,-112.07404,seat of a first-order administrative division,Arizona,Maricopa County,United States,UNC,City,0.23975088,0.6709562,0.08929291,-0.04950726
post,2024-03-02,264,"To the students who were walking at the crosswalk between Hojo and Koury ~ 11:25 pm: I'm so sorry I'm not sure if this will reach you guys, but I wanted to be able to apologize somewhere because I knew I'd keep on worrying if I didn't; I was driving and turning left from Ridge Road and didn't see you guys cross until I turned because it was so dark and rainy.",2024-03,Koury,-10.66444,25.32889,populated place,Lualaba,Mutshatsha,Democratic Republic of the Congo,UNC,City,0.6459531,0.31368554,0.040361386,-0.41562635
post,2024-03-02,264,"To the students who were walking at the crosswalk between Hojo and Koury ~ 11:25 pm: I'm so sorry I'm not sure if this will reach you guys, but I wanted to be able to apologize somewhere because I knew I'd keep on worrying if I didn't; I was driving and turning left from Ridge Road and didn't see you guys cross until I turned because it was so dark and rainy.",2024-03,Road Ridge,34.31531,-111.59376,ridge(s),Arizona,Gila County,United States,UNC,,0.6459531,0.31368554,0.040361386,-0.41562635
post,2021-08-19,250,"While the rest of us are stressing, this dude is living his best life outside Carroll Hall!",2021-08,Carroll Hall,41.68954,-72.76871,building(s),Connecticut,Capitol Planning Region,United States,UNC,Building,0.0117587065,0.11546448,0.8727768,0.76160115
post,2023-09-13,246,"Update, this was at Alpine",2023-09,Alpine County,38.59725,-119.82065,second-order administrative division,California,Alpine County,United States,UNC,State,0.05363426,0.88411343,0.062252317,0.000998717
comment,2021-06-17,7,"Lowkey grateful my classes are in Philipps, Hanes, and prob Sitterson

They’re all together",2021-06,Hånes,61.59961,5.01394,point,Vestland,Kinn,Norway,UNC,Natural Feature,0.003139841,0.05953182,0.93732834,0.87857455
comment,2024-12-05,5,In 1976 the first week of freshman year the vending machine in Old East dispensed treats without any payment.,2024-12,Old East Cemetery,41.58343,-72.70065,cemetery,Connecticut,Lower Connecticut River Valley Planning Region,United States,UNC,Building,0.027452445,0.89640325,0.07614435,0.005044323
post,2020-08-17,232,The Quarantine dorm is full and they’ve started sending pre-test students to local hotels.,2020-08,Quarantine,33.22961,-79.20421,populated place,South Carolina,Georgetown County,United States,UNC,City,0.05273221,0.8891605,0.058107227,0.0005957641
comment,2023-02-26,18,"Look, if you want engineering then you need to head to Horse U down the road.",2023-02,Pu‘u Oo Horse Trail,19.73722,-155.3825,trail,Hawaii,Hawaii County,United States,UNC,Road,0.18823157,0.77312356,0.03864486,-0.0339377
comment,2021-01-15,34,We need that fbi investigation style tracking they are using at the capital to get these people out of chapel hill/Carrboro.,2021-01,Hampton Inn & Suites Chapel Hill Carrboro,35.91081,-79.06762,hotel,North Carolina,Orange County,United States,UNC,Building,0.41365182,0.56648433,0.019863838,-0.17071326
post,2025-02-13,224,should I drop out and move to Norway like lmk,2025-02,Kingdom of Norway,62.0,10.0,independent political entity,,,Norway,UNC,Country,0.1462983,0.8234724,0.030229311,-0.020489382
comment,2024-06-25,64,"The code name for the project is “Strawberry Fields.” The same project filmed in Wilmington earlier this year, and someone from the Wilmington sub said it was actually filming for the Amazon series “The Summer I Turned Pretty.” 

There was also a call for extras that look college age, if that sounds interesting just google “chapel hill film extras” and info should pop up",2024-06,Chapel Hill,39.7015,-75.73105,populated place,Delaware,New Castle County,United States,UNC,City,0.016134344,0.47801518,0.5058505,0.25562438
comment,2024-06-26,66,I think it’s an investigative documentary on how the outer banks cast took a ferry from outer banks to chapel hill for a day trip in season one,2024-06,Outer Banks,35.56685,-75.46849,island,North Carolina,Dare County,United States,UNC,Natural Feature,0.034062725,0.8935565,0.072380796,0.0040787105
comment,2024-06-25,9,Dawsons Creek,2024-06,Dawsons Creek,5.2,-59.03333,stream,Potaro-Siparuni,,Guyana,UNC,Natural Feature,0.1331319,0.7265136,0.14035442,0.0019752604
comment,2024-06-25,4,Did they take another ferry to Chapel Hill again?,2024-06,Chapel Hill,36.35422,-88.30726,,Tennessee,Henry County,United States,UNC,,0.0449353,0.93372804,0.021336649,-0.0015639289
comment,2023-11-15,14,Yeah someone from ASDF followed me as I was walking past Bojangles on my way back from class one day and tried to block me from leaving.,2023-11,Bojangles',34.78394,-86.94491,restaurant,Alabama,Limestone County,United States,UNC,Building,0.38613358,0.5832909,0.030575573,-0.14816427
post,2025-03-05,223,"10 years ago, I was at UNC as an exchange student I visited from Copenhagen, Denmark.",2025-03,Copenhagen,55.67594,12.56553,capital of a political entity,Capital Region,København,Denmark,UNC,City,0.014059522,0.9266793,0.05926122,0.0033142196
post,2025-03-05,223,"Danes have fought and died alongside Americans in Afghanistan and Iraq, including friends and family members of mine.",2025-03,Republic of Iraq,33.0,44.0,independent political entity,,,Iraq,UNC,Country,0.9037847,0.09335466,0.0028606297,-0.81681865
post,2025-03-05,223,"A man who threatens the right to exist for Greenland, Ukraine, even Canada.",2025-03,Ukraine,49.0,32.0,independent political entity,,,Ukraine,UNC,Country,0.922988,0.074617736,0.002394223,-0.8519012
comment,2025-03-05,44,"About 75% of Orange County voted for Kamala, so a majority of Chapel Hill wasn’t for Trump.",2025-03,Orange County,28.51442,-81.32348,second-order administrative division,Florida,Orange County,United States,UNC,State,0.20280991,0.70539045,0.09179955,-0.032704715
comment,2025-03-06,16,"Having said all that, I am convinced that greenland, panama, canada etc is all part of his usual grandstanding where he makes a lot of noise of perceived leadership to appease his now-mass programmed base and to do absolutely nothing, but will claim some sort of deal (remember he wrote this crappy book the art of the deal).",2025-03,Republic of Panama,9.0,-80.0,independent political entity,,,Panama,UNC,Country,0.6571403,0.3109407,0.031918976,-0.43081453
comment,2025-03-07,11,I love denmark so much and Scandinavia.,2025-03,Scandinavia,63.0,12.0,region,,,,UNC,Region,0.002940506,0.014318691,0.9827408,0.96577084
comment,2025-03-06,11,"""Please be assured that Hitler is not going to invade Poland or any place.",2025-03,Republic of Poland,52.0,20.0,independent political entity,,,Poland,UNC,Country,0.45887193,0.4873191,0.053808905,-0.20766808
comment,2025-03-06,16,The man caused an invasion of the US Capitol itself.,2025-03,United States Capitol,38.88983,-77.00887,administrative facility,District of Columbia,,United States,UNC,Building,0.911611,0.08567513,0.0027138363,-0.83102727
comment,2024-08-22,10,"Parked in those spots for the dentist on Henderson, and after I left the dentist I decided to grab TRU real quick.",2024-08,Henderson County,32.21189,-95.85356,second-order administrative division,Texas,Henderson County,United States,UNC,State,0.02470074,0.8591824,0.116116844,0.012872995
comment,2024-08-22,3,In Richmond we have Seiberts Towing doing the same ish for decades.,2024-08,Richmond,39.82894,-84.89024,seat of a second-order administrative division,Indiana,Wayne County,United States,UNC,City,0.13576679,0.8107187,0.053514447,-0.015568828
comment,2024-11-23,10,The second was on South Merritt Mill Road near Crest Drive approximately 30 minutes later.,2024-11,Crest Drive Elementary School,44.01639,-123.11056,school,Oregon,Lane County,United States,UNC,Building,0.028126353,0.9433798,0.02849381,2.0805484e-05
post,2026-03-25,206,"Then there are the more obvious cost-cutting measures: the lack of napkin dispensers at tables in the dining hall, the order kiosks at Bojangles and at the old bagel/new deli spots in the Student Union, all of which chip away at the in-person interaction (and perhaps does resolve understandable labor costs) that used to make campus feel more human.",2026-03,University of the Philippines Los Baños Student Union,14.16335,121.24134,building(s),Calabarzon,Province of Laguna,Philippines,UNC,Building,0.34655377,0.54438424,0.10906202,-0.10820499
comment,2026-03-25,18,Campus and chapel hill were my home for almost a decade; I rarely go back now.,2026-03,Campus,41.02337,-88.30617,populated place,Illinois,Livingston County,United States,UNC,City,0.039025605,0.46781573,0.49315867,0.24168245
comment,2026-03-26,6,Note also that the steps of Lenoir Hall and the Pit are not exactly comfy.,2026-03,Lenoir Hall,35.9106,-79.0488,building(s),North Carolina,Orange County,United States,UNC,Building,0.7387087,0.24285987,0.018431421,-0.54535085
comment,2021-08-12,2,If everyone was vaccinated some people would still get sick from the delta variant anyways.,2021-08,Delta State,5.5,6.0,first-order administrative division,Delta,,Nigeria,UNC,State,0.67211276,0.31302768,0.014859501,-0.4515148
comment,2024-09-19,21,"Durham County is taking forever to get us our IDs, and the DMV in Durham isn’t accepting appts.",2024-09,Durham County,36.036,-78.87632,second-order administrative division,North Carolina,Durham County,United States,UNC,State,0.82645255,0.15946366,0.0140838865,-0.68282545
comment,2024-09-19,21,"Durham County is taking forever to get us our IDs, and the DMV in Durham isn’t accepting appts.",2024-09,Durham,41.48176,-72.68121,populated place,Connecticut,Lower Connecticut River Valley Planning Region,United States,UNC,City,0.82645255,0.15946366,0.0140838865,-0.68282545
comment,2020-08-14,26,Anyone have any clue what floor/tower the Granville ones were?,2020-08,granville,50.8218,-0.1497,hotel,England,Brighton and Hove,United Kingdom,UNC,Building,0.071873315,0.8979739,0.030152887,-0.0042565726
comment,2025-10-16,1,Silent Sam was in his place of honor on McCorkle Place right along Franklin until 2018 and only removed because the students and community forcibly took it down.,2025-10,McCorkle Place,35.91341,-79.05199,common,North Carolina,Orange County,United States,UNC,Neighborhood,0.57793283,0.41053104,0.01153609,-0.3338733
comment,2025-10-15,2,Everyone knows the further back in time you go especially in the south the scarier it was for WHITE people.,2025-10,University of South Alabama,30.69588,-88.17691,school,Alabama,Mobile County,United States,UNC,Building,0.84366554,0.15158394,0.004750543,-0.71174896
comment,2025-11-15,5,Closest I come to that is that my face is still on the wall in Banditos for eating the El Gigante burrito.,2025-11,Riu is Banditos,39.91727,9.17953,stream,Sardinia,,Italy,UNC,Natural Feature,0.61776966,0.3582823,0.023948072,-0.38106582
comment,2023-10-02,5,I did my BA at the other UNC (Northern Colorado).,2023-10,Northern Colorado Rehabilitation Hospital,40.40626,-104.97125,hospital,Colorado,Larimer County,United States,UNC,Building,0.020591544,0.93795145,0.041457076,0.0012946761
comment,2023-10-02,1,Bradford pear trees.,2023-10,Bradford County,41.78867,-76.51545,second-order administrative division,Pennsylvania,Bradford County,United States,UNC,State,0.07350321,0.794923,0.13157368,0.011908917
comment,2021-09-12,-5,"We have fine examples of those in China, NK, Russia etc.",2021-09,Neukirch-Egnach,47.53879,9.37583,railroad station,Thurgau,Bezirk Arbon,Switzerland,UNC,Road,0.038803976,0.5434147,0.41778132,0.17303549
comment,2024-06-10,3,That's some straight up Prison shit right there,2024-06,Prison,41.17001,20.87612,slope(s),Ohrid,,North Macedonia,UNC,,0.9423392,0.049536552,0.008124292,-0.8879371
comment,2025-07-30,28,I imagined a Hooverville favela on the football practice field.,2025-07,Hooverville,40.41285,-79.02697,populated place,Pennsylvania,Westmoreland County,United States,UNC,City,0.056413703,0.87523276,0.06835352,0.001489698
post,2022-03-06,180,Coach K's last game at Cameron Indoor,2022-03,Cameron Indoor Stadium,35.99741,-78.94143,building(s),North Carolina,Durham County,United States,UNC,Building,0.023503732,0.9363609,0.040135395,0.0010584241
comment,2026-03-20,5,I think The Cave is the best place in chapel hill to have a fun time though.,2026-03,The Cave,49.63472,-114.64232,cave(s),Alberta,Crowsnest Pass,Canada,UNC,,0.0024058968,0.025595682,0.97199845,0.9447752
comment,2023-08-30,11,LOL I just went to Tokyo sushi and it’s full of rowdy UNC kids.,2023-08,Tokyo Prefecture,35.6895,139.69171,first-order administrative division,Tokyo,,Japan,UNC,State,0.14679943,0.573506,0.2796946,0.056678988
comment,2024-08-22,17,Come to Phil club Tuesdays at 7 in Caldwell 213.,2024-08,Caldwell Parish,32.09227,-92.11661,second-order administrative division,Louisiana,Caldwell Parish,United States,UNC,State,0.0029811938,0.8837418,0.11327702,0.012822795
comment,2023-08-28,8,The shooter is near Bell Tower now.,2023-08,Bell Tower,37.53895,-77.43531,tower,Virginia,City of Richmond,United States,UNC,Building,0.27759123,0.7042086,0.01820022,-0.076725625
comment,2024-10-31,4,Does anyone know the closest place to vote tomorrow near SRC?,2024-10,Streatham Common Railway Station,51.4187,-0.1362,railroad station,England,Greater London,United Kingdom,UNC,Road,0.03615915,0.93013316,0.033707693,-0.00017127555
comment,2024-10-31,11,"There's also CH library, Seymour Center, etc.",2024-10,Seymour Care Center,40.68445,-93.11187,hospital,Iowa,Wayne County,United States,UNC,Building,0.013520707,0.82027924,0.16620004,0.027439646
comment,2024-08-09,46,"I'm neither a student nor an alum, and I didn't have transit to join the encampment, but I've been watching UNC admin's responses to protests with disgust from Burlington.",2024-08,Burlington,44.47588,-73.21207,seat of a second-order administrative division,Vermont,Chittenden County,United States,UNC,City,0.7522885,0.23445116,0.013260331,-0.56576216
comment,2021-04-03,2,Wanda joined him and they held hands walking out of the Smith Center to a standing ovation.,2021-04,The George Washington University Smith Center,38.89677,-77.04853,hospital,District of Columbia,,United States,UNC,Building,0.0030667263,0.60340714,0.39352617,0.15485343
comment,2025-12-18,8,"Cal (Berkeley)  
20.",2025-12,"University of California, Berkeley",37.87215,-122.25975,university,California,Alameda County,United States,UNC,University,0.04619691,0.89260507,0.06119798,0.0016110389
comment,2025-12-18,8,"Georgia  
51.",2025-12,Georgia,32.75042,-83.50018,first-order administrative division,Georgia,,United States,UNC,State,0.15077882,0.79716897,0.052052237,-0.020024814
comment,2025-12-18,8,There is one ACC school outside the top 100 universities in America (Louisville).,2025-12,Gansville,32.13544,-92.73432,populated place,Louisiana,Winn Parish,United States,UNC,City,0.08721352,0.8153516,0.09743488,0.0018873567
comment,2025-12-18,8,"There are 11 SEC schools outside the top 100 (Auburn, Missouri, Tennessee, Oklahoma, South Carolina, Kentucky, Alabama, LSU, Ole Miss, Arkansas, Miss.",2025-12,Auburntown,35.94756,-86.09721,populated place,Tennessee,Cannon County,United States,UNC,City,0.046205066,0.9106565,0.043138377,-0.00027398867
comment,2025-04-18,14,Old gas station off 15–501 and Smith level rd,2025-04,Hampton Inn Chapel Hill 15-501,35.94129,-79.01852,hotel,North Carolina,Orange County,United States,UNC,Building,0.07129822,0.8929088,0.035793006,-0.0038022955
comment,2025-04-20,0,I actually did know him back in the Western North Carolina days.,2025-04,Western North Carolina Fairgrounds,35.28512,-82.42817,,North Carolina,Henderson County,United States,UNC,,0.011077076,0.8487203,0.14020258,0.019534066
comment,2021-10-25,17,Wait til you see the “T” bus and it’s called T HIGH SCHOOL,2021-10,T Roosevelt High School,21.30987,-157.83761,school,Hawaii,Honolulu County,United States,UNC,Building,0.21206334,0.71844465,0.069492005,-0.04014172
comment,2025-04-13,1,Travel restrictions on countries like South Sudan?,2025-04,South Sudan,7.5,30.0,independent political entity,,,South Sudan,UNC,Country,0.40871078,0.5766153,0.014673973,-0.16682917
post,2022-03-05,155,Spring in Chapel Hill,2022-03,Chapel Hill,-63.68496,-57.97586,hill,,,Antarctica,UNC,Natural Feature,0.012066757,0.8759823,0.11195095,0.012387409
comment,2022-07-30,2,Yeah there could be a line from Manning to South Rd to Boundary to Hillsborough to RR Lot,2022-07,Manning,48.15012,-83.4331,area,Ontario,,Canada,UNC,Building,0.009201353,0.90425634,0.08654226,0.0074049016
comment,2022-07-30,2,Yeah there could be a line from Manning to South Rd to Boundary to Hillsborough to RR Lot,2022-07,Boundary,52.98063,-2.02981,populated place,England,Staffordshire,United Kingdom,UNC,City,0.009201353,0.90425634,0.08654226,0.0074049016
comment,2022-07-30,2,Yeah there could be a line from Manning to South Rd to Boundary to Hillsborough to RR Lot,2022-07,Hillsborough,53.40202,-1.49996,metro station,England,Sheffield,United Kingdom,UNC,Road,0.009201353,0.90425634,0.08654226,0.0074049016
comment,2022-07-31,3,DC Metro,2022-07,"Washington-Arlington-Alexandria, DC-VA-MD-WV Metro Area",38.79865,-77.48624,economic region,Virginia,,United States,UNC,Region,0.11974916,0.7249782,0.15527262,0.009769726
comment,2022-07-30,9,I tried to sketch my own but realized there are so many different buses that go on Columbia St that it would be super messy.,2022-07,St Columbia's Church,54.9929,-7.32876,church,Northern Ireland,Derry City and Strabane,United Kingdom,UNC,Building,0.72672814,0.2416564,0.031615376,-0.5271343
comment,2022-05-10,5,Is stor 435 as hard as people say it is?,2022-05,Luhanka,61.78426,25.72272,third-order administrative division,Central Finland,Joutsa,Finland,UNC,City,0.4304351,0.5246453,0.0449196,-0.18325658
comment,2021-04-17,11,I love metros this has made my whole day,2021-04,Metros Reef,50.28081,-95.22801,reef(s),Manitoba,,Canada,UNC,,0.0019525071,0.0063036866,0.99174374,0.9835519
comment,2021-04-17,3,"Missing all of South Campus & all of the apartments & homes on 15-501 & S Columbia - close, but this ain't it chief",2021-04,Meilahti,60.18982,24.89717,section of populated place,Uusimaa,Helsinki sub-region,Finland,UNC,Neighborhood,0.8216615,0.16649362,0.011844947,-0.6749872
comment,2021-04-17,3,"Missing all of South Campus & all of the apartments & homes on 15-501 & S Columbia - close, but this ain't it chief",2021-04,501,38.68287,16.10256,hotel,Calabria,Provincia di Vibo-Valentia,Italy,UNC,Building,0.8216615,0.16649362,0.011844947,-0.6749872
comment,2021-04-18,2,"We need to add the Estes Dr extension to this, as well as Weaver Dairy as a connection to Durham and Wegmans as well!",2021-04,Durham,42.8664,-88.07064,populated place,Wisconsin,Waukesha County,United States,UNC,City,0.004412827,0.62644494,0.3691422,0.1362465
comment,2024-02-08,21,"*goes to Davis*

*sees 5 outlets open*

*none work*",2024-02,Wildcat,38.75343,-80.43814,populated place,West Virginia,Lewis County,United States,UNC,City,0.16374028,0.7595294,0.07673039,-0.020923318
post,2023-11-01,146,"**Resources**

* [JEWISH VOICES FOR PEACE: OUR APPROACH TO ZIONISM](https://www.jewishvoiceforpeace.org/resource/zionism/)
* [Statement from the National Students for Justice in Palestine & Jewish Voices for Peace](https://nationalsjp.org/the-movement-for-palestinian-rights-will-not-be-silenced)
* [The National Students for Justice in Palestine (SJP): Purpose, Mission, Vision, Values](https://nationalsjp.org/about)
* [Supporting Palestinian rights is antisemitic because Israel wants it to be](https://www.nbcnews.com/think/opinion/how-jews-can-support-palestinian-rights-condemn-antisemitism-ncna1268680) ([Abraham Gutman](https://www.huffpost.com/author/abgutman-362), 2021)
* [BLOWBACK: HOW ISRAEL WENT FROM HELPING CREATE HAMAS TO BOMBING IT](https://theintercept.com/2018/02/19/hamas-israel-palestine-conflict/) (The Intercept, 2018)
* [What's the Israel-Hamas Conflict About?",2023-11,Hamas,-21.21074,15.29608,intermittent stream,,,,UNC,Natural Feature,0.31635734,0.6432176,0.040425096,-0.09844776
post,2023-11-01,146,"A Simple Guide](https://www.aljazeera.com/news/2023/10/9/whats-the-israel-palestine-conflict-about-a-simple-guide) (Al Jazeera, 2023)
* [Israel's Occupation of Palestinian Territories Constitutes Apartheid (Amnesty International, 2022)](https://www.amnesty.org/en/location/middle-east-and-north-africa/israel-and-occupied-palestinian-territories/report-israel-and-occupied-palestinian-territories/)
* [Misinformation about the Israel-Hamas war is easy to find online.",2023-11,Middle East,33.13906,35.85869,region,,,,UNC,Region,0.43165296,0.5264606,0.041886434,-0.1845698
comment,2023-11-01,-13,"But they uncritically accept and spread propaganda from Hamas, Iran, and Hezbollah who all regularly call for the complete destruction of Isreal and wholesale slaughter of jews.",2023-11,Islamic Republic of Iran,32.0,53.0,independent political entity,,,Iran,UNC,Country,0.9269553,0.07056614,0.0024785977,-0.85923994
comment,2023-11-02,8,"People called that font Frankfurt, which is objectively was not, literally perfect example of what this post is talking about",2023-11,Frankfurt am Main,50.11552,8.68417,seat of a third-order administrative division,Hesse,Regierungsbezirk Darmstadt,Germany,UNC,City,0.41011593,0.4792982,0.110585846,-0.15596585
comment,2023-11-02,11,Gaza is only about 40 miles from Tel Aviv.,2023-11,Tel Aviv,32.08088,34.78057,seat of a first-order administrative division,Tel Aviv,,Israel,UNC,City,0.089127816,0.84390396,0.06696815,-0.0034590361
comment,2026-01-14,15,"And sadly, it is just as much of a problem in progressive states like New York as it is in politically conservative states.",2026-01,New York,43.00035,-75.4999,first-order administrative division,New York,,United States,UNC,State,0.78625757,0.20022406,0.013518415,-0.6180182
post,2023-05-27,145,New Pennywise location just dropped @ Alumni Hall,2023-05,Alumni Hall,42.81667,-75.53583,building(s),New York,Madison County,United States,UNC,Building,0.010247032,0.9388,0.050952923,0.0024912013
post,2020-11-05,143,Just when you thought 2020 couldn't get any worse- Morehead-Patterson Bell Tower monster attack,2020-11,Morehead Patterson Bell Tower,35.90859,-79.04921,monument,North Carolina,Orange County,United States,UNC,Building,0.9410567,0.055012017,0.0039312188,-0.8855724
comment,2021-12-24,23,"If South Africa is any indication - omicron is absurdly infectious, surprisingly mild, and peaks extremely fast.",2021-12,South Africa,-29.0,24.0,independent political entity,,,South Africa,UNC,Country,0.7039622,0.24400884,0.052028958,-0.4928558
comment,2023-08-29,12,"Sending love to everyone from your neighbor NC State, I can’t even imagine how terrifying this was to y’all.",2023-08,NC State University Farm Pond Number Two,35.71849,-78.68139,reservoir(s),North Carolina,Wake County,United States,UNC,,0.42166796,0.42585665,0.15247537,-0.15455513
comment,2023-08-29,12,I’m sending y’all love from Kansas State.,2023-08,Kansas,38.50029,-98.50063,first-order administrative division,Kansas,,United States,UNC,State,0.002996579,0.09777922,0.89922416,0.8085952
comment,2023-08-29,2,Love from Princeton,2023-08,Princeton,40.57361,-96.70308,,Nebraska,Lancaster County,United States,UNC,,0.00354309,0.14765954,0.8487973,0.7204444
comment,2022-11-25,1,"Always remember you represent the good Peoples of your District - not your Party, not North Carolina as a whole, and certainly not America.",2022-11,District 1,37.68093,-81.26641,administrative division,West Virginia,Raleigh County,United States,UNC,Neighborhood,0.3429035,0.50802577,0.14907071,-0.09536073
comment,2021-05-27,2,"Unfortunately, he isn't teaching 524 again this fall.",2021-05,Suite 524,25.7748,-80.1318,hotel,Florida,,United States,UNC,Building,0.85859793,0.13396218,0.0074399197,-0.73713505
comment,2021-08-27,25,Was walking past Greenlaw the other day when the girl in front of me turned to a girl about to enter the building and was like “omg hey” and went to hug her.,2021-08,Greenlaw,47.71681,-82.79979,area,Ontario,,Canada,UNC,Building,0.0076568127,0.5320356,0.4603076,0.21182446
comment,2021-08-27,1,"I don't see which dorms they are, although when they were talking about quarantine and isolation housing, they were standing outside of Craig North.",2021-08,North Craig,56.01678,-3.06629,rock,Scotland,East Lothian,United Kingdom,UNC,Natural Feature,0.2597975,0.71114194,0.029060543,-0.066650234
comment,2021-01-22,51,Spent last night crying listening to a party in Taylor.,2021-01,Taylor County,30.01957,-83.61897,second-order administrative division,Florida,Taylor County,United States,UNC,State,0.6489736,0.31504494,0.035981473,-0.41987205
comment,2021-06-10,4,I’m hoping that with the changes to bio major the demand for upper chem classes like 262 will also be reduced next semester :),2021-06,Interchange 262,37.05126,-76.40606,road junction,Virginia,City of Hampton,United States,UNC,Road,0.008043379,0.20191129,0.7900453,0.62410694
comment,2023-11-24,-20,"Cracks me up how entitled and soft everyone who lives in chapel hill is, get over yourself if the owner was able to get the dog under control before it got to you what’s the problem, thank god that MOST of the rest of the state is reasonable and can think through situations",2023-11,Chapman Hill,41.45788,-72.03146,mountain,Connecticut,Southeastern Connecticut Planning Region,United States,UNC,Natural Feature,0.74272114,0.21173471,0.045544114,-0.5495605
comment,2023-11-24,10,"Yep, I took a bad dog bite because idiots in Harpers Ferry let their dogs run off leash.",2023-11,Harpers Ferry,43.20331,-91.15207,,Iowa,Allamakee County,United States,UNC,,0.9741751,0.023417769,0.0024071648,-0.94901127
comment,2021-10-11,3,"The Parents Rally on Thursday 11a-3p will be at Davie Poplar behind Old Well, look for yellow!!",2021-10,Old Well,30.46796,-101.55262,well,Texas,Crockett County,United States,UNC,Building,0.005000137,0.68033093,0.31466895,0.09899154
comment,2020-08-17,1,I have broken my tail bone coming out of Aycock!,2020-08,Fordyce,32.94985,-85.58551,populated place,Alabama,Chambers County,United States,UNC,City,0.93651277,0.057809003,0.0056782807,-0.8770239
comment,2020-08-25,8,I was just thinking I might have to head to Chatham County for food for a while.,2020-08,Chatham County,31.97402,-81.09243,second-order administrative division,Georgia,Chatham County,United States,UNC,State,0.11424971,0.85173774,0.034012612,-0.011896134
comment,2020-08-25,4,I drive to the Siler City Walmart now......,2020-08,Siler City,35.72347,-79.46224,populated place,North Carolina,Chatham County,United States,UNC,City,0.060118794,0.89511806,0.04476307,-0.0016105382
comment,2025-02-20,14,"Gut the arena, play at Carmichael for a year or two, add your precious luxury boxes and reduce the upper seating to improve crowd noise reverberation.",2025-02,Carmichael,49.1169,-81.94978,area,Ontario,,Canada,UNC,Building,0.098813236,0.72757006,0.17361674,0.020378714
comment,2025-02-21,2,"Building the Blue Zone screwed us by putting suites in the end zone, which makes building sideline suites impossible since everyone will want to sit there and leave the BZ, and not paying for it.",2025-02,Bolzano,46.71667,11.5,second-order administrative division,Trentino-Alto Adige,Bolzano,Italy,UNC,State,0.8541956,0.133687,0.012117485,-0.72950315
post,2026-04-23,129,Ongoing FBI Raid at Union Apartments Anyone have info on the ongoing FBI raid at Union?,2026-04,Marriott Executive Apartments Union Square Shanghai Pudong,31.2407,121.492,hotel,Shanghai,Shanghai Municipality,China,UNC,Building,0.09149764,0.8884813,0.020021074,-0.007970972
post,2026-04-23,129,Ongoing FBI Raid at Union Apartments Anyone have info on the ongoing FBI raid at Union?,2026-04,Union,41.99093,-72.1573,populated place,Connecticut,Northeastern Connecticut Planning Region,United States,UNC,City,0.09149764,0.8884813,0.020021074,-0.007970972
comment,2026-04-24,11,Here’s [a link to a report on the officer](https://chapelboro.com/news/crime/former-chapel-hill-police-officer-arrested-for-planning-mass-shooting-at-jazz-fest).,2026-04,Chapel,30.47104,-83.56987,church,Florida,Madison County,United States,UNC,Building,0.4136068,0.56349,0.022903258,-0.17054601
comment,2026-04-03,23,DTH is a place people genuinely get their news from.,2026-04,Death Valley National Park,36.49363,-117.09091,park,California,Inyo County,United States,UNC,Neighborhood,0.017577339,0.49167657,0.4907461,0.24052277
comment,2020-10-26,23,I’m exchanging at another uni in Scotland and I feel the same way :(( studying at home and just sitting in front of a laptop for 5-8 hrs a day doesn’t make me feel productive at all.,2020-10,Scotland,56.0,-4.0,first-order administrative division,Scotland,,United Kingdom,UNC,State,0.9338045,0.05841116,0.007784235,-0.8719303
comment,2024-01-02,25,There’s a reason Canes (a chain) is the only place that can afford the buildings on the intersection of Franklin and Columbia and the rest are empty.,2024-01,Columbia,41.70204,-72.30119,populated place,Connecticut,Capitol Planning Region,United States,UNC,City,0.117937624,0.6116021,0.27046025,0.059239462
comment,2024-01-02,25,And people have celebrated the opening of Canes and eat there multiple times a week like it’s not ushering in a sad precedent.,2024-01,Cannes,43.55135,7.01275,populated place,Provence-Alpes-Côte d'Azur,Alpes-Maritimes,France,UNC,City,0.18803978,0.49479175,0.31716853,0.06523691
comment,2024-01-04,2,"And then they’d complain that they were broke at the same time as that lol

Even when I lived on MLK in junior/senior year, the <5 minute drive to Franklin to grab an order felt way more worth it to me than the 25%+ fee that doordash would add",2024-01,Mlk,30.28383,-97.6923,section of populated place,Texas,Travis County,United States,UNC,Neighborhood,0.16003856,0.51382995,0.32613143,0.08074938
comment,2024-01-03,7,"But I noticed the quality of Momo’s go down after Basecamp opened, so I’m glad he’s going back to focusing on just that",2024-01,Machapuchare Basecamp,28.52632,83.90894,camp(s),Gandaki Pradesh,Kaski,Nepal,UNC,Building,0.05606631,0.34847102,0.5954627,0.35143232
comment,2022-09-01,67,Been wondering why Wilson water hits diff,2022-09,Wilson River,-41.75782,145.36994,stream,Tasmania,,Australia,UNC,Natural Feature,0.1958736,0.770146,0.033980414,-0.037211794
comment,2022-09-01,67,Been wondering why Wilson water hits diff,2022-09,Sedan,40.65696,-92.83353,populated place,Iowa,Appanoose County,United States,UNC,City,0.1958736,0.770146,0.033980414,-0.037211794
comment,2022-09-02,9,There are no lead pipes in Wilson Library.,2022-09,Wilson Public Library,40.8614,-99.98568,library,Nebraska,Dawson County,United States,UNC,Building,0.23984464,0.6730339,0.087121464,-0.0499353
comment,2025-07-21,3,I am “all 4 years of doing this at Woollen” years old.,2025-07,Cape Woollen,82.51857,-62.89022,cape,Nunavut,,Canada,UNC,Natural Feature,0.24719682,0.6751733,0.07762992,-0.05507986
comment,2025-02-21,13,"I'm pretty sure that's actually Kazakhstan Style Leg of Lamb

Kazakhstan number one exporter of potassium, all other countries have inferior potassium",2025-02,Lamb,38.95617,-84.448,populated place,Kentucky,Kenton County,United States,UNC,City,0.29830202,0.61345917,0.08823884,-0.081198
comment,2022-04-02,4,"Beneath VT at 1865,655 is less contested with flags.",2022-04,Vermont,44.00034,-72.74983,first-order administrative division,Vermont,,United States,UNC,State,0.12039372,0.80260605,0.07700022,-0.008565615
comment,2024-05-04,2,"“First, we will reopen the Campus Y building on Monday, May 6, with revised hours from 8 a.m. to 5 p.m.",2024-05,T Y C Sheffield Campus,30.90988,-101.89957,school,Texas,Pecos County,United States,UNC,Building,0.0032331005,0.8410152,0.15575169,0.024248134
comment,2024-05-03,3,West Bank will be next.,2024-05,West Bank,57.18556,6.06167,bank,,,,UNC,Natural Feature,0.07744358,0.8643157,0.058240782,-0.002605518
comment,2024-05-02,-2,You may want to Google the Havaara agreement (The agreement between Nazi Germany and the Zionists) and Phalangist Nazis that were abetted and propped as dictators in Lebanon before calling Arabs Nazis,2024-05,Lebanon,33.83333,35.83333,independent political entity,,,Lebanon,UNC,Country,0.65036106,0.33308572,0.01655327,-0.42269546
comment,2026-03-30,3,University commons on smith level rd are affordable and give you you're own room and bathroom within the 4bd apartment....it might be a better set up for you....id also look into talking to a mental health counselor....I dont think your situation is unusual.,2026-03,University Commons,41.80038,-72.71593,building(s),Connecticut,Capitol Planning Region,United States,UNC,Building,0.055616684,0.43477216,0.5096111,0.2566103
comment,2026-03-31,3,"I also decided to move to Cary of all places because I was scared if I moved to a ""college town"" I would fall behind in my classes.",2026-03,Cary,42.21197,-88.23814,populated place,Illinois,McHenry County,United States,UNC,City,0.5863816,0.37666118,0.03695719,-0.34247756
comment,2026-03-31,-7,THEN CAME SUMMIT RDU.,2026-03,Radhamohanpur,22.35648,87.61261,railroad station,West Bengal,Paschim Medinipur,India,UNC,Road,0.090324104,0.8082068,0.10146906,0.0021375273
comment,2023-11-27,37,"The Boulder supermarket shooter was unfit for like 2 years undergoing treatment, but now he was deemed fit and will stand trial",2023-11,Boulder,40.01499,-105.27055,seat of a second-order administrative division,Colorado,Boulder County,United States,UNC,City,0.5781356,0.40240234,0.019462075,-0.333862
comment,2019-04-23,10,Had English M-W-F at Bingham across the quad on the left.,2019-04,Bingham,52.94978,-0.95907,populated place,England,Nottinghamshire,United Kingdom,UNC,City,0.036472246,0.91629964,0.04722807,0.00090026646
post,2021-12-25,115,The Lula’s (and Spanky’s before that) location on the corner of Franklin and Columbia has been bought by Raising Cane’s for $3.87 Million,2021-12,Columbia Center,39.9984,-82.69572,populated place,Ohio,Licking County,United States,UNC,City,0.03498561,0.91729933,0.047714982,0.0010527277
comment,2021-12-25,21,I’ve only had Cane’s once when I visited Oregon and it was great IMO,2021-12,Oregon,44.00013,-120.50139,first-order administrative division,Oregon,,United States,UNC,State,0.0015211474,0.02161736,0.97686154,0.9542561
comment,2021-12-26,2,They’ve got one in Greenville if anyone can’t wait.,2021-12,Greenville,40.61896,-79.01142,,Pennsylvania,Indiana County,United States,UNC,,0.0063228705,0.38309556,0.6105816,0.3727699
comment,2021-12-26,4,There’s a place in Pittsboro called S&T Soda Shoppe that sells The Gambler and the lasagna from The Rathskeller.,2021-12,Pittsboro,39.86393,-86.46694,populated place,Indiana,Hendricks County,United States,UNC,City,0.009411852,0.8935121,0.097076036,0.009335172
comment,2021-10-15,8,"If you don't already have a button maker (or want to make more), the new EITM makerspace in SILS (in the basement of Manning Hall) has one.",2021-10,Silsersee,46.41927,9.73286,lake,Grisons,,Switzerland,UNC,Natural Feature,0.0069655245,0.64070696,0.35232756,0.12408618
comment,2021-10-15,8,"If you don't already have a button maker (or want to make more), the new EITM makerspace in SILS (in the basement of Manning Hall) has one.",2021-10,Manning Hall,34.67761,-82.83237,building(s),South Carolina,Pickens County,United States,UNC,Building,0.0069655245,0.64070696,0.35232756,0.12408618
comment,2022-04-23,9,I think r/triangle may be a better place to understand the history beyond some of the answers here/with more context.,2022-04,Comonotto,36.01361,14.32056,triangulation station,Il-Qala,,Malta,UNC,Natural Feature,0.06602643,0.6380317,0.2959419,0.083222106
comment,2022-04-23,9,I think r/triangle may be a better place to understand the history beyond some of the answers here/with more context.,2022-04,Triangle,41.20839,-79.57644,,Pennsylvania,Clarion County,United States,UNC,,0.06602643,0.6380317,0.2959419,0.083222106
comment,2023-10-13,45,"Met my wife, honeymooned in Paris, had a kid, got a house, had another kid, went back to school, Double Tar Heel, etc.",2023-10,Paris,48.85341,2.3488,capital of a political entity,Île-de-France,Paris,France,UNC,City,0.0063279164,0.43956265,0.5541094,0.30699718
comment,2025-11-13,1,"Front yard was totally different, with only a single bench along Columbia.",2025-11,Waterview,45.909,-122.82149,,Oregon,Columbia County,United States,UNC,,0.10238086,0.8004105,0.09720864,-0.0010323199
comment,2025-11-12,1,That would make this road Columbia St. We would always cross at a crosswalk near where Acklund is now & go down the other side of the street.,2025-11,Hampton Inn St. Louis-Columbia,38.4436,-90.2166,hotel,Illinois,Monroe County,United States,UNC,Building,0.025315322,0.8717846,0.10289997,0.009947544
post,2025-01-11,111,To whoever stole me and my friend's big snowball that we were rolling at Morrison to make a snowman: I wish you nothing but squalor and misfortune.,2025-01,Morrison County,46.01262,-94.26842,second-order administrative division,Minnesota,Morrison County,United States,UNC,State,0.8520478,0.13326205,0.0146901645,-0.72576964
comment,2024-05-15,4,"I think rush and hazing are as toxic as water pipes in my Flint, MI.",2024-05,Flint,43.01253,-83.68746,seat of a second-order administrative division,Michigan,Genesee County,United States,UNC,City,0.97063386,0.027674396,0.0016917445,-0.9421272
post,2026-03-24,112,"I had doors slammed in my face from programs at UNC because I wasn’t a certain major and now I’m going to intern at the largest agency in Hollywood that works with people like Meryl Streep, Ariana Grande, and Harry Styles .",2026-03,Hollywood,26.0112,-80.14949,populated place,Florida,Broward County,United States,UNC,City,0.3709972,0.50385994,0.1251429,-0.12197816
comment,2024-05-01,26,"I can understand cancelling classes in the building surrounding the quad bc of the loud chants, but there was no reason to shut down Davis and other facilities more than a stones toss from the quad.",2024-05,Gifford,41.85812,-78.59641,populated place,Pennsylvania,McKean County,United States,UNC,City,0.6499094,0.33214945,0.017941188,-0.4220603
comment,2024-05-02,-3,"Drug addicted braindead students who don't realize that palestinians are zealous animals who every nation in the region (including all the arab ones) want nothing to do with, are angry that Isreal (the only functional civilization in the middle east) has finally had enough of their bullshit.",2024-05,Israel Gap,37.97986,-78.69724,gap,Virginia,Albemarle County,United States,UNC,Natural Feature,0.96374756,0.03402847,0.002223991,-0.9288044
comment,2024-05-01,20,"May 1970, after Nixon announced the invasion of Cambodia, four were dead in Ohio, and UNC joined 300 or so other universities in a student-led strike.",2024-05,Kingdom of Cambodia,13.0,105.0,independent political entity,,,Cambodia,UNC,Country,0.6658776,0.32519418,0.008928174,-0.44331327
comment,2020-06-19,7,"Yeah, what kind of COVID-19 explanation doesn't even mention the evil robotoid clones in Washington and the Kremlin?",2020-06,Washington,38.89511,-77.03637,capital of a political entity,District of Columbia,,United States,UNC,City,0.7716379,0.21736039,0.011001655,-0.5953041
post,2022-09-15,109,Alert Carolina: Drink Tampering and Assault at Pi Kappa Phi,2022-09,Carolina Municipio,18.37578,-65.95794,first-order administrative division,Carolina,,Puerto Rico,UNC,State,0.60619265,0.38510525,0.008702094,-0.3673938
comment,2021-09-10,3,"If you are at chapel ridge, go to the next complex over’s bus stop and you will always make it on",2021-09,Chapel Ridge,38.88895,-85.11301,ridge(s),Indiana,Switzerland County,United States,UNC,,0.007615195,0.4431481,0.54923666,0.3016029
comment,2021-09-10,8,"Especially when go Durham, go raleigh and go triangle all pay drivers significantly more

EDIT: I took this on word from a bus driver - I looked up job postings and the starting pay is actually similar.",2021-09,Triangle,27.9665,-82.3844,populated place,Florida,Hillsborough County,United States,UNC,City,0.077276945,0.6107721,0.31195098,0.09134169
comment,2021-08-23,10,That is great but where is the lost and found in the Union?,2021-08,L'Union,-20.99968,55.67236,populated place,Reunion,Réunion,Reunion,UNC,City,0.15928158,0.46244764,0.3782707,0.11771811
post,2023-11-19,107,Anybody know why a Chapel Hill North Carolina transit bus was driving around Emeryville?,2023-11,Emeryville,44.29506,-75.36743,populated place,New York,St. Lawrence County,United States,UNC,City,0.12175905,0.8609794,0.017261522,-0.014527312
comment,2023-11-19,65,s/o to any other Bay Area Heels in here.,2023-11,San Francisco Bay Area,37.77239,-122.42349,economic region,California,,United States,UNC,Region,0.028128278,0.9178772,0.05399455,0.0021242108
comment,2023-11-19,65,I live in Oakland and would have had an out-of-body experience if I'd seen that in person.,2023-11,Oakland,37.80437,-122.2708,seat of a second-order administrative division,California,Alameda County,United States,UNC,City,0.29612315,0.6177456,0.0861313,-0.08027031
comment,2023-11-20,35,"They have them do the 1000 mile test run so any factory issues, defects can be fixed before heading across the country to the ol' North State!",2023-11,Minnesota,46.25024,-94.25055,first-order administrative division,Minnesota,,United States,UNC,State,0.1357018,0.7253803,0.1389179,0.0008832011
comment,2023-11-20,7,It must have gotten on the ferry to OBX,2023-11,Obo Airport,-7.59024,141.32306,airport,Western Province,,Papua New Guinea,UNC,Building,0.053713083,0.89079994,0.055486932,0.00019370443
comment,2021-02-23,14,"Most of the Apollo, Gemini, and Mercury astronauts were trained in celestial navigation at Morehead Planetarium throughout the 60s and early 70s... including Buzz Aldrin and Neil Armstrong.",2021-02,Apollo,55.2,-160.73333,,Alaska,Aleutians East Borough,United States,UNC,,0.018107945,0.92758095,0.054311037,0.0026217937
comment,2021-02-23,14,"Most of the Apollo, Gemini, and Mercury astronauts were trained in celestial navigation at Morehead Planetarium throughout the 60s and early 70s... including Buzz Aldrin and Neil Armstrong.",2021-02,Isola Gemini,42.71782,10.37315,rocks,Tuscany,,Italy,UNC,Natural Feature,0.018107945,0.92758095,0.054311037,0.0026217937
comment,2021-02-23,14,"The successor to Hubble, the James Web Space Telescope is named after him and will be the largest space telescope ever built when it is launched later this year.",2021-02,Hubble,37.59702,-84.65467,populated place,Kentucky,Lincoln County,United States,UNC,City,0.0027116218,0.34858292,0.6487054,0.4208114
comment,2020-08-15,31,I agree it was really irresponsible of UNC to bring everyone back ESP since it is clear they have no idea how to handle the outbreaks.,2020-08,Esp,51.48817,5.49179,populated place,North Brabant,Gemeente Eindhoven,The Netherlands,UNC,City,0.94227415,0.055244334,0.0024815402,-0.8878744
comment,2020-06-25,2,"Assuming they live in a Dorm all the building must evacaute, and lets also assume this person has been to the Dining hall, student stores, libraries, and several other buildings.",2020-06,Dorm,52.28011,10.87689,hills,Lower Saxony,,Germany,UNC,Natural Feature,0.11510804,0.82573605,0.059155982,-0.009750428
comment,2025-09-11,25,I had one land on my head in Phillips.,2025-09,Phillips,48.09361,-108.16402,populated place,Montana,Phillips County,United States,UNC,City,0.29877248,0.6381864,0.06304118,-0.08529079
comment,2025-09-11,17,"no fr the big wood roaches r normal for the triangle and just go inside sometimes - but i cant remember ever seeing one of these little german ones anywhere, they r the infestation ones, bad news",2025-09,Triangle,-26.34085,31.65548,locality,Manzini Region,,Eswatini,UNC,City,0.8144751,0.17024282,0.015282036,-0.66313624
comment,2025-02-22,9,"I believe he is from one of the small islands that is part of Taiwan, maybe Matsu or Kinmen?",2025-02,Nangan Dao,26.14974,119.93641,island,Fukien,Lienchiang,Taiwan,UNC,Natural Feature,0.008521604,0.92353714,0.0679412,0.004543393
comment,2025-02-22,9,"I believe he is from one of the small islands that is part of Taiwan, maybe Matsu or Kinmen?",2025-02,Jincheng,24.43415,118.31712,seat of a first-order administrative division,Fukien,Kinmen County,Taiwan,UNC,City,0.008521604,0.92353714,0.0679412,0.004543393
comment,2025-02-22,9,I saw him between Caudill Labs & Dey hall and he showed me his family plum blossom.,2025-02,Dey Hall,35.9098,-79.0508,building(s),North Carolina,Orange County,United States,UNC,Building,0.0049259025,0.55730134,0.4377727,0.1916207
comment,2025-02-22,9,He used to whistle in the Arboretum until some jerks demanded that he be trespassed from there because it’s supposed to be a quiet place to retreat.,2025-02,Arboretum,39.64861,-78.93806,,Maryland,Allegany County,United States,UNC,,0.5685479,0.40744406,0.02400805,-0.32267034
comment,2025-02-22,21,He used to whistle in the Arboretum when I lived in Spencer.,2025-02,Arboretum,42.00472,2.29353,garden(s),Catalonia,Província de Barcelona,Spain,UNC,Building,0.021714903,0.85352355,0.1247615,0.015093899
comment,2025-02-22,21,He used to whistle in the Arboretum when I lived in Spencer.,2025-02,Spencer,42.24398,-71.9923,populated place,Massachusetts,Worcester County,United States,UNC,City,0.021714903,0.85352355,0.1247615,0.015093899
comment,2025-02-22,10,I see him almost every MWF around Davie Hall and Howell!,2025-02,Davie Hall,35.91275,-79.04944,building(s),North Carolina,Orange County,United States,UNC,Building,0.008261628,0.66415966,0.32757872,0.10723957
comment,2025-02-22,5,He left everything in Cali to come here.,2025-02,Derbent,42.06622,48.28759,seat of a second-order administrative division,Dagestan,,Russia,UNC,City,0.165846,0.79337025,0.040783755,-0.025841583
comment,2025-02-22,5,"As a grad student rushing on foot to and from Davie every day through the arboretum, I'd always slow down and be more present anytime I heard him.",2025-02,Loch na Davie,55.65,-5.25,lake,Scotland,,United Kingdom,UNC,Natural Feature,0.01180224,0.34455338,0.6436444,0.41413882
post,2022-01-19,108,Power Outage in Spencer be Like,2022-01,Spencer,35.49867,-97.38226,,Oklahoma,Oklahoma County,United States,UNC,,0.100981474,0.85965896,0.039359517,-0.00864809
comment,2022-01-20,3,That’s worse than being on the top floor of Phillips at midnight.,2022-01,Phillips,44.95495,-93.25706,section of populated place,Minnesota,Hennepin County,United States,UNC,Neighborhood,0.9236551,0.07020394,0.0061410046,-0.85310096
comment,2020-08-14,-63,"Chapel Hill has noise ordinances, and police to respond to noise complaints, but the punishment for documented noise violations is a fine - it is not ΟΣΤΡΑΚΙΣΜΟΣ.",2020-08,Chapel Hill,53.07414,-0.20137,populated place,England,Lincolnshire,United Kingdom,UNC,City,0.6409244,0.3407324,0.018343287,-0.41044757
comment,2020-08-14,-63,"But the fraternities and sororities would still exist - their Houses would still be full with UNC students who see their value, and their events would continue - but the university would have no leverage at all to regulate them.",2020-08,Houses Pond,35.1879,-78.37986,reservoir(s),North Carolina,Sampson County,United States,UNC,,0.109487996,0.7880861,0.10242582,-0.0014965727
comment,2020-08-14,28,You spend a lot of time tearing down protesters in Portland.,2020-08,Portland,45.52345,-122.67621,seat of a second-order administrative division,Oregon,Multnomah County,United States,UNC,City,0.8193296,0.17050949,0.010160921,-0.6711978
comment,2020-08-14,-4,She was re-quarantined on North Brother Island in the middle of the Hudson River for the rest of her life.,2020-08,North Brother Island,44.43342,-76.41609,island,Ontario,,Canada,UNC,Natural Feature,0.26224732,0.7171791,0.020573536,-0.06835039
comment,2020-08-14,3,"The United States Supreme Court would like a word with you:

The Supreme Court clarified in Tinker v. Des Moines Independent Community School District (1969) that public students do not “shed” their First Amendment rights “at the schoolhouse gate.” 

In Healy v. James (1972), the Court found a First Amendment violation when a Connecticut public college refused to recognize a radical student group as an official student organization, commenting that “[t]he college classroom with its surrounding environs is peculiarly the ‘marketplace of ideas.’”

In Papish v. Board of Curators of the University of Missouri (1973), a graduate journalism student was expelled for distributing on campus an “underground” newspaper containing material that the university considered “indecent.” The Court relied on Healy for its conclusion that “the mere dissemination of ideas—no matter how offensive to good taste—on a state university campus may not be shut off in the name alone of ‘conventions of decency.’ ”",2020-08,Connecticut,41.66704,-72.66648,first-order administrative division,Connecticut,,United States,UNC,State,0.36852026,0.5906521,0.04082768,-0.13414027
comment,2024-07-13,0,Guess we want all out hardware and clothing stores being emptied out by flash mobs like San Francisco and LA,2024-07,San Francisco,37.77493,-122.41942,seat of a second-order administrative division,California,City and County of San Francisco,United States,UNC,City,0.51388186,0.46001992,0.026098229,-0.26339343
post,2024-05-01,104,Davis is closed tonight and finals start Thursday.,2024-05,Davis,39.12872,-79.46477,populated place,West Virginia,Tucker County,United States,UNC,City,0.058519192,0.904146,0.037334803,-0.002030608
comment,2021-10-05,25,"Honestly, Morehead labs is the ugliest building I've ever seen.",2021-10,Morehead,37.27115,-87.17638,populated place,Kentucky,Muhlenberg County,United States,UNC,City,0.96792734,0.028712574,0.0033601138,-0.93687207
comment,2021-10-06,11,"How do people hate on those buildings, which are very unique and well designed in their architecture, but not on buildings like Hamilton hall.",2021-10,Hamilton Hall,40.80667,-73.96194,building(s),New York,New York County,United States,UNC,Building,0.44696715,0.42168579,0.13134699,-0.18252763
comment,2021-10-06,6,"?wprov=sfla1)** 
 
 >Brutalist architecture is an architectural style which emerged during the 1950s in the United Kingdom, among the reconstruction projects of the post-war era.",2021-10,Embassy of the United Kingdom in Austria,48.1975,16.3814,diplomatic facility,State of Vienna,Wien Stadt,Austria,UNC,Building,0.08467483,0.87739474,0.037930436,-0.0057311086
comment,2021-10-06,1,"**[Government Center, Boston](https://en.m.wikipedia.org/wiki/Government_Center,_Boston)** 
 
 >Government Center is an area in downtown Boston, centered on City Hall Plaza.",2021-10,City Hall Plaza,34.42,-119.69875,park,California,Santa Barbara County,United States,UNC,Neighborhood,0.09622349,0.8542109,0.04956558,-0.006802214
comment,2021-10-06,1,"Formerly the site of Scollay Square, it is now the location of Boston City Hall, courthouses, state and federal office buildings, and a major MBTA subway station, also called Government Center.",2021-10,Scollay Square,42.3601,-71.05894,park,Massachusetts,Suffolk County,United States,UNC,Neighborhood,0.023915617,0.9352882,0.04079622,0.0010923744
comment,2021-10-06,1,"Formerly the site of Scollay Square, it is now the location of Boston City Hall, courthouses, state and federal office buildings, and a major MBTA subway station, also called Government Center.",2021-10,Boston City Hall,42.36038,-71.05783,building(s),Massachusetts,Suffolk County,United States,UNC,Building,0.023915617,0.9352882,0.04079622,0.0010923744
comment,2021-07-30,18,He got arrested for trespassing in Hanes Art Center a while back iirc,2021-07,Hanes Art Center,35.9124,-79.0544,building(s),North Carolina,Orange County,United States,UNC,Building,0.5870097,0.40165958,0.011330672,-0.34445202
comment,2025-04-06,11,It’s happened in multiple states where innocent citizens have been deported to El Salvador and the Trump administration has labeled them as “collateral arrests”,2025-04,Republic of El Salvador,13.83333,-88.91667,independent political entity,,,El Salvador,UNC,Country,0.81425035,0.17848536,0.0072643794,-0.66295075
post,2021-03-31,102,Please tell me I'm not the only one who thinks this Almost got T-boned by someone on Columbia turning LEFT at a red light and NO ONE lets you merge on 54.,2021-03,Vuosaari,60.20963,25.14195,section of populated place,Uusimaa,Helsinki sub-region,Finland,UNC,Neighborhood,0.84132767,0.1471432,0.011529068,-0.70769936
comment,2021-04-01,17,"It's no wonder I-40 is littered with bumpers, shit...",2021-04,I-40 Park,35.80625,-80.89674,park,North Carolina,Iredell County,United States,UNC,Neighborhood,0.8818605,0.10582835,0.012311211,-0.7775263
comment,2021-04-01,5,I was rear ended while stopped at a red light near Southern Village by some lady putting on make-up.,2021-04,Southern Village Shopping Center,39.90367,-83.79326,mall,Ohio,Clark County,United States,UNC,Building,0.6574401,0.32778487,0.014774968,-0.43200922
comment,2021-03-31,16,I've lived down here for a few years but I learned how to drive in Jersey and usually people ask me where I'm from after driving with me,2021-03,Bailiwick of Jersey,49.21667,-2.11667,political entity,,,Jersey,UNC,Country,0.050978266,0.8029984,0.14602327,0.018724017
comment,2021-03-31,10,"If you ever find yourself driving around Richmond, VA, you will appreciate NC driving.",2021-03,"Richmond, VA Metro Area",37.41248,-77.4462,economic region,Virginia,,United States,UNC,Region,0.007990814,0.24472664,0.7472825,0.5583673
comment,2021-04-01,4,I think people that really think NC driving is bad haven’t been up north (@Jersey turnpike lol) or in any true metro.,2021-04,Jersey Turnpike Heliport,40.47677,-74.40821,heliport,New Jersey,Middlesex County,United States,UNC,Building,0.70558983,0.26866144,0.02574875,-0.49719402
post,2025-08-27,99,"i’m an exchange student from Singapore at UNC this fall and so far everything has been great - the campus is beautiful and everyone is so welcoming :)

however, one not so great thing is that for my BUSI500 course, i've been tasked to sell koozies and mini Jordan-style sneaker keychains for our first project (20% weightage btw ).",2025-08,Republic of Singapore,1.36667,103.8,independent political entity,,,Singapore,UNC,Country,0.017843256,0.059967756,0.92218894,0.8501141
comment,2021-09-12,35,I went to Broughton and it feels a lot like that sometimes.,2021-09,Upper Broughton,52.82863,-0.9877,populated place,England,Nottinghamshire,United Kingdom,UNC,City,0.1549366,0.75327706,0.091786265,-0.0155806355
comment,2021-09-13,3,"I came from uncg, I liked it there",2021-09,University of North Carolina - Greensboro,36.07097,-79.81114,school,North Carolina,Guilford County,United States,UNC,Building,0.009497809,0.15151839,0.8389838,0.70380354
comment,2021-09-13,11,"some more welcoming than others for sure (i feel like there is definitely an anti-outsiders vibe sometimes — just recently moved to maine and some mainers just reallllly hate anyone out of state, for good reason probably) but idk i think you’ll find people like that anywhere you go and i don’t see that as a cultural/social thing in NC that much.",2021-09,Maine,45.50032,-69.24977,first-order administrative division,Maine,,United States,UNC,State,0.47570676,0.40695578,0.117337525,-0.2125288
comment,2021-09-13,2,"My background is thoroughly west coast, so the east coast traits of NC are pretty easy to notice for me.",2021-09,West Coast,-42.45658,171.22081,first-order administrative division,West Coast,,New Zealand,UNC,State,0.0069504865,0.24359503,0.7494545,0.5616337
comment,2021-09-13,2,Someone who has only lived in the north or south of the east coast may be more likely to notice the nuances of NE vs South traits.,2021-09,Nebraska,41.50028,-99.75067,first-order administrative division,Nebraska,,United States,UNC,State,0.05928705,0.8436895,0.09702348,0.0058986004
post,2023-08-31,102,Therapy Dogs at Davis until 4pm today Just saw this.,2023-08,Davis Corner,39.16539,-75.6816,populated place,Delaware,Kent County,United States,UNC,City,0.023888081,0.9152921,0.0608198,0.003128409
comment,2021-03-13,1,"I took the old sequence which is 401,410,and 411 although I already know Java before going into 401 at the time it was still a challenging class.",2021-03,District 401,37.17979,-78.48102,administrative division,Virginia,Prince Edward County,United States,UNC,Neighborhood,0.13059741,0.7049106,0.16449201,0.010001938
comment,2021-03-13,1,For the new sequence I’ve heard they’re designing it so they can spend more time teaching Java rather than quickly go over it and they try to make it more “friendly” rather than putting people through 401 first.,2021-03,Interchange 401,40.8625,-96.71557,road junction,Nebraska,Lancaster County,United States,UNC,Road,0.16087689,0.6221671,0.21695597,0.021188524
comment,2023-08-28,44,studied at wuhan no less.,2023-08,Wuhan,30.58333,114.26667,seat of a first-order administrative division,Hubei,Wuhan Shi,China,UNC,City,0.17196889,0.7903482,0.03768288,-0.02815331
post,2021-05-31,95,"This especially goes to people who are taking classes away from main campus (Kenan Flagler, Gillings).",2021-05,Gillings-Rödkläpparna,59.1,18.775,rocks,Stockholm,,Sweden,UNC,Natural Feature,0.24486616,0.67784107,0.07729274,-0.053985275
comment,2020-04-02,44,"My first class of the day this semester had a gorgeous view of Wilson, and I’d get there early to pick a prime seat by the window/open the blinds if the previous class had closed them.",2020-04,Wilson,41.81204,-72.65731,populated place,Connecticut,Capitol Planning Region,United States,UNC,City,0.0018012061,0.042381793,0.9558169,0.91358286
comment,2021-07-12,17,Its coming to Rome,2021-07,Rome,41.89193,12.51133,capital of a political entity,Lazio,Città metropolitana di Roma Capitale,Italy,UNC,City,0.022816636,0.8444878,0.13269554,0.017087512
comment,2021-01-25,0,"But once campus normalizes, the best indicator of how well fraternities at UNC are doing will be the in-person crowd at Rush and the long lines outside fraternity parties hoping to win entry.",2021-01,Rush County,39.61995,-85.46576,second-order administrative division,Indiana,Rush County,United States,UNC,State,0.012410185,0.3599106,0.6276792,0.3938272
post,2020-08-17,93,"In doing so, they hope to shut down North campus dorms and shift the remaining residents to South campus where they can be given a single room and a bathroom shared between fewer people.",2020-08,Norths Landing,38.90228,-84.87356,populated place,Indiana,Ohio County,United States,UNC,City,0.17548455,0.75782895,0.06668644,-0.026347755
post,2025-07-10,94,"[**https://guides.lib.unc.edu/washington-post**](https://guides.lib.unc.edu/washington-post)



**UNC’s Gaming Arena @ Craige Hall**

[**https://housing.unc.edu/play/partnership-spaces/carolina-gaming-arena/**](https://housing.unc.edu/play/partnership-spaces/carolina-gaming-arena/)



**Morrison’s Art Studio (for your Bob Ross pursuits)**

[**https://housing.unc.edu/play/partnership-spaces/morrison-art-studio/**](https://housing.unc.edu/play/partnership-spaces/morrison-art-studio/)



**UNC Food pantry (Carolina Cupboard)**[**https://housing.unc.edu/play/partnership-spaces/carolina-cupboard/**](https://housing.unc.edu/play/partnership-spaces/carolina-cupboard/)



**TONS of Workspace/Makerspace areas around campus:** Lets you do essentially:

* 3D printing
* Wood/metal work
* Embroidery
* Sewing

…..but i think you have to go through a training course first for some of the tools.",2025-07,Craige Residence Hall,35.9027,-79.0451,building(s),North Carolina,Orange County,United States,UNC,Building,0.13843872,0.8149555,0.04660581,-0.016993176
post,2025-07-10,94,Hill Hall (hours 7:30am-10PM) is a music building and they have practice rooms open on their downstairs floor with plenty of pianos and rooms if you want to play an instrument.,2025-07,Hill Hall,45.55417,-94.15056,building(s),Minnesota,Stearns County,United States,UNC,Building,0.0022040217,0.5163733,0.48142272,0.23176296
post,2025-07-10,94,"[**https://ackland.org/**](https://ackland.org/)



**UNC Basketball Museum**

[**https://goheels.com/sports/2021/12/10/carolina-basketball-museum**](https://goheels.com/sports/2021/12/10/carolina-basketball-museum)



**Rock climbing walls at Fetzer and Rams Head Recreation Center**

* Also on this note, gym access is free as long as you scan in with your Onecard



**Bike pumps are available all around campus, so probably don’t need to bring a pump**



**Graham/McClinton Resident Hall has an office where you can rent brooms, pots, pans, and other kitchen appliances.",2025-07,Fetzer,30.24132,-95.81773,populated place,Texas,Waller County,United States,UNC,City,0.020124694,0.5742062,0.40566912,0.16416243
post,2025-07-10,94,"[**https://ackland.org/**](https://ackland.org/)



**UNC Basketball Museum**

[**https://goheels.com/sports/2021/12/10/carolina-basketball-museum**](https://goheels.com/sports/2021/12/10/carolina-basketball-museum)



**Rock climbing walls at Fetzer and Rams Head Recreation Center**

* Also on this note, gym access is free as long as you scan in with your Onecard



**Bike pumps are available all around campus, so probably don’t need to bring a pump**



**Graham/McClinton Resident Hall has an office where you can rent brooms, pots, pans, and other kitchen appliances.",2025-07,Rams Head Center Recreation Center,35.9059,-79.046,building(s),North Carolina,Orange County,United States,UNC,Building,0.020124694,0.5742062,0.40566912,0.16416243
comment,2025-07-13,6,"A quick note about the Hill Hall practice rooms - for the first two-ish weeks or so of the semester they're free for everyone to access, but after that you have to pay a fee of $70 dollars unless you're in a music course, taking private lessons through UNC, or in a departmental ensemble.",2025-07,Hill Hall,35.9125,-79.0532,building(s),North Carolina,Orange County,United States,UNC,Building,0.025074773,0.84008396,0.13484117,0.017553408
comment,2023-02-18,7,Cal3 for B.S.,2023-02,B.S. Well,43.5093,-121.02473,well,Oregon,Lake County,United States,UNC,Building,0.06428492,0.8374124,0.098302685,0.005530866
comment,2022-03-27,9,"If you think that the game was rigged, go outside and touch some grass

Both teams were really good and I'm excited for Saint Peter's future

But damn, UNC vs Duke game",2022-03,Saint Peter,49.21333,-2.18194,first-order administrative division,St Peter,,Jersey,UNC,State,0.062293246,0.20453453,0.7331722,0.533661
comment,2022-03-27,2,"Honestly don’t think we have a shot but the bff is like 8,000 of 18,000 in Rams Club.",2022-03,Rams Hill Country Club,33.18615,-116.31695,resort,California,San Diego County,United States,UNC,Building,0.2312672,0.7002058,0.06852694,-0.048788585
comment,2022-03-27,3,omg flights are $1000 RT from rdu,2022-03,Raleigh-Durham International Airport,35.87946,-78.7871,airport,North Carolina,Wake County,United States,UNC,Building,0.1869989,0.77083945,0.04216161,-0.03319099
comment,2021-06-25,3,"Haha this is the Medical Drive spot, I work at the hospital and had a good laugh at this on my way home last night!",2021-06,Magnolia @ Medical Drive,28.05947,-82.42002,bus stop,Florida,Hillsborough County,United States,UNC,Building,0.002369331,0.049490508,0.9481402,0.89896417
comment,2024-08-21,27,"And then, sure, there are those top 10 students from the more competitive metro areas (RTP and Charlotte mostly) who generally are better prepared at the start have taken 20+ AP classes or classes at local colleges..",2024-08,Rutland Plains Airport,-15.64577,141.84521,airport,Queensland,Carpentaria,Australia,UNC,Building,0.012856729,0.3945148,0.59262854,0.35104325
comment,2024-08-21,11,"She was a brash Bronx lady and said “EVERYONE in college has some kind of a hard time and NO ONE talks about it.” You’re not alone, kid.",2024-08,The Bronx,40.84985,-73.86641,seat of a second-order administrative division,New York,Bronx County,United States,UNC,City,0.5228876,0.3993079,0.077804506,-0.2673579
comment,2022-09-07,24,"I try to avoid walking on it by myself, especially if it’s not near the apartments and granville towers.",2022-09,Granville,36.27117,-85.79526,populated place,Tennessee,Jackson County,United States,UNC,City,0.24629715,0.70255876,0.051144004,-0.058046594
comment,2022-09-07,10,I noticed that there's almost *always* homeless people sitting in the alley between Four Corners and the United States Postal Service.,2022-09,Four Corners,41.68038,-72.66509,,Connecticut,,United States,UNC,,0.6188387,0.3471219,0.034039423,-0.38180265
comment,2022-09-07,13,I’ve also noticed a lot of homeless folks on the triangle bus from RTC to Chapel Hill.,2022-09,Ratnagiri,16.99154,73.31022,seat of a third-order administrative division,Maharashtra,Ratnagiri,India,UNC,City,0.45356908,0.5101314,0.03629953,-0.20440724
comment,2020-08-17,20,"However, Salt Lake City has a mask mandate; so that could help somewhat.",2020-08,Salt Lake City,40.76078,-111.89105,seat of a first-order administrative division,Utah,Salt Lake County,United States,UNC,City,0.006872002,0.45589963,0.5372284,0.28856713
comment,2020-08-17,10,We have a mask mandate in Orange County (where Chapel Hill is at).,2020-08,Orange County,44.0056,-72.37661,second-order administrative division,Vermont,Orange County,United States,UNC,State,0.047675528,0.90038913,0.051935293,0.0004243189
comment,2020-08-17,5,I’m living in Provo as I do my graduate work since my internship is in Sanpete County.,2020-08,Provo,39.95328,-112.06883,mine(s),Utah,Utah County,United States,UNC,Building,0.017541068,0.8600548,0.122404106,0.01467508
comment,2020-08-17,5,I’m living in Provo as I do my graduate work since my internship is in Sanpete County.,2020-08,Sanpete County,39.37396,-111.57634,second-order administrative division,Utah,Sanpete County,United States,UNC,State,0.017541068,0.8600548,0.122404106,0.01467508
comment,2020-08-17,3,Unfortunately I have yet to find any data about how much the outbreaks on campus at UNC have spread outside the campus to the towns of Chapel Hill and Carrboro and the community at large so I don't really have any idea of what might happen outside of the campus in Provo.,2020-08,Provo,40.23384,-111.65853,seat of a second-order administrative division,Utah,Utah County,United States,UNC,City,0.67594427,0.31544685,0.008608882,-0.45682654
comment,2019-03-25,19,I heard he used to play at the Bolshoi.,2019-03,Bol’shoy,49.3788,42.3171,populated place,Volgograd Oblast,,Russia,UNC,City,0.059562024,0.88763726,0.052800756,-0.0007597146
comment,2019-03-26,5,I heard him from the third floor of Carolina Hall once,2019-03,Carolina Hall (historical),30.69168,-88.14379,house(s),Alabama,Mobile County,United States,UNC,,0.04249645,0.89892954,0.058574084,0.001624974
comment,2019-03-26,3,"oh that's probably why I don't know him, most of my classes are in Genome and I live in south campus so I think I've been thru McCorkle like twice this year",2019-03,William H Foege Genome Sciences Building,47.6522,-122.3128,building(s),Washington,King County,United States,UNC,Building,0.3209487,0.62666667,0.05238463,-0.10026391
