,place,location_count,latitude,longitude,sentences,avg_roberta_compound,place_type,school,id
0,Harrisonburg,131,38.44957,-78.86892,"570k in Harrisonburg is like 2 million in DC | At worse Harrisonburg plus Rockingham County is about even, at best, it leans Red. | It's Harrisonburg, not Rockingham. | I loved almost everything during my time in Harrisonburg and JMU except for the school's administration. | I can say this with absolute certainty that Harrisonburg would not be near the city it is without JMU.",-0.10246085647267175,City,JMU,JMU1
1,Virginia,77,37.54812,-77.44675,"Virginia schools be like | For real though Harrasionburg is rank #1 in virginia for infection rate and new cases per 100k. | lmao yeah you're right, the whole state of Virginia is laughing at you buddy. | It's a mid-to-large sized university

Other colleges and universities in Virginia have not done nearly as poorly. | Compared to other public universities in Virginia, JMU has stagnated a bit.",-0.06936824175354546,State,JMU,JMU2
2,United States,52,39.76,-98.5,"If you came to the USA legally there wouldn't be a consequence | Keep America safe | And you have some image in your head of a young woman carrying small children, when the VAST majority of illegal border crossings were military ages men (many that were from Russia, China, Middle East not just central/south America). | I'm fully aware that we bring many people into America legally. | Also, the woman has been in America over 20 years, and they left the daughter on the side of the road.",-0.2717795353,Country,JMU,JMU3
3,James Madison University,23,38.4352348,-78.86911106,"You must think I see JMU as 100% good for the city, which I don't. | So Virginia is cheaper than others, and within Virginia, JMU is cheapest. | Which school cheaper than JMU is a better school? | FTFY, JMU. | But of course that's not a great reason to open up JMU haha",-0.12907372214347826,University,JMU,JMU4
4,University of Oregon,16,44.04495744359393,-123.07195103954272,"I'm in the band and got to go on this trip to Oregon and loved how nice everyone was. | I have never, ever, met a nicer community than I did in Eugene Oregon. | In contrast the Oregon band looked like Uncle Phil's billboard. | Dorky comment by a bitter Oregon state fan lol, imagine commenting something like this on a post praising the other team in a matchup you can't even sniff | Mad respect for the JMU Sports News social team from Oregon fans",0.27531014748125,University,JMU,JMU5
5,Oregon,1,44.00013,-120.50139,It's probably somewhere in Oregon since the train is PW 2310 (so Portland and Western).,0.012308632,State,JMU,JMU6
6,The Hills Southview Apartments,14,38.41687425,-78.87158834,Don't live at any of the hills either (especially Southview). | One of those apartments burned down completely at Southview in 2019 if I'm remembering the years correctly | I think I might've seen this cat behind southview ? | Idk how or why she would've travelled all the way to southview | There are a few strays behind southview so it's completely possible it was a different cat,-0.3633739749807143,Building,JMU,JMU7
7,District of Columbia,12,38.91706,-77.00025,"570k in Harrisonburg is like 2 million in DC | I think people are also forgetting that GMU students love going to Arlington and DC on the weekends (no masks, bc drinking obviously). | Not necessarily, I've never been to Arlington or DC since I came to mason (same with many of my other friends) and I'm not from the Northern Virginia. | Just from my observation, a lot of gmu students have recently been going to Arlington and dc on the weekends, regardless of this whole pandemic thing. | The DC area has a lot of business who use researchers or people with research skills.",0.12574433775,State,JMU,JMU8
8,Hillside Suites,8,38.47378213,-78.87932529,"I lived in Hillside my freshman year. | Same here, Hillside does not have closets still; just wardrobes. | I had the worst flu of my life when I was a freshman in Hillside and with the way things are going now, there is NO foreseeable way that students on campus could be safe. | Doesn't have a view but the little patch of woods behind Hillside across MLK | ORL probably has a list of people who lived in Hillside in each year.",-0.1319483666825,Building,JMU,JMU9
9,New Jersey,13,40.16706,-74.49987,"I thought streetbeefs were based in NJ | Someone could be sick at home in New Jersey and felt obligated to tell us."" | Gotta admit, driving in Hbrug is INCREDIBLY slow compared to the ol NJ land. | A road like Port Republic would be a 45 in NJ with normal traffic light wait times, and that 25 up Chesnut ridge, yikes. | The NJ folks just aren't used to taking it slow.",-0.2933851212307692,State,JMU,JMU10
10,Eagle Hall (JMU),8,38.43399862,-78.87297345,"Do not live in Eagle. | Staying away from Eagle | Lived in Eagle. | Also, considering the capacities of the three smoke-free dorms, there was a slightly higher than 50% chance that I would have ended up in Eagle. | I hope someone is upgrading the shithole that is Eagle.",-0.275582477825,Building,JMU,JMU11
11,D-Hall (JMU),19,38.43764382,-78.87195865,"I have found memories of eating breakfast alone in D-hall and listening to music on my iPod. | Haven't been back to campus since D-Hall was torn down and replaced. | The pre-2001 D-Hall was just a buffet, and the food was prepared in the back. | Door 4 Subs was in the old D-Hall, across from Commonwealth One Federal Credit Union, at the 4/5 entrance. | For reference, here's the concept for the new D-Hall: http://media.graytvinc.com/images/New+Bluestone+Dining_View+From+East+NIGHT.jpg",-0.1514703252568421,Building,JMU,JMU12
12,East Campus (JMU),7,38.43193384,-78.86437656,"Ok but does anyone remember the creepy groomer old man janitor on east campus circa 2017/2018? | As Mr. Charlie King had explained to me, ""the building is so old that they don't even make the parts that it needs anymore.""

The powerplant on East Campus is at a size where it's too small to function for its demanded energy output. | East Campus was supposed to receive a huge solar panel installation this summer but the plans somehow got delayed. | Is this the one behind East Campus? | on game days they always have a giant sign that is lit up saying ""GAME DAY LOT CLOSES AT 4"" or something, and I just park in East Campus deck on those days, but today there was no big sign saying the above so I thought nothing of it...",-0.18461597852857142,Building,JMU,JMU13
13,Richmond,7,37.55376,-77.46026,"We are fully aware that the south includes Virginia of which Richmond was the capital of the confederacy? | However, that extra money isn't likely to be coming because of budget shortfalls in Richmond due to the economic squeeze from COVID-19. | Richmond usually always draws a crowd. | Organize, write your reps, get yourselves to Richmond for the next Lobby Day on Jan. 20. | Here's a good piece from a pro-labor publication about the state of collective bargaining in the public sector in Virginia: https://labornotes.org/2021/03/virginia-public-sector-workers-are-organizing-make-their-new-bargaining-rights-reality

My recommendation is that if you want to get better pay and working conditions for state employes, contact your representatives in Richmond in order to change the laws that cover collective bargaining by state employees.",0.02234111561428571,City,JMU,JMU14
14,Village Dorms (JMU),7,38.43606543,-78.86845648,"They still haven't put ac in the Village? | The Village is slated for demolition and replacement on the campus master plan, and so for that, window A/C units make sense because they're relatively cheap and easy to implement, and make the buildings more comfortable in the time that they have left. | So the Village will never be renovated, and so it doesn't make sense to do massive upgrades to buildings that the university is planning to demolish. | Also, they're proposing to renovate the Village; they're currently working out the planning process before they get the architects to come in. | Charlie did say that he felt it was likely there would be a movement to keep it after they were done with the new Phillips due to its convenience to the Village.",-0.09487933280000001,Building,JMU,JMU15
15,West Virginia,7,38.50038,-80.50009,"They are the state flower of West Virginia and a native ornamental to Virginia as well. | They are the state flower of West Virginia and a native ornamental to Virginia as well. | We lost to West Virginia by like a touchdown this year too. | They have been taken from a combination of places which include: GW National Forest, WV, Spruce Knob Lake and Observation Tower, WV, and some more! | They have been taken from a combination of places which include: GW National Forest, WV, Spruce Knob Lake and Observation Tower, WV, and some more!",0.05821314271428569,State,JMU,JMU16
16,Washington State University,4,46.72903970688112,-117.14614844362796,"Barely scraping by against a team like Washington State is not going to warrant top 25 status  AP made the right call here. | The Washington State team that JMU beat by MORE than RANKED Ole Miss and RANKED UVA...? | oh please, that is a desperate attempt to try and make Washington State look relevant. | This is the Washington State team that also got absolutely blown out but UNRANKED Washington and North Texas.",-0.27243060249999995,University,JMU,JMU17
17,Washington,1,30.32521,-96.15663,This is the Washington State team that also got absolutely blown out but UNRANKED Washington and North Texas.,-0.37636936,City,JMU,JMU18
18,Chandler Hall,11,38.43317533,-78.87362232,"Make the journey, climb the mountains, and throw the ring that bound your *Fall Semester Hopes* (transliterate that into elvish) into the chasm of a shared hall urinal in Chandler Hall. | I was in Chandler Hall at the time looking at the crowd outside festival with some frogs. | Photos of Mrs. Green's, a lunch operation that ran out of the Shenandoah Room in the original Chandler Hall, February 22, 2001 | Chandler Hall was demolished a couple of years ago to make way for the College of Business expansion. | The Chandler Hall designation was moved to another dorm, and Potomac Hall is now known as Chandler Hall.",-0.009172061786363638,Building,JMU,JMU19
19,Rockingham County,8,38.552626,-78.96243374,"A stadium filled with football fans in Rockingham County boo-ed the Republican LT Gov. | At worse Harrisonburg plus Rockingham County is about even, at best, it leans Red. | But, we also have industry, and support Rockingham County families as a shopping base. | The guy profiled in that story has the same name as a registered sex offender in Rockingham County, VA. | Whether you're in your hometown or you've registered here in Harrisonburg or Rockingham County, make your voice heard.",-0.0923790588125,Region,JMU,JMU20
20,University of Florida,5,29.646668678173103,-82.35289744600828,"THE JMU DUKES ARE GOING BOWLING After the losses by Florida and South Carolina, JMU has clinched a bowl spot no matter the result of the remaining games! | No they said ""this is going to kill us all and the world is going to fall apart.""

New Zealand locked everything tf down and actually reached 0 new cases for several days in a row while we over here continued to be Arizona, Texas, Florida, and JMU and pretend nothing was wrong. | And then followed up to see training courses down in Florida are about 6k haha. | Other than Barnett going to Florida anyone hear of any other football starters signing anywhere else since the JMU sports app has no info? | Not all of us want to go to Florida and live on a crowded beach for 7 days and party.",-0.11061671040000001,University,JMU,JMU21
21,New Zealand,5,-42.0,174.0,"Harrisonburg now has more COVID cases than all of New Zealand | Yeah but was New Zealand cautiously optimistic? | ~~So this isn't entirely accurate, New Zealand has around 1700 cases and JMU has 1065 cases, but the fact that it's anywhere close is dumbfounding~~

Edit: the title says Harrisonburg, not JMU, so this is accurate | No they said ""this is going to kill us all and the world is going to fall apart.""

New Zealand locked everything tf down and actually reached 0 new cases for several days in a row while we over here continued to be Arizona, Texas, Florida, and JMU and pretend nothing was wrong. | i can assure you, if Alger boy was in charge of the show in New Zealand, they'd be the biggest hotspot on the planet!",-0.04362151834000001,Country,JMU,JMU22
22,North Carolina,5,35.50069,-80.00032,"North Carolina has had decriminalization for decades but people still get busted all the time for intent and possession of paraphernalia. | North Carolina on the other hand only decriminalized the first offense, any other offenses you get a misdemeanor, and only includes bud and does not seal the fine from your records. | In North Carolina edibles and oil are also felonies and not a part of the decrim. | On Sept. 18 she was accidentally transported (hopped into a trailer when no one was watching) from her home location to a distribution center in NC. | Our efforts have reached the NC area, and we are attempting to garner as much support and reach as possible.",-0.173889752,State,JMU,JMU23
23,University of North Texas,5,33.241787362413646,-97.05608406232872,"Even if we go 12-1 and win the Sun Belt, they're 100% gonna put the ACC champ in over us, and either North Texas or Tulane will get in over us as the AAC champ. | Honestly, I think North Texas has a better argument for being above JMU than Tulane does, so it's surprising to me that Tulane is as high as they are with 2 losses. | Yeah it's surprising until you realize that they literally only put Tulane that high so that they can justify taking a 11-2 Tulane over a 12-1 JMU and they didn't put North Texas in so that they can give the ACC champ the 11 seed over UNT. | Just straightforward rigging - there is no real justification for Tulane to be over North Texas. | This is the Washington State team that also got absolutely blown out but UNRANKED Washington and North Texas.",-0.1627617884,University,JMU,JMU24
24,Pheasant Run Townhomes,5,38.42509027029688,-78.88511990722543,"Felt it at Pheasant. | I pay 399$ including utilities in Pheasant, it's a much quieter neighborhood, and management is on top of most of their shit. | I live in pheasant and it woke all of my townhouse up and knocked a couple things over. | When I lived in Pheasant (2015-2019) there were several local ferals that would go into people's houses sometimes to hang out-- it might not belong to anyone! | Only really close to Pheasant and the Mill so you don't see many students there.",-0.1368426896,Building,JMU,JMU25
25,Potomac Hall (JMU),5,38.43729780851177,-78.8659540907465,"I appreciate the fact that it says ""from Potomac hall"" because last time I checked it wasn't Potomac anymore | The Chandler Hall designation was moved to another dorm, and Potomac Hall is now known as Chandler Hall. | It's always so interesting to see some of the older folk refer to Chandler as Potomac Hall, granted that the name change wasn't even that long ago. | I lived in Potomac Hall for three years, and was an RA there for two of those years. | It will always be Potomac Hall to me.",0.37680250651999997,Building,JMU,JMU26
26,University of Oregon Autzen Stadium,5,44.05827,-123.06849,The refs had their back as is traditional at Autzen. | I remember marching in Autzen. | I also remember a UW game in the 1980's that the Ducks lost at Autzen. | I've been to lots of games at Autzen over the years and JMU fans were the LOUDEST of any opposing fan base. | Headed to Autzen?,0.055918036484,Building,JMU,JMU27
27,Bridgeforth Stadium,7,38.43528,-78.87278,"For stadiums >30,000 capacity, which Bridgeforth isn't. | Glad you enjoyed your time in Harrisonburg and at Bridgeforth. | Yeah I was at band, it was cool to see and I wonder if they enjoyed watching us figure out stuff for the few seconds they flew above bridgeforth | What make this even worse is if we define ""bulk"" as more than 50% then the bulk of the athletics support staff, the bulk of the athletics advertising and fundraising expense, all of the athletic facility operations expenses (Think rent and bills), all the athletic facility debt service (Think mortgage payment) on Veteran's Memorial Park, Bridgeforth Stadium, Athletics exclusive facilities at University Park, and Atlantic Union Bank Center (New Convo), and the indirect institutional cost (Cost to use services like the university lawyer, accountants, etc) come from the non-program specific fund. | True, but what a treat to have won the Sunbelt Conference Championship at home in Bridgeforth Stadium!",0.28124467657142854,Building,JMU,JMU28
28,Bridgewater,5,38.38202911,-78.97581785,"Bridgewater (15 mins south on 42) is a great cruising spot too :) | I heard it and I'm in Bridgewater | one duke passed away by suicide, another suicide on campus, VT shooting at a bar near campus and two bridgewater campus police were shot | As a JMU alum for what will be two years now, my four years at JMU each had specific, weird and sometimes bad things happen each year (Southview apartment fire, COVID, explosion, multiple suicides/Bridgewater shooting in one week, etc...). | Bridgewater shooting?",-0.0971105547,City,JMU,JMU29
29,Charlottesville,5,38.02931,-78.47668,"The group split off from a different neo-Nazi organization after the ""Unite the Right"" rally in Charlottesville in 2017. | Yeah that makes sense, I forgot to include the ""with JMU"" part but ive heard its kinda rough in Charlottesville rn. | I live in Charlottesville. | Surprisingly, I've heard the COVID rates in Charlottesville are better than harrisonburg, that's what makes me nervous about coming back to JMU. | It's alright in Charlottesville and people are taking it seriously.",0.01734229380000001,City,JMU,JMU30
30,Chesnut Ridge Apartments,6,38.41849803,-78.84386124,"thats some damn townies from chestnut ridge. | The car came from up the ledge, which is from Chestnut Ridge apartments. | Did this happen on the side of the Chestnut Ridge intersection that's closest to the pool, or the west side of the intersection. | The car was parked on the right side of Chestnut Ridge facing NE with the front of the car a few feet from the intersection of Bayberry Ln. | (maybe you noticed this when they were shouting)

I know it was nighttime, and you probably didn't notice these details in the moment, but this can help try and distinguish between the many white sedans that passed any cctv around Chestnut Ridge in the previous 48 hours.",-0.18401980528333337,Building,JMU,JMU31
31,Indiana University,4,39.16841541852987,-86.5226103320908,Pack it up and move to Indiana with your conference. | Congratulations to the 2023 JMU Dukes Football team for winning the 2026 national championship Several of the highest impact players on Indiana this year are JMU transfers that followed Cignetti. | if ucla goes on a deep run next year like indiana I'm going to lose my mind | It was a lot easier to ask them and their families to go roughly the same distance to Indiana from Virginia.,0.22997782655000001,University,JMU,JMU32
32,Paul Jennings Hall (JMU),4,38.430535173016295,-78.86536639338074,"i'm on RA in jennings and this weekend i was on duty both friday and saturday night and the amount of people i saw leaving to go party was so disappointing and frustrating. | I think in PlayMU we had a count going of how many times the fire alarm went off in Jennings last year. | Last year in Jennings it hit about 22. | Yeah I have it memorized too, I live in Jennings so I know the pain",-0.2588156524,Building,JMU,JMU33
33,Madison Union Cemetery,4,40.25285,-79.67976,"Graduated in 2014, so my recs might be a little dated:

Converse basement (probably any Bluestone dorm basement)

Top floor Madison Union

Any isolated part of ISAT | Main campus: 

The right side bathroom of forbes is usually empty, it's on the second floor past the recital hall if you enter from the quad 

SSC has a lot of bathrooms on the upper floors that are usually empty

Cleveland hall and Sheldon hall are pretty empty buildings most of the time and their bathrooms usually are too

The very bottom floor of madison union has a small bathroom that i've never seen any one else in, it's a little hard to get to though, good luck finding it

Wilson hall has really fancy bathrooms and as someone else said in here depending on the time they'll probably have low traffic

There's a single person bathroom on the side closest to the highway of the business building, that was my go to spot when I was taking econ. | There's a hidden bathroom on the top floor of Madison Union. | When I was a student Warren hall 1st floor (part of Madison Union) had a nice private restroom with a shower.",0.20575278325000002,Building,JMU,JMU34
34,New York,4,43.00035,-75.4999,"I think it was in NY that it came to light that 25% of their labeled ""covid deaths"" (like, saying that covid specifically was the cause of death) weren't even TESTED for covid. | I'm from New York, and the jokes about New Jersey drivers ring true, exceeded only by the horrors of Montreal drivers. | I have seen PA drivers do this, NJ do that, VA do something, NY do this. | New York, DC, Boston, Vegas, Toronto.",-0.20962304375,State,JMU,JMU35
35,Newman Lake (JMU),4,38.433398567061154,-78.8749312305412,President Alger has invited you to Newman Lake | Newman lake! | Props to the Mad Lad who was swimming in Newman Lake who got ticketed by the cops and taken away in an ambulance. | Don't you know they dye Newman Lake anyway?,0.006223406249999997,Natural Feature,JMU,JMU36
36,North 38 Apartments,4,38.45385495883167,-78.83830885005514,"Hey, do you live in North 38? | LMAO great minds think alike and idk what north 38 means | North 38 is an apartment complex, I was quoting this scene outloud to my girlfriend when someone was leaving their apartment, I thought that person may have been you | Shook me awake all the way in north 38",0.025525934799999997,Building,JMU,JMU37
37,NoVa (Northern Virginia),4,38.978971184839295,-77.35229174876422,"It's usually people out 45 minutes from any other city in va with rich parents 

Nova just creates frat boys | I was relatively local (Augusta County), and always felt like something of an ""other"" on campus because I didn't fit the ""rich kid from NOVA"" stereotype, and didn't like the way that many JMU students stereotyped the locals. | I remember from my time there from 1999-2003, I got the sense that yes, NOVA was where most people were from. | Nova or Richmond area",-0.14984323475000003,Region,JMU,JMU38
38,Rose Library (JMU),4,38.43437774975483,-78.85757510148427,"Yesterday around 9am, campus police approached her in Rose Library and told her that they received an anonymous complaint that she was acting suspicious and following students around. | The first floor of Rose library has a bathroom sort of tucked away behind the starbucks, this one might be getting popular though because it's the bathroom the employees direct you to when you ask for one

UREC has bathrooms in the very back of the building where the staircase is, it's not really a secret one but the locker rooms and front bathrooms are always busy and I've never seen anyone else in these ones. | 5th floor of Rose Library | For those of us who are older, myself included, Rose Library is a second library built on the other side of campus.",-0.056109073925,Building,JMU,JMU39
39,Arlington,3,38.882445556625285,-77.0813595404325,"Just from my observation, a lot of gmu students have recently been going to Arlington and dc on the weekends, regardless of this whole pandemic thing. | I think people are also forgetting that GMU students love going to Arlington and DC on the weekends (no masks, bc drinking obviously). | Not necessarily, I've never been to Arlington or DC since I came to mason (same with many of my other friends) and I'm not from the Northern Virginia.",0.08472521433333334,City,JMU,JMU40
40,Copper Beach Harrisonburg Apartments,3,38.41577634079321,-78.84795694336302,"I really don't know if this has any place being here but this subreddit was my only idea to see if anyone else in copper witnessed this. | I live at Copper and there are SO many women staying here this summer, running during the daytime and walking their pets. | I live in Copper and my friends and I were all sitting on the deck and we heard a ridiculously loud, attention-getting, negative gut-feeling scream and couldn't make out where it was coming from.",-0.23926587866666668,Building,JMU,JMU41
41,Godwin Hall (JMU),3,38.43551520145567,-78.8707891105464,"Huh I didn't know that, we (the MRDs) sheltered in Godwin when they cleared the stadium during the game on Band Day, I never saw the cannon but maybe we went in the building at a different spot - oh well | I have no idea if they are going to actually be building over Godwin, but the proximity seems to make that an easy option - not to mention cost effective unless Godwin can't take the weight - but again, the reinforcement could be cheaper than demo and building up. | I have no idea if they are going to actually be building over Godwin, but the proximity seems to make that an easy option - not to mention cost effective unless Godwin can't take the weight - but again, the reinforcement could be cheaper than demo and building up.",0.10689325666666667,Building,JMU,JMU42
42,Keezell Hall (JMU),3,38.438751957977054,-78.87210921483661,What's this hidden passage in Keezell Hall hiding? | A friend of mine swears he ran into Keezell for less than three minutes and came back to a ticket. | 3rd floor and up in Keezell since almost no classes on that floor.,0.013815967666666665,Building,JMU,JMU43
43,Kingdom of Saudi Arabia,3,25.0,45.0,Can't JMU get their money from Saudi Arabia? | campus harassment A JMU alum from Saudi Arabia is currently stranded in Harrisonburg. | She's been visiting campus to zoom in to her Master's classes in Saudi Arabia and visit with her old professors.,-0.20377770679999999,Country,JMU,JMU44
44,New Mexico,3,34.50034,-106.00085,"That's a southern rail company, bnsf based out of Santa Fe, New Mexico | It's probably at New Mexico State or New Mexico. | I'm pretty sure it's a New Mexico freight company.",0.007884231833333333,State,JMU,JMU45
45,New York City,3,40.71427,-74.00597,"From someone in NYC, it's like that here too. | It was back when NY state licenses were flexible. | Most likely they had never seen that type of NY license.",-0.058958693,City,JMU,JMU46
46,Pennsylvania,3,40.8,-77.7,"Patriot front is the same group that rented a bunch of Penske trucks in Pennsylvania and led a march carrying white nationalist symbols | Looking like a JMU win today  Watching from my local spot in Exton, PA | I have seen PA drivers do this, NJ do that, VA do something, NY do this.",0.12788134433333334,State,JMU,JMU47
47,Potomac,3,40.15285,-80.52924,"I appreciate the fact that it says ""from Potomac hall"" because last time I checked it wasn't Potomac anymore | Calling it Potomac in the captions was a deliberate decision. | My understanding with this name change is that after original Chandler was slated for demolition, the Chandler family, in discussion with the university opted to move the name to another building, and Potomac was that building.",0.20691650209999998,City,JMU,JMU48
48,Purcell Park,3,38.42762,-78.88225,"Purcell Park. | My friends and I once found a backpack filled with Zima at Purcell Park. | I've seen her by the houses by purcell park, try searching there?",0.060222903999999994,Neighborhood,JMU,JMU49
49,Showker Hall,3,38.43361,-78.87278,"But being freshman year, where you have gen-ed classes all over the campus, proximity to Showker didn't matter at all, and McGraw-Long, with its relatively central location, worked out quite well for that. | i miss dead-eyed thousand-yard stares at the showker bus stop | Last semester a guy in my class mentioned that he ran into a New England Patriots scout outside of showker waiting at the Starbucks truck.",0.05268884666666665,Building,JMU,JMU50
50,Skyline,3,51.1851,-0.163,"There are a few videos on Snapchat in the Skyline area. | I was in skyline and I guess I slept through it | At the block party at the end of the week, some girls invited me and my roommate back to their dorm in Skyline, and we were so excited.",0.26895374899999996,Building,JMU,JMU51
51,State of Israel,3,31.5,34.75,"Just as an example, Israel is considering another nationwide lockdown, and they have a vaccination rate nearing 70%. | If you find anything he's said compelling, you should keep in mind he also says things like this:

>If you believe that the Jewish state has a right to exist, then you must allow Israel to transfer the Palestinians and the Israeli-Arabs from Judea, Samaria, Gaza and Israel proper. | If you find anything he's said compelling, you should keep in mind he also says things like this:

>If you believe that the Jewish state has a right to exist, then you must allow Israel to transfer the Palestinians and the Israeli-Arabs from Judea, Samaria, Gaza and Israel proper.",-0.25254065333333336,Country,JMU,JMU52
52,Texas,3,31.25044,-99.25061,"No they said ""this is going to kill us all and the world is going to fall apart.""

New Zealand locked everything tf down and actually reached 0 new cases for several days in a row while we over here continued to be Arizona, Texas, Florida, and JMU and pretend nothing was wrong. | That's a Texas sized 10-4, my friend | Spotted at the Albert Icehouse and Dance Hall in Albert, TX!",-0.23973499223333336,State,JMU,JMU53
53,Vermont,3,44.00034,-72.74983,"1- not everyone in harrisonburg is a student and i don't know what resources you think JMU has to try and track locate and identify anybody who is gathering around because it's a lot of people
2- by this logic you would be expecting JMU to be able to police all of harrisonburg, USC to police all of charleston, VT to police all of blacksburg and etc... if this is what you want than i hope you aren't a human being who goes to work or goes to grocery stores or restaurants ever... because this is the type of lockdown your looking for and i don't think you really want that. | one duke passed away by suicide, another suicide on campus, VT shooting at a bar near campus and two bridgewater campus police were shot | Have a feeling they'll wait to see what Mason and VT do.",-0.4370314781333333,State,JMU,JMU54
54,Alabama,3,32.75041,-86.75026,"Do you really think Alabama is not sending student dollars onto the field? | As Alabama says, roll Tide roll. | Cignetti is third for his five years (which is an eternity nowadays at once place that isn't Alabama).",-0.088155323,State,JMU,JMU55
55,Wayland Hall (JMU),4,38.43741008,-78.87569563,"Wayland does have air conditioning. | Plus, I'm a business major so might have to pass on Wayland lol | The frogs were telling us to stay with our roommates in Wayland | Waylands really nice, especially if you're an fine arts major.",0.231205195,Building,JMU,JMU56
56,Airport,2,22.31602,113.93663,"""Airport"" was my shit. | Airport, that's what I meant haha.",-0.336629525,Road,JMU,JMU57
57,Augusta County,2,38.16452,-79.13383,"I was relatively local (Augusta County), and always felt like something of an ""other"" on campus because I didn't fit the ""rich kid from NOVA"" stereotype, and didn't like the way that many JMU students stereotyped the locals. | I definitely felt like I was missing a shared experience by not having been from there (I grew up in Augusta County, so I was almost a local).",-0.5072946150000001,State,JMU,JMU58
58,Austurland,2,65.0,-15.0,"I for one, am so glad we now will have success across the land with JMU West (UCLA, with Bob) and JMU Central (IU, with Curt), in addition to our main East campus (Da 'Burg) | That's what Jennings (the new dorm on east) is named after.",0.474271236185,State,JMU,JMU59
59,Baltimore,2,39.29038,-76.61219,"I get all of the alumni stuff in my inbox for campus and the local (DC/Baltimore) alumni chapter, but I can't bring myself to actually go to anything, especially seeing as I don't drink alcohol anymore (too many events for adults seem to revolve around alcohol, which really gets old after a while). | I ran into the Baltimore group on a Sunday evening in 2014 one time by chance, and in interacting with them, they seemed nice enough, but I also got the distinct sense that, other than going to the same college, we had nothing in common.",-0.27539694000000003,City,JMU,JMU60
60,Big Sky,2,45.83222,-106.60669,"Came on the heels of Big Sky and Missouri Valley canceling today as well. | Once Missouri Valley and Big Sky pulled out, it dropped  most of the remaining competitive potential FCS opportunities.",-0.13693550999999998,,JMU,JMU61
61,Burruss Hall,2,38.43944,-78.87222,"As some of you have already noticed, two of the Quad's most iconic residents are missing: Jimmy and Dolley, the Quad Cats, were rehomed earlier this month and will no longer hold court in front of Burruss Hall and Carrier Library. | I used to chill on the roof of Burruss Hall.",-0.0368230785,Building,JMU,JMU62
62,Carrier Library,2,38.43861,-78.87167,Did you get the chance to pet Jimmy or Dolley after a late night of studying in Carrier Library? | A renovation to Carrier Library seems about right.,0.13898079400000002,Building,JMU,JMU63
63,Charleston,2,38.34982,-81.63262,"1- not everyone in harrisonburg is a student and i don't know what resources you think JMU has to try and track locate and identify anybody who is gathering around because it's a lot of people
2- by this logic you would be expecting JMU to be able to police all of harrisonburg, USC to police all of charleston, VT to police all of blacksburg and etc... if this is what you want than i hope you aren't a human being who goes to work or goes to grocery stores or restaurants ever... because this is the type of lockdown your looking for and i don't think you really want that. | Alumni here - I was one of the first to move into Charleston townes when they were first built and they were great at the time (compared to ashby and others).",0.17425406,City,JMU,JMU64
64,Chesapeake,2,36.81904,-76.27494,"Former Chesapeake resident, TIL Potomac is now Chandler. | ""The residence halls where students will most likely quarantine in their current living space are Chandler, Chesapeake, Converse, Gifford, Grace Street Apartments, Hoffman, Logan, Spotswood, Valley and Wampler"" is what I'm talking about tho 
https://www.jmu.edu/stop-the-spread/reopening/containment/index.shtml",-0.010381442099999999,City,JMU,JMU65
65,Copper,2,42.02561,-123.14391,"Lastly, the event occurred on the main road that cuts through Copper Beech (Chestnut Ridge Dr.) so I don't necessarily think it's fair to discredit Copper's safety or security especially since I often see police cars patrolling the individual roads multiple times a week, day and night, over the past year I have lived here. | I live in Copper and I'm pretty concerned.",-0.30716545,City,JMU,JMU66
66,Delaware,2,39.00039,-75.49992,"If you're in a group, not everyone is from Delaware, it's only so big of a state. | Literally get out of the Liberty series and let's play freaking Delaware...an actual rival.",-0.31047007,State,JMU,JMU67
67,East Coast,2,37.02332,-77.36954,Latest rumor I heard is PAC-12 wants an east coast division. | Most of the roster are east coast guys.,-0.020387576799999998,Region,JMU,JMU68
68,Embassy of the United States,2,-35.30653,149.11623,"It is disrespectful to cross our border without permission, and it's dangerous for the United States to have such weak border security that they have been able to do so in the numbers they have. | do you have empathy for all of the victims of gang violence committed by the thousands of venezuelan prisoners that were released into the united states during biden's presidency?",-0.765105775,Building,JMU,JMU69
69,Europe,2,48.69096,9.14062,"My family from Europe has commented that my school is its own city! | NEW UPDATE: 513 cases, only half of quarantine beds remaining as JMU begins to resemble mid 1300s Europe",0.058789953000000006,Country,JMU,JMU70
70,Exton,2,40.029,-75.62077,"Looking like a JMU win today  Watching from my local spot in Exton, PA | The Pour House in Exton",0.41686095120000005,City,JMU,JMU71
71,Garber Hall,2,38.43667,-78.86778,"Yep fire in garber hall found out about it from one of my clubs | There's a lot of misinformation going around that it was a sink fire (its not, those videos were from years ago)

What we know right now is that a fire broke out in Garber Hall and it allegedly had to do with someone putting metal in the microwave

Police reports will be published sometime tommorow so there'll likely be a response by then",-0.14716774,Building,JMU,JMU72
72,Gifford,2,55.9033,-2.74592,"The crossing poles between Gifford and the music center, there were 2 I saw. | ""The residence halls where students will most likely quarantine in their current living space are Chandler, Chesapeake, Converse, Gifford, Grace Street Apartments, Hoffman, Logan, Spotswood, Valley and Wampler"" is what I'm talking about tho 
https://www.jmu.edu/stop-the-spread/reopening/containment/index.shtml",-0.0031350164999999998,City,JMU,JMU73
73,Halls,2,36.32571,-76.95274,I've already taken several down in Duke Hall. | Duke hall.,-0.0067441105,,JMU,JMU74
74,Harrison County,2,32.54813,-94.37149,I live in the Harrison and there's visitors parking at the back of the complex | There's a lone bench near the frisbee golf course near the Harrison,0.00428574055,State,JMU,JMU75
75,Houston,2,29.76328,-95.36327,"Riley Stapleton tweeted that Dylan is a  Houston Texan but I haven't seen it posted anywhere. | I agree ... big money that the P5 schools throw around is very enticing, and I don't begrudge Cig, Ches, or even Houston cashing in on that payday.",0.19542244250000002,City,JMU,JMU76
76,I-81 Scenic View,2,40.6462,-76.42468,"I-81 is the human trafficking capital of the USA. | JMU students, especially if you're new to the hburg area, should be aware that there is gang activity that includes illegal immigrants along the I-81 corridor, including initiation of kids in public school and human trafficking.",-0.623104985,,JMU,JMU77
77,Jackson,2,35.61452,-88.81395,"JMU will formally rename Ashby, Jackson, and Maury Halls | 1) You all have probably heard of the news of the renaming of Jackson, Ashby, and Maury halls, And I think it's great that JMU as a community is taking an active role in bringing such things as these wrongly named halls to my attention.",0.38574492444999997,City,JMU,JMU78
78,King Hall,2,37.02194,-76.33333,"There's a bench on the hill on the walk up from UREC to King Hall | The top floors of EnGeo and King hall are always good spots to try, it's not usually busy up there.",0.420719779,Building,JMU,JMU79
79,Leeolou Alumni Center,2,38.43333,-78.85972,"For those who don't know, Leeolou is part of Festival but it has its own entrance behind the Rose Library, up from the street where the library drop box is located. | Go into the Leeolou entrance, turn left, and look for bathrooms on your left.",4.883820000000012e-05,Building,JMU,JMU80
80,Leesburg,2,39.11566,-77.5636,Found these in Leesburg yesterday. | Very Virginia Shop in Leesburg.,0.00993586075,City,JMU,JMU81
81,Long Valley,2,34.43027,-119.29317,"Amani was a fellow classmate from my high school in Long Valley, he was a very kind person and while this came out of nowhere I saw the statement his parents made on Facebook the day he was found (which has since been taken down). | It was ruled a suicide, there was no evidence to it being a lynching however Long Valley is a predominantly white town, but never has it been a hateful one.",-0.08654599999999998,Natural Feature,JMU,JMU82
82,Longwood,2,39.89937,-82.81224,"They can choose to pay even more in tuition and fees to go to George Mason, VCU, CNU, or Longwood without a football team all together. | VCU, Longwood, and the Virginia Department of Health all track cases.",-0.09260930125,City,JMU,JMU83
83,Los Angeles,2,34.05223,-118.24368,Virginia schools can't move money between the school and athletics like schools in LA can. | Some may want to go to LA but thats a big move for a college student.,-0.13927560300000003,City,JMU,JMU84
84,Madison,2,43.07305,-89.40123,"I have a lecture in Madison union where the available chairs for sitting are only 3 feet spaced out, and I wouldn't want that to fall on the Professor for something out of their control. | My Madison is not the same as their public facing site.",-0.32641451,City,JMU,JMU85
85,Maryland,2,39.00039,-76.74997,"I live in Montgomery County, Maryland, and the buildings there look similar to this, where the game used a lot of fillers. | But then you go into Howard County, Maryland (the next county north), and the buildings are practically picture-perfect.",0.346266596,State,JMU,JMU86
86,Mason,2,39.02175,-82.02903,"Not necessarily, I've never been to Arlington or DC since I came to mason (same with many of my other friends) and I'm not from the Northern Virginia. | Have a feeling they'll wait to see what Mason and VT do.",-0.0364815492,City,JMU,JMU87
87,Memorial,2,29.77303,-95.58442,Hell as a CoE student I'd much rather be in Sampson hall than Memorial. | If you have any classes at Memorial you can park at Westover Park.,-0.24814916799999998,Neighborhood,JMU,JMU88
88,Mill,2,30.47318,-83.40015,"Not saying you get tons of extra amenities, but the houses are WAY nicer than the crappy apartments in the Mill and management isn't horrible | Only really close to Pheasant and the Mill so you don't see many students there.",0.19820691499999998,Natural Feature,JMU,JMU89
89,Missouri Valley,2,43.18496,-108.26621,"Came on the heels of Big Sky and Missouri Valley canceling today as well. | Once Missouri Valley and Big Sky pulled out, it dropped  most of the remaining competitive potential FCS opportunities.",-0.13693550999999998,Natural Feature,JMU,JMU90
90,Oklahoma,2,35.49209,-97.50328,Part of me wants to play Liberty just to shut them up but part of me wants them to put us up against a great team like Oklahoma just to see how we stack up. | JMU Softball Upsets #1 Oklahoma at WCWS,-0.04212165425,State,JMU,JMU91
91,Pheasant Run,2,40.31011,-75.106,My suggestion is to wander your way up south main another half mile and live in Pheasant Run. | Found in Pheasant Run with no collar,0.002197908,,JMU,JMU92
92,Phes,2,21.40537,74.63682,Haha it woke me up in Phes but I thought it was the ahressive mailman slinging another 50lb bag of dogfood at the door. | Not mine but I live in Phes and I'll happily take her lol.,0.255465775,City,JMU,JMU93
93,Philadelphia,2,39.95238,-75.16362,They were most famously [run out of Philadelphia](https://www.nbcnews.com/think/opinion/philadelphia-bystanders-ran-patriot-front-out-town-it-won-t-ncna1273283) by locals. | *skips first day of classes to go to Philly*,-0.00407785565,City,JMU,JMU94
94,Port Republic,2,38.50096,-76.5294,"The arboretum or the side hill over looking port republic by the ropes course | A road like Port Republic would be a 45 in NJ with normal traffic light wait times, and that 25 up Chesnut ridge, yikes.",-0.141158616,City,JMU,JMU95
95,Portland,2,45.52345,-122.67621,"I also just found out that one of my best friends from JMU who I lost touch with 10 years ago is settled down in Portland and wants to come down for this. | Looks to be Portland and Western, so out west.",0.271153905,City,JMU,JMU96
96,Purgitsville,2,39.23927,-78.92114,"Meeting times and locations for students:
-	1 p.m. - 3 p.m. in Taylor 302
-	1 p.m. - 3 p.m. in Taylor 303
-	1 p.m. - 3 p.m. in Festival Conference room 7
 
For additional support please reach out to:
-	Counseling Center, 540-568-6552
-	Dean of Students Office, 540-568-6468
-	After-hours mental health emergency support, 540-568-6552, press ""1""
-	Sentara RMH Emergency Department, 540-689-1414
-	Self-Help resources available through the University Counseling Center
-	TAO mental health resources
-	Crisis Text Line - Text HOME to 741741 to reach a crisis counselor
-	Counseling Center's Additional 24/7 Emergency Resource Information
 
These difficult moments can often lead to overwhelming feelings and questions. | Meeting times and locations for students:
-	1 p.m. - 3 p.m. in Taylor 302
-	1 p.m. - 3 p.m. in Taylor 303
-	1 p.m. - 3 p.m. in Festival Conference room 7
 
For additional support please reach out to:
-	Counseling Center, 540-568-6552
-	Dean of Students Office, 540-568-6468
-	After-hours mental health emergency support, 540-568-6552, press ""1""
-	Sentara RMH Emergency Department, 540-689-1414
-	Self-Help resources available through the University Counseling Center
-	TAO mental health resources
-	Crisis Text Line - Text HOME to 741741 to reach a crisis counselor
-	Counseling Center's Additional 24/7 Emergency Resource Information
 
These difficult moments can often lead to overwhelming feelings and questions.",-0.061973687,City,JMU,JMU97
97,Quad,2,40.77078,-111.75827,"As some of you have already noticed, two of the Quad's most iconic residents are missing: Jimmy and Dolley, the Quad Cats, were rehomed earlier this month and will no longer hold court in front of Burruss Hall and Carrier Library. | Pro tip: don't come to the Quad on Saturday.",-0.09040958,City,JMU,JMU98
98,Republic of Malta,2,35.91667,14.43333,"Oh, believe me I would, but #1 I graduated last December, and #2 I was in a graduate program that had me in Malta most of the time I was enrolled at JMU. | I love paintball so much but haven't been able to play competitively since I started in University becuase I was either no where near a team (like in Malta) or had no time (when I was at UCF), but in high school and community college I was lucky enough to get on a team semi-sponsored by Dye and was able to get a full set of gear (jersey, pants, mask, pod pack, hopper, tank, and gun) for $750!",0.510406385,Country,JMU,JMU99
99,Roop Hall,2,38.4375,-78.87472,I recommend the top floor of Roop Hall. | Roop Hall was open 24 hours for whatever reason and no one is checking on the top floor.,0.21980936999999998,Building,JMU,JMU100
100,Sampson Hall,2,38.98345,-76.48663,"Hell as a CoE student I'd much rather be in Sampson hall than Memorial. | I still have nightmares about the classroom numbering in that godforsaken place

Sampson Hall would be awesome though",-0.32656911,Building,JMU,JMU101
101,San Francisco,2,37.77493,-122.41942,"The JMU fans I've met over that time, both in Fargo and Frisco, have been some of the best and nicest fans in all of college football. | Loved partying in Frisco with the Bi-Zon fans.",0.966562125,City,JMU,JMU102
102,Spotswood,2,45.90011,-76.91614,"Lived in Spotswood, doesn't have A/C, one toilet, one shower, two sinks are shared between two suites of two (lock on each side). | ""The residence halls where students will most likely quarantine in their current living space are Chandler, Chesapeake, Converse, Gifford, Grace Street Apartments, Hoffman, Logan, Spotswood, Valley and Wampler"" is what I'm talking about tho 
https://www.jmu.edu/stop-the-spread/reopening/containment/index.shtml",-0.071954719,City,JMU,JMU103
103,Straupe,2,57.35473,24.95201,Poop in Roop... the Bluestone basements were always peaceful. | Bonus if you have a buddy tag a long in the next stall for a group poop at Roop.,0.095099349,City,JMU,JMU104
104,Toronto,2,43.70643,-79.39864,"Sources say that after stepping down from office Toronto's former Mayor, Rob Ford plans to pay JMU a visit! | New York, DC, Boston, Vegas, Toronto.",0.027463386,City,JMU,JMU105
105,Tuscaloosa,2,33.20984,-87.56917,"Granted, Tuscaloosa was doing worse before UA came back then Harrisonburg was before JMU came back, but I think that we'd probably still being crazy numbers in the first few weeks even if entry testing had been done. | Granted, Tuscaloosa was doing worse before UA came back then Harrisonburg was before JMU came back, but I think that we'd probably still being crazy numbers in the first few weeks e

did you do this",-0.6391051,City,JMU,JMU106
106,Ukmergė,2,55.25,24.75,God the worst thing was just driving to school on 81! | It's a huge capital for sex trafficking as 81 is a massive highway for it.,-0.692030585,State,JMU,JMU107
107,Walmart,2,48.05562,-122.11265,Driving to Walmart I go then lol. | I was at walmart with two girls and they both got harrassed by this man!,-0.38749875,Building,JMU,JMU108
108,Weyers Cave,2,38.28846,-78.91308,"If anybody needs to do so, Blue Ridge Community College in Weyers Cave, VA (just 15 minutes from Harrisonburg) is fantastic. | Apparently people felt it in weyers cave....",0.4447519635,City,JMU,JMU109
109,Wilson County,2,29.17401,-98.08657,"&#x200B;

|My students are split in half (150 instead of 300) and are seated in Wilson with almost 6 ft apart. | Might be unrelated but a cop showed up and got out of his car right as we walked out of Wilson and we had to run",-0.0581950935,State,JMU,JMU110
110,Wilson Hall,2,42.13093,-72.79315,"First floor Wilson Hall between 6-9 PM is the most peaceful place to take a dump. | Main campus: 

The right side bathroom of forbes is usually empty, it's on the second floor past the recital hall if you enter from the quad 

SSC has a lot of bathrooms on the upper floors that are usually empty

Cleveland hall and Sheldon hall are pretty empty buildings most of the time and their bathrooms usually are too

The very bottom floor of madison union has a small bathroom that i've never seen any one else in, it's a little hard to get to though, good luck finding it

Wilson hall has really fancy bathrooms and as someone else said in here depending on the time they'll probably have low traffic

There's a single person bathroom on the side closest to the highway of the business building, that was my go to spot when I was taking econ.",0.37907755,Building,JMU,JMU111
111,Ashby Hall (JMU),3,38.43888439,-78.87507546,"JMU will formally rename Ashby, Jackson, and Maury Halls | 1) You all have probably heard of the news of the renaming of Jackson, Ashby, and Maury halls, And I think it's great that JMU as a community is taking an active role in bringing such things as these wrongly named halls to my attention. | Turner Ashby hill on Neff near UPark",0.25711579410999996,Building,JMU,JMU112
112,360 Main St.,1,49.89476,-97.13848,The Evergiven is blocking Main St.,-0.1801427,Building,JMU,JMU113
113,Acushnet Avenue School,1,42.09176,-72.5787,"If you go to #jmu on Twitter theres some footage of it, apparently South Main Street is shut down... looks like it was an explosion :(",-0.76566416,Building,JMU,JMU114
114,Albert,1,35.93281,-103.87136,"Spotted at the Albert Icehouse and Dance Hall in Albert, TX!",0.018388683,,JMU,JMU115
115,Altitude,1,34.66843,-88.4431,"At Altitude, there is a good 30 people partying in the 4th floor lounge and the roof and the management encourages it and fir frats to use the space.",0.68828994,City,JMU,JMU116
116,Arizona,1,34.5003,-111.50098,"No they said ""this is going to kill us all and the world is going to fall apart.""

New Zealand locked everything tf down and actually reached 0 new cases for several days in a row while we over here continued to be Arizona, Texas, Florida, and JMU and pretend nothing was wrong.",-0.7407759,State,JMU,JMU117
117,Asia,1,29.84064,89.29688,"Go look up the COVID lockdown efforts in Asia and Oceania, but I'm guessing you're physically incapable of processing the fact that America isn't always first.",-0.49571264,Country,JMU,JMU118
118,Ave. Morumbi,1,-23.5871,-46.70598,found on college avenue off of greystone street near chicago ave. bird pictured,-0.00020182252,Road,JMU,JMU119
119,Bear Lake,1,43.55957,-86.26093,My favorite spot is probably by Newman Lake behind Sonner Hall or any of the parking decks during the cold months.,0.7063227,Natural Feature,JMU,JMU120
120,Blacksburg,1,37.22957,-80.41394,"1- not everyone in harrisonburg is a student and i don't know what resources you think JMU has to try and track locate and identify anybody who is gathering around because it's a lot of people
2- by this logic you would be expecting JMU to be able to police all of harrisonburg, USC to police all of charleston, VT to police all of blacksburg and etc... if this is what you want than i hope you aren't a human being who goes to work or goes to grocery stores or restaurants ever... because this is the type of lockdown your looking for and i don't think you really want that.",-0.58879554,City,JMU,JMU121
121,Blue Ridge School,1,38.26492,-78.55509,East are the Blue Ridge and west is just the western portion of the R&V.,0.0009843463,Building,JMU,JMU122
122,Bluestone,1,40.15424,-79.21142,I would hit the jump coming down the sidewalk right where Carrier meets Bluestone on the left hand side by that big hole.,-0.03028882,,JMU,JMU123
123,Boston,1,42.35843,-71.05977,"New York, DC, Boston, Vegas, Toronto.",0.016013572,City,JMU,JMU124
124,Boulder,1,40.01499,-105.27055,My kiddo is now at the University of Colorado (Boulder) and they are doing the exact same thing.,0.0051901573,City,JMU,JMU125
125,Breeze,1,13.07233,80.18814,If it isn't his house then one of the Breeze people on here should look into why the university has this property.,-0.13711128,Building,JMU,JMU126
126,Burg,1,53.99766,9.25706,"I for one, am so glad we now will have success across the land with JMU West (UCLA, with Bob) and JMU Central (IU, with Curt), in addition to our main East campus (Da 'Burg)",0.94899505,City,JMU,JMU127
127,Burg-Grambke,1,53.15152,8.71452,"I don't know the numbers but I've been living in H-burg for 10 years and you can see an increase in minorities, though its still insanely small...",0.06968942,Neighborhood,JMU,JMU128
128,California,1,37.25022,-119.75126,"I've been in marching band and drum corps (Blue Devils in Concord, CA - no, not the Duke Blue Devils, haha) and haven't seen anything as entertaining as your band.",0.2056434,State,JMU,JMU129
129,Campus,1,40.70228,-80.66646,"My Madison is built on PeopleSoft, Oracle's ancient acquisition from 2005 that has a Campus management solution (fun fact PeopleSoft's original CEO created Workday after the acquisition).",0.6019917,City,JMU,JMU130
130,Cannon Air Force Base,1,34.392,-103.32071,I need to get to CVS on port.,0.16136906,Building,JMU,JMU131
131,Caribbean,1,20.38583,-72.33398,It's called 20th century black radical traditions in Latin America and the Caribbean!,0.005209613,Region,JMU,JMU132
132,Carrier,1,19.63333,-71.9,I walked from the arboretum to Carrier today and it is just littered with garbage.,-0.92362297,City,JMU,JMU133
133,Champions Church,1,45.50655,-122.5936,there's a willow tree by Newman lake by champions parking deck.,0.039330665,Building,JMU,JMU134
134,Charlotte,1,35.22709,-80.84313,Tulane very unlikely to lose to Charlotte.,-0.00044954012,City,JMU,JMU135
135,Chesney,1,36.23008,-83.71241,Chesney is fourth.,0.0011792248,City,JMU,JMU136
136,Chicago,1,41.85003,-87.65005,found on college avenue off of greystone street near chicago ave. bird pictured,-0.00020182252,City,JMU,JMU137
137,City of Covington,1,37.79346,-79.99395,I'm on a vacation in Covington right now and no one's really willing to take the drive so...,-0.4867383,State,JMU,JMU138
138,Cleveland Hall,1,42.25787,-72.57342,"Main campus: 

The right side bathroom of forbes is usually empty, it's on the second floor past the recital hall if you enter from the quad 

SSC has a lot of bathrooms on the upper floors that are usually empty

Cleveland hall and Sheldon hall are pretty empty buildings most of the time and their bathrooms usually are too

The very bottom floor of madison union has a small bathroom that i've never seen any one else in, it's a little hard to get to though, good luck finding it

Wilson hall has really fancy bathrooms and as someone else said in here depending on the time they'll probably have low traffic

There's a single person bathroom on the side closest to the highway of the business building, that was my go to spot when I was taking econ.",0.2576463,Building,JMU,JMU139
139,College Avenue Park,1,42.78,-86.10333,found on college avenue off of greystone street near chicago ave. bird pictured,-0.00020182252,Neighborhood,JMU,JMU140
140,College Avenue School,1,33.96206,-83.37599,any student/anyone else near college avenue lose a parakeet?,-0.18461093,Building,JMU,JMU141
141,College Park,1,40.8889,-98.37479,"If you understand the rule that made it so ""this"" game had to be cancelled, you would also know cancelling the game in College Park was never an option.",-0.35028815,,JMU,JMU142
142,Commons,1,53.54239,-6.80159,"Back when I was a student, we also never found out who caused the fires at the Commons or Hunter Ridge, both also caused by careless smoking.",-0.5247248,City,JMU,JMU143
143,Commonwealth,1,14.6969,121.08006,"There is a rumor, and I emphasize the rumor part, that there will be some news coming about an altered fall semester as we face a rise in infections in the Commonwealth.",-0.13220313,City,JMU,JMU144
144,Community Christian School of the Shenandoah Valley,1,38.91036,-78.47784,"Just got an email saying they aren't cancelling classes despite parts of campus being prone to flooding and the Shenandoah Valley facing a ""significant impact"" with strong winds and heavy rains.",-0.09283538,Building,JMU,JMU145
145,Comonotto,1,36.01361,14.32056,Come check out JMU's spot on r/place,0.04295291,Natural Feature,JMU,JMU146
146,Concord,1,37.97798,-122.03107,"I've been in marching band and drum corps (Blue Devils in Concord, CA - no, not the Duke Blue Devils, haha) and haven't seen anything as entertaining as your band.",0.2056434,City,JMU,JMU147
147,Connecticut,1,41.66704,-72.66648,"Brother in Hartford, CT got his results in 30 minutes.",0.004808089,State,JMU,JMU148
148,Converse,1,40.38949,-85.23914,"Graduated in 2014, so my recs might be a little dated:

Converse basement (probably any Bluestone dorm basement)

Top floor Madison Union

Any isolated part of ISAT",-0.04613552,City,JMU,JMU149
149,Converse Hall,1,42.37259,-72.5187,Is Converse Hall not there anymore?,-0.032721262,Building,JMU,JMU150
150,Coosa Backcountry Trail,1,34.7887,-83.92408,Do not go to Backcountry.,-0.503338,Road,JMU,JMU151
151,Copper Beech Elementary School,1,40.113,-75.1295,"Lastly, the event occurred on the main road that cuts through Copper Beech (Chestnut Ridge Dr.) so I don't necessarily think it's fair to discredit Copper's safety or security especially since I often see police cars patrolling the individual roads multiple times a week, day and night, over the past year I have lived here.",-0.1874903,Building,JMU,JMU152
152,Corona,1,-23.39013,16.16011,"And they're going to send back home all the unknowingly infected students, spreading corona even more.",-0.7923203,City,JMU,JMU153
153,Dallas,1,32.78306,-96.80667,A great day for Dallas.,0.9675352,City,JMU,JMU154
154,Dayton,1,39.75895,-84.19161,"This guys out here all the time on good days, but he's normally around the Dayton/Bridgewater area.",0.08717291,City,JMU,JMU155
155,Decimomannu,1,39.31033,8.96964,"There's a actually a good amount of people in the MRDs who have marched DCI before, including with the Cadets, Surf, Crown, and Bluecoats to name a few",0.54749686,City,JMU,JMU156
156,DeJong Reservoir,1,45.05741,-123.34914,Walmart off Reservoir?,-1.3739985e-05,,JMU,JMU157
157,Devon,1,50.7512,-3.81027,They're all over Devon,-0.022290906,Region,JMU,JMU158
158,Dukes County,1,41.38877,-70.69877,Dukes and top dawg were the best places to eat on campus,0.9138966,State,JMU,JMU159
159,Eagle Field,1,40.82657,-77.98841,"""](https://twitter.com/BryanDuff3/status/1297914494241386498)

**The team has more games scheduled at Eagle Field Wednesday and Saturday.",0.0035042493,Building,JMU,JMU160
160,Eagle Hall,1,38.42929,-75.96327,"Meanwhile, according to [this article](https://www.dnronline.com/news/harrisonburg/jmu-board-of-visitors-hears-presentation-on-future-construction/article_ad2f8bb2-c773-5f40-8862-7e342d285770.html), JMU is planning a $49 million renovation of Eagle Hall.",-0.002241008,,JMU,JMU161
161,Earth,1,0.0,0.0,"I will do it because it's better for other creatures and plant life to live, but at the same time I wish we could recognize that it's humanities fault that they're here... they're not ""bad"" or whatever, they're beautiful parts of the Earth that were transported by us.",0.51329803,Building,JMU,JMU162
162,East Campus Power Plant,1,39.13839,-84.50494,East Campus Power Plant was originally built in 82 as a trash combustor.,-0.025846433,Building,JMU,JMU163
163,Eda,1,29.35209,98.25833,"I for one, am so glad we now will have success across the land with JMU West (UCLA, with Bob) and JMU Central (IU, with Curt), in addition to our main East campus (Da 'Burg)",0.94899505,Natural Feature,JMU,JMU164
164,Eglisau / Burg,1,47.5746,8.5301,When did you arrive back in the Burg?,-0.0037958259,Neighborhood,JMU,JMU165
165,Elektrėnai,1,54.78604,24.66113,Townie here who lives uncomfortably close to some of the party houses on 42.,-0.052810803,State,JMU,JMU166
166,Ellicott City,1,39.26733,-76.79831,"My SO's parents' neighborhood in Ellicott City is accurate, and so are all of the stores in the shopping centers.",0.36073583,City,JMU,JMU167
167,Engeo,1,53.47235,9.13243,"The top floors of EnGeo and King hall are always good spots to try, it's not usually busy up there.",0.8374521,City,JMU,JMU168
168,Erickson,1,50.49812,-99.91223,"No, it's off south high/Erickson on the other side of town.",-0.005304954,City,JMU,JMU169
169,Estado de México,1,19.36667,-99.66667,Come with me to Mexico.,0.053874604,State,JMU,JMU170
170,Fairfax,1,38.84622,-77.30637,Yeah I've noticed that except they go to like bars in the Fairfax area.,-0.035799414,City,JMU,JMU171
171,Farafangana,1,-22.82223,47.82615,"For those confused about the crosspost:

Francine is the ""Lowe's Cat"" of Richmond VA. She is a beloved icon of RVA and has lived at our local Lowe's for eight years.",0.6531835,City,JMU,JMU172
172,Fargo,1,46.87719,-96.7898,"The JMU fans I've met over that time, both in Fargo and Frisco, have been some of the best and nicest fans in all of college football.",0.9682594,City,JMU,JMU173
173,Festi,1,47.08922,7.13563,I was parked in the Festi staff lot after 5 when they open up to everyone else with a permit.,0.0022520917,,JMU,JMU174
174,Florence,1,43.77925,11.24626,JMU guidelines for Florence,-0.0040269843,City,JMU,JMU175
175,Forest Hills,1,40.12365,-85.69664,"I assume that the fancy house with the tennis court in Forest Hills is his house because it is owned by ""Visitors James Madison University Medical Arts"".",0.0067324485,City,JMU,JMU176
176,Garber,1,40.51587,-88.38172,I lived in Garber as a freshman.,-0.0009391565,City,JMU,JMU177
177,Gauri Bāzār Railroad Station,1,26.59493,83.66786,"It was the morning after the first night, fiji opened up GB to basically anyone.",0.0066911783,Road,JMU,JMU178
178,Gaza,1,31.50161,34.46672,"If you find anything he's said compelling, you should keep in mind he also says things like this:

>If you believe that the Jewish state has a right to exist, then you must allow Israel to transfer the Palestinians and the Israeli-Arabs from Judea, Samaria, Gaza and Israel proper.",-0.19795462,City,JMU,JMU179
179,Genesee,1,42.95279,-88.35898,It's a Genesee and Wyoming owned railroad.,-0.0036392675,City,JMU,JMU180
180,Georgia,1,32.75042,-83.50018,We want Georgia,0.002607843,State,JMU,JMU181
181,Grace Street House,1,38.44167,-78.87528,"They're also allowing people in some dorms to quarantine in their dorms, like students in Grace Street.",-0.046773877,Building,JMU,JMU182
182,Hall E,1,44.9687,-93.2746,"desperately need ""misplaced"" backpack at around 7:40 pm I left my large black backpack at E hall and when I came back it was missing.",-0.78033245,Building,JMU,JMU183
183,Hall Mountain,1,40.99729,-77.27803,Maury is now Mountain Hall and Ashby is now Valley Hall.,0.0005498143,Natural Feature,JMU,JMU184
184,Hall Valley,1,39.46054,-105.73584,Maury is now Mountain Hall and Ashby is now Valley Hall.,0.0005498143,Natural Feature,JMU,JMU185
185,Hampton Roads,1,36.97515,-76.34967,I feel bad that the parents in Hampton Roads thinks the COVID figures are JMU are incorrect.,-0.8391077,Road,JMU,JMU186
186,Harrison Hall,1,38.82944,-77.3025,Get used to working in Harrison Hall.,-0.023006909,Building,JMU,JMU187
187,Harrison Township,1,40.63814,-79.7165,The Harrison has guest spots you can park in (I graduated in 2018 so they could have changed the rules but AFAIK that was the case at the time).,0.012964224,City,JMU,JMU188
188,Hartford,1,41.76371,-72.68509,"Brother in Hartford, CT got his results in 30 minutes.",0.004808089,City,JMU,JMU189
189,Health and Human Services Building,1,39.30861,-76.65972,"For those of you who weren't aware, the building that is now known as the Engineering Geosciences Building was called ""Health and Human Services Building"" when it opened in 2000, and for a number of years after that.",-0.0070109367,Building,JMU,JMU190
190,Henderson,1,35.43924,-88.64144,Silver Lake in Dayton.,0.0051472425,City,JMU,JMU191
191,Howard County,1,39.25072,-76.93119,"But then you go into Howard County, Maryland (the next county north), and the buildings are practically picture-perfect.",0.70156235,State,JMU,JMU192
192,Hunter Ridge,1,58.39964,-124.81976,"Back when I was a student, we also never found out who caused the fires at the Commons or Hunter Ridge, both also caused by careless smoking.",-0.5247248,,JMU,JMU193
193,Hunters Ridge,1,41.27517,-120.83052,"It's not worth it - 8002738255 This evening, in Hunters Ridge, someone committed suicide.",-0.91509753,,JMU,JMU194
194,Indianapolis,1,39.76838,-86.15804,"I was in Indianapolis, yes, as a tourist, but still driving appropriately, and the guy behind me honked at me erratically because I was yielding to the person crossing the street IN the crosswalk.",-0.035996314,City,JMU,JMU195
195,Iowa,1,42.00027,-93.50049,Are in IA?,-0.0042177676,State,JMU,JMU196
196,Jackson Hall,1,38.82861,-77.30139,"Finally, remember that even if you never made the connection that Jackson Hall is named for Stonewall Jackson, that doesn't mean other students or prospective students didn't.",-0.029802114,Building,JMU,JMU197
197,Jacksontown,1,39.95951,-82.41293,"Jackson is under construction, so it does not have any visible signs.",-0.21945885,City,JMU,JMU198
198,Jefferson Street (historical),1,45.52151,-122.67398,It's probably somewhere in Oregon since the train is PW 2310 (so Portland and Western).,0.012308632,,JMU,JMU199
199,Jennings Hall,1,39.32757,-82.09876,"The farthest part of the fence of the field behind Jennings hall has a partial overview of main campus that is kinda nice to people watch and chill, you could also climb onto the old convocation center.",0.87719285,Building,JMU,JMU200
200,John Paul Jones Arena,1,38.04583,-78.50722,"If anyone's ever been over the mountain to John Paul Jones Arena at UVA, I'm told there's supposed to be a lot of similarities between the two.",0.12562904,,JMU,JMU201
201,Johnston Hall,1,43.03835,-87.92703,"Apparently, it keeps dying and is, ""down more than it's up.""

Johnston Hall needs to be updated to include AC and become ADA-compliant.",-0.6136098,Building,JMU,JMU202
202,Judaea,1,31.58333,35.0,"If you find anything he's said compelling, you should keep in mind he also says things like this:

>If you believe that the Jewish state has a right to exist, then you must allow Israel to transfer the Palestinians and the Israeli-Arabs from Judea, Samaria, Gaza and Israel proper.",-0.19795462,Region,JMU,JMU203
203,Kaarela,1,60.25174,24.88111,"The only downside is that because it is located directly off of 33, you will hear/see trucks and cars passing by every now and then.",-0.4039422,Neighborhood,JMU,JMU204
204,Kulosaari,1,60.18572,25.00516,Bridgewater (15 mins south on 42) is a great cruising spot too :),0.9655452,Neighborhood,JMU,JMU205
205,Lake Shenandoah,1,40.08745,-74.1919,Lake Shenandoah,0.00048154205,,JMU,JMU206
206,Las Vegas,1,36.17497,-115.13722,"New York, DC, Boston, Vegas, Toronto.",0.016013572,City,JMU,JMU207
207,Latin America Bible Institute,1,34.0314,-117.98951,It's called 20th century black radical traditions in Latin America and the Caribbean!,0.005209613,Building,JMU,JMU208
208,Lehigh County,1,40.61271,-75.59237,Dude from Lehigh fits the mold.,-0.16583553,State,JMU,JMU209
209,Liberty Street,1,14.62631,121.1333,If you're on center campus (like near the quad) it's a bit tougher but I'd say maybe the farmers market on Liberty Street (like 15 minute walk).,-0.019096501,Road,JMU,JMU210
210,Logan International Airport,1,42.36514,-71.01777,"""The residence halls where students will most likely quarantine in their current living space are Chandler, Chesapeake, Converse, Gifford, Grace Street Apartments, Hoffman, Logan, Spotswood, Valley and Wampler"" is what I'm talking about tho 
https://www.jmu.edu/stop-the-spread/reopening/containment/index.shtml",-0.016991988,Building,JMU,JMU211
211,Louisiana,1,31.00047,-92.0004,"VCU, William and Mary, George Mason, and one other school,  I cant remember, all used tests from a lab in Louisiana that are not approved by the CDC, so many of those original tests could have been inaccurate.",-0.56162393,State,JMU,JMU212
212,Louisville,1,38.25424,-85.75941,"A lot of folks referencing the 1 loss to Louisville as a reason why JMU can't stay competitive with a P4 team is ignoring:

1.",-0.48100543,City,JMU,JMU213
213,Mars,1,-19.51667,30.0,JMU alum leading Mars explorations,0.0073933736,Building,JMU,JMU214
214,Mason County,1,43.95625,-86.42258,The neighborhoods off Mason are definitely permit parking.,0.12634678,State,JMU,JMU215
215,Mason Street,1,14.60967,121.12267,You could also try parking in the neighborhoods off of Mason Street but they might be permit parking.,-0.010799236,Road,JMU,JMU216
216,Massachusetts,1,42.36565,-71.10832,"Protect yourself, your friends, family, and others across the country

For Reference:

The Long History of Mandated Vaccines in the United States

https://www.governing.com/now/the-long-history-of-mandated-vaccines-in-the-united-states

See AP Article: EXPLAINER: Employers have legal right to mandate COVID shots

US Supreme Court: Jacobson v. Massachusetts, 197 U.S. 11 (1905)

Austin American Statesman Website - Fact-check: Did George Washington order the Continental Army to vaccinate against smallpox?",-0.038111605,State,JMU,JMU217
217,Maury County,1,35.61694,-87.07701,"1) You all have probably heard of the news of the renaming of Jackson, Ashby, and Maury halls, And I think it's great that JMU as a community is taking an active role in bringing such things as these wrongly named halls to my attention.",0.7697012,State,JMU,JMU218
218,Melaka,1,2.25,102.25,Doesn't have a view but the little patch of woods behind Hillside across MLK,-0.03162604,State,JMU,JMU219
219,Memorial Hall,1,39.97928,-75.20962,Memorial Hall-- the bathrooms just outside the auditorium to the left as you enter the building.,-0.002582417,Building,JMU,JMU220
220,Memphis,1,35.14953,-90.04898,ESPN's latest projections say Gasparilla Bowl vs Memphis.,0.0003331188,City,JMU,JMU221
221,Michigan,1,44.25029,-85.50033,Cignetti has a pretty easy schedule (outside of Ohio State and Michigan) this year.,0.77047247,State,JMU,JMU222
222,Mid East Hospital Karachi,1,24.82691,67.0341,She can't fly home to Riyadh due to the mid-east war so until things calm down she's stuck here.,-0.6287634,Building,JMU,JMU223
223,Middle East,1,33.13906,35.85869,"And you have some image in your head of a young woman carrying small children, when the VAST majority of illegal border crossings were military ages men (many that were from Russia, China, Middle East not just central/south America).",-0.41943258,Region,JMU,JMU224
224,Midwest,1,42.65982,-93.93863,"This same exact situation is happening in universities across the Southeast, Midwest, and Southwest.",-0.04429192,Region,JMU,JMU225
225,Montgomery County,1,39.13638,-77.20424,"I live in Montgomery County, Maryland, and the buildings there look similar to this, where the game used a lot of fillers.",-0.009029158,State,JMU,JMU226
226,Montréal,1,45.50884,-73.58781,"I'm from New York, and the jokes about New Jersey drivers ring true, exceeded only by the horrors of Montreal drivers.",-0.2734385,City,JMU,JMU227
227,Morgans Point,1,29.67912,-94.98354,I was over at his house all the time when he lived in Hunter's.,0.009683574,Natural Feature,JMU,JMU228
228,Myrtle,1,44.00833,-78.965,Oh wow if it's Myrtle that's only about a 7 hour drive,0.6268571,City,JMU,JMU229
229,Neff,1,40.54368,-78.0839,Turner Ashby hill on Neff near UPark,-0.00014246657,City,JMU,JMU230
230,New Mexico State Capitol,1,35.68237,-105.93959,It's probably at New Mexico State or New Mexico.,0.0020861297,Building,JMU,JMU231
231,Nords Ranch,1,33.73559,-113.53132,Harrisonburg now has more COVID cases than all of New Zealand,-0.10434269,,JMU,JMU232
232,Norfolk,1,36.84681,-76.28522,"If you want to go to college for cheaper in state you're looking at ODU, Norfolk state, Virginia state, uva wise, and Radford",0.0061575193,City,JMU,JMU233
233,Northern Lights Hotel,1,59.9166,30.25,Northern Lights in Harrisonburg,0.015657347,Building,JMU,JMU234
234,Oasis,1,37.48771,-117.91565,"The Studio and Oasis are little self-care spaces that students can go into and do all kinds of things (paint, color, relax in a massage chair, etc.).",0.33388072,,JMU,JMU235
235,Oceania,1,-18.31281,138.51562,"Go look up the COVID lockdown efforts in Asia and Oceania, but I'm guessing you're physically incapable of processing the fact that America isn't always first.",-0.49571264,Country,JMU,JMU236
236,Old Fort,1,41.24005,-83.14992,Spent the break day hiking Seneca rocks in West Virginia.,0.010044093,City,JMU,JMU237
237,Parnell Observation Tower,1,43.69972,-88.08954,"They have been taken from a combination of places which include: GW National Forest, WV, Spruce Knob Lake and Observation Tower, WV, and some more!",0.014383923,Building,JMU,JMU238
238,People’s Republic of China,1,35.0,105.0,"And you have some image in your head of a young woman carrying small children, when the VAST majority of illegal border crossings were military ages men (many that were from Russia, China, Middle East not just central/south America).",-0.41943258,Country,JMU,JMU239
239,Phoenixville,1,40.13038,-75.51491,I was watching at a bar in phoenixville,0.02286923,City,JMU,JMU240
240,Planetarium,1,52.5433,13.4278,"I love the Planetarium, and have been a staff member there since December 2012!",0.98309785,Building,JMU,JMU241
241,Port Road Dam,1,-32.74561,137.74864,"Group on Port Road drinking ...no masks, shoulder to shoulder, with a sign asking for people to honk so they drink.",-0.023276923,Building,JMU,JMU242
242,Principality of Monaco,1,43.73141,7.41903,I got to perform in Monaco and the French Riviera with the band.,0.10894807,Country,JMU,JMU243
243,Provincie Gelderland,1,52.0,5.83333,that's such a long ways away gd.,-0.26826087,State,JMU,JMU244
244,Radford,1,37.13179,-80.57645,"If you want to go to college for cheaper in state you're looking at ODU, Norfolk state, Virginia state, uva wise, and Radford",0.0061575193,City,JMU,JMU245
245,Rama,1,32.93859,35.36643,There was a propane explosion; they conducted helicopter transports to RMH.,-0.3173574,City,JMU,JMU246
246,Region Hannover,1,52.44889,9.74,"I don't know the numbers but I've been living in H-burg for 10 years and you can see an increase in minorities, though its still insanely small...",0.06968942,City,JMU,JMU247
247,Republic of France,1,46.0,2.0,Foreign exchange students from France.,-0.0046047177,Country,JMU,JMU248
248,Republic of Haiti,1,19.07582,-72.29616,"There was a fan, who is going viral on Twitter/X, who took it a step further and yelled at her to ""go back to Haiti"" (she's Jamaican).",-0.12260997,Country,JMU,JMU249
249,Republic of India,1,22.0,79.0,"However according to what I read after looking it up it does say FAA mandates automatic 3NM 3k feet tfr's for any NFL, MLB, D1 football, nascar, Indy car events etc from 1 hour before to 1 hour after the event which I wasn't even remotely aware of.",-0.042573247,Country,JMU,JMU250
250,Republic of Iraq,1,33.0,44.0,Cheers from Iraq!,0.8558455,Country,JMU,JMU251
251,"Richmond, VA Metro Area",1,37.41248,-77.4462,"For those confused about the crosspost:

Francine is the ""Lowe's Cat"" of Richmond VA. She is a beloved icon of RVA and has lived at our local Lowe's for eight years.",0.6531835,Region,JMU,JMU252
252,Ridge,1,39.46287,-78.31251,"Looking east or west, then, we can see the Ridge and Valley...?",0.0041308966,,JMU,JMU253
253,Riyadh,1,24.68773,46.72185,She can't fly home to Riyadh due to the mid-east war so until things calm down she's stuck here.,-0.6287634,City,JMU,JMU254
254,Ruše,1,46.54013,15.5179,Not sure if it's allowed but the track field in front of Rose has a little tower that is easily climbed and you can look out from there.,0.035651673,City,JMU,JMU255
255,Russian Federation,1,60.0,100.0,"And you have some image in your head of a young woman carrying small children, when the VAST majority of illegal border crossings were military ages men (many that were from Russia, China, Middle East not just central/south America).",-0.41943258,Country,JMU,JMU256
256,Sam’ad,1,36.78775,40.55504,Talk to Brad Jenkins or get in touch with any Professor in SMAD to get to him.,0.00262209,City,JMU,JMU257
257,Samaria,1,32.25,35.16667,"If you find anything he's said compelling, you should keep in mind he also says things like this:

>If you believe that the Jewish state has a right to exist, then you must allow Israel to transfer the Palestinians and the Israeli-Arabs from Judea, Samaria, Gaza and Israel proper.",-0.19795462,Region,JMU,JMU258
258,San Diego,1,32.71571,-117.16472,San Diego state will now play JMU Harrisonburg and JMU Los Angeles back to back weekends in the fall.,0.0011220551,City,JMU,JMU259
259,San Diego State University,1,32.776,-117.07087,VT has been a disappointment for years and San Diego State was the better team in 2025.,-0.55411434,University,JMU,JMU260
260,Santa Ana Valley High School,1,33.72281,-117.90019,You could have walked by a covid dorm (Valley) is one of them.,-0.008746934,Building,JMU,JMU261
261,Santa Fe,1,35.68698,-105.9378,"That's a southern rail company, bnsf based out of Santa Fe, New Mexico",0.0015970708,City,JMU,JMU262
262,Seattle,1,47.60621,-122.33207,One of my first games at UW in Seattle we were out on the field playing the national anthem when the sky opened up and poured.,0.11957575,City,JMU,JMU263
263,Sheldon Hall,1,42.11811,-79.31449,"Main campus: 

The right side bathroom of forbes is usually empty, it's on the second floor past the recital hall if you enter from the quad 

SSC has a lot of bathrooms on the upper floors that are usually empty

Cleveland hall and Sheldon hall are pretty empty buildings most of the time and their bathrooms usually are too

The very bottom floor of madison union has a small bathroom that i've never seen any one else in, it's a little hard to get to though, good luck finding it

Wilson hall has really fancy bathrooms and as someone else said in here depending on the time they'll probably have low traffic

There's a single person bathroom on the side closest to the highway of the business building, that was my go to spot when I was taking econ.",0.2576463,City,JMU,JMU264
264,Silver Lake,1,40.35386,-83.81247,Silver Lake in Dayton.,0.0051472425,Natural Feature,JMU,JMU265
265,So Park Apartments,1,51.47459,-0.15479,You might send a pic to Park Apartments next door in case it's from there.,0.029467117,Building,JMU,JMU266
266,Sonner Hall,1,38.43222,-78.87417,My favorite spot is probably by Newman Lake behind Sonner Hall or any of the parking decks during the cold months.,0.7063227,Building,JMU,JMU267
267,South Carolina,1,34.00043,-81.00009,"THE JMU DUKES ARE GOING BOWLING After the losses by Florida and South Carolina, JMU has clinched a bowl spot no matter the result of the remaining games!",0.5145819,State,JMU,JMU268
268,South Main,1,29.67286,-95.41806,Hi so I live on south main and work at the dominos right next to the building.,0.042420518,Neighborhood,JMU,JMU269
269,South Main Street Park,1,42.64609,-92.46296,Gas Explosion @ Hometown Music & Element Vapors near Wendy's on South Main Street!,0.027635157,Neighborhood,JMU,JMU270
270,South View,1,53.65223,-114.66024,I think that South View is old enough that it wasn't required to have them.,-0.10076081,State,JMU,JMU271
271,Southeast,1,38.88067,-76.98998,"This same exact situation is happening in universities across the Southeast, Midwest, and Southwest.",-0.04429192,City,JMU,JMU272
272,Southern California,1,34.68743,-116.78467,Riverside Community College (RCC) in Southern California is randomly super good and have been notoriously good for a long time.,0.9598335,Region,JMU,JMU273
273,Southwest,1,38.88122,-77.01637,"This same exact situation is happening in universities across the Southeast, Midwest, and Southwest.",-0.04429192,City,JMU,JMU274
274,Spots,1,19.70273,-79.81588,"And those in Spots, and all the other A/C-less buildings lmao.",-0.024965214,Natural Feature,JMU,JMU275
275,Spruce Knob Lake,1,38.70265,-79.58826,"They have been taken from a combination of places which include: GW National Forest, WV, Spruce Knob Lake and Observation Tower, WV, and some more!",0.014383923,,JMU,JMU276
276,Stony Brook,1,46.26052,-94.77974,The Stony Brook game in the cold rain/drizzle?,-0.0406104,Natural Feature,JMU,JMU277
277,Studio,1,43.08126,25.6447,"The Studio and Oasis are little self-care spaces that students can go into and do all kinds of things (paint, color, relax in a massage chair, etc.).",0.33388072,Building,JMU,JMU278
278,Sunchase Iv Resort,1,26.0908,-97.1652,"Yeah, I heard it and felt it at Sunchase, woke me up..now I'm hearing a lot of sirens on the roads",-0.09833551,Building,JMU,JMU279
279,Tandur,1,17.25044,77.58504,My go to spot was always the third floor of TDU,0.04931933,Road,JMU,JMU280
280,Territory of Norfolk Island,1,-29.03333,167.95,"Apparently, she also stressed the picture as important to the girl who commutes four hours from Norfolk.",0.030692449,Country,JMU,JMU281
281,The Commons,1,42.14482,-72.6112,It's in The Commons during a school day so it inevitably draws huge crowds of onlookers.,0.08441402,Neighborhood,JMU,JMU282
282,The Morgan High School,1,41.29093,-72.52898,"I remember well when we sold our town to JMU chunk by chunk, including the High School (and the 2nd and 3rd highschool fiasco), the Co-op, etc.",-0.12779526,Building,JMU,JMU283
283,The New School of Northern Virginia,1,38.85927,-77.26921,"Not necessarily, I've never been to Arlington or DC since I came to mason (same with many of my other friends) and I'm not from the Northern Virginia.",-0.066677004,Building,JMU,JMU284
284,Tondu Railway Station,1,51.5474,-3.5952,This is NOT the restroom in TDU.,-0.54848164,Road,JMU,JMU285
285,United Kingdom of Great Britain and Northern Ireland,1,54.75844,-2.69531,He has been well trained since he was 19 under the UK Head Hackers and by Anthony Jacquin personally.,0.62925345,Country,JMU,JMU286
286,United States Capitol,1,38.88983,-77.00887,Yep - they claimed that it was something related to the January 6 incident at the Capitol.,-0.061891958,Building,JMU,JMU287
287,University Park,1,27.39044,-82.46883,"What make this even worse is if we define ""bulk"" as more than 50% then the bulk of the athletics support staff, the bulk of the athletics advertising and fundraising expense, all of the athletic facility operations expenses (Think rent and bills), all the athletic facility debt service (Think mortgage payment) on Veteran's Memorial Park, Bridgeforth Stadium, Athletics exclusive facilities at University Park, and Atlantic Union Bank Center (New Convo), and the indirect institutional cost (Cost to use services like the university lawyer, accountants, etc) come from the non-program specific fund.",-0.6840381,City,JMU,JMU288
288,Uva,1,56.99081,52.18517,"If you want to go to college for cheaper in state you're looking at ODU, Norfolk state, Virginia state, uva wise, and Radford",0.0061575193,City,JMU,JMU289
289,Valley,1,40.66732,-75.03212,"""The residence halls where students will most likely quarantine in their current living space are Chandler, Chesapeake, Converse, Gifford, Grace Street Apartments, Hoffman, Logan, Spotswood, Valley and Wampler"" is what I'm talking about tho 
https://www.jmu.edu/stop-the-spread/reopening/containment/index.shtml",-0.016991988,City,JMU,JMU290
290,Valley Creek,1,44.33295,-115.77734,"Looking east or west, then, we can see the Ridge and Valley...?",0.0041308966,Natural Feature,JMU,JMU291
291,Valley View Early College Campus,1,26.13082,-98.24734,I live down the street at Campus View.,0.0070360266,Building,JMU,JMU292
292,Veteran's Memorial Park,1,40.7826,-74.0107,"What make this even worse is if we define ""bulk"" as more than 50% then the bulk of the athletics support staff, the bulk of the athletics advertising and fundraising expense, all of the athletic facility operations expenses (Think rent and bills), all the athletic facility debt service (Think mortgage payment) on Veteran's Memorial Park, Bridgeforth Stadium, Athletics exclusive facilities at University Park, and Atlantic Union Bank Center (New Convo), and the indirect institutional cost (Cost to use services like the university lawyer, accountants, etc) come from the non-program specific fund.",-0.6840381,Neighborhood,JMU,JMU293
293,Virginia Western Community College,1,37.24522,-79.97176,Virginia Western.,-0.00356072,Building,JMU,JMU294
294,Viti,1,-18.0,178.0,"It was the morning after the first night, fiji opened up GB to basically anyone.",0.0066911783,Country,JMU,JMU295
295,Vizslás,1,48.05171,19.8199,Are we sure it's the guy with vizslas?,-0.005961964,City,JMU,JMU296
296,Wakefield,1,38.0693,-78.47307,I got them from the Virginia Dinner in Wakefield years sgo,0.0019582424,City,JMU,JMU297
297,Wampler,1,32.77735,-97.73559,"""The residence halls where students will most likely quarantine in their current living space are Chandler, Chesapeake, Converse, Gifford, Grace Street Apartments, Hoffman, Logan, Spotswood, Valley and Wampler"" is what I'm talking about tho 
https://www.jmu.edu/stop-the-spread/reopening/containment/index.shtml",-0.016991988,City,JMU,JMU298
298,Warren County,1,35.67868,-85.7785,You will need to walk from Taylor to Warren and then find a way to the first floor.,-0.00047628966,State,JMU,JMU299
299,Warren Hall,1,43.35167,-73.65528,"The bookstore used to use said ballroom for textbook sales back when the bookstore was in Warren Hall, before they opened the current freestanding bookstore.",0.0006818302,Building,JMU,JMU300
300,West Side of the Mountain Cemetery,1,41.99926,-72.74509,NDSU has been pretty vocal that they would accept an invite to the Mountain West.,0.3983327,Building,JMU,JMU301
301,Western,1,46.8687,-123.94767,"Looks to be Portland and Western, so out west.",0.03746761,,JMU,JMU302
302,Westover,1,38.48207,-78.02055,I saw a post on nextdoor about a dog running around or some sightings in my area around Westover.,-0.016032964,Neighborhood,JMU,JMU303
303,Westover Park,1,32.78791,-96.63722,If you have any classes at Memorial you can park at Westover Park.,0.007282294,Neighborhood,JMU,JMU304
304,Williamsburg,1,37.2707,-76.70746,People in that class drive from as far as Williamsburg.,-0.02210148,City,JMU,JMU305
305,Wyoming,1,43.00024,-107.5009,It's a Genesee and Wyoming owned railroad.,-0.0036392675,State,JMU,JMU306
306,Yerevan Football Academy Stadium,1,40.22096,44.55532,"Just Outside The Football Stadium, smh",-0.16683632,Building,JMU,JMU307
307,North Carolina,132,35.50069,-80.00032,"This is a lot of why I decided not to stay in NC, for all that I really liked the UNC-CH community - I didn't trust the administration. | NC has an open carry gun law. | Thom Tillis' office is at 310 New Bern Ave Suite 122 Raleigh, NC 27601. | Interesting what the residents of NC who rely on the researching funding whether they know it or not are going to think when it starts impacting them directly. | I live in a very very small town in NC.",-0.054568920148912264,State,UNC,UNC1
308,United States,95,39.76,-98.5,"The whole USA will suffer the loss. | America's enemies are laughing, as was the plan. | Prior to the shit show that’s happened, the US was a haven for good and well-paid science. | Getting out of the US is hard. | I know, there are lots of internationals who figured out how to get into the US legally, so US citizens can figure out how to go elsewhere.",-0.2644315630552898,Country,UNC,UNC2
309,Chapel Hill,134,35.91221726932567,-79.05285639443778,"This thread is a fantastic example of the real opinions of the folks in Chapel Hill. | A Southern, rural, Trump-voting county seems safer than Chapel Hill, which is just sad. | I get paid and send my money in Chapel Hill. | I'm not even in Chapel Hill atm | It's so empty that animal life returned to Chapel Hill",0.001738466238748515,City,UNC,UNC3
310,University of North Carolina at Chapel Hill,50,35.9050988639873,-79.0474283874253,"I mean I wouldn't say it was incredibly traumatic...

Also alert Carolina did better this time with more consistent messaging imo

Edit: okay, fair enough, I didn't think this through. | As the original poster said, I started getting worried that they could take back our admission to Carolina or worse—even for those who were not involved with taking the photo. | That sounds awful and I’m sorry it happened to you but also welcome to Carolina lol | As a Carolina grad and father to a current student there this wrecks me. | !Alert Carolina!",0.08335880472615827,University,UNC,UNC4
311,State of Israel,42,31.5,34.75,"Israel is a key figure for the United States in the Middle East, essentially controlling Iranian movement. | Israel mitigates threats, advances US interests, and is backed by Jewish American lobbying. | But Israel is America's police dog, and when that dog bites someone, you are inclined to look the other way. | Prayers for Israel | It seems like the US uses Israel as a forward military testing system.",-0.4585491141991779,Country,UNC,UNC5
312,Franklin Street,67,35.91208961361997,-79.0584622314049,"Photos from the protest on Franklin today. | Seen them on Franklin next to one of the sorority houses | that being said, yeah people shouldnt be rushing franklin. | I was on Franklin but I was still scared for the students on campus and still feel guilty over even feeling impacted by the event itself. | ** This includes Carr mill, Mcdonalds on Franklin, Panera on franklin, and many others.",-0.14712064507688438,Road,UNC,UNC6
313,Gaza,16,31.50161,34.46672,"Protesting is a foundational right, but I am unsure how any of this is grounded in anything other than a suspicion that UNC is tangentially related to some sort of Israeli something or other that may or may not be loosely related to the efforts in Gaza. | More than half the population in Gaza are refugees. | Personally, I don't know how eradicating what's left in Gaza is helping Americans except for the real estate aspect, which has been pushed quickly. | I'm posting a few resources here, including a statement from the [Jewish Voices for Peace](https://www.jewishvoiceforpeace.org/), a group that has led many of the most notable protests and movements for Palestinian liberation since the most recent Israeli attacks on Gaza. | There is no genocide in Gaza this claim is ridiculous.",-0.38169669882336166,City,UNC,UNC7
314,Durham,21,35.99403,-78.89862,"We took 2 cars as my husband works in Durham has a 1st responded call Vehicle. | Driving to Durham is a little less convenient but being seen without a wait time approaching a year was absolutely worth it. | I went to The Art Institute in Durham. | Another thing that I like about ENC is that we attend Sunday service at a local church in Durham (King's Park International Church), which is different from A2F because their Sunday services were held on campus, and the majority of the time the sermons were being given by other Gracepoint pastors from around the country that we just watched a video recording of. | Especially when go Durham, go raleigh and go triangle all pay drivers significantly more

EDIT: I took this on word from a bus driver - I looked up job postings and the starting pay is actually similar.",0.08730025265720628,City,UNC,UNC8
315,Carrboro,12,35.91014,-79.07529,"Carrboro resident here. | Having frequented many bars around the UNC/carrboro area, the coke scene is huge here and it's for sure that a lot of it is laced with some shit. | But I--who happen to live in Carrboro and went out of my way to take all online classes--have to stand in line with these people to get tested once a week? | [Here's](https://townofcarrboro.org/2774/Downtown-Parking) a map of free town parking in Carrboro | Carrboro has tons of free parking options.",-0.11519453980145045,City,UNC,UNC9
316,Hinton James Housing (UNC),11,35.90250555489845,-79.04275385216378,"HoJo residents: “first time?” | To the students who were walking at the crosswalk between Hojo and Koury ~ 11:25 pm: I'm so sorry I'm not sure if this will reach you guys, but I wanted to be able to apologize somewhere because I knew I'd keep on worrying if I didn't; I was driving and turning left from Ridge Road and didn't see you guys cross until I turned because it was so dark and rainy. | Bets on how many people from the Hojo cluster were part of this and spread it before they realized today they were sick? | Y’all I’m in Hojo and have barely left my room this week. | I feel so bad for all the students in Hojo watching from their windows.",-0.24998809926381166,Building,UNC,UNC10
317,California,11,37.25022,-119.75126,I still vote in California! | I'm from California and I'm so excited to start my new life at such an amazing school. | California Tar Heels unite! | I want to get out of California as it does not align with my values. | This California alum has been streaming WRAL and refreshing the DTH all day.,0.028736976483328777,State,UNC,UNC11
318,Beckley,9,37.77817,-81.18816,"He could drive back to Raleigh, shower, change, and get started with his work and have a full ass 12 hours left in the day. | To put into perspective, Raleigh covers an area of 388 km2. | I moved to Raleigh, signed up for a fully remote semester. | I’m still messed up about that mass shooting in Raleigh last year, can’t wrap my head around senseless violence. | I'm a 2020 grad and I live in the neighborhood in Raleigh that had a mass shooting this time last year.",-0.27218288868122426,City,UNC,UNC12
319,Kingdom of Denmark,9,56.0,10.0,"10 years ago, I was at UNC as an exchange student I visited from Copenhagen, Denmark. | Since, there have been many Danish students at UNC and many UNC students in Denmark. | Yesterday, your president threatened to invade and annex Greenland, which makes up almost all of the land mass of the kingdom of Denmark. | This is just short of declaring war on Denmark - a country that has stood as a close ally of the United States for nearly a century. | I love denmark so much and Scandinavia.",0.038862095091543675,Country,UNC,UNC13
320,United Kingdom of Great Britain and Northern Ireland,8,54.75844,-2.69531,"Yes, it's only worked for Australia, Britain, Japan, and the rest of the developed world. | The qualified candidates and researchers will try to go somewhere else: Canada, UK, EU, China, India, any other nation that wants to strip our infrastructure for valuable parts. | Here is a question for them: if UK can update daily why can't UNC? | * Last in person class
* Wrapping up a research paper
* 2 finals next week
* Disney World with the fam the week after
* Over the summer I'm going to train my replacement at work
* Sept I leave for the UK for 4 months
* I turn 43
* Return to NC to write my thesis
* Graduate in May with an MA
* Apply for jobs
* Retire
* Die
* Haunt my enemies and watch them tremble before my non-corporeal form. | UK flag is eating us up, dunno if this is the best spot anymore...",-0.04911260190419853,Country,UNC,UNC14
321,Pittsburgh,8,40.44062,-79.99589,"I'm 37 and had exactly one lockdown drill in high school and nothing close to it while at UNC, despite being there during the Pit SUV attack and the VaTech shooting. | Note also that the steps of Lenoir Hall and the Pit are not exactly comfy. | I remember arguing with this guy in the Pit in the late 80s – I’m sad that I didn’t have one last chance to tell him to fuck off. | At least for my org alone, we would have 500 people sign up on our listserv at Fall fest compared to around 10 people when we would pub in the Pit or the quad. | I'm not sure what sort of shitty cost cutting measure this is, now that they are relegating student orgs to the Pit a week to two weeks after school has started, meaning that most clubs will have already had their interest meetings.",-0.3688475387170911,City,UNC,UNC15
322,People’s Republic of China,8,35.0,105.0,"The qualified candidates and researchers will try to go somewhere else: Canada, UK, EU, China, India, any other nation that wants to strip our infrastructure for valuable parts. | They have shown in China that masks at home are effective at preventing transmission. | We have fine examples of those in China, NK, Russia etc. | Why WHO doesn't ask China to provide that. | You know how much China provides in WHO funding?",0.018681065819691867,Country,UNC,UNC16
323,The Old Well,8,33.87703,-104.17413,The Old Well kept it more academic | The Old Well is iconic. | This is what I hope UVA never becomes - our Rotunda logo (separate from athletics V-Sabre) is very similar to the Old Well. | I have at least 5 paintings of the Old Well already. | The Old Well is just tap water now.,0.15136002768122125,Building,UNC,UNC17
324,Charlotte,8,35.22709,-80.84313,"UNC Charlotte goer here

Lmao | As a Charlotte student who went through our own shooting - my heart and thoughts go out to everyone. | What about the people who live in Charlotte, who aren’t even students or know students? | As a Charlotte student who went through our own shooting - my heart and thoughts go out to everyone. | No that guy lives in Charlotte",-0.1836121515079867,City,UNC,UNC18
325,Granville,11,41.26115,-89.22759,"I was around Granville at the time and talked to the girl who found the body. | Some guys in a white truck recently robbed and assaulted people outside Granville and another location. | I live in Granville and I see groups of 10+ people together w/o masks on all of the time. | Of course it's Granville! | Let’s Take Care of Each Other… **edit: With the news about what happened at Granville, I just want to reiterate that I, and many others are here for you if you need help.",-0.012458024295152758,City,UNC,UNC19
326,South Carolina,8,34.00043,-81.00009,"Imagine being a South Carolina fan period | There are 11 SEC schools outside the top 100 (Auburn, Missouri, Tennessee, Oklahoma, South Carolina, Kentucky, Alabama, LSU, Ole Miss, Arkansas, Miss. | South Carolina  
143. | We rely on a radar in South Carolina, and that means less accurate weather predictions for my district. | That's like saying NC could nuke SC.",-0.006776819889637409,State,UNC,UNC20
327,Russian Federation,7,60.0,100.0,"Exactly as russia demands. | The poll numbers will continue to drop because he’s destroying our country,siding with Russia (Reagan is turning in his grave)  and acting like a petulant mad king. | Go move to Russia. | We have fine examples of those in China, NK, Russia etc. | I’m not sure if you’re trying to say that Russia is authoritarian and socialist, but that would be very incorrect.",-0.28568281871931894,Country,UNC,UNC21
328,Territories of the United States,7,35.27766,-102.35403,"One thing to consider:

Everyone that is a college student in 2023 and went through K-12 in the United States has likely been through multiple lockdown drills while they were in K-12 education. | Killing children and raping women and taking hostages.” I guess the plus side for them is that students at extremely liberal universities in the United States would months later take down the flag of their own country and raise the flag of a country who committed a racially motivated terror attack. | While I acknowledge that in the United States we have the right to freedom of speech, this is a moderated online community. | The United States is a largely uneducated country,  for the most part. | It is not their right to be in the United States.",-0.4426948658323714,Region,UNC,UNC22
329,Raleigh,7,35.7721,-78.63861,"Thom Tillis' office is at 310 New Bern Ave Suite 122 Raleigh, NC 27601. | When you blame UNC you really mean BOG and our gerrymandered super majority politicians in Raleigh. | Local/State Elections Matter:  UNC board slashes diversity program funding, diverts money to public safety resources >RALEIGH, N.C. -- As North Carolina's public university system considers a vote on changing its diversity policy, the system's flagship university board voted Monday to cut funding for diversity programs in next year's budget. | Especially when go Durham, go raleigh and go triangle all pay drivers significantly more

EDIT: I took this on word from a bus driver - I looked up job postings and the starting pay is actually similar. | something i’ve been thinking about lately is that triangle transit has offered free bus services since covid, and i wonder if that has caused homeless people in raleigh and durham to wander on and end up in chapel hill.",-0.10779462522727304,City,UNC,UNC23
330,Palestine,7,31.92157,35.20329,"He also says that Israel's genocide of Palestine is similar to the Holocaust, and that our treatment of animals is the root of all oppression. | Encampment, Palestine protests, and far-right wing connections aside, this guy still sucks as a pick to be a Chancellor for a top public undergraduate and R1 research institution. | SJP is a seriously problematic org that advocates ""from the river to the see, Palestine will be free"" (a direct call for genocide against jews. | Lord the determination of Israeli apologists to ignore Palestine while focusing on Hamas. | I’m Lebanese Druzim, I have no reason to get people to support Palestine, but projecting the Nazi accusation on Arabs, as if the very Zionists that founded Israel weren’t Nazi collaborators, and as if the Arabs didn’t fight alongside the French and British in WW2 (including 30,000 Palestinians) is just distasteful and historically inaccurate",-0.6170155413980994,Country,UNC,UNC24
331,Greenland,7,72.0,-40.0,"Yesterday, your president threatened to invade and annex Greenland, which makes up almost all of the land mass of the kingdom of Denmark. | A man who threatens the right to exist for Greenland, Ukraine, even Canada. | stop reporting this post for misinformation lol 
trump deadass said the US would take control of Greenland during his address | Think about how freaked out you are that he even threatened to go after Greenland...and then imagine what it's like for those of us stuck here with no way out. | Please be assured that trump is not going to invade Greenland or any place.",-0.46358516359967844,Country,UNC,UNC25
332,Cobb County,7,33.94147,-84.57667,"Lol I just want to say I lived with you in Cobb last year and I was too scared to ask if your room was also really yellow? | Aww, I miss seeing everyone in Cobb as well! | People have been ballin at Cobb all day everyday since move-in week | Back when I lived in Cobb, lots of the people I ended up meeting on the courts were just local high schoolers/high school grads. | I live in Cobb, and apparently there were paramedics and a stretcher.",-0.2672372375215803,State,UNC,UNC26
333,Lenoir City,6,35.7973,-84.25603,"- I got it from the bottom of Lenoir 
- it tasted like nothing but I knew something was off
- I’m saving it to show on Saturday 
- I was able to speak to the manager of lenoir about this
- I’m not sick (yet)
- I felt queasy at first but I hope that was just in my head | - I got it from the bottom of Lenoir 
- it tasted like nothing but I knew something was off
- I’m saving it to show on Saturday 
- I was able to speak to the manager of lenoir about this
- I’m not sick (yet)
- I felt queasy at first but I hope that was just in my head | From what I have seen, I would much rather eat at Lenoir. | I’m gonna eat at top of lenoir like the rest of ya :) | To the guy who was walking around Lenoir maskless and grabbing large numbers of utensils just to put those back into an utensil holder Some of us are immunocompromised or have immunocompromised family members

F\*ck you, for being such inconsiderate d\*ck",-0.04719195266564687,City,UNC,UNC27
334,District of Columbia,6,38.91706,-77.00025,"Final Soldier Killed in Black Hawk Collision Identified as Family, Friends Grieve The pilot of the US Army Black Hawk helicopter involved in the tragic collision/aviation disaster in Washington DC was identified as Captain Rebecca Lobach. | Lots of people suddenly swoop in and fill your schedule, and they start by getting you up to D.C. pretty quick. | Ever since my first campaign we’ve always approached this challenge as a team, so to be able to spend my first week in D.C. with her by my side just felt right. | She got a master’s from Carnegie Mellon, has a great job, and owns her own place in DC, and is way more successful than the rest of our high school group, myself included. | I’ve been to DC multiple times and I think that takes the cake from what I’ve seen personally",0.2940298567215602,State,UNC,UNC28
335,Arizona,6,34.5003,-111.50098,"I was on campus as well and let me just say, had I gotten tickets in Arizona, I would’ve skipped class without any hesitation. | Anyway, this happened in AZ but I'm sure other states have similar laws. | They didn’t AZ has very specific laws on towing and they were issues a promissory note. | Arizona is at 25%. | Deportations happening in New Mexico, Massachusetts, North Carolina, Arizona, Texas, Illinois, etc… https://www.pbs.org/newshour/show/migrants-in-u-s-legally-and-with-no-criminal-history-caught-up-in-trump-crackdown

Also all it took was a 2 second google search.",-0.0335047550421829,State,UNC,UNC29
336,Outer Banks,7,-25.15,152.96666,"I have it on good authority that it’s in fact The Summer I Turned Outer Banks. | One person confirms it’s TSITP and one confirms it’s Outer Banks. | It’s Outer Banks. | No, its Outer Banks | They confirmed its Outer Banks",0.015359868095921618,Natural Feature,UNC,UNC30
337,Utah,6,39.25024,-111.75103,"As someone who has attended both universities (undergrad at UNC, grad school at the U) there are some differences between the schools that I think should limit the spread at Utah when compared to what UNC has experienced so far even with the same policies in place. | Utah is much more of a commuter school than UNC, with a much larger proportion of the student body living off of campus. | Additionally there is significantly more on campus dorm housing at UNC and in much larger capacity buildings than Utah has (Hinton James where one of the clusters is located for example is a 10 story dorm building that typically houses 900 students on campus). | UNC also per my experience in a typical year (i'm not there now so I can't comment on what the party scene currently looks like) has more of a party scene than Utah, most likely because of the greater number of students living in close proximity on campus as well as a larger and more robust Greek system. | That isn't to say that an outbreak of equal magnitude couldn't occur at Utah, but there are some advantages that the university has that should limit and/or slow down any outbreaks when compared to what has happened at UNC.",0.13161291647702456,State,UNC,UNC31
338,Canada,5,60.10867,-113.64258,"The qualified candidates and researchers will try to go somewhere else: Canada, UK, EU, China, India, any other nation that wants to strip our infrastructure for valuable parts. | A man who threatens the right to exist for Greenland, Ukraine, even Canada. | Having said all that, I am convinced that greenland, panama, canada etc is all part of his usual grandstanding where he makes a lot of noise of perceived leadership to appease his now-mass programmed base and to do absolutely nothing, but will claim some sort of deal (remember he wrote this crappy book the art of the deal). | Same with canada. | Better stock up on your potassium now that we're in a trade war with Canada",-0.3325918512418866,Country,UNC,UNC32
339,Kamalabaria N.C.,5,26.7685,94.19297,"I’m fairly certain you could vote in N.C. if you wanted to. | I didn’t vote in N.C. the one (non-presidential) election I was here before I knew I’d be here long term. | There is no good reason to not be in favor of legally registered voters being given tools to aid in voting, especially bc the id laws were pushed on N.C.  

Everyone should be thrilled that Carolina is offering a solution to meeting the required benchmark for registered voters. | There are lab kits available through a few sources in N.C. for lower-division classes like the general chemistries and bio. | Local/State Elections Matter:  UNC board slashes diversity program funding, diverts money to public safety resources >RALEIGH, N.C. -- As North Carolina's public university system considers a vote on changing its diversity policy, the system's flagship university board voted Monday to cut funding for diversity programs in next year's budget.",-0.021908243745565416,City,UNC,UNC33
340,Caps,5,32.37318,-99.84704,"However the process for going to caps is a hectic one, you need to take an hour long useless mental examination. | CAPS works well as a starting point. | Have you tried going to CAPS? | If you don’t want to go to CAPS, talk to your friends or someone you trust. | Walk into CAPS and talk to someone there.",-0.03062090100720525,City,UNC,UNC34
341,South Campus Complex,5,43.50972,-83.96139,"We had some nice chats at 3 am when I was doing the walk of shame from the UL back to South Campus. | How about that DTH “april fools” joke about south campus though | Missing all of South Campus & all of the apartments & homes on 15-501 & S Columbia - close, but this ain't it chief | * There are also buses in the evening called P2P express buses you can take, they’re white buses that cycle between South campus and Franklin street. | * If you live on South Campus, **they have a Starbucks at the hospital if you’re looking for an alternative place to grab coffee/breakfast**.",0.08473750706762076,Building,UNC,UNC35
342,Alabama,5,32.75041,-86.75026,"Alabama pulled ahead with 531 in a week. | Hope Alabama also switches to online only. | But Alabama tested over 40k their positive rate is 1.2%. | There are 11 SEC schools outside the top 100 (Auburn, Missouri, Tennessee, Oklahoma, South Carolina, Kentucky, Alabama, LSU, Ole Miss, Arkansas, Miss. | Alabama  
169.",0.014483426680089905,State,UNC,UNC36
343,New Orleans,5,29.95465,-90.07507,"i requested tickets for next weekend but not sure how i will get to nola if i get tickets. | A Chapel Hill man and former CH police officer was arrested for allegedly planning a mass shooter attack in New Orleans. | If we play in the Natty on Monday I’m simply taking a 0 on the exam and going to New Orleans. | Already have hotel tix booked in NOLA, hoping I can snag tix. | Hotels in NOLA are minimum $400, that’s why we are trying to stay in Baton Rouge ($150)",-0.03698954945430159,City,UNC,UNC37
344,Wilmington,5,39.74595,-75.54659,"The code name for the project is “Strawberry Fields.” The same project filmed in Wilmington earlier this year, and someone from the Wilmington sub said it was actually filming for the Amazon series “The Summer I Turned Pretty.” 

There was also a call for extras that look college age, if that sounds interesting just google “chapel hill film extras” and info should pop up | The code name for the project is “Strawberry Fields.” The same project filmed in Wilmington earlier this year, and someone from the Wilmington sub said it was actually filming for the Amazon series “The Summer I Turned Pretty.” 

There was also a call for extras that look college age, if that sounds interesting just google “chapel hill film extras” and info should pop up | Lol idk if you ever saw the reasoning behind this but apparently there were scenes planned but never filmed of them taking an uber from Wilmington or something | I’m from Wilmington so I just voted there last Saturday as I know the local people running much better there | I voted last Saturday in Wilmington!",0.18764640279114247,City,UNC,UNC38
345,Los Angeles,5,34.05223,-118.24368,"Where are the LA riots like protests? | Guess we want all out hardware and clothing stores being emptied out by flash mobs like San Francisco and LA | For a town with only 75,000 people,  the traffic is more like L.A. | NC scarier to drive in than Los Angeles, can confirm. | And I lived in LA!",-0.3179181508719921,City,UNC,UNC39
346,Florida,5,28.75054,-82.5001,"i'm in FL. | Florida State  
51. | Might be connected to the guy who was arrested in Florida today? | Florida is at 19%. | Florida is already an absolute mess and as a grad student/staff member I’m pretty worried.",-0.17756986259482802,State,UNC,UNC40
347,Embassy of the United States,4,-35.30653,149.11623,"Israel is a key figure for the United States in the Middle East, essentially controlling Iranian movement. | This is just short of declaring war on Denmark - a country that has stood as a close ally of the United States for nearly a century. | Unfortunately the recently elected president of the United States is an embarrassment to both himself, our nation and the international community. | The comparison to Candace Owens and the JVP is not accurate and is especially weak as an argument considering the strong solidarity between the Palestinian liberation movement and Black activism in the United States (also referenced in my post).",-0.39378084568306804,Building,UNC,UNC41
348,Kenan Stadium,4,35.90709,-79.04807,Chalk art seen at Kenan Stadium today | The Kenan Stadium expansions are privately funded. | Nightfall over Kenan Stadium | Beautiful day out at Kenan Stadium!,0.23872181808110327,Building,UNC,UNC42
349,Kentucky,4,38.20042,-84.87762,"I was going to say not as bad as Kentucky's but at least they are updating daily. | There are 11 SEC schools outside the top 100 (Auburn, Missouri, Tennessee, Oklahoma, South Carolina, Kentucky, Alabama, LSU, Ole Miss, Arkansas, Miss. | Kentucky  
169. | Then we lost to Kentucky for a double whammy.",-0.11844506745546823,State,UNC,UNC43
350,Maryland,4,39.00039,-76.74997,"A guy named Nathan Milian who lives in Maryland watches on the Camaras to see if people misuse the parking lot. | The property owner whose name I forget is the one who lives in Maryland. | That's what the Canadian Degree Qualification Frameworks concluded (apparently, MD with some college but no degree is possible there):

> Though considered to be bachelor’s programs in academic standing, some professional programs yield degrees with other nomenclature. | y'all havnt even SEEN maryland drivers",-0.09048859495669603,State,UNC,UNC44
351,Switzerland,4,47.00016,8.01427,"I'll be in CH on Thu. | LMAO on second glance it says drug trafficker but I thought it meant sex trafficker bc of the “6 women = brothel” rule in CH rip | Walking around CH when the crape myrtles and cherry blossoms are ""blooming"" is something else. | Even their [editorial statement about it](https://www.dailytarheel.com/article/statement-from-the-editor-satire-edition-20260401) reeks of ""ChatGPT write me a heartfelt apology""

I didn't think it was possible to top that ""joke"" DTH editorial from a decade or so ago where some 19 year old white girl wrote a whole facetious screed about building a border fence between Durham and CH to make CH safe from undesirables and was equally surprised by the negative backlash.",-0.1705327461240813,Country,UNC,UNC45
352,New York City,4,40.71427,-74.00597,"One of my co workers told me how he went to school in New York City and they only took one day off when 9/11 happened because they didn’t want the perpetrators to have the power of disrupting everyone’s lives more then they already had | I went to some clubs in NYC with friends last month and they ask to see our vaccine cards but nothing in NC | In a much earlier epidemic, Typhoid Mary was found to be the asymptomatic super-spreader of Typhoid Fever through New York City. | She was released from quarantine by a new Public Health Commissioner, and a new cycle of Typhoid Fever began in NYC.",-0.275870393961668,City,UNC,UNC46
353,East Franklin,4,40.6212,-76.43051,"Chapel of the Cross on East Franklin, across from the Planetarium :) 304 E Franklin St, open tomorrow from 8am to 7:30pm! | ](https://www.ncsbe.gov/voting/voter-id#acceptable) 

The closest early voting site to campus is Chapel of the Cross on East Franklin, across from the Planetarium. | ](https://www.ncsbe.gov/voting/voter-id#acceptable) 

The closest early voting site to campus is Chapel of the Cross on East Franklin, across from the Planetarium. | ](https://www.ncsbe.gov/voting/voter-id#acceptable) 

The closest early voting site to campus is Chapel of the Cross on East Franklin, across from the Planetarium.",0.11419231753097847,City,UNC,UNC47
354,Planetarium,4,52.5433,13.4278,"Chapel of the Cross on East Franklin, across from the Planetarium :) 304 E Franklin St, open tomorrow from 8am to 7:30pm! | ](https://www.ncsbe.gov/voting/voter-id#acceptable) 

The closest early voting site to campus is Chapel of the Cross on East Franklin, across from the Planetarium. | ](https://www.ncsbe.gov/voting/voter-id#acceptable) 

The closest early voting site to campus is Chapel of the Cross on East Franklin, across from the Planetarium. | ](https://www.ncsbe.gov/voting/voter-id#acceptable) 

The closest early voting site to campus is Chapel of the Cross on East Franklin, across from the Planetarium.",0.11419231753097847,Building,UNC,UNC48
355,Texas,4,31.25044,-99.25061,"Texas  
46. | Texas A+M

The bigger difference is probably in the **bottom part** of the distribution. | Deportations happening in New Mexico, Massachusetts, North Carolina, Arizona, Texas, Illinois, etc… https://www.pbs.org/newshour/show/migrants-in-u-s-legally-and-with-no-criminal-history-caught-up-in-trump-crackdown

Also all it took was a 2 second google search. | Deportations happening in New Mexico, Massachusetts, North Carolina, Arizona, Texas, Illinois, etc… https://www.pbs.org/newshour/show/migrants-in-u-s-legally-and-with-no-criminal-history-caught-up-in-trump-crackdown

Also all it took was a 2 second google search.",-0.06824237713590264,State,UNC,UNC49
356,Taiwan,6,24.0,121.0,"He’s from Taiwan and used to serve in their military. | He reminds me a bit of my grandpa who lives in Taiwan. | Interesting thing about Taiwan, they still require mandatory military service for 1 year for all qualified male citizens. | His name is Gregory and in my experience he's just a nice old man from Taiwan who really likes classical music/opera, poetry, flowers, baseball, and will generally talk your ear off if you give him the chance. | The TEFL program at Tunghai University in Taiwan (a good school but not an elite school).",0.17099229983674982,Country,UNC,UNC50
357,Earth,3,0.0,0.0,"I would bring hell to Earth | I'd be curious to see how on Earth they follow this up. | UNC Class of ‘01 here — this saddens me as someone who thinks Chapel Hill is one of the most beautiful places on Earth, but I empathize as my 5 years there were rough as well.",-0.36576425718764466,Building,UNC,UNC51
358,Mexico,3,23.0,-102.0,"Mexico already refusing the flights full of detainees. | Also, you say Mexico has guns, but you know where the guns are smuggled from? | I don't fully understand it either, but I remember reading that there are industrial style facilities in Mexico producing fentanyl in large quantities intended for the US.",-0.45521055658658344,Country,UNC,UNC52
359,Massachusetts,3,42.36565,-71.10832,"Look at Massachusetts as an example. | Deportations happening in New Mexico, Massachusetts, North Carolina, Arizona, Texas, Illinois, etc… https://www.pbs.org/newshour/show/migrants-in-u-s-legally-and-with-no-criminal-history-caught-up-in-trump-crackdown

Also all it took was a 2 second google search. | Deportations happening in New Mexico, Massachusetts, North Carolina, Arizona, Texas, Illinois, etc… https://www.pbs.org/newshour/show/migrants-in-u-s-legally-and-with-no-criminal-history-caught-up-in-trump-crackdown

Also all it took was a 2 second google search.",-0.06298842405279477,State,UNC,UNC53
360,Hinton James Residence Hall,3,35.9023,-79.0433,At that point we left and walked back to Hinton James to go to sleep. | てへぺろ~ I'm just a wittle freshman living in Hinton James and thinking of m-majowing in CS. | Additionally there is significantly more on campus dorm housing at UNC and in much larger capacity buildings than Utah has (Hinton James where one of the clusters is located for example is a 10 story dorm building that typically houses 900 students on campus).,0.05886269609133402,Building,UNC,UNC54
361,Al Bank al Brīţānī lish Sharq al Awsaţ,3,25.2643,55.29326,"Israel is a key figure for the United States in the Middle East, essentially controlling Iranian movement. | Iranian Parliament members came together and chanted 'Death to America' just three years ago - this is nothing new and is reciprocated by much of the Middle East, which holds the US responsible for its slow development or regression. | Drug addicted braindead students who don't realize that palestinians are zealous animals who every nation in the region (including all the arab ones) want nothing to do with, are angry that Isreal (the only functional civilization in the middle east) has finally had enough of their bullshit.",-0.4476760669300954,Natural Feature,UNC,UNC55
362,Austurland,3,65.0,-15.0,"that’s beans, she’s a cat that lives in the bush under old east. | So that’s why I always see food bowls near old east! | Adopted in the east tho",0.060178576546604745,State,UNC,UNC56
363,Old Well,4,37.12181,-78.8239,"Many University websites and accounts have already replaced some Old Well iconography. | It’s at Davie Poplar behind Old Well. | We will have chalk at the parent Rally on Thursday at Davie Poplar, behind Old Well, to use or take. | The Parents Rally on Thursday 11a-3p will be at Davie Poplar behind Old Well, look for yellow!!",0.024600214208476245,Building,UNC,UNC57
364,Kenan,3,-3.45865,18.443,"Pray for us chemistry peeps

Edit: in Kenan, waiting for evacuation. | I believe Kenan is open to the public during daytime hours when the gates are open and a game isn’t going on. | Kenan looks like that whole game",0.023053977638483047,City,UNC,UNC58
365,East Coast,3,37.02332,-77.36954,"The east coast college culture is such a different vibe than the west coast. | The cities are more East Coast, the rural areas more South. | My background is thoroughly west coast, so the east coast traits of NC are pretty easy to notice for me.",0.276773394861569,Region,UNC,UNC59
366,Craige,3,46.13543,-117.02376,"I always had heard there was another access point somewhere around Craige deck and the steam cogeneration plant but my friends and I were never able to find it. | When I lived in Craige one of my suitemates put up a second shower rod with a curtain so there was a divider between the toilet area and the sink area | If I left supplies (water, Tylenol) etc in the front of Craige would you all be able to get them?",-0.04583026992622763,City,UNC,UNC60
367,Carr Mill,3,53.47639,-2.71971,"I go to Carr Mill pretty frequently and always get a receipt from whatever business I go to just in case i come out to find my car gone and I have to prove I was shopping at one of the businesses. | But it’s not the businesses in Carr Mill who hire the towing company, it’s the guy who owns Carr Mill. | I do still shop and park at Carr Mill but I do not step foot off the property or even go close to the street.",-0.06620749831199646,Neighborhood,UNC,UNC61
368,Carolina,5,35.38847,-81.37147,"Visit the [Carolina cupboard](https://carolinacupboard.web.unc.edu/visit-the-pantry/), they have frozen, canned meals, fruits and veggies! | Can we change it to the new color closet to Carolina blue? | The one in my hometown is garbage so it was enlightening to come to Carolina and try one that was actually really damn good. | http://alertcarolina.unc.edu !Alert Carolina! | Remember the ""Carolina way?""",0.05678636240772903,Neighborhood,UNC,UNC62
369,Orange County,9,30.12131,-93.8939,"I just realized I'm not registered to vote in Orange county, is it too late to do that? | It's *not* too late to register to vote here, but the early voting period is the **last** chance to register to vote in Orange County! | Dropping some resources that can hopefully help :) 

It's *not* too late to register to vote here, but the early voting period is the **last** chance to register to vote in Orange County! | \- Chapel Hill Police non-emergency line         919-968-2760 - 8:30 a.m. to 5 p.m. Monday through Friday     

\- Orange County Health Department         919-245-6111 (messages left after hours will be returned the next business day)         Reporting form: [orangecountync.gov/RegisterComplaint](http://orangecountync.gov/RegisterComplaint)

\- UNC-Chapel Hill Student Conduct Referral Form:     [cm.maxient.com/reportingform.php?UNCChapelHill&layout\_id=23](http://cm.maxient.com/reportingform.php?UNCChapelHill&layout_id=23)

 \- 911 after hours 

&#x200B;

 Source: [https://www.townofchapelhill.org/Home/Components/News/News/16559](https://www.townofchapelhill.org/Home/Components/News/News/16559)

&#x200B;

&#x200B;

Should I share this as its own post or try and publicize this info among students (the ones who are being careful/distant) or do you think everyone already has these info handy? | Does anyone have a link to a list of early voting locations in Orange County?",0.03067094954248104,State,UNC,UNC63
370,Chapel of the Cross,3,35.91469,-79.04991,"](https://www.ncsbe.gov/voting/voter-id#acceptable) 

The closest early voting site to campus is Chapel of the Cross on East Franklin, across from the Planetarium. | ](https://www.ncsbe.gov/voting/voter-id#acceptable) 

The closest early voting site to campus is Chapel of the Cross on East Franklin, across from the Planetarium. | ](https://www.ncsbe.gov/voting/voter-id#acceptable) 

The closest early voting site to campus is Chapel of the Cross on East Franklin, across from the Planetarium.",-0.0018876849208027124,Building,UNC,UNC64
371,Battle Park,5,39.16498,-107.48617,"Dog tried to attack me at Battle Park I was out hiking today at Battle Park and came across a middle aged couple with a large black pit bull. | Dog tried to attack me at Battle Park I was out hiking today at Battle Park and came across a middle aged couple with a large black pit bull. | If you go hiking at Battle Park PLEASE either put your dog on a leash or train it not to charge at strangers. | But no matter the breed, all dogs should be leashed in Battle Park. | *Goes to Battle Park, surprised there was a battle with a dog*.",-0.25321906693279744,City,UNC,UNC65
372,Davie Poplar,3,35.91301,-79.0518,"The Parents Rally on Thursday 11a-3p will be at Davie Poplar behind Old Well, look for yellow!! | It’s at Davie Poplar behind Old Well. | We will have chalk at the parent Rally on Thursday at Davie Poplar, behind Old Well, to use or take.",0.0366549453077217,Building,UNC,UNC66
373,Republic of Cameroon,3,6.0,12.5,"I was shocked at the amount of students that used doordash, even some friends I had that literally lived in dorms on Cameron in freshman year that were only a few minute walk to pick up. | I have Duke up 10-8 at Cameron, UNC up 10-9 in Dean Dome, and Duke up 4-1 in ACC Tourney since Roy came back as head coach. | Yeah, I was looking at the Google street view of around frat court as well as some of the houses that are on Cameron and I just couldn’t narrow it down enough to pinpoint which one it was.",-0.057453853699068226,Country,UNC,UNC67
374,Italian Republic,3,42.83333,12.83333,"Removing DEI, social justice spaces like the Y and other safe locations will not silence the communities you are trying so hard to marginalize. | They closed the campus Y indefinitely because protestors were using bathrooms and they don't like DEI? | As an arsenal fan rooting for Italy that last penalty was so bittersweet",-0.31168924396236736,Country,UNC,UNC68
375,Michigan,3,44.25029,-85.50033,"Big Gretch from Michigan who is not part of this disaster could win. | I think rush and hazing are as toxic as water pipes in my Flint, MI. | People in Michigan tend to drive more aggressively in Ohio, for example.",-0.368699970189482,State,UNC,UNC69
376,Illinois,3,40.00032,-89.25037,"Deportations happening in New Mexico, Massachusetts, North Carolina, Arizona, Texas, Illinois, etc… https://www.pbs.org/newshour/show/migrants-in-u-s-legally-and-with-no-criminal-history-caught-up-in-trump-crackdown

Also all it took was a 2 second google search. | Deportations happening in New Mexico, Massachusetts, North Carolina, Arizona, Texas, Illinois, etc… https://www.pbs.org/newshour/show/migrants-in-u-s-legally-and-with-no-criminal-history-caught-up-in-trump-crackdown

Also all it took was a 2 second google search. | And yet, I find the drivers here less reckless and much more courteous than in Illinois.",0.03381608923276266,State,UNC,UNC70
377,Chicago,3,41.85003,-87.65005,"Moved here from Chicago three years ago. | Something like 4,000,000 in the Chicago metro area. | He’s from Chicago so definitely not a cardinals fan",-0.15069232298992574,City,UNC,UNC71
378,The Carolina Inn-Chapel Hill,2,35.9101,-79.0553,"I have done work in the kitchen area of the self proclaimed ""world class dining"" in the Carolina Inn and lots in the kitchen area of Lenoir. | Pretty sure it on West Cameron Ave. across from the Carolina Inn.",0.02870746050029993,Building,UNC,UNC72
379,Republic of Korea,2,36.5,127.75,"And we know is allowing it because these issues are not the main focus in other countries like South Korea. | I noticed a decidedly anti-Asian bias in one of the leaders, to the point that she would turn off my Korean music with no explanation and dismiss my interest in Korea in general.",-0.5432275757193565,Country,UNC,UNC73
380,Makemo,2,-16.59836,-143.72349,"Yep, I was in Philipps similar thing. | Lowkey grateful my classes are in Philipps, Hanes, and prob Sitterson

They’re all together",0.4408176018623635,,UNC,UNC74
381,Deyang,2,31.13019,104.38198,"My class was next door in Dey and we actually did a really excellent job of locking down, I’m so proud of my classmates and professor. | My very first class at UNC was a Tuesday morning at Dey there on the right.",0.49319809419102967,City,UNC,UNC75
382,Melaka,2,2.25,102.25,"There are some apartments there like Union and lark and a decent amount of houses down mlk, got a couple of friends who live in those. | I realized he had pulled up to every light next to me from south campus past the hospitals all the way to the light near MLK but I didn’t notice he was staring and being weird til that last light.",0.06281542405486107,State,UNC,UNC76
383,Virginia,2,37.54812,-77.44675,"i don’t go to either school (from Virginia here) but ngl y’all aren’t even that different in rankings. | The Virginia database is mentioned in [this tweet](https://twitter.com/dogarrett/status/1422566729717276678?s=20), and there is the [NC Covid-19 Vaccine Portal](https://covid19.ncdhhs.gov/vaccines/after-youve-been-vaccinated/your-vaccine-information#step-1-go-to-the-north-carolina-covid-19-vaccine-portal), but information there is limited :(",-0.3389418497681618,State,UNC,UNC77
384,Sakai,2,34.58216,135.46653,"Thank god we’re moving on from Sakai soon, I absolutely hated it lmao | All the materials and assignments are already on sakai.",-0.1511030555702746,City,UNC,UNC78
385,McCorkle,2,36.67621,-82.38598,"I know that's wrong but along those lines) and another member who I believe voted against the plan cause he wanted the statue back in McCorkle. | oh that's probably why I don't know him, most of my classes are in Genome and I live in south campus so I think I've been thru McCorkle like twice this year",-0.2779555842280388,City,UNC,UNC79
386,Unguia,2,8.03333,-77.0833,"Having frequented many bars around the UNC/carrboro area, the coke scene is huge here and it's for sure that a lot of it is laced with some shit. | Those counties around unc are high Covid numbers which may help in person classes if they begin to turn around in a month.",-0.1214255839586258,Building,UNC,UNC80
387,Denver,2,39.73915,-104.9847,"I have one in my town outside of Denver and like it for an easy work lunch, but I wouldn’t wait in this crazy line. | Denver is a shit show, Boston is a shit show, Seattle shit show.",-0.41005007922649384,City,UNC,UNC81
388,The West Coast,2,40.73889,-74.00889,"The east coast college culture is such a different vibe than the west coast. | I went to graduate school on the west coast for physics and the general workload, happiness, and stress levels varied significantly from one PI to the other that it really opened my eyes to how little structure there is in grad school mentorship",0.23531575500965118,Building,UNC,UNC82
389,Carmichaels,2,39.89674,-79.9745,"In 1985 or 86, when Carmichael dorm construction was just about done, someone in Teague, where I lived, found that they were storing brand new mattresses in a storage room on the basement floor. | Athletes in Carmichael got it before regular students even moved back in",-0.007013890193775296,City,UNC,UNC83
390,Teague,2,32.28096,-103.18602,"In 1985 or 86, when Carmichael dorm construction was just about done, someone in Teague, where I lived, found that they were storing brand new mattresses in a storage room on the basement floor. | In Teague, we just had the alarms go off at 8:10 in the morning.",-0.008121287217363715,,UNC,UNC84
391,London,2,51.50853,-0.12574,Let your sister know her video made it to London! | I was having a hard time adjusting back to campus after a semester in London.,-0.24678851291537285,City,UNC,UNC85
392,Islamic Republic of Afghanistan,2,33.0,66.0,"Danes have fought and died alongside Americans in Afghanistan and Iraq, including friends and family members of mine. | Congratulations Congressman - 

I am very pleased to see another recent vet elevated to Congress - your experience in Afghanistan will, I hope, guide your thinking when other international conflicts move beyond what diplomacy and trade sanctions can mitigate.",0.026575177907943726,Country,UNC,UNC86
393,Carr Mill Mall,2,35.9115,-79.07112,"The solution is not to spend money at any of the above places, especially Carr Mill Mall which has been enforcing their parking lot by hiring predatory towing companies like this for literally 20+ years at this point (same with McDs). | The sign states we can park there if we are eating, this is costing $360 or $280 cash this is the carr mill mall parking lot.",-0.3243043627589941,Building,UNC,UNC87
394,El Paso,2,31.75872,-106.48693,"I went with two friends to Target on Franklin but parked in the Panera lot, we weren’t even there for 10 minutes, I come back and my car was gone. | I had someone on Franklin LEAN on their horn because I waited to let oncoming traffic pass before turning left into Chipotle.",-0.08279017359018326,City,UNC,UNC88
395,Venable,2,35.52622,-82.60679,"I posted a comment with an anecdotal account of a customer being towed while at venable in carborro, and also the articles i posted talk about this as well. | I posted a comment with an anecdotal account of a customer being towed while at venable in carborro, and also the articles i posted talk about this as well.",-0.031470365822315216,City,UNC,UNC89
396,Ehringhaus Residence Hall,2,35.9043,-79.0429,"Me, sitting at ehringhaus right now | The Daily Tar Heel on Twitter: 

“BREAKING: Carolina Housing reported two COVID-19 clusters today: one at Granville Towers and one at Ehringhaus Residence Hall.",-0.006023132591508329,Building,UNC,UNC90
397,Franklin,2,41.60899,-72.14591,Silent Sam was in his place of honor on McCorkle Place right along Franklin until 2018 and only removed because the students and community forcibly took it down. | the positive reaction towards canes and people eating there three times a week was kind of the last nail in the coffin for any hope of small businesses on franklin surviving.,-0.1849930826574564,City,UNC,UNC91
398,Morehead Planetarium,2,35.91469,-79.05154,"Chapel of the Cross, next to Morehead Planetarium, is the most convenient early voting spot near campus. | Most of the Apollo, Gemini, and Mercury astronauts were trained in celestial navigation at Morehead Planetarium throughout the 60s and early 70s... including Buzz Aldrin and Neil Armstrong.",0.4229155897628516,Building,UNC,UNC92
399,Berkeley,2,37.87159,-122.27275,"Cal (Berkeley)  
20. | I've been to Berkeley many times and there are some places that students are advised to never go after dark.",-0.06800625479081646,City,UNC,UNC93
400,Missouri,2,38.25031,-92.50046,"There are 11 SEC schools outside the top 100 (Auburn, Missouri, Tennessee, Oklahoma, South Carolina, Kentucky, Alabama, LSU, Ole Miss, Arkansas, Miss. | Missouri  
102.",-0.0069411034201039,State,UNC,UNC94
401,Tennessee,2,35.75035,-86.25027,"There are 11 SEC schools outside the top 100 (Auburn, Missouri, Tennessee, Oklahoma, South Carolina, Kentucky, Alabama, LSU, Ole Miss, Arkansas, Miss. | Tennessee  
110.",-0.004209294027532451,State,UNC,UNC95
402,Oklahoma,2,35.49209,-97.50328,"There are 11 SEC schools outside the top 100 (Auburn, Missouri, Tennessee, Oklahoma, South Carolina, Kentucky, Alabama, LSU, Ole Miss, Arkansas, Miss. | Oklahoma  
127.",-0.005651466126437299,State,UNC,UNC96
403,University of Mississippi,2,34.36677,-89.53536,"There are 11 SEC schools outside the top 100 (Auburn, Missouri, Tennessee, Oklahoma, South Carolina, Kentucky, Alabama, LSU, Ole Miss, Arkansas, Miss. | Ole Miss  
183.",-0.02350449799268972,Building,UNC,UNC97
404,Arkansas,2,34.75037,-92.50044,"There are 11 SEC schools outside the top 100 (Auburn, Missouri, Tennessee, Oklahoma, South Carolina, Kentucky, Alabama, LSU, Ole Miss, Arkansas, Miss. | Arkansas  
208.",-0.008806853133137338,State,UNC,UNC98
405,Miami,2,25.77427,-80.19366,"Miami  
69. | The U( that’s what we call it, not Miami) has a lot of the same measures as Chapel Hill it seems.",-0.006027028546668589,City,UNC,UNC99
406,Louisville,2,38.25424,-85.75941,"Louisville

SEC

102. | Check out Louisville’s new(er) stadium with all the modern amenities.",0.13013962609693408,City,UNC,UNC100
407,Greensboro,2,33.57568,-83.18238,"I know “N Greensboro” means Greensboro Street, but I’m choosing to believe that one of these metro lines will run all the way to my home in actual Greensboro | I know “N Greensboro” means Greensboro Street, but I’m choosing to believe that one of these metro lines will run all the way to my home in actual Greensboro",0.01557108759880066,City,UNC,UNC101
408,Federal Republic of Germany,2,51.5,10.5,Didn't you re-post a flyer/poster yesterday with an unusually familiar font to the one used by Nazi Germany to persecute the Jewish population? | You may want to Google the Havaara agreement (The agreement between Nazi Germany and the Zionists) and Phalangist Nazis that were abetted and propped as dictators in Lebanon before calling Arabs Nazis,-0.4974840581417084,Country,UNC,UNC102
409,Asheville,2,35.60095,-82.55402,"There's a black guy in Asheville that dresses up with a Confederate flag and walks around yelling about how the south was right in the civil war, etc. | I was shocked that cities like Asheville had very few people wearing masks or social distancing and almost no one on the trail I hiked was practicing any sort of safety precautions.",-0.4308399558067322,City,UNC,UNC103
410,Interchange 110,2,42.67833,-84.43306,"There will still be plenty of seats in 110, since that course is a service to the general university. | Not sure what programming language they use in 110 now but the lower the language level, the harder it is to have different code.",-0.04941542446613312,Road,UNC,UNC104
411,Polk Place,2,35.91075,-79.05048,"Kind of like how they won't do anything about the granite steps until someone leaks their brain onto Polk Place. | As far as the more detailed ""what's up"", the DTH is tweeting vids from the site; protestors pushed back police barricades and took down the US flag at Polk Place and ran the Palestinian flag up the flag pole.",-0.45480531454086304,Neighborhood,UNC,UNC105
412,Canal del Forn de la Calç,2,42.55379,1.54104,The first was in Calc. | Then it happened again in Calc.,-0.13584407535381615,Natural Feature,UNC,UNC106
413,Republic of Kazakhstan,2,48.0,68.0,"I'm pretty sure that's actually Kazakhstan Style Leg of Lamb

Kazakhstan number one exporter of potassium, all other countries have inferior potassium | I'm pretty sure that's actually Kazakhstan Style Leg of Lamb

Kazakhstan number one exporter of potassium, all other countries have inferior potassium",-0.08119799941778183,Country,UNC,UNC107
414,Wake County,2,35.79012,-78.65022,hey i am from wake county and got deferred and rejected. | It’s the accepted Wake County symbol for under distress.,-0.2942782202735543,State,UNC,UNC108
415,Akron,2,41.08144,-81.51901,"Ended up going to Akron instead and loved it. | If I didn't go to Akron, I wouldn't have met some of my best friends and now fiance, and I wouldn't have my dream job right now.",0.43797690235078335,City,UNC,UNC109
416,Quad,2,40.77078,-111.75827,Walked through campus several weeks ago for the Spring football game and was somewhat shocked at the condition of the Quad and buildings. | The Quad seemed to be all weeds and many buildings needed a good pressure washing.,-0.3300875537097454,City,UNC,UNC110
417,Ohio,2,40.25034,-83.00018,"May 1970, after Nixon announced the invasion of Cambodia, four were dead in Ohio, and UNC joined 300 or so other universities in a student-led strike. | People in Michigan tend to drive more aggressively in Ohio, for example.",-0.22373337647877634,State,UNC,UNC111
418,Chase,2,40.565,-101.82045,Moldy Food @ Chase | The sort of quarantine in Chase,-0.029717382043600082,City,UNC,UNC112
419,Suðurland,2,64.0,-19.0,Wait WTH is gonna happen when Friday Center is full now that South is closing ? | North Carolinians' geographical position in the U.S. is such that they get a lot of the good and bad of the East Coast and the South at the same time.,-0.07463547633960843,State,UNC,UNC113
420,Erwin,2,35.32683,-78.67613,"Move this to duke or NC state where it’s still recognized | If you think that the game was rigged, go outside and touch some grass

Both teams were really good and I'm excited for Saint Peter's future

But damn, UNC vs Duke game",0.2708872822113335,City,UNC,UNC114
421,Hamilton Hall,3,41.37454,-72.10035,"Hamilton hall is the biggest eye sore on campus, the cheap 70s architecture has pretty much no character, the building is in a color the meshes with no other buildings on campus, and for literally no reason it is abnormally tall. | However, I have never in my life heard someone say they like the atrocity that is Hamilton hall. | How do people hate on those buildings, which are very unique and well designed in their architecture, but not on buildings like Hamilton hall.",-0.616335799296697,Building,UNC,UNC115
422,Government Center,2,42.36093,-71.05922,"**[Government Center, Boston](https://en.m.wikipedia.org/wiki/Government_Center,_Boston)** 
 
 >Government Center is an area in downtown Boston, centered on City Hall Plaza. | Formerly the site of Scollay Square, it is now the location of Boston City Hall, courthouses, state and federal office buildings, and a major MBTA subway station, also called Government Center.",-0.00285491970134899,Building,UNC,UNC116
423,Boston,2,42.35843,-71.05977,"**[Government Center, Boston](https://en.m.wikipedia.org/wiki/Government_Center,_Boston)** 
 
 >Government Center is an area in downtown Boston, centered on City Hall Plaza. | Denver is a shit show, Boston is a shit show, Seattle shit show.",-0.47412044438533485,City,UNC,UNC117
424,Lowo Aepi,2,-8.55823,121.61168,"I spoke to a girl who is dating someone in aepi. | It is as follows: 

#“Curious why the tent people haven’t burned down AEPi yet.",-0.06516541820019484,Natural Feature,UNC,UNC118
425,New Mexico,2,34.50034,-106.00085,"Deportations happening in New Mexico, Massachusetts, North Carolina, Arizona, Texas, Illinois, etc… https://www.pbs.org/newshour/show/migrants-in-u-s-legally-and-with-no-criminal-history-caught-up-in-trump-crackdown

Also all it took was a 2 second google search. | Deportations happening in New Mexico, Massachusetts, North Carolina, Arizona, Texas, Illinois, etc… https://www.pbs.org/newshour/show/migrants-in-u-s-legally-and-with-no-criminal-history-caught-up-in-trump-crackdown

Also all it took was a 2 second google search.",-0.07810746133327484,State,UNC,UNC119
426,Seattle,2,47.60621,-122.33207,"Denver is a shit show, Boston is a shit show, Seattle shit show. | As is Seattle, where I was born and raised.",-0.4724295191699639,City,UNC,UNC120
427,South,2,33.45876,-90.15081,"The cities are more East Coast, the rural areas more South. | Someone who has only lived in the north or south of the east coast may be more likely to notice the nuances of NE vs South traits.",0.004894947400316596,Region,UNC,UNC121
428,Lac Natty,2,46.42917,-76.18611,If we play in the Natty on Monday I’m simply taking a 0 on the exam and going to New Orleans. | i went to the natty alone and saw usual idiots that i knew,-0.39670250937342644,Natural Feature,UNC,UNC122
429,Acland,2,-27.30863,151.68976,"1. my friends
2. doing drugs with my friends
3. the arboretum 
4. doing drugs with my friends in the arboretum 
5. the ackland
6. doing drugs in the arboretum with my friends, then wandering like a cloud in trousers to the ackland
7. the library
8. doing drugs in the arboretum with my friends, then wandering like a cloud in trousers to the ackland, and finding ourselves looking at all the picture books in the art library, except they're all covered in shifting winking eyes because we're on drugs 
8. ms mongs 
9. doing drugs in the arboretum with my friends, then wandering like a cloud in trousers to the ackland, and finding ourselves looking at all the picture books in the art library, except they're all covered in shifting winking eyes because we're on drugs, which is a little scary not gonna lie, so we go to ms mongs, which feels like we're aliens remembering how to be human, and we get fried rice coated in white sauce tossed with everything on the menu, which is pretty akin to a religious experience, etc, we finally understand why so many cultures have holy foods 
10. debate club, which is enough of a trip to do sober

now I have to do drugs alone, in my childhood bedroom, stumble to my backyard to smoke a black&mild, blink and find myself in my kitchen eating pickled sausage (how the fuck did I get here? | 1. my friends
2. doing drugs with my friends
3. the arboretum 
4. doing drugs with my friends in the arboretum 
5. the ackland
6. doing drugs in the arboretum with my friends, then wandering like a cloud in trousers to the ackland
7. the library
8. doing drugs in the arboretum with my friends, then wandering like a cloud in trousers to the ackland, and finding ourselves looking at all the picture books in the art library, except they're all covered in shifting winking eyes because we're on drugs 
8. ms mongs 
9. doing drugs in the arboretum with my friends, then wandering like a cloud in trousers to the ackland, and finding ourselves looking at all the picture books in the art library, except they're all covered in shifting winking eyes because we're on drugs, which is a little scary not gonna lie, so we go to ms mongs, which feels like we're aliens remembering how to be human, and we get fried rice coated in white sauce tossed with everything on the menu, which is pretty akin to a religious experience, etc, we finally understand why so many cultures have holy foods 
10. debate club, which is enough of a trip to do sober

now I have to do drugs alone, in my childhood bedroom, stumble to my backyard to smoke a black&mild, blink and find myself in my kitchen eating pickled sausage (how the fuck did I get here?",-0.23841862380504608,City,UNC,UNC123
430,England,2,52.16045,-0.70312,England and Tottenham fanguess I’m cursed to never see my team win | Sorry England lost,-0.7458776533603668,State,UNC,UNC124
431,Baton Rouge,2,30.44332,-91.18747,"We got a hotel in Baton Rouge (1 hr away)! | Hotels in NOLA are minimum $400, that’s why we are trying to stay in Baton Rouge ($150)",0.06585999787785113,City,UNC,UNC125
432,Oval,1,51.48235,-0.11321,"Whether it were Cruz, Desantis or whomever that could've landed in the Oval before him, Project 2025 would have still been enacted.",-0.004488393198698759,Neighborhood,UNC,UNC126
433,Lineberger Acres,1,35.82597,-80.3145,I used to work in Lineberger too long time ago in TCF.,-0.007220656145364046,City,UNC,UNC127
434,Washington,2,47.50012,-120.50147,"So now I'm teaching CS in Washington State. | Yeah, what kind of COVID-19 explanation doesn't even mention the evil robotoid clones in Washington and the Kremlin?",-0.297773858626897,State,UNC,UNC128
435,Europe,1,48.69096,9.14062,"Weird, my grandfather went to Europe to fight fascists in wwII",-0.3305509686470032,Country,UNC,UNC129
436,Moore County,1,35.83769,-101.89292,Hey I was just arrested in Moore County two weeks ago small world,-0.13737069070339203,State,UNC,UNC130
437,Lenoir County,1,35.23915,-77.64127,"I have done work in the kitchen area of the self proclaimed ""world class dining"" in the Carolina Inn and lots in the kitchen area of Lenoir.",0.03641674295067787,State,UNC,UNC131
438,Republic of Liberia,1,6.5,-9.5,Read about Liberia.,-0.015185637399554253,Country,UNC,UNC132
439,Alamance County,1,36.04407,-79.39951,Look up 287g and alamance county.,-0.004126484040170908,State,UNC,UNC133
440,Commonwealth of Australia,1,-25.0,135.0,"Yes, it's only worked for Australia, Britain, Japan, and the rest of the developed world.",0.12653818726539612,Country,UNC,UNC134
441,Japan,1,35.68536,139.75309,"Yes, it's only worked for Australia, Britain, Japan, and the rest of the developed world.",0.12653818726539612,Country,UNC,UNC135
442,Arab Republic of Egypt,1,27.0,30.0,No bro they had planes in ancient Egypt bro!,-0.055452849715948105,Country,UNC,UNC136
443,The White House,1,38.89761,-77.03637,Screw what that guy in the White House thinks ..,-0.6932032704353333,Building,UNC,UNC137
444,Caudill Mountain,1,32.9079,-98.50756,"It’s not like we were next to Caudill in Peabody, but it’s in a range where we should not have felt so nonchalant about it.",-0.11019957065582275,Natural Feature,UNC,UNC138
445,Peabody,1,36.45036,-84.07576,"It’s not like we were next to Caudill in Peabody, but it’s in a range where we should not have felt so nonchalant about it.",-0.11019957065582275,City,UNC,UNC139
446,Hamilton,1,43.25011,-79.84963,I was in the big auditorium on the first floor of Hamilton.,0.05467723682522774,City,UNC,UNC140
447,The Village Green,1,40.26357,-111.66715,My UNC orientation was drinking lots of beer with my new buddies downtown at the Village Green and ZoomZoom.,0.4924544095993042,,UNC,UNC141
448,Craige North Residence Hall,1,35.9035,-79.0459,"I forget, is North Craige the ""probably has corona"" dorm while Parker is the ""definitely has corona"" dorm?",-0.02284279465675354,Building,UNC,UNC142
449,Parker,1,41.893,12.5127,"I forget, is North Craige the ""probably has corona"" dorm while Parker is the ""definitely has corona"" dorm?",-0.02284279465675354,Building,UNC,UNC143
450,Mumbai,1,19.07283,72.88261,During the Mumbai attacks the gunmen used live news broadcasts to hunt down survivors and killed them.,-0.7461062073707581,City,UNC,UNC144
451,European Union,1,50.83857,4.37599,"The qualified candidates and researchers will try to go somewhere else: Canada, UK, EU, China, India, any other nation that wants to strip our infrastructure for valuable parts.",-0.12438472360372543,Natural Feature,UNC,UNC145
452,Republic of India,1,22.0,79.0,"The qualified candidates and researchers will try to go somewhere else: Canada, UK, EU, China, India, any other nation that wants to strip our infrastructure for valuable parts.",-0.12438472360372543,Country,UNC,UNC146
453,Philadelphia,1,39.95238,-75.16362,Love from Philly!!,0.9507765769958496,City,UNC,UNC147
454,Buns Basin,1,41.50124,-123.31977,Why are there so many people coming from down past Buns?,-0.12729640305042267,,UNC,UNC148
455,Avery,1,41.16667,-95.92529,Like from main campus and old east/west and then the Avery area.,0.001952365506440401,,UNC,UNC149
456,Union Station,1,40.02145,-82.51266,"There are some apartments there like Union and lark and a decent amount of houses down mlk, got a couple of friends who live in those.",0.23700587451457977,City,UNC,UNC150
457,River Lark,1,52.43333,0.33333,"There are some apartments there like Union and lark and a decent amount of houses down mlk, got a couple of friends who live in those.",0.23700587451457977,Natural Feature,UNC,UNC151
458,Lake District,1,54.5,-3.16667,I like the Lake District place,0.925848126411438,Region,UNC,UNC152
459,Fredensborg Kommune,1,55.95,12.45,I lived at 210 for the 2009-2010 school year.,-0.0002562020963523537,State,UNC,UNC153
460,Elat,1,29.58333,34.91667,"Resurgence of resistance is expected from the drastically stressed community, which used to span from span from Eilat to Metula just 70 years ago and has been subject to several conflicts.",-0.37079524993896484,Neighborhood,UNC,UNC154
461,Metula,1,33.27929,35.5787,"Resurgence of resistance is expected from the drastically stressed community, which used to span from span from Eilat to Metula just 70 years ago and has been subject to several conflicts.",-0.37079524993896484,City,UNC,UNC155
462,Republic of Chile,1,-30.0,-71.0,The vindictiveness Chile…,-0.0324215330183506,Country,UNC,UNC156
463,South Norwalk,1,41.09371,-73.41873,"Well, new logo From The Daily Tarheel...

>UNC is replacing its Old Well logo with the interlocking NC symbol — which was previously utilized for athletics only — as its primary branding.",0.011214379221200943,City,UNC,UNC157
464,Rotunda,1,38.03569,-78.50362,This is what I hope UVA never becomes - our Rotunda logo (separate from athletics V-Sabre) is very similar to the Old Well.,-0.17513130605220795,Building,UNC,UNC158
465,Granville County,1,36.30402,-78.65302,"Regardless of what happened at Granville, I think that UNC must officially address the entire situation.",-0.035345084965229034,State,UNC,UNC159
466,Benito Juárez Dos,1,18.55548,-89.45027,The Carolina BLUEE.,0.05490090698003769,City,UNC,UNC160
467,State Highway 54,1,21.26187,83.86767,"If you go driving at night there’s a ton of deer in Chapel Hill, it made me nervous because I had some walk into the street on Highway 54 a few times at 2 am",-0.5491164922714233,Road,UNC,UNC161
468,Kenji,1,33.54526,130.86458,Update - Kenji has been located.,0.013816796243190765,City,UNC,UNC162
469,Massachusetts Institute of Technology,1,42.35954,-71.09172,Sending love from under the MIT bridge with the homies!,0.891983687877655,Building,UNC,UNC163
470,Puntan Carolinas,1,14.92194,145.63306,The Carolinas are Bojos territory.,-0.028468051925301552,Natural Feature,UNC,UNC164
471,H2O 911 Restoration,1,26.54233,-81.78705,We already have two perfectly good hotlines that aren't being used - 911 and the non-emergency number.,0.18522204458713531,Building,UNC,UNC165
472,Phoenix,1,33.44838,-112.07404,yea i used to live in phoenix and it was too far to fly to not stay a while anyway.,-0.0495072603225708,City,UNC,UNC166
473,Koury,1,-10.66444,25.32889,"To the students who were walking at the crosswalk between Hojo and Koury ~ 11:25 pm: I'm so sorry I'm not sure if this will reach you guys, but I wanted to be able to apologize somewhere because I knew I'd keep on worrying if I didn't; I was driving and turning left from Ridge Road and didn't see you guys cross until I turned because it was so dark and rainy.",-0.4156263470649719,City,UNC,UNC167
474,Road Ridge,1,34.31531,-111.59376,"To the students who were walking at the crosswalk between Hojo and Koury ~ 11:25 pm: I'm so sorry I'm not sure if this will reach you guys, but I wanted to be able to apologize somewhere because I knew I'd keep on worrying if I didn't; I was driving and turning left from Ridge Road and didn't see you guys cross until I turned because it was so dark and rainy.",-0.4156263470649719,,UNC,UNC168
475,Carroll Hall,1,41.68954,-72.76871,"While the rest of us are stressing, this dude is living his best life outside Carroll Hall!",0.7616011500358582,Building,UNC,UNC169
476,Alpine County,1,38.59725,-119.82065,"Update, this was at Alpine",0.0009987170342355967,State,UNC,UNC170
477,Hånes,1,61.59961,5.01394,"Lowkey grateful my classes are in Philipps, Hanes, and prob Sitterson

They’re all together",0.878574550151825,Natural Feature,UNC,UNC171
478,Old East Cemetery,1,41.58343,-72.70065,In 1976 the first week of freshman year the vending machine in Old East dispensed treats without any payment.,0.005044322926551104,Building,UNC,UNC172
479,Quarantine,1,33.22961,-79.20421,The Quarantine dorm is full and they’ve started sending pre-test students to local hotels.,0.000595764082390815,City,UNC,UNC173
480,Pu‘u Oo Horse Trail,1,19.73722,-155.3825,"Look, if you want engineering then you need to head to Horse U down the road.",-0.03393770009279251,Road,UNC,UNC174
481,Hampton Inn & Suites Chapel Hill Carrboro,1,35.91081,-79.06762,We need that fbi investigation style tracking they are using at the capital to get these people out of chapel hill/Carrboro.,-0.17071326076984406,Building,UNC,UNC175
482,Kingdom of Norway,1,62.0,10.0,should I drop out and move to Norway like lmk,-0.02048938162624836,Country,UNC,UNC176
483,Dawsons Creek,1,5.2,-59.03333,Dawsons Creek,0.001975260442122817,Natural Feature,UNC,UNC177
484,Bojangles',1,34.78394,-86.94491,Yeah someone from ASDF followed me as I was walking past Bojangles on my way back from class one day and tried to block me from leaving.,-0.1481642723083496,Building,UNC,UNC178
485,Copenhagen,1,55.67594,12.56553,"10 years ago, I was at UNC as an exchange student I visited from Copenhagen, Denmark.",0.0033142196480184793,City,UNC,UNC179
486,Republic of Iraq,1,33.0,44.0,"Danes have fought and died alongside Americans in Afghanistan and Iraq, including friends and family members of mine.",-0.8168186545372009,Country,UNC,UNC180
487,Ukraine,1,49.0,32.0,"A man who threatens the right to exist for Greenland, Ukraine, even Canada.",-0.8519011735916138,Country,UNC,UNC181
488,Republic of Panama,1,9.0,-80.0,"Having said all that, I am convinced that greenland, panama, canada etc is all part of his usual grandstanding where he makes a lot of noise of perceived leadership to appease his now-mass programmed base and to do absolutely nothing, but will claim some sort of deal (remember he wrote this crappy book the art of the deal).",-0.4308145344257355,Country,UNC,UNC182
489,Scandinavia,1,63.0,12.0,I love denmark so much and Scandinavia.,0.9657708406448364,Region,UNC,UNC183
490,Republic of Poland,1,52.0,20.0,"""Please be assured that Hitler is not going to invade Poland or any place.",-0.20766808092594147,Country,UNC,UNC184
491,United States Capitol,1,38.88983,-77.00887,The man caused an invasion of the US Capitol itself.,-0.8310272693634033,Building,UNC,UNC185
492,Henderson County,1,32.21189,-95.85356,"Parked in those spots for the dentist on Henderson, and after I left the dentist I decided to grab TRU real quick.",0.012872994877398014,State,UNC,UNC186
493,Richmond,1,39.82894,-84.89024,In Richmond we have Seiberts Towing doing the same ish for decades.,-0.015568828210234642,City,UNC,UNC187
494,Crest Drive Elementary School,1,44.01639,-123.11056,The second was on South Merritt Mill Road near Crest Drive approximately 30 minutes later.,2.080548438243568e-05,Building,UNC,UNC188
495,University of the Philippines Los Baños Student Union,1,14.16335,121.24134,"Then there are the more obvious cost-cutting measures: the lack of napkin dispensers at tables in the dining hall, the order kiosks at Bojangles and at the old bagel/new deli spots in the Student Union, all of which chip away at the in-person interaction (and perhaps does resolve understandable labor costs) that used to make campus feel more human.",-0.10820499062538147,Building,UNC,UNC189
496,Campus,1,41.02337,-88.30617,Campus and chapel hill were my home for almost a decade; I rarely go back now.,0.24168245494365692,City,UNC,UNC190
497,Lenoir Hall,1,35.9106,-79.0488,Note also that the steps of Lenoir Hall and the Pit are not exactly comfy.,-0.5453508496284485,Building,UNC,UNC191
498,Delta State,1,5.5,6.0,If everyone was vaccinated some people would still get sick from the delta variant anyways.,-0.4515148103237152,State,UNC,UNC192
499,Durham County,1,36.036,-78.87632,"Durham County is taking forever to get us our IDs, and the DMV in Durham isn’t accepting appts.",-0.6828254461288452,State,UNC,UNC193
500,granville,1,50.8218,-0.1497,Anyone have any clue what floor/tower the Granville ones were?,-0.00425657257437706,Building,UNC,UNC194
501,McCorkle Place,1,35.91341,-79.05199,Silent Sam was in his place of honor on McCorkle Place right along Franklin until 2018 and only removed because the students and community forcibly took it down.,-0.33387330174446106,Neighborhood,UNC,UNC195
502,University of South Alabama,1,30.69588,-88.17691,Everyone knows the further back in time you go especially in the south the scarier it was for WHITE people.,-0.7117489576339722,Building,UNC,UNC196
503,Riu is Banditos,1,39.91727,9.17953,Closest I come to that is that my face is still on the wall in Banditos for eating the El Gigante burrito.,-0.38106581568717957,Natural Feature,UNC,UNC197
504,Northern Colorado Rehabilitation Hospital,1,40.40626,-104.97125,I did my BA at the other UNC (Northern Colorado).,0.0012946760980412364,Building,UNC,UNC198
505,Bradford County,1,41.78867,-76.51545,Bradford pear trees.,0.011908916756510735,State,UNC,UNC199
506,Neukirch-Egnach,1,47.53879,9.37583,"We have fine examples of those in China, NK, Russia etc.",0.17303548753261566,Road,UNC,UNC200
507,Prison,1,41.17001,20.87612,That's some straight up Prison shit right there,-0.8879371285438538,,UNC,UNC201
508,Hooverville,1,40.41285,-79.02697,I imagined a Hooverville favela on the football practice field.,0.0014896979555487633,City,UNC,UNC202
509,Cameron Indoor Stadium,1,35.99741,-78.94143,Coach K's last game at Cameron Indoor,0.001058424124494195,Building,UNC,UNC203
510,The Cave,1,49.63472,-114.64232,I think The Cave is the best place in chapel hill to have a fun time though.,0.9447752237319946,,UNC,UNC204
511,Tokyo Prefecture,1,35.6895,139.69171,LOL I just went to Tokyo sushi and it’s full of rowdy UNC kids.,0.05667898803949356,State,UNC,UNC205
512,Caldwell Parish,1,32.09227,-92.11661,Come to Phil club Tuesdays at 7 in Caldwell 213.,0.01282279472798109,State,UNC,UNC206
513,Bell Tower,1,37.53895,-77.43531,The shooter is near Bell Tower now.,-0.07672562450170517,Building,UNC,UNC207
514,Streatham Common Railway Station,1,51.4187,-0.1362,Does anyone know the closest place to vote tomorrow near SRC?,-0.00017127554747276008,Road,UNC,UNC208
515,Seymour Care Center,1,40.68445,-93.11187,"There's also CH library, Seymour Center, etc.",0.027439646422863007,Building,UNC,UNC209
516,Burlington,1,44.47588,-73.21207,"I'm neither a student nor an alum, and I didn't have transit to join the encampment, but I've been watching UNC admin's responses to protests with disgust from Burlington.",-0.5657621622085571,City,UNC,UNC210
517,The George Washington University Smith Center,1,38.89677,-77.04853,Wanda joined him and they held hands walking out of the Smith Center to a standing ovation.,0.1548534333705902,Building,UNC,UNC211
518,"University of California, Berkeley",1,37.87215,-122.25975,"Cal (Berkeley)  
20.",0.0016110389260575175,University,UNC,UNC212
519,Georgia,1,32.75042,-83.50018,"Georgia  
51.",-0.02002481371164322,State,UNC,UNC213
520,Gansville,1,32.13544,-92.73432,There is one ACC school outside the top 100 universities in America (Louisville).,0.0018873567460104823,City,UNC,UNC214
521,Auburntown,1,35.94756,-86.09721,"There are 11 SEC schools outside the top 100 (Auburn, Missouri, Tennessee, Oklahoma, South Carolina, Kentucky, Alabama, LSU, Ole Miss, Arkansas, Miss.",-0.00027398866950534284,City,UNC,UNC215
522,Hampton Inn Chapel Hill 15-501,1,35.94129,-79.01852,Old gas station off 15–501 and Smith level rd,-0.0038022955413907766,Building,UNC,UNC216
523,Western North Carolina Fairgrounds,1,35.28512,-82.42817,I actually did know him back in the Western North Carolina days.,0.019534066319465637,,UNC,UNC217
524,T Roosevelt High School,1,21.30987,-157.83761,Wait til you see the “T” bus and it’s called T HIGH SCHOOL,-0.040141720324754715,Building,UNC,UNC218
525,South Sudan,1,7.5,30.0,Travel restrictions on countries like South Sudan?,-0.1668291687965393,Country,UNC,UNC219
526,Manning,1,48.15012,-83.4331,Yeah there could be a line from Manning to South Rd to Boundary to Hillsborough to RR Lot,0.0074049015529453754,Building,UNC,UNC220
527,Boundary,1,52.98063,-2.02981,Yeah there could be a line from Manning to South Rd to Boundary to Hillsborough to RR Lot,0.0074049015529453754,City,UNC,UNC221
528,Hillsborough,1,53.40202,-1.49996,Yeah there could be a line from Manning to South Rd to Boundary to Hillsborough to RR Lot,0.0074049015529453754,Road,UNC,UNC222
529,"Washington-Arlington-Alexandria, DC-VA-MD-WV Metro Area",1,38.79865,-77.48624,DC Metro,0.009769725613296032,Region,UNC,UNC223
530,St Columbia's Church,1,54.9929,-7.32876,I tried to sketch my own but realized there are so many different buses that go on Columbia St that it would be super messy.,-0.5271342992782593,Building,UNC,UNC224
531,Luhanka,1,61.78426,25.72272,Is stor 435 as hard as people say it is?,-0.1832565814256668,City,UNC,UNC225
532,Metros Reef,1,50.28081,-95.22801,I love metros this has made my whole day,0.9835519194602966,,UNC,UNC226
533,Meilahti,1,60.18982,24.89717,"Missing all of South Campus & all of the apartments & homes on 15-501 & S Columbia - close, but this ain't it chief",-0.6749871969223022,Neighborhood,UNC,UNC227
534,501,1,38.68287,16.10256,"Missing all of South Campus & all of the apartments & homes on 15-501 & S Columbia - close, but this ain't it chief",-0.6749871969223022,Building,UNC,UNC228
535,Wildcat,1,38.75343,-80.43814,"*goes to Davis*

*sees 5 outlets open*

*none work*",-0.020923318341374397,City,UNC,UNC229
536,Hamas,1,-21.21074,15.29608,"**Resources**

* [JEWISH VOICES FOR PEACE: OUR APPROACH TO ZIONISM](https://www.jewishvoiceforpeace.org/resource/zionism/)
* [Statement from the National Students for Justice in Palestine & Jewish Voices for Peace](https://nationalsjp.org/the-movement-for-palestinian-rights-will-not-be-silenced)
* [The National Students for Justice in Palestine (SJP): Purpose, Mission, Vision, Values](https://nationalsjp.org/about)
* [Supporting Palestinian rights is antisemitic because Israel wants it to be](https://www.nbcnews.com/think/opinion/how-jews-can-support-palestinian-rights-condemn-antisemitism-ncna1268680) ([Abraham Gutman](https://www.huffpost.com/author/abgutman-362), 2021)
* [BLOWBACK: HOW ISRAEL WENT FROM HELPING CREATE HAMAS TO BOMBING IT](https://theintercept.com/2018/02/19/hamas-israel-palestine-conflict/) (The Intercept, 2018)
* [What's the Israel-Hamas Conflict About?",-0.0984477624297142,Natural Feature,UNC,UNC230
537,Middle East,1,33.13906,35.85869,"A Simple Guide](https://www.aljazeera.com/news/2023/10/9/whats-the-israel-palestine-conflict-about-a-simple-guide) (Al Jazeera, 2023)
* [Israel's Occupation of Palestinian Territories Constitutes Apartheid (Amnesty International, 2022)](https://www.amnesty.org/en/location/middle-east-and-north-africa/israel-and-occupied-palestinian-territories/report-israel-and-occupied-palestinian-territories/)
* [Misinformation about the Israel-Hamas war is easy to find online.",-0.1845698058605194,Region,UNC,UNC231
538,Islamic Republic of Iran,1,32.0,53.0,"But they uncritically accept and spread propaganda from Hamas, Iran, and Hezbollah who all regularly call for the complete destruction of Isreal and wholesale slaughter of jews.",-0.859239935874939,Country,UNC,UNC232
539,Frankfurt am Main,1,50.11552,8.68417,"People called that font Frankfurt, which is objectively was not, literally perfect example of what this post is talking about",-0.15596584975719452,City,UNC,UNC233
540,Tel Aviv,1,32.08088,34.78057,Gaza is only about 40 miles from Tel Aviv.,-0.0034590361174196005,City,UNC,UNC234
541,New York,1,43.00035,-75.4999,"And sadly, it is just as much of a problem in progressive states like New York as it is in politically conservative states.",-0.6180182099342346,State,UNC,UNC235
542,Alumni Hall,1,42.81667,-75.53583,New Pennywise location just dropped @ Alumni Hall,0.002491201274096966,Building,UNC,UNC236
543,Morehead Patterson Bell Tower,1,35.90859,-79.04921,Just when you thought 2020 couldn't get any worse- Morehead-Patterson Bell Tower monster attack,-0.8855723738670349,Building,UNC,UNC237
544,South Africa,1,-29.0,24.0,"If South Africa is any indication - omicron is absurdly infectious, surprisingly mild, and peaks extremely fast.",-0.4928557872772217,Country,UNC,UNC238
545,NC State University Farm Pond Number Two,1,35.71849,-78.68139,"Sending love to everyone from your neighbor NC State, I can’t even imagine how terrifying this was to y’all.",-0.15455512702465057,,UNC,UNC239
546,Kansas,1,38.50029,-98.50063,I’m sending y’all love from Kansas State.,0.8085951805114746,State,UNC,UNC240
547,Princeton,1,40.57361,-96.70308,Love from Princeton,0.72044438123703,,UNC,UNC241
548,District 1,1,37.68093,-81.26641,"Always remember you represent the good Peoples of your District - not your Party, not North Carolina as a whole, and certainly not America.",-0.09536073356866837,Neighborhood,UNC,UNC242
549,Suite 524,1,25.7748,-80.1318,"Unfortunately, he isn't teaching 524 again this fall.",-0.7371350526809692,Building,UNC,UNC243
550,Greenlaw,1,47.71681,-82.79979,Was walking past Greenlaw the other day when the girl in front of me turned to a girl about to enter the building and was like “omg hey” and went to hug her.,0.2118244618177414,Building,UNC,UNC244
551,North Craig,1,56.01678,-3.06629,"I don't see which dorms they are, although when they were talking about quarantine and isolation housing, they were standing outside of Craig North.",-0.06665023416280746,Natural Feature,UNC,UNC245
552,Taylor County,1,30.01957,-83.61897,Spent last night crying listening to a party in Taylor.,-0.4198720455169678,State,UNC,UNC246
553,Interchange 262,1,37.05126,-76.40606,I’m hoping that with the changes to bio major the demand for upper chem classes like 262 will also be reduced next semester :),0.6241069436073303,Road,UNC,UNC247
554,Chapman Hill,1,41.45788,-72.03146,"Cracks me up how entitled and soft everyone who lives in chapel hill is, get over yourself if the owner was able to get the dog under control before it got to you what’s the problem, thank god that MOST of the rest of the state is reasonable and can think through situations",-0.5495604872703552,Natural Feature,UNC,UNC248
555,Harpers Ferry,1,43.20331,-91.15207,"Yep, I took a bad dog bite because idiots in Harpers Ferry let their dogs run off leash.",-0.9490112662315369,,UNC,UNC249
556,Fordyce,1,32.94985,-85.58551,I have broken my tail bone coming out of Aycock!,-0.8770238757133484,City,UNC,UNC250
557,Chatham County,1,31.97402,-81.09243,I was just thinking I might have to head to Chatham County for food for a while.,-0.011896134354174137,State,UNC,UNC251
558,Siler City,1,35.72347,-79.46224,I drive to the Siler City Walmart now......,-0.0016105382237583399,City,UNC,UNC252
559,Carmichael,1,49.1169,-81.94978,"Gut the arena, play at Carmichael for a year or two, add your precious luxury boxes and reduce the upper seating to improve crowd noise reverberation.",0.02037871442735195,Building,UNC,UNC253
560,Bolzano,1,46.71667,11.5,"Building the Blue Zone screwed us by putting suites in the end zone, which makes building sideline suites impossible since everyone will want to sit there and leave the BZ, and not paying for it.",-0.7295031547546387,State,UNC,UNC254
561,Marriott Executive Apartments Union Square Shanghai Pudong,1,31.2407,121.492,Ongoing FBI Raid at Union Apartments Anyone have info on the ongoing FBI raid at Union?,-0.00797097198665142,Building,UNC,UNC255
562,Union,1,41.99093,-72.1573,Ongoing FBI Raid at Union Apartments Anyone have info on the ongoing FBI raid at Union?,-0.00797097198665142,City,UNC,UNC256
563,Chapel,1,30.47104,-83.56987,Here’s [a link to a report on the officer](https://chapelboro.com/news/crime/former-chapel-hill-police-officer-arrested-for-planning-mass-shooting-at-jazz-fest).,-0.1705460101366043,Building,UNC,UNC257
564,Death Valley National Park,1,36.49363,-117.09091,DTH is a place people genuinely get their news from.,0.24052277207374573,Neighborhood,UNC,UNC258
565,Scotland,1,56.0,-4.0,I’m exchanging at another uni in Scotland and I feel the same way :(( studying at home and just sitting in front of a laptop for 5-8 hrs a day doesn’t make me feel productive at all.,-0.8719303011894226,State,UNC,UNC259
566,Columbia,1,41.70204,-72.30119,There’s a reason Canes (a chain) is the only place that can afford the buildings on the intersection of Franklin and Columbia and the rest are empty.,0.059239462018013,City,UNC,UNC260
567,Cannes,1,43.55135,7.01275,And people have celebrated the opening of Canes and eat there multiple times a week like it’s not ushering in a sad precedent.,0.06523691117763519,City,UNC,UNC261
568,Mlk,1,30.28383,-97.6923,"And then they’d complain that they were broke at the same time as that lol

Even when I lived on MLK in junior/senior year, the <5 minute drive to Franklin to grab an order felt way more worth it to me than the 25%+ fee that doordash would add",0.08074937760829926,Neighborhood,UNC,UNC262
569,Machapuchare Basecamp,1,28.52632,83.90894,"But I noticed the quality of Momo’s go down after Basecamp opened, so I’m glad he’s going back to focusing on just that",0.35143232345581055,Building,UNC,UNC263
570,Wilson River,1,-41.75782,145.36994,Been wondering why Wilson water hits diff,-0.03721179440617561,Natural Feature,UNC,UNC264
571,Sedan,1,40.65696,-92.83353,Been wondering why Wilson water hits diff,-0.03721179440617561,City,UNC,UNC265
572,Wilson Public Library,1,40.8614,-99.98568,There are no lead pipes in Wilson Library.,-0.04993529990315437,Building,UNC,UNC266
573,Cape Woollen,1,82.51857,-62.89022,I am “all 4 years of doing this at Woollen” years old.,-0.055079858750104904,Natural Feature,UNC,UNC267
574,Lamb,1,38.95617,-84.448,"I'm pretty sure that's actually Kazakhstan Style Leg of Lamb

Kazakhstan number one exporter of potassium, all other countries have inferior potassium",-0.08119799941778183,City,UNC,UNC268
575,Vermont,1,44.00034,-72.74983,"Beneath VT at 1865,655 is less contested with flags.",-0.008565614931285381,State,UNC,UNC269
576,T Y C Sheffield Campus,1,30.90988,-101.89957,"“First, we will reopen the Campus Y building on Monday, May 6, with revised hours from 8 a.m. to 5 p.m.",0.024248134344816208,Building,UNC,UNC270
577,West Bank,1,57.18556,6.06167,West Bank will be next.,-0.0026055180933326483,Natural Feature,UNC,UNC271
578,Lebanon,1,33.83333,35.83333,You may want to Google the Havaara agreement (The agreement between Nazi Germany and the Zionists) and Phalangist Nazis that were abetted and propped as dictators in Lebanon before calling Arabs Nazis,-0.42269545793533325,Country,UNC,UNC272
579,University Commons,1,41.80038,-72.71593,University commons on smith level rd are affordable and give you you're own room and bathroom within the 4bd apartment....it might be a better set up for you....id also look into talking to a mental health counselor....I dont think your situation is unusual.,0.25661030411720276,Building,UNC,UNC273
580,Cary,1,42.21197,-88.23814,"I also decided to move to Cary of all places because I was scared if I moved to a ""college town"" I would fall behind in my classes.",-0.34247756004333496,City,UNC,UNC274
581,Radhamohanpur,1,22.35648,87.61261,THEN CAME SUMMIT RDU.,0.002137527335435152,Road,UNC,UNC275
582,Boulder,1,40.01499,-105.27055,"The Boulder supermarket shooter was unfit for like 2 years undergoing treatment, but now he was deemed fit and will stand trial",-0.3338620066642761,City,UNC,UNC276
583,Bingham,1,52.94978,-0.95907,Had English M-W-F at Bingham across the quad on the left.,0.0009002664592117071,City,UNC,UNC277
584,Columbia Center,1,39.9984,-82.69572,The Lula’s (and Spanky’s before that) location on the corner of Franklin and Columbia has been bought by Raising Cane’s for $3.87 Million,0.0010527276899665594,City,UNC,UNC278
585,Oregon,1,44.00013,-120.50139,I’ve only had Cane’s once when I visited Oregon and it was great IMO,0.9542561173439026,State,UNC,UNC279
586,Greenville,1,40.61896,-79.01142,They’ve got one in Greenville if anyone can’t wait.,0.37276989221572876,,UNC,UNC280
587,Pittsboro,1,39.86393,-86.46694,There’s a place in Pittsboro called S&T Soda Shoppe that sells The Gambler and the lasagna from The Rathskeller.,0.009335172362625599,City,UNC,UNC281
588,Silsersee,1,46.41927,9.73286,"If you don't already have a button maker (or want to make more), the new EITM makerspace in SILS (in the basement of Manning Hall) has one.",0.1240861788392067,Natural Feature,UNC,UNC282
589,Manning Hall,1,34.67761,-82.83237,"If you don't already have a button maker (or want to make more), the new EITM makerspace in SILS (in the basement of Manning Hall) has one.",0.1240861788392067,Building,UNC,UNC283
590,Comonotto,1,36.01361,14.32056,I think r/triangle may be a better place to understand the history beyond some of the answers here/with more context.,0.08322210609912872,Natural Feature,UNC,UNC284
591,Triangle,3,41.20839,-79.57644,"I think r/triangle may be a better place to understand the history beyond some of the answers here/with more context. | Especially when go Durham, go raleigh and go triangle all pay drivers significantly more

EDIT: I took this on word from a bus driver - I looked up job postings and the starting pay is actually similar. | no fr the big wood roaches r normal for the triangle and just go inside sometimes - but i cant remember ever seeing one of these little german ones anywhere, they r the infestation ones, bad news",-0.16285748283068338,City,UNC,UNC285
592,Paris,1,48.85341,2.3488,"Met my wife, honeymooned in Paris, had a kid, got a house, had another kid, went back to school, Double Tar Heel, etc.",0.3069971799850464,City,UNC,UNC286
593,Waterview,1,45.909,-122.82149,"Front yard was totally different, with only a single bench along Columbia.",-0.001032319851219654,,UNC,UNC287
594,Hampton Inn St. Louis-Columbia,1,38.4436,-90.2166,That would make this road Columbia St. We would always cross at a crosswalk near where Acklund is now & go down the other side of the street.,0.00994754396378994,Building,UNC,UNC288
595,Morrison County,1,46.01262,-94.26842,To whoever stole me and my friend's big snowball that we were rolling at Morrison to make a snowman: I wish you nothing but squalor and misfortune.,-0.7257696390151978,State,UNC,UNC289
596,Flint,1,43.01253,-83.68746,"I think rush and hazing are as toxic as water pipes in my Flint, MI.",-0.9421272277832031,City,UNC,UNC290
597,Hollywood,1,26.0112,-80.14949,"I had doors slammed in my face from programs at UNC because I wasn’t a certain major and now I’m going to intern at the largest agency in Hollywood that works with people like Meryl Streep, Ariana Grande, and Harry Styles .",-0.12197816371917725,City,UNC,UNC291
598,Gifford,1,41.85812,-78.59641,"I can understand cancelling classes in the building surrounding the quad bc of the loud chants, but there was no reason to shut down Davis and other facilities more than a stones toss from the quad.",-0.4220603108406067,City,UNC,UNC292
599,Israel Gap,1,37.97986,-78.69724,"Drug addicted braindead students who don't realize that palestinians are zealous animals who every nation in the region (including all the arab ones) want nothing to do with, are angry that Isreal (the only functional civilization in the middle east) has finally had enough of their bullshit.",-0.9288043975830078,Natural Feature,UNC,UNC293
600,Kingdom of Cambodia,1,13.0,105.0,"May 1970, after Nixon announced the invasion of Cambodia, four were dead in Ohio, and UNC joined 300 or so other universities in a student-led strike.",-0.44331327080726624,Country,UNC,UNC294
601,Carolina Municipio,1,18.37578,-65.95794,Alert Carolina: Drink Tampering and Assault at Pi Kappa Phi,-0.3673937916755676,State,UNC,UNC295
602,Chapel Ridge,1,38.88895,-85.11301,"If you are at chapel ridge, go to the next complex over’s bus stop and you will always make it on",0.30160290002822876,,UNC,UNC296
603,L'Union,1,-20.99968,55.67236,That is great but where is the lost and found in the Union?,0.11771810799837112,City,UNC,UNC297
604,Emeryville,1,44.29506,-75.36743,Anybody know why a Chapel Hill North Carolina transit bus was driving around Emeryville?,-0.01452731154859066,City,UNC,UNC298
605,San Francisco Bay Area,1,37.77239,-122.42349,s/o to any other Bay Area Heels in here.,0.0021242108196020126,Region,UNC,UNC299
606,Oakland,1,37.80437,-122.2708,I live in Oakland and would have had an out-of-body experience if I'd seen that in person.,-0.08027031272649765,City,UNC,UNC300
607,Minnesota,1,46.25024,-94.25055,"They have them do the 1000 mile test run so any factory issues, defects can be fixed before heading across the country to the ol' North State!",0.0008832010789774358,State,UNC,UNC301
608,Obo Airport,1,-7.59024,141.32306,It must have gotten on the ferry to OBX,0.00019370442896615714,Building,UNC,UNC302
609,Apollo,1,55.2,-160.73333,"Most of the Apollo, Gemini, and Mercury astronauts were trained in celestial navigation at Morehead Planetarium throughout the 60s and early 70s... including Buzz Aldrin and Neil Armstrong.",0.0026217936538159847,,UNC,UNC303
610,Isola Gemini,1,42.71782,10.37315,"Most of the Apollo, Gemini, and Mercury astronauts were trained in celestial navigation at Morehead Planetarium throughout the 60s and early 70s... including Buzz Aldrin and Neil Armstrong.",0.0026217936538159847,Natural Feature,UNC,UNC304
611,Hubble,1,37.59702,-84.65467,"The successor to Hubble, the James Web Space Telescope is named after him and will be the largest space telescope ever built when it is launched later this year.",0.42081141471862793,City,UNC,UNC305
612,Esp,1,51.48817,5.49179,I agree it was really irresponsible of UNC to bring everyone back ESP since it is clear they have no idea how to handle the outbreaks.,-0.88787442445755,City,UNC,UNC306
613,Dorm,1,52.28011,10.87689,"Assuming they live in a Dorm all the building must evacaute, and lets also assume this person has been to the Dining hall, student stores, libraries, and several other buildings.",-0.009750427678227425,Natural Feature,UNC,UNC307
614,Phillips,2,48.09361,-108.16402,I had one land on my head in Phillips. | That’s worse than being on the top floor of Phillips at midnight.,-0.4691958725452423,City,UNC,UNC308
615,Nangan Dao,1,26.14974,119.93641,"I believe he is from one of the small islands that is part of Taiwan, maybe Matsu or Kinmen?",0.0045433929190039635,Natural Feature,UNC,UNC309
616,Jincheng,1,24.43415,118.31712,"I believe he is from one of the small islands that is part of Taiwan, maybe Matsu or Kinmen?",0.0045433929190039635,City,UNC,UNC310
617,Dey Hall,1,35.9098,-79.0508,I saw him between Caudill Labs & Dey hall and he showed me his family plum blossom.,0.19162069261074066,Building,UNC,UNC311
618,Arboretum,2,39.64861,-78.93806,He used to whistle in the Arboretum until some jerks demanded that he be trespassed from there because it’s supposed to be a quiet place to retreat. | He used to whistle in the Arboretum when I lived in Spencer.,-0.153788220603019,Building,UNC,UNC312
619,Spencer,2,42.24398,-71.9923,He used to whistle in the Arboretum when I lived in Spencer. | Power Outage in Spencer be Like,0.00322290463373065,City,UNC,UNC313
620,Davie Hall,1,35.91275,-79.04944,I see him almost every MWF around Davie Hall and Howell!,0.10723956674337387,Building,UNC,UNC314
621,Derbent,1,42.06622,48.28759,He left everything in Cali to come here.,-0.02584158256649971,City,UNC,UNC315
622,Loch na Davie,1,55.65,-5.25,"As a grad student rushing on foot to and from Davie every day through the arboretum, I'd always slow down and be more present anytime I heard him.",0.4141388237476349,Natural Feature,UNC,UNC316
623,Houses Pond,1,35.1879,-78.37986,"But the fraternities and sororities would still exist - their Houses would still be full with UNC students who see their value, and their events would continue - but the university would have no leverage at all to regulate them.",-0.001496572745963931,,UNC,UNC317
624,Portland,1,45.52345,-122.67621,You spend a lot of time tearing down protesters in Portland.,-0.671197772026062,City,UNC,UNC318
625,North Brother Island,1,44.43342,-76.41609,She was re-quarantined on North Brother Island in the middle of the Hudson River for the rest of her life.,-0.06835038959980011,Natural Feature,UNC,UNC319
626,Connecticut,1,41.66704,-72.66648,"The United States Supreme Court would like a word with you:

The Supreme Court clarified in Tinker v. Des Moines Independent Community School District (1969) that public students do not “shed” their First Amendment rights “at the schoolhouse gate.” 

In Healy v. James (1972), the Court found a First Amendment violation when a Connecticut public college refused to recognize a radical student group as an official student organization, commenting that “[t]he college classroom with its surrounding environs is peculiarly the ‘marketplace of ideas.’”

In Papish v. Board of Curators of the University of Missouri (1973), a graduate journalism student was expelled for distributing on campus an “underground” newspaper containing material that the university considered “indecent.” The Court relied on Healy for its conclusion that “the mere dissemination of ideas—no matter how offensive to good taste—on a state university campus may not be shut off in the name alone of ‘conventions of decency.’ ”",-0.1341402679681778,State,UNC,UNC320
627,San Francisco,1,37.77493,-122.41942,Guess we want all out hardware and clothing stores being emptied out by flash mobs like San Francisco and LA,-0.26339343190193176,City,UNC,UNC321
628,Davis,1,39.12872,-79.46477,Davis is closed tonight and finals start Thursday.,-0.0020306080114096403,City,UNC,UNC322
629,Morehead,1,37.27115,-87.17638,"Honestly, Morehead labs is the ugliest building I've ever seen.",-0.9368720650672913,City,UNC,UNC323
630,Embassy of the United Kingdom in Austria,1,48.1975,16.3814,"?wprov=sfla1)** 
 
 >Brutalist architecture is an architectural style which emerged during the 1950s in the United Kingdom, among the reconstruction projects of the post-war era.",-0.005731108598411083,Building,UNC,UNC324
631,City Hall Plaza,1,34.42,-119.69875,"**[Government Center, Boston](https://en.m.wikipedia.org/wiki/Government_Center,_Boston)** 
 
 >Government Center is an area in downtown Boston, centered on City Hall Plaza.",-0.006802213843911886,Neighborhood,UNC,UNC325
632,Scollay Square,1,42.3601,-71.05894,"Formerly the site of Scollay Square, it is now the location of Boston City Hall, courthouses, state and federal office buildings, and a major MBTA subway station, also called Government Center.",0.0010923744412139058,Neighborhood,UNC,UNC326
633,Boston City Hall,1,42.36038,-71.05783,"Formerly the site of Scollay Square, it is now the location of Boston City Hall, courthouses, state and federal office buildings, and a major MBTA subway station, also called Government Center.",0.0010923744412139058,Building,UNC,UNC327
634,Hanes Art Center,1,35.9124,-79.0544,He got arrested for trespassing in Hanes Art Center a while back iirc,-0.34445202350616455,Building,UNC,UNC328
635,Republic of El Salvador,1,13.83333,-88.91667,It’s happened in multiple states where innocent citizens have been deported to El Salvador and the Trump administration has labeled them as “collateral arrests”,-0.6629507541656494,Country,UNC,UNC329
636,Vuosaari,1,60.20963,25.14195,Please tell me I'm not the only one who thinks this Almost got T-boned by someone on Columbia turning LEFT at a red light and NO ONE lets you merge on 54.,-0.7076993584632874,Neighborhood,UNC,UNC330
637,I-40 Park,1,35.80625,-80.89674,"It's no wonder I-40 is littered with bumpers, shit...",-0.777526319026947,Neighborhood,UNC,UNC331
638,Southern Village Shopping Center,1,39.90367,-83.79326,I was rear ended while stopped at a red light near Southern Village by some lady putting on make-up.,-0.432009220123291,Building,UNC,UNC332
639,Bailiwick of Jersey,1,49.21667,-2.11667,I've lived down here for a few years but I learned how to drive in Jersey and usually people ask me where I'm from after driving with me,0.018724016845226288,Country,UNC,UNC333
640,"Richmond, VA Metro Area",1,37.41248,-77.4462,"If you ever find yourself driving around Richmond, VA, you will appreciate NC driving.",0.5583673119544983,Region,UNC,UNC334
641,Jersey Turnpike Heliport,1,40.47677,-74.40821,I think people that really think NC driving is bad haven’t been up north (@Jersey turnpike lol) or in any true metro.,-0.4971940219402313,Building,UNC,UNC335
642,Republic of Singapore,1,1.36667,103.8,"i’m an exchange student from Singapore at UNC this fall and so far everything has been great - the campus is beautiful and everyone is so welcoming :)

however, one not so great thing is that for my BUSI500 course, i've been tasked to sell koozies and mini Jordan-style sneaker keychains for our first project (20% weightage btw ).",0.850114107131958,Country,UNC,UNC336
643,Upper Broughton,1,52.82863,-0.9877,I went to Broughton and it feels a lot like that sometimes.,-0.015580635517835617,City,UNC,UNC337
644,University of North Carolina - Greensboro,1,36.07097,-79.81114,"I came from uncg, I liked it there",0.703803539276123,Building,UNC,UNC338
645,Maine,1,45.50032,-69.24977,"some more welcoming than others for sure (i feel like there is definitely an anti-outsiders vibe sometimes — just recently moved to maine and some mainers just reallllly hate anyone out of state, for good reason probably) but idk i think you’ll find people like that anywhere you go and i don’t see that as a cultural/social thing in NC that much.",-0.212528795003891,State,UNC,UNC339
646,West Coast,1,-42.45658,171.22081,"My background is thoroughly west coast, so the east coast traits of NC are pretty easy to notice for me.",0.5616337060928345,State,UNC,UNC340
647,Nebraska,1,41.50028,-99.75067,Someone who has only lived in the north or south of the east coast may be more likely to notice the nuances of NE vs South traits.,0.005898600444197655,State,UNC,UNC341
648,Davis Corner,1,39.16539,-75.6816,Therapy Dogs at Davis until 4pm today Just saw this.,0.003128408920019865,City,UNC,UNC342
649,District 401,1,37.17979,-78.48102,"I took the old sequence which is 401,410,and 411 although I already know Java before going into 401 at the time it was still a challenging class.",0.010001937858760357,Neighborhood,UNC,UNC343
650,Interchange 401,1,40.8625,-96.71557,For the new sequence I’ve heard they’re designing it so they can spend more time teaching Java rather than quickly go over it and they try to make it more “friendly” rather than putting people through 401 first.,0.02118852362036705,Road,UNC,UNC344
651,Wuhan,1,30.58333,114.26667,studied at wuhan no less.,-0.0281533095985651,City,UNC,UNC345
652,Gillings-Rödkläpparna,1,59.1,18.775,"This especially goes to people who are taking classes away from main campus (Kenan Flagler, Gillings).",-0.05398527532815933,Natural Feature,UNC,UNC346
653,Wilson,1,41.81204,-72.65731,"My first class of the day this semester had a gorgeous view of Wilson, and I’d get there early to pick a prime seat by the window/open the blinds if the previous class had closed them.",0.9135828614234924,City,UNC,UNC347
654,Rome,1,41.89193,12.51133,Its coming to Rome,0.017087511718273163,City,UNC,UNC348
655,Rush County,1,39.61995,-85.46576,"But once campus normalizes, the best indicator of how well fraternities at UNC are doing will be the in-person crowd at Rush and the long lines outside fraternity parties hoping to win entry.",0.3938271999359131,State,UNC,UNC349
656,Norths Landing,1,38.90228,-84.87356,"In doing so, they hope to shut down North campus dorms and shift the remaining residents to South campus where they can be given a single room and a bathroom shared between fewer people.",-0.026347754523158073,City,UNC,UNC350
657,Craige Residence Hall,1,35.9027,-79.0451,"[**https://guides.lib.unc.edu/washington-post**](https://guides.lib.unc.edu/washington-post)



**UNC’s Gaming Arena @ Craige Hall**

[**https://housing.unc.edu/play/partnership-spaces/carolina-gaming-arena/**](https://housing.unc.edu/play/partnership-spaces/carolina-gaming-arena/)



**Morrison’s Art Studio (for your Bob Ross pursuits)**

[**https://housing.unc.edu/play/partnership-spaces/morrison-art-studio/**](https://housing.unc.edu/play/partnership-spaces/morrison-art-studio/)



**UNC Food pantry (Carolina Cupboard)**[**https://housing.unc.edu/play/partnership-spaces/carolina-cupboard/**](https://housing.unc.edu/play/partnership-spaces/carolina-cupboard/)



**TONS of Workspace/Makerspace areas around campus:** Lets you do essentially:

* 3D printing
* Wood/metal work
* Embroidery
* Sewing

…..but i think you have to go through a training course first for some of the tools.",-0.016993176192045212,Building,UNC,UNC351
658,Hill Hall,2,45.55417,-94.15056,"Hill Hall (hours 7:30am-10PM) is a music building and they have practice rooms open on their downstairs floor with plenty of pianos and rooms if you want to play an instrument. | A quick note about the Hill Hall practice rooms - for the first two-ish weeks or so of the semester they're free for everyone to access, but after that you have to pay a fee of $70 dollars unless you're in a music course, taking private lessons through UNC, or in a departmental ensemble.",0.12465818412601948,Building,UNC,UNC352
659,Fetzer,1,30.24132,-95.81773,"[**https://ackland.org/**](https://ackland.org/)



**UNC Basketball Museum**

[**https://goheels.com/sports/2021/12/10/carolina-basketball-museum**](https://goheels.com/sports/2021/12/10/carolina-basketball-museum)



**Rock climbing walls at Fetzer and Rams Head Recreation Center**

* Also on this note, gym access is free as long as you scan in with your Onecard



**Bike pumps are available all around campus, so probably don’t need to bring a pump**



**Graham/McClinton Resident Hall has an office where you can rent brooms, pots, pans, and other kitchen appliances.",0.16416242718696594,City,UNC,UNC353
660,Rams Head Center Recreation Center,1,35.9059,-79.046,"[**https://ackland.org/**](https://ackland.org/)



**UNC Basketball Museum**

[**https://goheels.com/sports/2021/12/10/carolina-basketball-museum**](https://goheels.com/sports/2021/12/10/carolina-basketball-museum)



**Rock climbing walls at Fetzer and Rams Head Recreation Center**

* Also on this note, gym access is free as long as you scan in with your Onecard



**Bike pumps are available all around campus, so probably don’t need to bring a pump**



**Graham/McClinton Resident Hall has an office where you can rent brooms, pots, pans, and other kitchen appliances.",0.16416242718696594,Building,UNC,UNC354
661,B.S. Well,1,43.5093,-121.02473,Cal3 for B.S.,0.005530865862965584,Building,UNC,UNC355
662,Saint Peter,1,49.21333,-2.18194,"If you think that the game was rigged, go outside and touch some grass

Both teams were really good and I'm excited for Saint Peter's future

But damn, UNC vs Duke game",0.5336610078811646,State,UNC,UNC356
663,Rams Hill Country Club,1,33.18615,-116.31695,"Honestly don’t think we have a shot but the bff is like 8,000 of 18,000 in Rams Club.",-0.048788584768772125,Building,UNC,UNC357
664,Raleigh-Durham International Airport,1,35.87946,-78.7871,omg flights are $1000 RT from rdu,-0.03319099172949791,Building,UNC,UNC358
665,Magnolia @ Medical Drive,1,28.05947,-82.42002,"Haha this is the Medical Drive spot, I work at the hospital and had a good laugh at this on my way home last night!",0.8989641666412354,Building,UNC,UNC359
666,Rutland Plains Airport,1,-15.64577,141.84521,"And then, sure, there are those top 10 students from the more competitive metro areas (RTP and Charlotte mostly) who generally are better prepared at the start have taken 20+ AP classes or classes at local colleges..",0.3510432541370392,Building,UNC,UNC360
667,The Bronx,1,40.84985,-73.86641,"She was a brash Bronx lady and said “EVERYONE in college has some kind of a hard time and NO ONE talks about it.” You’re not alone, kid.",-0.26735788583755493,City,UNC,UNC361
668,Four Corners,1,41.68038,-72.66509,I noticed that there's almost *always* homeless people sitting in the alley between Four Corners and the United States Postal Service.,-0.38180264830589294,,UNC,UNC362
669,Ratnagiri,1,16.99154,73.31022,I’ve also noticed a lot of homeless folks on the triangle bus from RTC to Chapel Hill.,-0.2044072449207306,City,UNC,UNC363
670,Salt Lake City,1,40.76078,-111.89105,"However, Salt Lake City has a mask mandate; so that could help somewhat.",0.28856712579727173,City,UNC,UNC364
671,Provo,2,39.95328,-112.06883,I’m living in Provo as I do my graduate work since my internship is in Sanpete County. | Unfortunately I have yet to find any data about how much the outbreaks on campus at UNC have spread outside the campus to the towns of Chapel Hill and Carrboro and the community at large so I don't really have any idea of what might happen outside of the campus in Provo.,-0.22107572900131345,Building,UNC,UNC365
672,Sanpete County,1,39.37396,-111.57634,I’m living in Provo as I do my graduate work since my internship is in Sanpete County.,0.014675079844892025,State,UNC,UNC366
673,Bol’shoy,1,49.3788,42.3171,I heard he used to play at the Bolshoi.,-0.0007597145740874112,City,UNC,UNC367
674,Carolina Hall (historical),1,30.69168,-88.14379,I heard him from the third floor of Carolina Hall once,0.0016249739564955235,,UNC,UNC368
675,William H Foege Genome Sciences Building,1,47.6522,-122.3128,"oh that's probably why I don't know him, most of my classes are in Genome and I live in south campus so I think I've been thru McCorkle like twice this year",-0.10026390850543976,Building,UNC,UNC369
