type,title,text,date,score
post,President Alger leaving to take same job at American University at the end of this academic year,President Alger leaving to take same job at American University at the end of this academic year,2024-03-18 12:47:10,360
comment,President Alger leaving to take same job at American University at the end of this academic year,"Like him or not, he did help transform this school. Applications to JMU have drastically increased under this leadership.",2024-03-18 12:49:04,83
comment,President Alger leaving to take same job at American University at the end of this academic year,"Massive changes happening at JMU this year. Alger stepping down, AD Bourne retiring, Cignetti left for IU job, and rumor is Basketball Coach Byington is going to accept the WVU job",2024-03-18 12:50:05,34
comment,President Alger leaving to take same job at American University at the end of this academic year,"Rather short tenure as JMU presidents go. He falls under second-shortest tenure, having stayed for longer than Burruss, but shorter than Rose. I remember when JMU used to have a reputation for presidents with very long tenures, as Duke, Miller, and Carrier all stayed for 20+ years. Rose and Alger both had much shorter tenures than I had expected.",2024-03-18 13:13:29,34
comment,President Alger leaving to take same job at American University at the end of this academic year,"He was very nice and friendly when I spoke to him- enjoyed being a student under his presidency, even if he did look a lil robotic ;)",2024-03-18 12:57:33,29
comment,President Alger leaving to take same job at American University at the end of this academic year,He started at JMU my freshmen year . He lasted a long time!,2024-03-18 15:29:09,11
comment,President Alger leaving to take same job at American University at the end of this academic year,Does this mean SpringFest can come back!? 🚁 🔥 🛋️,2024-03-18 21:05:41,11
comment,President Alger leaving to take same job at American University at the end of this academic year,Feels like a step sideways,2024-03-18 18:14:12,10
comment,President Alger leaving to take same job at American University at the end of this academic year,"I go to AU lol I came here to ask, was he a good president? Sylvia had her own controversies so I wonder if Alger will be received better",2024-03-18 13:29:56,4
comment,President Alger leaving to take same job at American University at the end of this academic year,Yeah but did he help run a prostitution ring?,2024-03-18 13:04:30,3
comment,President Alger leaving to take same job at American University at the end of this academic year,JMU and Diverse in the same sentence?!?!,2024-03-19 02:49:35,2
comment,President Alger leaving to take same job at American University at the end of this academic year,"au student here, i hope he is way better than what sylvia ever was",2024-03-19 02:01:26,1
comment,President Alger leaving to take same job at American University at the end of this academic year,"Hey, i’m an AU student who just got the news. Based off what you describe, he seems like what our school needs (our current president is *very* disliked and blamed for decreases in rank and enrollment). how would you rate your experience?",2024-03-18 12:58:47,25
comment,President Alger leaving to take same job at American University at the end of this academic year,"Also, VP Harper retiring. VP Moore is in her first year in role.",2024-03-18 22:35:41,1
comment,President Alger leaving to take same job at American University at the end of this academic year,"To be fair, Rose worked his way up the ranks for 23 years before taking the presidency for another 14.",2024-03-18 17:49:08,11
comment,President Alger leaving to take same job at American University at the end of this academic year,"Pretty unique JMU's presidents have stayed so long (lowest with Burruss), considering the average university president tenure is a little less than 6 years",2024-03-18 13:16:58,11
comment,President Alger leaving to take same job at American University at the end of this academic year,Long tenure + little growth — I wouldn’t consider this a good combination,2024-03-18 17:58:40,2
comment,President Alger leaving to take same job at American University at the end of this academic year,"Yeah same here. He seemed kind of awkward from a distance, but every time I talked to him on campus he was really nice. Spring Break 2023 my mom came to visit on the first day and we walked around campus and ran into Alger and he talked with us for like 30 minutes.",2024-03-18 13:00:38,9
comment,President Alger leaving to take same job at American University at the end of this academic year,"Are you referring to this event? https://www.jmu.edu/news/2010/04/09-springfest.shtml Also, don't forget that this is a college town, i.e. the population turns over relatively quickly. If an event doesn't happen and stays gone for a few years, it is de facto extinct, because the people that remember it are all gone, and the people that are there now don't know anything about it because it was before their time. If it hasn't happened since 2010, it's as good as extinct (today's seniors were eight years old in 2010), and that's not necessarily a bad thing.",2024-03-19 12:25:30,3
comment,President Alger leaving to take same job at American University at the end of this academic year,"Probably higher salary, he was at 570k at JMU, heard American paid their president 1M",2024-03-18 19:59:32,9
comment,President Alger leaving to take same job at American University at the end of this academic year,"It sounds like it is still a step up for him, and in a direction that he's wanted to go for a while. Here's what he said in his letter to alumni: > I always tell our students to “dream big,” and this upcoming transition now represents a dream come true for Mary Ann and me. American University has an academic profile that mirrors my deep interests in national and global policy, public service and law. Mary Ann and I met just down the street from American University at National Presbyterian Church, which was where I proposed to Mary Ann, where we were married and where our daughter, Eleanor, was baptized. Mary Ann and I both lived in the Washington metro area for over a decade as we were beginning our professional careers and we have always maintained close professional and personal ties there. It is as though our lives are now coming full circle.",2024-03-19 12:40:50,3
comment,President Alger leaving to take same job at American University at the end of this academic year,Apparently Showker was involved in that too,2024-03-18 13:09:10,9
comment,President Alger leaving to take same job at American University at the end of this academic year,I was going all the way back to Carrier. Who was Pres when I went,2024-03-18 13:15:14,9
comment,President Alger leaving to take same job at American University at the end of this academic year,"Wait, what? Do tell...",2024-03-18 13:15:10,4
comment,President Alger leaving to take same job at American University at the end of this academic year,"Diversity is far more than just race, ethnicity, or gender.",2024-03-19 12:26:28,0
comment,President Alger leaving to take same job at American University at the end of this academic year,Sylvia drove this Uni into the ground. I hope President elect Jon Alger can help us,2024-03-19 04:09:54,1
comment,President Alger leaving to take same job at American University at the end of this academic year,"AU and JMU are pretty different schools and cultures, so its tough to tell. I think he is a good guy and president, others disagreed. Though during his time at JMU, JMU moved up to a R2 research university, sports teams improved greatly (part of that can be attributed to Jeff Bourne), total enrollment increased 15%, and total applications increased greatly. Part of the application increase can be attributed to sports success, but he lead our transfer to a better conference. Looking at your old president's resume, he has way more experience than her and is more academically qualified.",2024-03-18 13:07:14,29
comment,President Alger leaving to take same job at American University at the end of this academic year,"Though I doubt an admin change will drastically change a students experience, I do think it will help the school's finances and applications. Kind of surprised American has decreasing applications, it seemed to have a good academic rep",2024-03-18 13:13:49,10
comment,President Alger leaving to take same job at American University at the end of this academic year,Really? Interesting. Why so disliked and why blamed for the drops? Did she start new policies that led to that,2024-03-19 06:44:58,1
comment,President Alger leaving to take same job at American University at the end of this academic year,Interesting. I never realized that university presidents typically change jobs that often. I wonder how much that comes from fickle boards vs. changes in opportunities.,2024-03-18 13:20:49,7
comment,President Alger leaving to take same job at American University at the end of this academic year,Absolutely. It was a wild time. Seen on National news outlets. May be best to be left in the past,2024-03-19 12:29:44,3
comment,President Alger leaving to take same job at American University at the end of this academic year,I remember being there on shrooms. What a time,2024-03-22 18:00:50,2
comment,President Alger leaving to take same job at American University at the end of this academic year,570k in Harrisonburg is like 2 million in DC,2024-03-19 10:35:30,11
comment,President Alger leaving to take same job at American University at the end of this academic year,[https://www.chronicle.com/article/james-madison-u-s-president-faces-a-new-round-of-criticism/](https://www.chronicle.com/article/james-madison-u-s-president-faces-a-new-round-of-criticism/) [https://scholar.lib.vt.edu/VA-news/ROA-Times/issues/1997/rt9704/970409/04090038.htm](https://scholar.lib.vt.edu/VA-news/ROA-Times/issues/1997/rt9704/970409/04090038.htm),2024-03-18 13:23:15,6
comment,President Alger leaving to take same job at American University at the end of this academic year,yeah sure it is definitely much more than the copy paste white frat boy how could i forget the copy paste white sorority girl,2024-03-19 13:16:16,0
comment,President Alger leaving to take same job at American University at the end of this academic year,As a an alumni the only thing I remember about the handling of JMU that affected me was forcing us to come back to campus during covid before vaccines were a thing to force us to pay to live in dorms and go to in person classes. I'm not saying it was his decision to bring us back but I still can't forgive the school and by extension Alger as the face of JMU for putting me in harms way.,2024-03-18 15:50:03,7
comment,President Alger leaving to take same job at American University at the end of this academic year,"It dropped out of the top 100 in U.S. News rankings, which I think has had a noticeable impact on applications. Only to #105, but ""top 100"" has a prestige thing to it, especially for students who would be paying for a fairly expensive private school. Academic reputation is fairly good, especially for any major that's DC-related (politics, international relations), but it's a very uneven R2 research-wise, strong in some areas and weak in other areas. The STEM programs being small hurts rankings I think, because STEM programs usually do better in some of the metrics like grant money, paper citations, and average alum salary.",2024-03-18 17:32:06,8
comment,President Alger leaving to take same job at American University at the end of this academic year,"Yeah man, higher-ed presidents are turning over like no one's business. I'm honestly surprised it wasn't brought up more during the ivy league kangaroo congress hearing.",2024-03-18 15:00:31,6
comment,President Alger leaving to take same job at American University at the end of this academic year,"Absolutely for the best to leave it in the past. I was around for the similar event that happened in 2000, though I did not attend the event. It dominated the headlines for much of that year, and the whole thing was so dumb. The event should have never happened in the first place, though it was a traditional thing back then, and just about everyone involved handled it extremely poorly.",2024-03-19 12:55:32,6
comment,President Alger leaving to take same job at American University at the end of this academic year,"Here's the first one without the paywall: https://archive.is/wRp46 That said, wow.",2024-03-18 13:41:53,7
comment,President Alger leaving to take same job at American University at the end of this academic year,Sounds like you survived,2024-03-19 07:58:35,7
comment,President Alger leaving to take same job at American University at the end of this academic year,"I had a similar experience. Overall, I think he was okay, but I wasn't happy with the way he handled pandemic protocols.",2024-03-18 15:53:07,3
post,Alger’s response to hitting over 500 cases in a week,Alger’s response to hitting over 500 cases in a week,2020-09-01 12:34:49,328
comment,Alger’s response to hitting over 500 cases in a week,"Fun fact, this is sized perfectly to be an iPhone wallpaper",2020-09-01 12:38:20,41
comment,Alger’s response to hitting over 500 cases in a week,I think we should start posting shit up around campus,2020-09-01 17:40:02,8
comment,Alger’s response to hitting over 500 cases in a week,Classes are online now. I’d like to think Alger saw this and it pushed him to make the decision. You’re welcome.,2020-09-01 20:05:33,8
comment,Alger’s response to hitting over 500 cases in a week,You’ve officially won JMU Reddit lmao,2020-09-01 13:17:26,20
comment,Alger’s response to hitting over 500 cases in a week,"Lmao, I saw this meme just now right after THE email got sent. Ironically it’s still accurate 😂",2020-09-01 18:42:55,6
comment,Alger’s response to hitting over 500 cases in a week,Three of them side by side are gonna make a great Zoom background.,2020-09-01 15:32:26,23
post,Virginia schools be like,Virginia schools be like,2020-09-02 10:36:34,312
comment,Virginia schools be like,VT actually has way more but they are reporting the number to the student’s hometown instead of VT/Blacksburg case numbers. It’s messed up,2020-09-02 11:29:46,68
comment,Virginia schools be like,"UVa doesn’t start classes for another 2 weeks, so they have over 100 reported cases without any students living on campus yet",2020-09-02 12:43:05,41
comment,Virginia schools be like,"GMU student here. We almost certainly have cases, GMU's doing pretty much nothing to enforce the regulations and the COVID test they made everyone take turned out to be unreliable garbage.",2020-09-02 15:22:23,11
comment,Virginia schools be like,This is bullshit tbh,2020-09-02 13:22:07,7
comment,Virginia schools be like,VCU all virtual until at least March Not sure how to feel about that,2021-01-23 21:10:47,1
comment,Virginia schools be like,And likely all 500 will survive and move on with life. This entire thing is overblown.,2020-09-02 21:07:59,-7
comment,Virginia schools be like,Gmu’s pushing boosters and we still have a petition to go virtual,2022-01-12 14:51:15,1
comment,Virginia schools be like,Seriously? I had no idea. My sister goes to tech currently and we’ve been following their numbers but I guess they’re totally skewed,2020-09-02 13:55:47,13
comment,Virginia schools be like,Can I find out more about this somewhere?,2020-09-02 14:10:32,5
comment,Virginia schools be like,That shit should be illegal,2020-09-02 18:05:29,2
comment,Virginia schools be like,Uva starts in person class next week. Freshman move in starting tomorrow. But yeah 100 cases and no freshman is not a good sign,2020-09-02 12:49:04,22
comment,Virginia schools be like,Thanks haha,2020-09-02 10:46:31,9
comment,Virginia schools be like,Bruh. Shit still don’t mean we have cases. Most GMU students commute or sit in their dorms all day and with this pandemic that’s being done ten fold. Even if Kallaco is absolute shit (the same company VCU uses btw) I highly doubt GMU has many cases cause most of the students here are like wet fucking bread.,2020-09-02 15:56:48,-2
comment,Virginia schools be like,Not an actual source or anything but this was on tech’s Instagram story the other day: https://i.imgur.com/UxEOcMJ.jpg,2020-09-02 15:37:13,3
comment,Virginia schools be like,"Yes thank you for the correction, I was remembering that they delayed classes starting for 2 weeks from their original semester start date. Just trying to delay the inevitable I suppose",2020-09-02 12:51:30,7
comment,Virginia schools be like,"I see plenty of people going out every single day, and a decent amount of them without masks.",2020-09-02 15:58:49,2
comment,Virginia schools be like,Oh. This doesn’t seem like something Tech is doing wrong. How could they be reporting numbers for tests they don’t conduct?,2020-09-02 15:38:41,2
comment,Virginia schools be like,You don’t have to wear a mask if you’re outside and doing proper social distancing. And going out where? To class? To work? How the fuck you know where they’re going and what they’re doing?,2020-09-02 16:21:55,-1
comment,Virginia schools be like,"True but I think the point is that JMU is including self reported cases in their grand total on their dashboard, but tech isn’t. So claiming that tech is doing better than us is incorrect since tech isn’t including the same numbers that we are. Almost 70% of our cases are self reported, so it’s safe to say that VT’s actual number of students with the virus is wayyyyy higher",2020-09-02 15:43:25,7
comment,Virginia schools be like,"GMU student here but not on campus this semester. They go outside to socialize, walk around, go off campus, go to dining halls, dorm study groups. Also masks are required everywhere on campus even outside.",2020-09-02 17:24:52,2
comment,Virginia schools be like,Def agree with you - I noticed that immediately on their dashboard and I was like oh that’s convenient that they’re leaving off all self-reported cases.,2020-09-02 15:53:41,3
comment,Virginia schools be like,Has Tech said they aren’t reporting self-reported cases? I haven’t heard one way or the other.,2020-09-02 15:46:32,1
comment,Virginia schools be like,"I think people are also forgetting that GMU students love going to Arlington and DC on the weekends (no masks, bc drinking obviously).",2020-09-02 18:33:50,5
comment,Virginia schools be like,"Self reported cases = positives from off campus testing. In the screenshot I linked, VT said that they aren’t including off campus test results on their dashboard.",2020-09-02 15:54:48,1
comment,Virginia schools be like,"Not necessarily, I’ve never been to Arlington or DC since I came to mason (same with many of my other friends) and I’m not from the Northern Virginia. Also that’s every school that goes to a bar and drinks.",2020-09-03 05:58:10,1
comment,Virginia schools be like,"Bro what? I wasn’t saying “all” of us do, and I’m well aware that college students like to go out and drink. Just from my observation, a lot of gmu students have recently been going to Arlington and dc on the weekends, regardless of this whole pandemic thing. Same behavior as before COVID, just now more unsettling because nobody prefers masks when they’re under the influence",2020-09-03 11:01:54,1
comment,Virginia schools be like,Ah ok I was just confused. Yeah I’ve noticed that except they go to like bars in the Fairfax area. I can’t really blame people for socializing with friends but going indoors with a mask is risking it for others.,2020-09-03 11:10:23,1
post,The Dukes Advance!,The Dukes Advance! JMU defeats Wisconsin to advance to round of 32 to face Duke.,2024-03-23 00:20:20,306
comment,The Dukes Advance!,Well-earned. They were the better team all night.,2024-03-23 00:22:25,42
comment,The Dukes Advance!,Dominated all game. That was so cool. I went to the game against Indy in 13 and that SUCKED. It’s took a little extra time but JMU has arrived on the big stage and it’s been fun.,2024-03-23 00:26:31,31
comment,The Dukes Advance!,First tournament win since 1983,2024-03-23 00:22:27,23
comment,The Dukes Advance!,"It’s gotta be the purple unis, they’re so clean.",2024-03-23 06:16:49,8
comment,The Dukes Advance!,"It was still exciting to just make the tournament, that team was really solid but could not compete on a level with oladipo, zeller (his nba play does not reflect his college, dude was a monster in college), and yogi Ferrell iirc. This years team is on another level in comparison, but I was still pretty surprised how well we played today. On to Duke.",2024-03-23 01:22:46,11
comment,The Dukes Advance!,We hit a 3 to start the game and Wisky never even tied it. Wow.,2024-03-23 02:37:31,9
comment,The Dukes Advance!,First time reaching the second round since 1983. We won a first four game in 2013,2024-03-23 00:33:05,14
comment,The Dukes Advance!,"Anything but the black unis, they’re bad luck",2024-03-23 10:34:06,1
comment,The Dukes Advance!,Sure. But that game we never sniffed being competitive. So this was so fun.,2024-03-23 11:15:00,1
post,took My graduation pictures today while maintaining social distancing,took My graduation pictures today while maintaining social distancing,2020-03-28 16:36:56,308
comment,took My graduation pictures today while maintaining social distancing,Saw you on the quad in that lmaoooo,2020-03-28 17:25:40,36
comment,took My graduation pictures today while maintaining social distancing,"If you guys are interested in the entire set, you can see them on my Instagram here: https://www.instagram.com/p/B-Sjs-ZBeDC/?utm_source=ig_web_copy_link",2020-03-28 19:43:28,8
comment,took My graduation pictures today while maintaining social distancing,Thats amazing,2020-03-28 18:36:36,6
comment,took My graduation pictures today while maintaining social distancing,This is so amazing. I shared this with my group of JMU peeps who all graduated (normally) in ‘99 - hang in there! Go Dukes!,2020-03-28 19:39:38,5
comment,took My graduation pictures today while maintaining social distancing,"Congrats on your graduation! I hate that this is happening to fellow Dukes, but don’t let it diminish your accomplishments!!",2020-03-28 20:48:42,5
comment,took My graduation pictures today while maintaining social distancing,Awesome!! Congrats,2020-03-28 19:10:13,3
post,Taking Senior Photos During JMU Construction (2019),Taking Senior Photos During JMU Construction (2019),2019-04-09 20:16:58,262
comment,Taking Senior Photos During JMU Construction (2019),This makes me sad because it won't get the recognition it deserves,2019-04-09 21:02:59,24
comment,Taking Senior Photos During JMU Construction (2019),My friend and I took pictures in front of Wilson in December. You can't even see the fence in the background.,2019-04-09 21:46:12,16
comment,Taking Senior Photos During JMU Construction (2019),Damn this is prime content right here!,2019-04-10 09:00:49,3
comment,Taking Senior Photos During JMU Construction (2019),"I'd say having the top post of all time on this sub is plenty recognition enough ;) Seriously though, I never expected this to get even 50 upvotes. Imagine my surprise when I woke up this morning to find that it had over three times that.",2019-04-10 20:29:14,12
post,Winsome Sears booed at JMU vs ODU football game yesterday!,Winsome Sears booed at JMU vs ODU football game yesterday!,2025-10-19 10:10:56,236
comment,Winsome Sears booed at JMU vs ODU football game yesterday!,"Jason Miyares was introduced at the same time as well. Some people did cheer/clap, but it seemed like most people were booing. Seemed like everyone was clapping for Warner",2025-10-19 11:21:09,35
comment,Winsome Sears booed at JMU vs ODU football game yesterday!,I was pleasantly surprised most people were booing. Especially in the student section.,2025-10-19 10:29:38,66
comment,Winsome Sears booed at JMU vs ODU football game yesterday!,Wish I was there to boo her now,2025-10-19 10:26:12,42
comment,Winsome Sears booed at JMU vs ODU football game yesterday!,Wish I had gone to participate!,2025-10-19 10:28:26,12
comment,Winsome Sears booed at JMU vs ODU football game yesterday!,"Definitely did my part in the booing, may have thrown a middle finger (or two) in there. There was a fan, who is going viral on Twitter/X, who took it a step further and yelled at her to “go back to Haiti” (she’s Jamaican). As much as I want her to lose in a few weeks and never be heard from politically again, telling someone to “go back” to where they came from is corny/lame",2025-10-20 08:12:58,6
comment,Winsome Sears booed at JMU vs ODU football game yesterday!,![gif](giphy|r3lAT7VomcYCrW8JNx) You lol,2025-10-19 23:32:45,2
comment,Winsome Sears booed at JMU vs ODU football game yesterday!,Good!! Way to go Dukes!!,2025-10-20 05:33:37,2
comment,Winsome Sears booed at JMU vs ODU football game yesterday!,As she should be,2025-10-19 22:33:48,3
comment,Winsome Sears booed at JMU vs ODU football game yesterday!,Does anyone have the video,2025-10-19 10:37:59,0
comment,Winsome Sears booed at JMU vs ODU football game yesterday!,I was disappointed there were politics brought into the Homecoming celebrations and our football game. I boo them all. Keep politics out of sports Go Dukes 💜💛,2025-10-19 12:45:19,-6
comment,Winsome Sears booed at JMU vs ODU football game yesterday!,Love to hear it,2025-10-20 21:07:12,1
comment,Winsome Sears booed at JMU vs ODU football game yesterday!,Surprised that she was not well liked given that the JMU student body tends to be more conservative. Must be the smarter alums who were in attendance and responded as such.,2025-10-22 06:49:12,1
comment,Winsome Sears booed at JMU vs ODU football game yesterday!,I’m voting for her,2025-10-19 18:48:35,-10
comment,Winsome Sears booed at JMU vs ODU football game yesterday!,Shocker…. A .edu crowd disliking a right leaning politician. I wonder what happens when Spanberger shows up to an NRA rally. She gets booed there. Full disclosure…. I’m nauseated by both.,2025-10-19 14:49:57,-16
comment,Winsome Sears booed at JMU vs ODU football game yesterday!,lol no she wasn’t. But Warner was. Bro it’s Rockingham. No one boo’d Sears,2025-10-19 11:13:30,-41
comment,Winsome Sears booed at JMU vs ODU football game yesterday!,Imagine being a JMU alum being booed by 25k other JMU alums or students.,2025-10-19 11:29:50,38
comment,Winsome Sears booed at JMU vs ODU football game yesterday!,"Not gonna lie, it felt really good",2025-10-20 00:07:27,4
comment,Winsome Sears booed at JMU vs ODU football game yesterday!,"Yes, I think if I had been there I would say ""Not cool"" to that heckler. For many reasons. I oppose Earle-Sears on policy grounds, not because she is an immigrant.",2025-10-20 16:52:20,2
comment,Winsome Sears booed at JMU vs ODU football game yesterday!,"It happened really fast , flashed on jumbo tron",2025-10-19 11:02:09,0
comment,Winsome Sears booed at JMU vs ODU football game yesterday!,"Politics is part of everything now, and rightly so. ""Keeping politics out of X"" is how we ended up where we are right now-- a bunch of uneducated idiots gleefully electing a dictator.",2025-10-19 13:42:59,10
comment,Winsome Sears booed at JMU vs ODU football game yesterday!,The section I was in (mixed student/alum/GA) on the east side cheered for her more than booed. I booed very loudly next to my MAGA hat wearing neighbor. ODU fan. Go figure.,2025-10-23 10:28:54,3
comment,Winsome Sears booed at JMU vs ODU football game yesterday!,"Now Trump endorsing Sears! To me that’s laughable since he doesn’t really like blacks or women sorry if I offended anyone in this chat, it was not to be an offensive comment. It’s just my opinion of Trump.",2025-10-22 11:23:27,0
comment,Winsome Sears booed at JMU vs ODU football game yesterday!,"Me, too. Shame on them.",2025-10-19 21:51:53,-4
comment,Winsome Sears booed at JMU vs ODU football game yesterday!,"Want to try that one again? A stadium filled with football fans in Rockingham County boo-ed the Republican LT Gov. At worse Harrisonburg plus Rockingham County is about even, at best, it leans Red. This particular politician seems to have a lot of negative energy across the state weeks from the election.",2025-10-21 08:14:50,5
comment,Winsome Sears booed at JMU vs ODU football game yesterday!,Oh fuck off lol,2025-10-19 17:16:09,1
comment,Winsome Sears booed at JMU vs ODU football game yesterday!,I was in section 403 which is about as far away from the student section as you can get and all I heard were boos for her. Also heard boos for Warner too,2025-10-19 12:01:04,13
comment,Winsome Sears booed at JMU vs ODU football game yesterday!,Student section was big time booing!,2025-10-19 11:23:16,23
comment,Winsome Sears booed at JMU vs ODU football game yesterday!,She absolutely got booed. I actually didn’t hear boos for Warner around me but definitely heard them for her.,2025-10-20 20:03:02,4
comment,Winsome Sears booed at JMU vs ODU football game yesterday!,Oh I was definitely booing her and was definitely not alone in doing so.,2025-10-19 11:39:04,12
comment,Winsome Sears booed at JMU vs ODU football game yesterday!,"It’s Harrisonburg, not Rockingham. We didn’t elect a lunatic to our school board",2025-10-19 15:29:33,5
comment,Winsome Sears booed at JMU vs ODU football game yesterday!,It did seem like he was trying to distance himself from her because he was standing away from her and left the sideline well after her. Did they go to the UVA game?,2025-10-19 11:31:46,-2
comment,Winsome Sears booed at JMU vs ODU football game yesterday!,Oh no she was on the field,2025-10-19 11:09:36,0
comment,Winsome Sears booed at JMU vs ODU football game yesterday!,They need to vote or the boos mean absolutely nothing.,2025-10-19 11:32:16,12
comment,Winsome Sears booed at JMU vs ODU football game yesterday!,No clue but he would totally try to drum up some “I’m a JMU alum” sympathy votes.,2025-10-19 11:33:13,9
comment,Winsome Sears booed at JMU vs ODU football game yesterday!,Was she speaking?,2025-10-19 16:40:43,6
comment,Winsome Sears booed at JMU vs ODU football game yesterday!,Underrated comment,2025-10-20 00:06:06,3
post,"Leaving Hburg today, and this’ll be my last impression of this semester lol","Leaving Hburg today, and this’ll be my last impression of this semester lol",2020-09-06 10:33:03,227
comment,"Leaving Hburg today, and this’ll be my last impression of this semester lol",It's missing a fire,2020-09-06 11:25:30,37
comment,"Leaving Hburg today, and this’ll be my last impression of this semester lol",The new place suits him!,2020-09-06 10:55:12,31
comment,"Leaving Hburg today, and this’ll be my last impression of this semester lol",If you want to know what decision to make on anything look to JMU and simply do the opposite. This administration could not pour piss out of a boot with the directions on the heel.,2020-09-06 12:09:14,23
comment,"Leaving Hburg today, and this’ll be my last impression of this semester lol",Pure poetry.,2020-09-06 16:29:56,8
comment,"Leaving Hburg today, and this’ll be my last impression of this semester lol",A wire fence?,2020-09-07 08:51:04,0
post,Campus Reopening Plan,Campus Reopening Plan,2020-08-13 16:46:49,232
comment,Campus Reopening Plan,Until this moment I never noticed those stupid brown eyebrows. What grey dog has brown eyebrows ffs just make them dark grey,2020-08-13 21:09:40,30
comment,Campus Reopening Plan,Why have I just now realized that.. XD,2020-08-13 21:53:15,9
post,JMU vs WEBER STATE 8/30/25,"JMU vs WEBER STATE 8/30/25 Me and my buddy flew over the game tonight, beautiful evening! First pic is on approach to the stadium and the next few are from just circling around. I hope you enjoy!",2025-08-30 22:10:12,224
comment,JMU vs WEBER STATE 8/30/25,"Wow I saw y'all- the band director was like ""that's highly illegal"" after you left. We weren't sure if it was a scheduled part of the game or not.",2025-08-30 22:47:38,23
comment,JMU vs WEBER STATE 8/30/25,awesome! about what time were these shots?,2025-08-30 22:21:33,7
comment,JMU vs WEBER STATE 8/30/25,I’m an MRD. I pepped this game!!!!! This is so awesome!! P.S.: my mom said all the cops left when they saw y’all immediately lol,2025-08-30 23:00:28,11
comment,JMU vs WEBER STATE 8/30/25,I thought this was part of the game lol,2025-08-31 11:06:34,4
comment,JMU vs WEBER STATE 8/30/25,Just amazing shots thank you so much!!!,2025-08-30 23:00:44,3
comment,JMU vs WEBER STATE 8/30/25,"Lol, I’m an MRD and I saw you guys! We were all going, “is that legal?”",2025-08-31 08:40:27,3
comment,JMU vs WEBER STATE 8/30/25,Damn I miss this town.,2025-08-31 09:00:28,3
comment,JMU vs WEBER STATE 8/30/25,I got a few pictures of you guys flying over that I’d be happy to send your way if you’re interested in them. Also I checked the [TFR map here](https://tfr.faa.gov/tfr3/?page=map) when I saw you guys flying over and didn’t see a TFR over the stadium. Not a pilot though so I’m not totally sure. Are TFRs in place over every game always or just over particularly large games?,2025-08-31 11:25:08,3
comment,JMU vs WEBER STATE 8/30/25,"I recommend not doing that again. Definitely against federal law… § 103.15 Operations over congested areas. No person may operate an ultralight vehicle over any congested area of a city, town, or settlement, or over any open air assembly of persons.",2025-08-31 15:04:15,7
comment,JMU vs WEBER STATE 8/30/25,Badass pics. Loved seeing you guys up there!,2025-08-31 13:07:25,2
comment,JMU vs WEBER STATE 8/30/25,We all saw you guys!,2025-08-31 16:12:11,2
comment,JMU vs WEBER STATE 8/30/25,"Even if there aren’t officially restrictions, it does seem unwise. You know they shoot off fireworks whenever jmu scores, right?",2025-09-02 22:04:48,2
comment,JMU vs WEBER STATE 8/30/25,https://preview.redd.it/wofs2adnxemf1.jpeg?width=3024&format=pjpg&auto=webp&s=f264c1f850aca17c98daf72a74ee2907db5f6789,2025-08-31 16:14:54,3
comment,JMU vs WEBER STATE 8/30/25,I’d recommend filing an ASRS report anyway https://asrs.arc.nasa.gov,2025-08-31 12:38:08,1
comment,JMU vs WEBER STATE 8/30/25,This is the coolest thing I’ve ever seen,2025-08-31 00:12:34,1
comment,JMU vs WEBER STATE 8/30/25,"Landing on the field would be easy, taking off again not so much😂😂",2025-08-30 22:39:16,6
comment,JMU vs WEBER STATE 8/30/25,Not technically illegal as long as you don’t fly directly over the stadium at low altitude. Definitely not a scheduled part of the game lol. When we were getting ready to take off we usually talk about where we’re gonna fly and one of the guys that lives next to the airstrip said I think JMU is playing tonight so we got amped up about flying over the game😂😂,2025-08-30 22:51:59,17
comment,JMU vs WEBER STATE 8/30/25,7:52 to 7:55pm approximately,2025-08-30 22:36:16,4
comment,JMU vs WEBER STATE 8/30/25,I’m glad you enjoyed it! We classify as ultralights so we don’t fly with transponders or identifiers so unless those cops knew us personally by wing color or could somehow pinpoint where we takeoff and land from they wouldn’t be able to do anything about it anyway. FAA has jurisdiction on anything in the air and they’ve never bothered us before,2025-08-30 23:06:43,13
comment,JMU vs WEBER STATE 8/30/25,According to previous comments apparently not? Idk and idc it was a freaking awesome evening,2025-08-31 17:52:46,2
comment,JMU vs WEBER STATE 8/30/25,"Definitely interested in those pics, I didn’t see a tfr either. However according to what I read after looking it up it does say FAA mandates automatic 3NM 3k feet tfr’s for any NFL, MLB, D1 football, nascar, Indy car events etc from 1 hour before to 1 hour after the event which I wasn’t even remotely aware of. The more you know right?",2025-08-31 11:32:03,3
comment,JMU vs WEBER STATE 8/30/25,https://preview.redd.it/2buyg15txemf1.jpeg?width=4284&format=pjpg&auto=webp&s=aa12f0b4682f49ccb38bf77e36652f7e50c4455e,2025-08-31 16:15:46,3
comment,JMU vs WEBER STATE 8/30/25,Awesome pictures thank you for commenting!!!,2025-08-31 17:53:04,2
comment,JMU vs WEBER STATE 8/30/25,"For stadiums >30,000 capacity, which Bridgeforth isn’t.",2025-08-31 13:19:41,2
comment,JMU vs WEBER STATE 8/30/25,"it's technically illegal if you're that low over a congested area (a yellow on your vfr sectional) or an assembly of people, which a sporting event is.",2025-09-01 08:40:00,3
comment,JMU vs WEBER STATE 8/30/25,Could you hear the MRDs play from up there?,2025-08-30 22:52:53,5
comment,JMU vs WEBER STATE 8/30/25,After sunset.,2025-08-31 13:26:36,1
comment,JMU vs WEBER STATE 8/30/25,Isn’t that only for events >30k people?,2025-08-31 13:14:29,2
comment,JMU vs WEBER STATE 8/30/25,If I took my ear plugs out and idled my throttle mayyyyybe. Motor is really loud when you’re attached to it so we always fly with plugs. I forgot plugs one time and after a 15 minute flight my ears were ringing really bad,2025-08-30 22:56:40,12
comment,JMU vs WEBER STATE 8/30/25,"Yeah, I remember there was an incident last year I think where there was an unauthorized drone over the stadium and they delayed the start of the whole game to tell it to leave",2025-08-31 10:01:53,7
comment,JMU vs WEBER STATE 8/30/25,Don’t TFRs only apply to events with more than 30k people?,2025-08-31 13:13:32,1
comment,JMU vs WEBER STATE 8/30/25,Like the TFR that specifically applies to stadiums larger than 30k?,2025-08-31 20:51:16,0
comment,JMU vs WEBER STATE 8/30/25,Good thing there wasn't a TFR,2025-08-31 13:44:34,-1
comment,JMU vs WEBER STATE 8/30/25,Ultralights have more restrictive rules than other aircraft. See my post below.,2025-08-31 21:23:32,1
post,JMU images featured in Daily Show’s “Pandumbic” coverage,JMU images featured in Daily Show’s “Pandumbic” coverage,2020-09-09 12:56:50,224
comment,JMU images featured in Daily Show’s “Pandumbic” coverage,"FUCK YEAH BABY! #1 in Covid, we’ll win again next year!",2020-09-10 00:03:55,14
comment,JMU images featured in Daily Show’s “Pandumbic” coverage,https://www.facebook.com/7976226799/posts/10159240838736800/?vh=e&extid=4bebA5rFy13pW0e8,2020-09-09 12:57:40,7
comment,JMU images featured in Daily Show’s “Pandumbic” coverage,"And the last time we got on the daily show was due to sexual assault, hooray us.",2020-09-09 14:25:38,43
comment,JMU images featured in Daily Show’s “Pandumbic” coverage,For real though Harrasionburg is rank #1 in virginia for infection rate and new cases per 100k. Harrasionburg is rank #1 for US college towns for new cases per 100k and rank #2 for US college towns infection rate. Go Dukes!,2020-09-10 09:02:55,7
comment,JMU images featured in Daily Show’s “Pandumbic” coverage,First thing that we see: Wilson Hall. Very nice.,2020-09-10 01:29:28,3
comment,JMU images featured in Daily Show’s “Pandumbic” coverage,"I mean we finally did beat tech though (21-16!) I will say that Stewart went to school in a swamp with one of the higher suicide rates in the country, so his shit talking during that situation felt a bit more biased. I'm not saying anything during that situation wasn't fair criticism btw, just a bit tinged with a W&M superiority complex.",2020-09-09 14:39:58,10
comment,JMU images featured in Daily Show’s “Pandumbic” coverage,I used this data source for these rankings. [https://covidactnow.org/us/va/county/harrisonburg\_city/chart/5/?s=1019215](https://covidactnow.org/us/va/county/harrisonburg_city/chart/5/?s=1019215),2020-09-10 21:52:20,2
comment,JMU images featured in Daily Show’s “Pandumbic” coverage,"Well, I know what board I'm on, but there's little doubt that W&M has a much more national and prestigious profile than JMU.",2020-09-09 16:15:53,8
comment,JMU images featured in Daily Show’s “Pandumbic” coverage,"Academically for sure, sadly for us.",2020-09-09 17:00:45,1
post,Truly a revolutionary concept,Truly a revolutionary concept,2020-09-07 13:01:13,222
comment,Truly a revolutionary concept,"Check that. Entire country. Washington Post, ABC TV, etc. all covering the shit show. We've gone national without fielding a team! That's leadership.",2020-09-08 01:08:50,8
comment,Truly a revolutionary concept,"I’m sure your intent was malicious reverse me, however I will have you know that I find this quite funny",2020-09-07 17:33:56,12
comment,Truly a revolutionary concept,"lmao yeah you’re right, the whole state of Virginia is laughing at you buddy. you think putting students at risk of contracting covid-19 is funny? that says all i need to know about you",2020-09-07 18:41:49,10
comment,Welp,"Oh gee, hope we get our $37 back like we did last year!",2020-09-01 19:17:16,32
comment,Welp,"Bought mine today, thank god I got the remote parking pass",2020-09-01 18:52:32,14
comment,Welp,I understand student frustrations but what about employees who will now get furloughed and will be paid just enough so we can't claim unemployment yet not enough to pay bills and take care of our families!,2020-09-01 19:41:54,24
comment,Welp,"Lucky for me I’m still probably gonna use my pass to drive around campus to good longboarding spots. I mean it’s an expensive solution to it, but at least I’ll use the pass for _something_",2020-09-01 18:56:29,10
comment,Welp,Exactly why I park on a close street. No way they’re going to refund most of that,2020-09-01 19:53:24,9
comment,Welp,"Unless you are an employee, you didn't pay over $300 for a parking permit. And they are refunding them if you return the permit.",2020-09-03 16:24:05,1
comment,Welp,"I looked up the parking fee schedule, and I'm kind of impressed by how many different varieties they have now, as well as how many different parking structures they have. I remember when the parking structure behind the stadium was built, and how it was just ""the"" parking garage back then, because it was the only one.",2020-09-02 02:47:24,2
comment,Welp,What class of employee are you talking about?,2020-09-01 19:56:22,7
comment,Welp,Hi! Student from GMU here. Never been to JMU's campus but how good are the longboarding spots? Might consider taking a trip down once all the students leave. Is it good for bombing hills or free riding or both? Our campus hills are few and far between and construction has made longboarding on campus a nightmare,2020-09-02 12:56:43,2
comment,Welp,"An full time annual pass is 300, plus tax. Sweet.",2020-09-03 17:50:37,1
comment,Welp,"Good reminder. Most faculty/staff found out like students tbh. I get the anger but people need to understand that MOST employees have no say, no control, and are just as angry and concerned.",2020-09-01 19:24:55,10
comment,Welp,Bullshit. You could be blind and have seen this coming..,2020-09-02 09:53:34,1
comment,Welp,Facilities Management employees!,2020-09-01 20:55:11,19
comment,Welp,"Most. Average salary of a university employee is far less than you’d expect. Faculty is a large range. But every day employees are 40k, if that, and many with Masters.",2020-09-01 21:23:59,11
comment,Welp,"Yeah campus has _tons_ of hills. I’d say some places are pretty extreme. If you’re looking for flat areas to practice tricks or cruise or something, DM me, and I’ll give you specific spots. But as a general rule campus is super hilly and has some great spots for downhill work. The quad and east campus are both good downward slope spots. Bridgewater (15 mins south on 42) is a great cruising spot too :)",2020-09-02 13:57:22,1
comment,Welp,No tax. No shipping. Just 300.,2020-09-03 18:08:10,1
comment,Welp,"Faculty here, literally learned about it from the same email everyone else did.",2020-09-01 19:32:30,24
comment,Welp,You mean janitor,2020-09-01 21:58:20,-34
comment,Welp,"I don't work at JMU for the money because let's be honest the amount of BS we have to put up with from entitled rich kids who were not taught to treat the ""janitor"" with the same respect as they treat the CEO is beyond ridiculous I work there because they have amazing health insurance benefits!! And Facilities Management is a huge slew of people it includes your: Housekkeeping staff Maintenance Landscapers Plumbers electricians Recycling workers Waste management / trash workers Pest control of all those people the Housekeeping department get paid the least not even making 25,000.00 a year! and they literally do more then anyone else... those Ladies and few Gentlemen put their lives on the line every day to sanitize and clean things up after students and Office workers! and they are showed the least amount of respect on campus! it blows me away! instead of down grading someone for their job... be happy that the whole housekeeping crew has not up and quit during this whole pandemic! because I can guarantee almost all the housekeeping staff doesn't work at JMU for their ""pay""!",2020-09-01 22:32:49,16
comment,Welp,Good luck with the transition. I don’t wish this on anyone having to pivot again.,2020-09-01 19:35:20,2
comment,Welp,Who do you think keeps the public restrooms on campus clean enough so you have the confidence to have your ass pounded in them on a regular basis u/ass-pounder3000,2020-09-01 23:58:39,10
comment,Welp,"I get why the professors can't organize, but are y'all still technically state employees? If not, why not unionize?",2020-09-02 03:01:14,1
comment,Welp,"we are state employees! I totally wish we could have a union because we would probably all go on strike. It really isn't fair to the other people on campus because alot of times we have issues with our Chemicals not being diluted properly. or there are significant amounts of mold growth, and they expect us to ""scrub it away"" and the painters to come ""paint over it"" without fixing the underlying problem.",2020-09-02 04:36:32,3
comment,Welp,"Collective bargaining is currently illegal for employees of the Commonwealth. It will become legal for local level government employees next year, but it still leaves employees of the state hanging out to dry. It is also illegal for government employees to strike and will remain so after collective bargaining is allowed for local employees next year. Edit: to be more precise, state agencies are not allowed to engage in collective bargaining. That is how the law is actually written.",2020-09-02 05:15:03,3
post,We did it Patrick! We Re-Opened Campus!,We did it Patrick! We Re-Opened Campus!,2020-09-01 20:08:36,208
post,Me when I think about how school is in less than two weeks and I have no genuine clue what is going on,Me when I think about how school is in less than two weeks and I have no genuine clue what is going on,2020-08-14 17:34:47,203
comment,Me when I think about how school is in less than two weeks and I have no genuine clue what is going on,I feel your pain..,2020-08-14 21:40:38,10
comment,Me when I think about how school is in less than two weeks and I have no genuine clue what is going on,I still don’t,2020-09-13 20:20:11,1
post,Well that was fast,Well that was fast,2020-09-06 11:44:21,203
comment,Well that was fast,I miss the Algerdome meme days,2020-09-06 17:53:53,37
comment,Well that was fast,Follow the @onlyatjmu account on insta if you wanna see more ager slander,2020-09-06 19:17:34,8
comment,Well that was fast,"I don't think the picture on the left ever happened. In fact most of you kids on here have done nothing but belittle the man to the point where the jokes are taking on a life of their own and no longer have any context. Maybe he deserves all of this, maybe not, but I have never gotten the feeling that he was revered.",2020-09-06 15:31:16,-17
comment,Well that was fast,"Seriously - what I would do to see those annoying ""Algerdome"" posts come back.",2020-09-07 03:17:16,9
comment,Well that was fast,"Well it may have been mostly a meme, but people have been calling him daddy and shit for a while on this sub at least, which is the internet’s version of reverence lol",2020-09-06 15:53:50,23
comment,Well that was fast,"I don't think it was reverence, more of a mocking of supposed authority by mutating him from a paternal leadership figure i.e. president to some sort of infantalized parody of the same, esp. by relabeling him with juvenile terms for a father such as ""daddy"" and juvenile definitions such as ""swole"",""big"", etc. - the way a five year old would describe their father. It's pretty much what I'd expect from young people coming to terms with functioning in a society and encountering a figurehead who lacks any direct mandate from the students themselves to lead them(ignoring any supposed mandate from the state that the students almost certainly did not elect or choose), but attempts to lead all the same. tl;dr: students didn't make him president, resent his authority, reduce that to ashes with maymays on the internet because that's the only place they're still free.",2020-09-06 16:38:00,5
comment,Well that was fast,"yup, it's his face I think. he'd look so much more authoritarian if he just grew a beard or sumn",2020-09-06 19:19:01,0
post,JMU Nazi Zombies Edit,JMU Nazi Zombies Edit,2020-09-03 20:50:34,199
comment,JMU Nazi Zombies Edit,"i heard the social distancing perk helps you go further than 5 days. it’s 10k points though, so most people don’t get it.",2020-09-03 21:02:14,32
comment,JMU Nazi Zombies Edit,I’d like for whoever is playing my character to go ahead and quit the game,2020-09-03 21:08:49,22
comment,JMU Nazi Zombies Edit,pack a punch machine is the eng geo 2nd floor microwave that once ran while the door was open,2020-09-03 21:08:45,29
comment,JMU Nazi Zombies Edit,Yeah this will probably be on jmu barstool soon lmao too good,2020-09-03 23:57:07,10
comment,JMU Nazi Zombies Edit,Avoiding Frat boys in class after they party is the hell hound round,2020-09-04 00:42:28,13
comment,JMU Nazi Zombies Edit,This is honestly the best meme I’ve ever scene on here,2020-09-04 05:18:27,3
comment,JMU Nazi Zombies Edit,Skeleton sound effects from EverQuest.,2020-09-03 22:23:52,2
comment,JMU Nazi Zombies Edit,I feel that,2020-09-04 00:14:06,3
comment,JMU Nazi Zombies Edit,Should’ve spent my points on that instead of the parking pass,2020-09-03 21:15:09,15
comment,JMU Nazi Zombies Edit,Who needs birth control when you have roasted nuts.,2020-09-03 23:45:41,9
comment,JMU Nazi Zombies Edit,I can’t stop laughing at this comment,2020-09-09 14:30:45,1
comment,JMU Nazi Zombies Edit,Appreciate it lol,2020-09-04 00:04:46,3
comment,JMU Nazi Zombies Edit,Keep your eyes out for it👀,2020-09-04 00:21:24,2
comment,JMU Nazi Zombies Edit,Good question,2020-09-03 21:07:48,3
comment,JMU Nazi Zombies Edit,Oh wow. Thank you! 🥺,2020-09-04 09:10:43,2
comment,JMU Nazi Zombies Edit,Take it or mail it back to the Parking Office by 9/11 for a full refund.,2020-09-04 10:45:03,2
post,Don't forget to vote,Don't forget to vote,2025-10-29 12:42:11,198
comment,Don't forget to vote,Shame on every MAGA who supports this and remains silent.,2025-10-29 15:06:02,43
comment,Don't forget to vote,If you find the facebook post of the daughter there's an old hag I'm 95% sure works for JMU in the comments celebrating this. I don't have the time but I'm sure her employer would love to see how she represents the school.,2025-10-29 15:31:15,19
comment,Don't forget to vote,This shit is beyond ludicrous.,2025-10-29 17:42:46,3
comment,Don't forget to vote,If you came to the USA legally there wouldn't be a consequence 🤷‍♂️,2025-10-29 14:46:00,-40
comment,Don't forget to vote,"We voted last November. For mass deportations of illegal aliens. I guess my only complaint is, this isn’t happening more often.",2025-10-30 11:17:37,-6
comment,Don't forget to vote,"I generally dislike police and dislike excessive force. But as far as the basic job they are doing, you cannot politicize and make deportation into some partisan evil. I care more about the insanity of the tens of millions of completely unvetted illegal border crossings under the Biden administration that were given money from the taxpayers for travel, lodging and food, against the wishes of the public. It wasn’t done altruistically. It was a strategic move to try to change census numbers for more democrat representatives. You all don’t actually care about the principles of what happened and is happening. You care that Trump is doing it. And you have some image in your head of a young woman carrying small children, when the VAST majority of illegal border crossings were military ages men (many that were from Russia, China, Middle East not just central/south America).",2025-10-31 08:49:22,0
comment,Don't forget to vote,Vote Red. Keep America safe,2025-10-30 18:26:17,-3
comment,Don't forget to vote,If you try to run while under arrest you will more than likely get tackled. Not sure what the surprise is here.,2025-10-29 13:02:40,-52
comment,Don't forget to vote,Oh they don’t remain silent at all. They’re loud and proud about how much they like this. It’s sickening,2025-10-30 03:28:29,3
comment,Don't forget to vote,I don’t really fall into any political category or maybe I’m a libertarian I don’t know. I’m certainly not a maga drone. This shit is beyond ludicrous. ICE is a fucking joke and I hope someone can prosecute them someday. It’s fucking gross. Even though I know it’s a Psy-Op.,2025-10-29 17:46:25,7
comment,Don't forget to vote,what does that have to do with this video? That woman has a work permit she's here legally,2025-10-29 15:46:17,22
comment,Don't forget to vote,"You would be surprised at how many people we bring into this country through legal means and how many are doing things the right way. A normal person would not be surprised, as they realize that positive immigration is baked into our core American dream, but you would because quite frankly you seem like one of those morons who equate skin color with legal status.",2025-10-29 17:35:35,8
comment,Don't forget to vote,"She had a valid work permit and was here legally. A whole post about it in the r/Harrisonburg subreddit. Also, as someone with LE experience, there is no excuse for the excessive force, which I'm sure was traumatizing for both her and her daughter. This is not how a properly trained law enforcement officer acts. https://www.reddit.com/r/harrisonburg/s/50KkY4Asek",2025-10-29 20:51:03,8
comment,Don't forget to vote,Tell that to the legal residents (and citizens) that have been detained or deported.,2025-10-29 14:49:17,23
comment,Don't forget to vote,"Allegedly, she's a legal resident.",2025-10-29 21:27:09,-2
comment,Don't forget to vote,A few other people said this but I don't see what you're seeing because to me it looks like the officer lunged at her first while she was stationary,2025-10-29 13:08:42,22
comment,Don't forget to vote,"The real surprise here, frankly, is that you’re that comfortable revealing you’re part of the problem 😂",2025-10-29 14:40:08,16
comment,Don't forget to vote,And then detained without a cause? Did you go to JMU because surely you didn't graduate with that few braincells. That's not what we do in America.,2025-10-29 15:14:58,6
comment,Don't forget to vote,"For more racism and child rapists, vote red.",2025-10-29 20:45:41,11
comment,Don't forget to vote,1. She could've just said the numbers of the SSN 2. She'd try to get back in the car when asked to get out,2025-10-29 16:00:23,-20
comment,Don't forget to vote,"I'm fully aware that we bring many people into America legally. I personally know people actually, congratulations for them. But would you like to elaborate on that last part more?",2025-10-29 17:42:26,2
comment,Don't forget to vote,"Source on giving proper documentation? To determine if it was excessive force more evidence is needed a shaky recording from inside the car isn't enough, to me it looks like she was going back to the car to flee.",2025-10-29 21:00:29,-1
comment,Don't forget to vote,"If by ""lunged"" you mean moved towards her and attempted to begin placing handcuffs on her that's correct. After he tried to do this she began running and even tried to get in the door of her car. This is pretty much just textbook attempting to flee once a cop tried to put handcuffs on you.",2025-10-29 13:53:42,-26
comment,Don't forget to vote,"Can you explain how understanding that running from the police while they're arresting you is a bad idea makes me part of ""the problem""?",2025-10-29 14:41:53,-22
comment,Don't forget to vote,she only reached towards the car AFTER the officers tackled her to the floor and she already showed the officer her work permit prior to this lol in what world is not having your SSN memorized grounds for police to lunge at you,2025-10-29 16:09:57,15
comment,Don't forget to vote,Did you have your SSN memorized after you had it for a few years? Do you have anything with numbers memorized in the past 10 years?,2025-10-29 17:47:48,11
comment,Don't forget to vote,"I'm assuming ""Don't tread on me"" doesn't apply here for some reason?",2025-10-29 21:57:52,5
comment,Don't forget to vote,Defending this is unconscionable wtf,2025-10-30 09:14:36,1
comment,Don't forget to vote,"Since you couldn't be bothered to click the link in my comment you replied to, her are a couple more. Also, the woman has been in America over 20 years, and they left the daughter on the side of the road. Out of curiosity, were you born heartless? Were your parents just awful people? https://www.wmra.org/2025-10-29/rockingham-mother-arrested-by-ice-has-pending-visa-for-crime-victims-says-sister Harrisonburg teen posts video of mother's arrest by ICE https://share.google/JcZTs2GAgKzhaKn4K",2025-10-29 21:37:45,4
comment,Don't forget to vote,https://www.propublica.org/article/immigration-dhs-american-citizens-arrested-detained-against-will,2025-10-29 16:30:41,11
comment,Don't forget to vote,Why was she being handcuffed? This woman is legally in the United States and has a work permit.,2025-10-29 13:58:03,19
comment,Don't forget to vote,"If it is textbook for police officers to tackle you to the ground under the premise that you are in the country illegally after you provided them with identification like your work permit, id and registration then maybe that textbook needs to be rewritten.",2025-10-29 15:49:51,10
comment,Don't forget to vote,"Can you explain to me what business ICE has detaining someone with legal paperwork and no criminal history? Or why many legal residents, and even citizens, have been detained and deported? If you think this is normal, might I recommend a little self-reflection?",2025-10-29 14:52:01,12
comment,Don't forget to vote,"That is a good point. However, SSN isn't required for ICE stops. If she shown proper documents they wouldn't ask for SSN.",2025-10-29 18:00:51,-17
comment,Don't forget to vote,If she has been here for 20 years how is she just now getting her ssn? No i have 2 loving parents and im full of heart 😆😂,2025-10-29 22:27:14,-2
comment,Don't forget to vote,bet they won’t even click on it,2025-10-29 16:50:12,6
comment,Don't forget to vote,"I don't agree that legal citizens should be detained because of skin color/ethnicity, but when illegals immigrants take jobs or cause violence there needs to be some movement to get them out, if legal and they were not cooperating and/or they didn't understand the officers because they lack ability to speak/understand English then it's on them, as a US citizen it's required to understand and speak English and be cooperative to ICE and officers. The article shows alot of those instances, and doesn't dig deeper than that. By no means am i MAGA or racist but America first every time.",2025-10-29 17:35:04,-6
comment,Don't forget to vote,Did you hit your head? They asked for her SSN in this video…. I also think it’s impossible to know what ICE asks for unless you’re an ICE agent.,2025-10-29 19:08:46,8
comment,Don't forget to vote,You don't know what it means to have a heart.,2025-10-29 22:43:05,3
comment,Don't forget to vote,So do you admit then that perfectly innocent people are getting caught up in,2025-10-29 17:40:50,8
comment,Don't forget to vote,"You might not be MAGA or racist, I don’t know you. But you are a good sheep, and you support them with this rhetoric.",2025-10-29 17:47:47,5
comment,Don't forget to vote,"lol tell us about how this country was founded. Your moral high ground is stolen land. Think it all the way through when you talk about who counts and when they count. Think about what you’re willing to get behind before you’re so quick to spout stuff off, because even a basic look at the last 100 years of world history would show that the thought train your argument is premised off of… well, it’s associated with some pretty gnarly shit. In however many years, assuming we all get that long, when you’re inevitably forced to look back at what you were aligned with, is this really what you want? God, I hope not. And even if you’re going to stick to your strawman gun views about immigration, are you willing to admit to condoning that amount and scope of violence? I hope you and yours are never in any of the positions that many of these folks, documented or not, are in. I also hope you do a little research and soul searching.",2025-10-29 18:23:49,4
comment,Don't forget to vote,"Okay, but this is literally a case where an alleged legal migrant was detained violently. Do you agree then that this instance is messed up? And so, do you then also agree that there a lot of similar instances happening right now?",2025-10-29 21:59:52,3
comment,Don't forget to vote,"It’s so sickening whenever people like you have some sort of demented “logic”they use to justify kidnappings like these. The fact is every single rule, barrier, law, human right, whatever, has been crossed whenever ice feels that a person should be taken against their will. It doesn’t matter if you’re cooperative at all. The fact is, you’re either so naive to where you believe that order will be upheld or some sort of procedure is maintained, or you’re lying to yourself. There’s always people like you who try to somehow straighten out crimes like these as if there’s any sort law that’s being upheld here.",2025-10-30 03:32:20,1
comment,Don't forget to vote,"I can admit that legal citizens get caught up because they didn't cooperate correctly to the ICE officers. So yes i agree that they are innocent in the sense of being a US citizen, but guilty in not cooperating in most if not all the cases.",2025-10-29 17:53:09,-1
comment,Don't forget to vote,"I support removing illegals out of the country, so yes ig I'm a ""good sheep""",2025-10-29 17:57:19,1
comment,Don't forget to vote,The law being upheld is to be legal within the USA 🇺🇸!,2025-10-30 08:21:48,0
comment,..........,I am laughing and crying at the same time because of how ridiculous that email was,2020-08-28 16:01:29,42
comment,..........,"""Moving forward, our “now normal” means [adhering to the new protocols](https://urldefense.proofpoint.com/v2/url?u=http-3A__emclick.imodules.com_ls_click-3Fupn-3Dw3rtLLOBBsx2UYJQqVZ7UmCgXCCRKQofc4YzU3mELwHu-2D2FeBnbjHGqLqZq9FCzabLfWDQaDy2sfKrthaWfeP-2D2FVI4C4kEmbDU1zca0A0gape34rscG5EzCl3gRTw-2D2BAj5CZHn0e-5FfEkJOlnE42MjVX1S3XAMe-2D2BRCRe8AcZCMCotAFvZu4VOJidWbMoelfOyuwlfT0tkkQ9jpjVcqHVljit1V6iiXhwmS2tqiTw2RB2rS9wBrsGZBYM25fvY3GVSlA2yM2run4p-2D2FENnaOqRA6tCl6JCoYOWV9aA-2D2F-2D2BL1RK-2D2BksM0wqzqJ0C-2D2FLyHyg0jekIgqgGc-2D2BISuPPxpoAF2LA2WqKxn3idrl5trSegCVz7s3ne015ZjVhxODao5epoZJBt0CBU0qy-2D2B8rF5RwOpnkMy5TN4pRdU8oe9g-2D2BweDyO1Dem1EMIvzztstTa54KLOQ5AAvECER-2D2BL-2D2B-2D2BQLoLdJCZg-2D2BiDk-2D2FGNLoR7NPPpDZNov8zmdHqXsjpxXi3kJrdHjg1-2D2FYHukJchzVUfW9yqr40MsjZ-2D2FvITjy58jev28b-2D2FGuv8vquDcmxlCauJdWV6QsEgrXvM87EfgPd0YdEQUBSD2ocqnxKWnwaNP-2D2B9ui-2D2F40xYHyN-2D2FWfoymt4ZG0-2D2FM-2D3D&d=DwMFaQ&c=eLbWYnpnzycBCgmb7vCI4uqNEB9RSjOdn_5nBEmmeq0&r=N1akxsRAGQ5XG2EENP3uHg&m=_gZKdehlUeiMM8nMR9RPg-helLrU_7JGKFyRHkHfLVU&s=YoDHzZighv8UzF31DYqqOSwE0j049fZN9Gj7-fPeP_Q&e=) in order to have a safe and successful 2020-21 academic year. It will require more flexibility, commitment and resilience, characteristics the entire JMU family has already displayed."" Is ""now normal"" now a thing or this a typo?",2020-08-28 16:57:39,13
comment,..........,Yo Townie here dropping in to say that JMU only cares about getting their money from the students. I don't blame y'all for their administrative greed.,2020-08-28 17:50:06,31
comment,..........,I recall some number of cases the school would shut down when it hit but I don't remember what it is. Do you happen to know?,2020-08-28 16:16:57,4
comment,..........,I might be wrong but I thought those 189 cases were all cases since July 1st?,2020-08-28 19:34:42,1
comment,..........,"probs a typo. supposed to be ""new""",2020-08-28 17:23:54,8
comment,..........,I don’t thing it was a typo. I think they want to emphasis that COVID isn’t ‘new’ anymore.,2020-08-28 20:12:53,7
comment,..........,Also wear a mask.,2020-08-28 17:51:00,17
comment,..........,What happens to local jobs of the “Townies” if all of the students go back home?,2020-08-28 18:53:10,-3
comment,..........,That post wasn’t accurate. Just someone misunderstanding something JMU said,2020-08-28 16:41:59,14
comment,..........,This was the clarification: https://www.breezejmu.org/news/interim-director-of-medical-services-describes-trigger-events-for-online-learning/article_89814196-e276-11ea-ae87-439bf0d5f038.html,2020-08-28 17:55:28,5
comment,..........,They are but even last week they were under 20. It’s rising super fast,2020-08-28 20:24:50,7
comment,..........,Its a way to use statistics to push out a biased message. “180 since July 1” sounds a lot better to a reader than “160 in the last couple days” even though both are true.,2020-08-29 01:42:11,3
comment,..........,The same thing we do when y'all are out of town. We were here first and we'll be here after.,2020-08-28 18:55:43,17
comment,..........,"Townie here. We are powered by agriculture and manufacturing and other things. JMU students power JMU, the ever blossoming student housing cities, our bus system & restaurants, some gas and groceries....that and alcohol sales.",2020-08-28 20:27:28,7
comment,..........,"I wish you well, neighbor. But if JMU goes under Harrisonburg won’t recover economically. [America’s College Towns Are Facing an Economic Reckoning](https://www.bloomberg.com/news/articles/2020-08-21/what-the-pandemic-is-doing-to-college-towns?utm_source=url_link)",2020-08-28 19:14:07,2
comment,..........,"Yeah, this isn't really correct. Without JMU we wouldn't have many of the businesses we have here, there would be no transit system to speak of, and a good chunk of the city budget would be missing (because even though JMU doesn't have to pay property taxes to the city, a check is made out to the city every year fro the amount that it would be). The city itself would be hurting, bad, were it not for JMU, there is no way around that. I'm a local that grew up here, I'm heavily involved in the community (including city government), and someone that works for the university. I can say this with absolute certainty that Harrisonburg would not be near the city it is without JMU. Those employers we have here wouldn't be here were it not for them.",2020-08-29 10:09:15,3
comment,..........,"If you’re so dumb that you live in a university town and don’t think that the university has a significant economic impact, perhaps you need to further your education.",2020-08-28 21:07:54,-14
comment,..........,JMU is way too big to fail. They will take your money online. They would certainly be bailed out. It's the American way.,2020-08-28 20:33:25,2
comment,..........,"The transit system is a Harrisonburg entity that is also a JMU owned entity that also serves EMU. I don't see it as focused on serving folks in poverty. Also, the student housing is great, but we have almost no affordable housing for low income families available in town, save the Housing Authority housing. JMU Is great in what it does for the town, it is terrible for what it does to lower income households in term of rent and housing availability. I remember well when we sold our town to JMU chunk by chunk, including the High School (and the 2nd and 3rd highschool fiasco), the Co-op, etc. In that respect, JMU has been a glorious profit opportunity for the town. But, we also have industry, and support Rockingham County families as a shopping base. I was replying to the implication that without JMU, Harrisonburg would fold. Certainly the landscape would change, but the businesses that would be hurt would be those businesses that are built for students. I have respect for JMU, I acknowledge on a whole, it is great for business. PS, I circle the same water as you, my friend. Also a local.",2020-08-29 11:16:59,3
comment,..........,"It makes you angry I don't drop on my knees and thank you for coming to our little berg? Thank you, young privileged rich kid. We will surely die and wither without you.",2020-08-28 21:11:13,18
comment,..........,"I believe you're getting at a critique of JMU that i hold close. The main benefit of JMU is to the businesses and those who own the property around this area rather than the community at large. A corn field being turned into student housing is a great idea from a business perspective, but if it doesn't aid those in need of affordable housing in the area but only further drives up property values it in fact makes it that much harder on those in the community. Land development and flourishing businesses do not equate to the people in most need having their needs met and even works against them by inflating property values to unaffordable rates.",2020-08-29 11:46:31,3
comment,..........,"I think you are missing that a lot of the employers in the city would not be here without JMU. Rosetta Stone, for instance, would not exist here without JMU. Lots of businesses exist here because if the talent pool of JMU students or graduates remaining here.",2020-08-29 15:22:48,1
comment,..........,"PS: It's been published and no where did I say it would not hurt, but it is far from the only business in town. [https://harrisonburgdevelopment.com/jmu-economic-impact-study/](https://harrisonburgdevelopment.com/jmu-economic-impact-study/)",2020-08-28 21:19:49,6
comment,..........,"If you despise JMU and the students so much, why waste your time in this subgroup? I’m not into pissing contests with people who are intellectually limited. I wish you well, neighbor.",2020-08-28 21:23:39,-8
comment,..........,"I didn't miss it. Just going for a balanced narrative. These kids (or their parents) are paying big money for the education. Education is a booming business. JMU is generous with their students locally. There are several amazing outreach services JMU brings to the burg, like the suitcase clinic for the homeless. But such big businesses always has costs.",2020-08-29 15:35:30,2
comment,..........,"I'm 1. Interested in the COVID outbreak. 2. My son attended JMU (full ride)...and my lord where did I say I despise JMU kids? I have helped teach JMU classes as a guest speaker for the past 6 years. I have had several JMU interns over the years. You shouldn't assume ""townie"" means Jeff, the beer truck driver. Be well.",2020-08-28 21:33:47,13
comment,..........,"This subgroup is part of our town. I do not claim to hate JMU students some of my best of friends have came from there. But you coming in and acting like there would be nothing in Harrisonburg for us without y'all is misled at best and pure misinformation at worst. We can take care of ourselves and we aren't tethered at the hip to this institution. Ultimately JMU needs us, the inverse is not true.",2020-08-28 21:34:04,6
comment,..........,"You must think I see JMU as 100% good for the city, which I don't. My point here is that without JMU the city of Harrisonburg would not at all be in the economic state it is in. It would be much smaller, both in population and economic size, and would not have near the number of employers it currently has. This all comes with problems and the externalities could go on and on. My conflict was with your statement that the city is powered by agriculture and manufacturing and that the students only power JMU, and that's just patently false.",2020-08-29 18:00:20,2
comment,..........,"Oh no, JMU is definitely the biggest business in town, but I wanted the person to understand, not the only business. The town does have businesses that do not depend on JMU. Certainly the lions share are JMU, but looking at this list...many do not depend on JMU at all. Many are blue collar jobs that are independent of ""The Firm"". https://harrisonburgdevelopment.com/major-employers/ I didn't know Rosetta Stone was hooked into JMU. They hire graduates, or offer internships?",2020-08-29 19:35:09,1
comment,..........,"Rosetta Stone was founded by two professors and the brother of one of them. Without JMU, the business would not be here. Those are the things that aren't accounted for in the economic development numbers.",2020-08-30 05:09:42,2
comment,RIP 😥,why do we keep losing coaches?,2024-03-25 16:49:07,29
comment,RIP 😥,What’s with our people being picked up by other schools,2024-03-25 17:01:27,9
comment,RIP 😥,"He’ll probably quintuple his annual salary, same as Cig. Can’t blame him for leaving.",2024-03-25 19:29:04,8
comment,RIP 😥,"Don’t hate the player, hate the game",2024-03-26 00:01:29,4
comment,RIP 😥,RIP? We’ll be just fine,2024-03-25 14:44:14,8
comment,RIP 😥,The world where everyone just wants more money is so awesome. I love sports. The fact we spend more on sports than college education is really smart. Who needs books!,2024-03-26 02:04:29,6
comment,RIP 😥,Mid-major $$$$,2024-03-26 05:59:15,1
comment,RIP 😥,More money and better opportunity. He's done all he can do at JMU.,2024-03-26 13:56:29,1
comment,RIP 😥,He’ll still have a losing season candy vandy is the team other teams beat up in the conference it’s our almost guarantee win good coach or not he just won’t be able to compete,2024-03-27 14:49:48,1
comment,RIP 😥,In a few years he’ll be back at SBC school as an asst. working his way into a HC position. He got Mike London-ed. He’s in way over his head now.,2024-03-26 00:32:10,1
comment,RIP 😥,Because we don’t pay good coaches like they’re good coaches,2024-03-25 20:05:55,7
comment,RIP 😥,JMU can’t keep up with the high salary for good coaches.,2024-03-25 17:07:04,17
comment,RIP 😥,Yep we offered to make Cignetti highest paid coach in the Sun Belt and IU still paid more than double that,2024-03-26 08:26:47,2
comment,RIP 😥,"Hopefully, but there’s always a lot of variables when it comes to a new coach",2024-03-25 15:00:57,20
comment,RIP 😥,Vanderbilt will be good when all our players hit the transfer portal….,2024-03-25 20:06:24,3
comment,RIP 😥,Late stage capitalism hits college sports.,2024-03-26 05:23:25,1
comment,RIP 😥,"Idk l, the expectation is probably pretty low at Vandy so as long as he is consistently .500 and being somewhat competitive in conference play they’ll keep. Plus if Byington ever takes Vandy to the tourney he could probably get a really big time job given his age",2024-03-26 08:28:36,1
comment,RIP 😥,And then they move on and underperform. See Mike Houston at ECU,2024-03-26 09:09:18,5
comment,RIP 😥,4 times more than that.,2024-03-26 12:28:31,4
comment,RIP 😥,"Yes, but unlike the past, we’ve got leverage. We didn’t fire our coach this time, he left for a better school because of how well we performed. There’s actually incentive outside of money for a coach to come here, meaning we have a leg up on other schools needing a coach for a similar price tag",2024-03-25 20:04:01,4
comment,RIP 😥,Cignetti isn’t winning with JMU players and byington won’t either. They just bring them with them for depth purposes while they try to recruit higher level talent.,2024-03-25 20:09:11,6
comment,RIP 😥,"Honestly most our best players or ones who are good enough to play in a power conference are out of eligibility outside of Edwards, but given what he said in his interview on senior day, he may try and go pro",2024-03-26 08:29:44,1
comment,RIP 😥,That incentive is using us as a stepping stone to a higher paying gig at another school.,2024-03-26 08:53:28,5
comment,RIP 😥,"Yeah we could definitely get an assistant from a power conference school or poach a head coach from a good team in a lower conference. I hope we go after Langel from Colgate, he is in a similar position as Chesney was, up and coming and has a shot at Power conference jobs but won in a pretty low level league.",2024-03-26 12:33:48,1
comment,RIP 😥,"Cignetti has a pretty easy schedule (outside of Ohio State and Michigan) this year. Could probably go 7-5 or 8-4 l, though that will be his peak at IU and if pretty sure their admin and fan base will be ok with that",2024-03-26 08:25:59,1
comment,RIP 😥,As a fanbase we are just going to have to accept that until we get into a power conference (if ever given the way college sports is changing),2024-03-26 12:34:35,2
post,Cautious optimism.,Cautious optimism.,2020-08-31 12:29:28,184
comment,Cautious optimism.,President Alger has invited you to Newman Lake,2020-08-31 13:19:12,60
comment,Cautious optimism.,This sub has been going off with top tier memes and I love it lol,2020-08-31 17:55:05,15
comment,Cautious optimism.,LMAO this is perfect 😂,2020-08-31 13:47:03,12
comment,Cautious optimism.,“Here we are safe. Here we are free.” Are we really though???,2020-08-31 15:42:31,10
comment,Cautious optimism.,Man I was going to do this.,2020-08-31 16:46:22,-2
comment,Cautious optimism.,I am honored to accept his invitation.,2020-08-31 15:39:06,18
post,"LUCI UPDATE: SHE’S HOME :) Had a convo with the bushes, turns out she was listening too :))))","LUCI UPDATE: SHE’S HOME :) Had a convo with the bushes, turns out she was listening too :))))",2022-05-03 22:46:10,183
comment,"LUCI UPDATE: SHE’S HOME :) Had a convo with the bushes, turns out she was listening too :))))",Glad to see she made it home safely!,2022-05-03 23:24:58,14
comment,"LUCI UPDATE: SHE’S HOME :) Had a convo with the bushes, turns out she was listening too :))))","Haven’t had any info to provide so I haven’t commented yet, but I’ve been closely following your search. So glad you found her! Congrats!!",2022-05-04 00:57:52,12
comment,"LUCI UPDATE: SHE’S HOME :) Had a convo with the bushes, turns out she was listening too :))))",I was just thinking about this before I went to bed last night… lol. I’m glad you finally found her!!!,2022-05-04 07:27:45,12
comment,"LUCI UPDATE: SHE’S HOME :) Had a convo with the bushes, turns out she was listening too :))))",I bet your neighbors have a panic attack walking by your window and just seeing a pair of legs.,2022-05-04 11:36:19,6
comment,"LUCI UPDATE: SHE’S HOME :) Had a convo with the bushes, turns out she was listening too :))))",YAY!!! I’m so glad to hear this!!!,2022-05-04 06:01:44,7
comment,"LUCI UPDATE: SHE’S HOME :) Had a convo with the bushes, turns out she was listening too :))))",I’m very glad she’s back,2022-05-04 07:57:39,6
comment,"LUCI UPDATE: SHE’S HOME :) Had a convo with the bushes, turns out she was listening too :))))",Yay! Sometimes cats just need a little exploratory trip,2022-05-04 17:19:31,2
comment,"LUCI UPDATE: SHE’S HOME :) Had a convo with the bushes, turns out she was listening too :))))",Happy to see this! I had been checking previous posts for updates!,2022-05-04 20:57:37,2
comment,"LUCI UPDATE: SHE’S HOME :) Had a convo with the bushes, turns out she was listening too :))))","So happy that you found her, i saw your posts",2022-05-06 17:24:57,1
comment,"LUCI UPDATE: SHE’S HOME :) Had a convo with the bushes, turns out she was listening too :))))",Awesome news!,2022-05-07 12:39:04,1
post,"JMU Administration has failed you all. I'm an alumnus (from a while ago, but...). Here is what you do, and who you contact, to get REAL consequences for that failure...","JMU Administration has failed you all. I'm an alumnus (from a while ago, but...). Here is what you do, and who you contact, to get REAL consequences for that failure... What has just happened to you all is beyond my imagination. JMU Administration failed you in every way possible. President Alger shouldn't have a job at JMU tomorrow, next semester, next year, let alone past that. But you should not just contact the administration, they already know what they did, and will just do damage control to keep your story from spreading. They're the black hole of your anger and distrust right now. Nothing at all will come out of putting your concerns there. Contacting the media is good to create a baseline set of facts and testimony, but it won't do much other than create a storm for JMU Communications to weather. So, keeping in mind that as tuition and fee-paying students you're actually *kind of untouchable* just as long as you stay calm and keep to the facts of your experience: **(1) Contact the JMU Board of Visitors.** You all need to contact the people that hired the President, approve the budget, and actually control EVERYTHING about JMU, from faculty tenure to dining services contracts to administrative appointments to approval of campus-wide initiatives to...everything: [https://www.jmu.edu/visitors/about/Contact.shtml](https://www.jmu.edu/visitors/about/Contact.shtml) The Board of Visitors is who you all need to contact. I wish I'd known that when I went there. Would have saved a lot of time. **(2) File a FOIA Request** Also, especially if you work for The Breeze (or are a student who might have some free time and above-average curiosity) and haven't already, think about keywords used by the administration in reference to the coronavirus planning and response, and then consult this site: [https://www.jmu.edu/visitors/about/foia.shtml](https://www.jmu.edu/visitors/about/foia.shtml) ...and then develop and send the relevant VA FOIA request (see ""How to: Submit a FOIA Request"" [here](https://www.va.gov/FOIA/Requests.asp)) to [foia@jmu.edu](mailto:foia@jmu.edu). They may attempt to make you pay for your university's records about their plans for you, or try to charge you ahead of time to stop your request. Don't pay a dime. If you're a student journalist and using it for those purposes, just say so and argue for an exemption to the cost. If you're not a student journalist, this can still apply to you (see the above ""How to: Submit a FOIA Request"" site for more information): >Fee Waivers Agencies may grant fee waivers if the requester successfully describes that the disclosure of information is in the public interest because it is likely to contribute significantly to the public understanding of the operations or activities of the government and is not primarily in the commercial interest of the requester. That's you! Press your rights and get a fee waiver. **(3) Contact the Faculty Senate:** [https://www.jmu.edu/facultysenate/](https://www.jmu.edu/facultysenate/) And ask them (specifically Faculty Senate Speaker [larsenwv@jmu.edu](mailto:larsenwv@jmu.edu)...sorry Val, it's most certainly not your fault this happened!), or create a student petition to ask them, to call for a full and secret-ballot faculty vote of (no) confidence in President Alger. That will also get the BOV's attention, even just as a potentiality.",2020-09-01 22:50:15,184
comment,"JMU Administration has failed you all. I'm an alumnus (from a while ago, but...). Here is what you do, and who you contact, to get REAL consequences for that failure...",Don’t be fooled. Everything Alger does is in consultation with and with the blessings of the BOV.,2020-09-02 08:15:05,28
comment,"JMU Administration has failed you all. I'm an alumnus (from a while ago, but...). Here is what you do, and who you contact, to get REAL consequences for that failure...","As a short addendum to the FOIA bit, keep in mind when reading this: >(2) educational, noncommercial scientific institutions, and representatives of the news media are charged for photocopying, after the first 100 pages; ...that these are the charges you'll likely get an exemption from, as described above. But even that exemption is largely unnecessary, because: A LOT of the records you'll be seeking are not paper records. They are just emails or Outlook meeting subjects/notes among administration, or digital server files that might contain your listed keywords. At JMU the shared file drive is the [N:Drive](https://www.jmu.edu/computing/communication-and-collaboration/network-file-storage.shtml). So, journalist or not, make sure you ask for relevant documents from the email server (I believe this is exchange.jmu.edu, but perhaps consult IT for what to call it, I bet they'd help) and the N:Drive in your request for searches. You should not accept charges for access to those documents as they would result in no photocopies. If for some reason they attempt to charge you for physical documents, amend and resubmit your request for ONLY digital documents on the mail server and the N:Drive.",2020-09-01 23:34:40,27
comment,"JMU Administration has failed you all. I'm an alumnus (from a while ago, but...). Here is what you do, and who you contact, to get REAL consequences for that failure...",If that is the case then you will need to hold the governor accountable. The nice thing about FOIA requests is it makes the internal BS the university pulled public record. This makes it so everyone knows who is responsible for each decision that lead up to this mess.,2020-09-02 08:24:44,13
comment,"JMU Administration has failed you all. I'm an alumnus (from a while ago, but...). Here is what you do, and who you contact, to get REAL consequences for that failure...","I was coming here to say this. Alger certainly is culpable, but he also would be an easy fallman for others higher ups to hide behind. Don't be satisfied with just *his* head.",2020-09-02 10:16:30,6
comment,"JMU Administration has failed you all. I'm an alumnus (from a while ago, but...). Here is what you do, and who you contact, to get REAL consequences for that failure...",Uhm how about by not baiting and switching the students and sticking all the people off campus with a lease that they don’t need now!,2020-09-02 11:19:35,10
comment,"JMU Administration has failed you all. I'm an alumnus (from a while ago, but...). Here is what you do, and who you contact, to get REAL consequences for that failure...","It's not a little college. It's a mid-to-large sized university Other colleges and universities in Virginia have not done nearly as poorly. Compared to other public universities in Virginia, JMU has stagnated a bit. For example, VCU and CNU used to be placed people transferred to JMU from. Now they're basically peer institutions. VCU has passed JMU for some majors. JMU is still a very good institution. I am happy to hear about the scholarship aspect, if true. The JMU administration has negatively impacted all their students' lives, and given JMU a black eye that will last for years. So even if you think they've done a great job up until now, they had by far the worst ""plan"" in the Commonwealth and they squandered all the gains you think they deserve credit for.",2020-09-03 19:06:29,1
comment,"JMU Administration has failed you all. I'm an alumnus (from a while ago, but...). Here is what you do, and who you contact, to get REAL consequences for that failure...","Dude, did you really expect any college to continue with zero cases? Blaming the students for a highly contagious virus? The faculty knew about this and said they would keep in person classes so they wouldn’t lose half of their tuition. It’s so obviously a bait situation brought on by the schools financial greed.",2020-09-02 11:24:53,8
comment,"JMU Administration has failed you all. I'm an alumnus (from a while ago, but...). Here is what you do, and who you contact, to get REAL consequences for that failure...","It’s greed because of the way they went about it, they knew in the summer that this was going to be the plan. They lied and told students there would be in person classes to keep attendance up. Now anybody with an off campus lease is stuck paying a lease for a building that really isn’t of any use. Good for you on your full scholarship, but you’re not thinking of the people locked into leases and on financial aid. You haven’t gone here one semester yet, pipe down.",2020-09-02 11:29:57,8
comment,"JMU Administration has failed you all. I'm an alumnus (from a while ago, but...). Here is what you do, and who you contact, to get REAL consequences for that failure...",">Greed? You MUST mean maintained a stable budget. As a person attending JMU on a full-ride, my education fully depends on us maintaining a balanced budget. JMU has ALREADY had to fire 25% of adjuncts, we are still suffering from the initial quarantine. Further budget cuts result in further job losses for potentially hundreds of people. I don't think it's exactly greed in the sense that Alger is doing this all for his own reasons, but I have trouble with the argument that they needed to do this for a stable budget. Yes, that is a concern, it's still troubling when they do that and effectively fuck over students. &#x200B; I don't doubt that partying and irresponsible student activity contributed to the speed of the spread, but given the situation in the dorms and dining halls as well as crowded classrooms, I don't see how this wouldn't have spread anyway.",2020-09-02 18:07:47,1
comment,"JMU Administration has failed you all. I'm an alumnus (from a while ago, but...). Here is what you do, and who you contact, to get REAL consequences for that failure...","They don't *really* have a stable budget, though. JMU has a lot of bond-related debt for capital improvements and other budget items. As noted in their Fitch rating, their AA- (good) credit risk is based on their ability to collect student tuition and fees. They screwed that up by going all cheapskate and incompetent in their COVID re-opening plan, and now who knows what they'll be able to collect in revenue for AY 2020-21. [https://www.fitchratings.com/research/us-public-finance/fitch-affirms-aa-idr-for-james-madison-university-va-outlook-stable-27-05-2020](https://www.fitchratings.com/research/us-public-finance/fitch-affirms-aa-idr-for-james-madison-university-va-outlook-stable-27-05-2020)",2020-09-03 19:10:17,1
comment,"JMU Administration has failed you all. I'm an alumnus (from a while ago, but...). Here is what you do, and who you contact, to get REAL consequences for that failure...","I love your victim mentality. This is definitely on the admins, other schools are handling this better",2020-09-02 11:36:23,8
comment,"JMU Administration has failed you all. I'm an alumnus (from a while ago, but...). Here is what you do, and who you contact, to get REAL consequences for that failure...",I love you both,2020-09-02 11:36:34,0
comment,"JMU Administration has failed you all. I'm an alumnus (from a while ago, but...). Here is what you do, and who you contact, to get REAL consequences for that failure...","JMU Alum here, have a daughter on scholly at University of Colorado and one on scholly at University of Mississipppi.........they are both doing fine with hybrid on campus in person classes.",2020-09-02 15:55:08,2
post,"JMU: ""Signage will warn students against entry if they are experiencing any symptoms of COVID-19.""","JMU: ""Signage will warn students against entry if they are experiencing any symptoms of COVID-19.""",2020-08-15 17:10:53,184
comment,"JMU: ""Signage will warn students against entry if they are experiencing any symptoms of COVID-19.""",Gotta love a big dose of security theater.,2020-08-15 18:53:23,16
comment,"JMU: ""Signage will warn students against entry if they are experiencing any symptoms of COVID-19.""",That’s what restaurants and grocery stores are doing. It’s impossible to police everyone,2020-08-15 17:56:51,8
post,JMU Fall 2020,JMU Fall 2020,2020-10-17 14:39:10,181
comment,JMU Fall 2020,Sounds about right,2020-10-17 15:43:32,12
comment,JMU Fall 2020,I don't envy anyone attending JMU right now.,2020-10-19 11:14:56,3
post,Wake up people,Wake up people,2019-12-08 22:23:49,177
comment,Wake up people,"if it’s still there tomorrow, i definitely want to check it out lol",2019-12-08 23:58:53,5
comment,Wake up people,When did this happen?,2019-12-08 22:45:54,4
comment,Wake up people,Look into ittttt,2019-12-09 10:29:36,3
comment,Wake up people,Saturday at like 9:30 but the letters in Epstein didn’t look right so I fixed it at like 10 tonight,2019-12-08 22:50:34,12
comment,Wake up people,It gets painted over weekly lol,2019-12-09 00:37:54,10
comment,Wake up people,"i don't think you understand that spreading this 'meme' spreads awareness about the entire story which is a positive for the victims because it gets more coverage, everything doesn't have to be so woke...",2019-12-09 00:29:42,12
comment,Wake up people,*FBI has entered the chat*,2019-12-08 23:47:23,17
comment,Wake up people,*Prison guards have left the chat*,2019-12-11 17:36:58,5
comment,Wake up people,I don't think you understand what he just said. It is spreading the fact that this pedophile was murdered to protect a ring child predators in powerful positions in the U.S. and around the world. Meme or not this is important. Don't be soooo open that your brain falls out.,2019-12-09 06:24:45,4
post,RIP old D-Hall,RIP old D-Hall,2018-08-28 15:36:53,179
comment,RIP old D-Hall,Lol good one,2018-08-28 16:50:08,9
comment,RIP old D-Hall,This is fucking great!,2018-08-28 17:36:10,4
comment,RIP old D-Hall,This is like the best use of this meme I have seen. https://i.imgur.com/UeCiubB.gif,2018-08-28 22:09:54,5
comment,RIP old D-Hall,Chickenanwinnagish?,2018-08-29 09:58:48,3
comment,RIP old D-Hall,Bravo! This is great.,2018-08-28 22:27:28,2
comment,RIP old D-Hall,"oh man i havent been back in a few years, what did they do to D hall?",2018-08-29 15:09:16,2
comment,RIP old D-Hall,Haha Thanos is the best,2018-08-30 08:47:55,1
comment,RIP old D-Hall,Demolished. They built a new dining hall in its place.,2018-08-29 15:10:01,2
post,this is it.,this is it.,2020-09-01 02:24:24,173
comment,this is it.,This is like some shit you see in a bowling alley hahaha,2020-09-01 06:35:39,32
comment,this is it.,Glad to see some Killer Bean Forever content in here. Here's a link to watch it instead of going out https://youtu.be/qyYHWkVWQ4o,2020-09-01 10:40:02,6
comment,this is it.,god bless your soul,2020-09-01 10:40:42,3
comment,this is it.,Thank you friend. I do what I can for the community.,2020-09-01 10:41:28,2
post,Serious question: who wore it best?,Serious question: who wore it best? Who wore it best? :),2023-05-10 09:50:09,170
comment,Serious question: who wore it best?,"Duke Dog, obviously.",2023-05-10 11:07:06,22
comment,Serious question: who wore it best?,Lol nice one. I used to work at a sign shop here in town and one of my coworkers told me he used to be the guy inside the Duke Dog costume. We also did repair work on the Duke Dog's prop dog house.,2023-05-10 10:59:25,7
comment,Serious question: who wore it best?,Bitch stole his look,2023-05-11 11:27:02,4
comment,Serious question: who wore it best?,Duke Dog is way cooler than Chuck the III!!,2023-05-10 17:08:30,6
post,Are we past halfway the semester already?,Are we past halfway the semester already?,2020-10-30 09:16:04,165
comment,Are we past halfway the semester already?,Is that James Ancaster? I need a link to that video,2020-10-30 12:46:20,7
comment,Are we past halfway the semester already?,"Yes, you're over the hump as far as the semester goes. It starts late August, ends mid-December, and it's currently late October.",2020-10-30 15:33:57,1
comment,Are we past halfway the semester already?,[https://www.youtube.com/watch?v=0zky4p5HBYE](https://www.youtube.com/watch?v=0zky4p5HBYE) Got u my dude,2020-10-30 14:31:59,7
post,Guess Alger forgot about this,Guess Alger forgot about this,2020-09-02 10:48:37,162
comment,Guess Alger forgot about this,Fairness: How can we equally scam the students &#x200B; Outcomes: How can we get the best outcome that protects our admin salaries &#x200B; Responsibilities: how can we make sure the students know it's their responsibility to solve the virus &#x200B; Character: How can we appear to be emphathetic while scamming students under the table &#x200B; Liberty: How can we respect student's personal freedom by limiting them to gatherings of 10 in their private lives while supporting on campus events of 20+ &#x200B; Empathy: how can we best care about our income stream I mean students &#x200B; Authority: How can alger enforce his legitimate authority to secure jmu's financials &#x200B; Rights: Students dont have rights,2020-09-02 11:05:18,52
post,The home of the Dukes in MS Flight Simulator,The home of the Dukes in MS Flight Simulator,2020-08-26 14:44:42,163
comment,The home of the Dukes in MS Flight Simulator,EAST CAMPUS IS GONE OH GOD OH FUCK,2020-08-26 15:24:42,48
comment,The home of the Dukes in MS Flight Simulator,What happened to the buildings between Spotswood hall and the arts building? I mean the old philosophy buildings and the parking lot behind Miller? Did they get rid of them?,2020-08-26 15:47:20,10
comment,The home of the Dukes in MS Flight Simulator,Landed on the quad a bit ago... crash landed😂,2020-08-26 16:58:41,11
comment,The home of the Dukes in MS Flight Simulator,At least they tried. It’s better than I could do.,2020-08-26 22:12:45,3
comment,The home of the Dukes in MS Flight Simulator,"It's there, it's just way in the back, past the village",2020-08-26 15:26:10,22
comment,The home of the Dukes in MS Flight Simulator,"Nope, it's there.",2020-08-26 17:11:31,8
comment,The home of the Dukes in MS Flight Simulator,I was just going to tell OP to land on the quad and have a picnic.,2020-08-26 18:04:05,6
comment,The home of the Dukes in MS Flight Simulator,"It's created by the game algorithmically based on satellite imagery, if my understanding is correct.",2020-08-26 16:29:17,7
comment,The home of the Dukes in MS Flight Simulator,"I think that the land data is upstream from the game, and where there is incomplete or bad data, they use stock graphics to fill it in. I live in Montgomery County, Maryland, and the buildings there look similar to this, where the game used a lot of fillers. The parking garage near where I work shows up looking like townhouses, and the row of townhouses that I live in near GAI airport looks like an apartment building. But then you go into Howard County, Maryland (the next county north), and the buildings are practically picture-perfect. My SO's parents' neighborhood in Ellicott City is accurate, and so are all of the stores in the shopping centers.",2020-08-26 20:57:18,3
post,Flag Twirlers Let’s Move It,Flag Twirlers Let’s Move It,2020-09-27 21:57:39,164
comment,Flag Twirlers Let’s Move It,this is amazing,2020-09-28 01:51:18,11
comment,Flag Twirlers Let’s Move It,This is excellent,2020-09-28 02:21:37,7
comment,Flag Twirlers Let’s Move It,this is sparta,2020-09-28 09:13:32,4
comment,Flag Twirlers Let’s Move It,This is spectacular,2020-09-28 07:56:36,3
comment,Flag Twirlers Let’s Move It,Also RIP MRDs,2020-09-28 15:39:57,3
post,Alger be like:,Alger be like:,2020-08-29 17:53:56,159
comment,Alger be like:,Alger apologist: “Nuh nuh see he is actualy REMOARSEful!!! And he’s sorry!!! God bless Alger!!”,2020-08-29 19:02:45,20
comment,Alger be like:,"Hey, do you live in North 38? I was quoting this scene earlier today talking about Alger, did you rob me of my rightful karma?",2020-08-29 21:25:31,12
comment,Alger be like:,"Just go to an online school, don't give them your money lol",2020-08-30 10:28:07,-5
comment,Alger be like:,LMAO great minds think alike and idk what north 38 means,2020-08-29 21:27:03,2
comment,Alger be like:,"North 38 is an apartment complex, I was quoting this scene outloud to my girlfriend when someone was leaving their apartment, I thought that person may have been you 😂😂😂",2020-08-29 21:30:35,9
post,Le upgrade has arrived,Le upgrade has arrived,2020-02-13 11:47:27,158
comment,Le upgrade has arrived,i need more JMU dogelore,2020-02-13 12:19:42,32
comment,Le upgrade has arrived,Walter was a Duke,2020-02-13 11:52:58,17
comment,Le upgrade has arrived,Dukes and top dog crushed me,2020-02-13 18:27:53,14
comment,Le upgrade has arrived,I was so shocked when I visited JMU recently. Had no idea d-hall was on the chopping block. I walked in between Keezel and Carrier and there was an empty void. I have found memories of eating breakfast alone in D-hall and listening to music on my iPod.,2020-02-13 12:53:31,22
comment,Le upgrade has arrived,"IMO new d-hall lost its charm. Probably being nostalgic but I miss the easily available huge tables, and the super generic college food. It felt a lot like an attempt to clone e-hall.",2020-02-13 13:37:21,21
comment,Le upgrade has arrived,"Haven't been back to campus since D-Hall was torn down and replaced. Honestly I was more upset by the loss of Dukes. Either way, despite knowing about the changes, I'm still going to be caught off guard by the new building, I know it.",2020-02-13 15:59:27,9
comment,Le upgrade has arrived,"Met the love of my life there, and now it’s gone. Coincidence?",2020-02-13 17:52:59,2
comment,Le upgrade has arrived,"How is the new dining hall, btw?",2020-02-13 12:35:28,3
comment,Le upgrade has arrived,"I remember when ""Top Dog"" was a ballroom. The bookstore used to use said ballroom for textbook sales back when the bookstore was in Warren Hall, before they opened the current freestanding bookstore.",2020-02-14 02:07:21,8
comment,Le upgrade has arrived,"they tore down dukes right as my freshman year started, which sucked because i discovered it on a visit in my sophomore year of high school and ate there every time i visited. it hurt a little to watch it go right when i finally had the opportunity to go often",2020-02-13 16:04:20,9
comment,Le upgrade has arrived,Woah r u insulting their buff mash? Alger literally is within earshot u idiot,2020-02-13 20:23:29,3
comment,Le upgrade has arrived,I also loved the fries at Dukes,2020-02-13 19:48:21,5
comment,Le upgrade has arrived,"it’s pretty nice, but it gets crowded very easily. there’s a decent variety of food, and a couple stations that change themes weekly",2020-02-13 12:40:58,15
comment,Le upgrade has arrived,"I was sad to see Einstein Bros in that spot, because it used to be a really great sub place called Door 4 Subs.",2020-02-14 02:09:08,1
comment,Le upgrade has arrived,Dukes and top dawg were the best places to eat on campus,2020-02-13 23:26:47,5
comment,Le upgrade has arrived,Please tell me that Pukes actually had quality food vs. the slop that they used to serve in the early 2000s.,2020-02-14 02:08:16,2
comment,Le upgrade has arrived,The design is like a shopping mall had a stroke then had a baby with an airport terminal,2020-02-15 19:11:01,2
post,president alger once jmu gets their coin,president alger once jmu gets their coin,2020-08-31 21:41:52,160
comment,president alger once jmu gets their coin,I find this quite offensive but remain cautiously optimistic that you will delete this,2020-09-01 02:30:34,11
post,Attention all dukes,Attention all dukes Please leave the Angry Bible Man alone. He feeds off you attention like a parasite. Study for your midterms.,2019-10-15 12:52:56,158
comment,Attention all dukes,"I like what you say, as futile as it is. I don't think it's ever going to stop because we as a whole are unable to ignore that circus show. Never have been, and never will be.",2019-10-15 13:23:38,41
comment,Attention all dukes,Or here is a great response!: https://m.youtube.com/watch?v=q0RPI1qMY10,2019-10-16 02:29:13,16
comment,Attention all dukes,"Someone honestly needs to make a sign that says ""Don't feed the troll, keep walking"" and stand in front of him. People get into such heated arguments but the truth is he wouldn't be there if people didn't give him any attention.",2019-10-15 18:50:48,11
comment,Attention all dukes,Where even is bible man,2019-10-15 16:45:51,6
comment,Attention all dukes,*your attention,2019-10-15 12:55:21,12
comment,Attention all dukes,THANK YOU he will just keep coming back.,2019-10-15 16:55:25,9
comment,Attention all dukes,Tf is going on I’m ootl,2019-10-15 16:41:18,3
comment,Attention all dukes,"He and others like him don't want your attention. They want you to get angry enough that you bump him or otherwise ""assault"" him. Guys like this one have been the beneficiaries of numerous lawsuits against colleges and students.",2019-10-16 06:41:53,4
comment,Attention all dukes,"Man, I feel like I'm missing out on all the action! (I would've been a freshman this year except I deferred my decision to fall next year)",2019-10-16 11:17:46,1
comment,Attention all dukes,"Fuck off, if I want to argue with angry bible man I will. You do you and I’ll do me.",2019-10-15 13:55:57,-25
comment,Attention all dukes,"Oh man, I remember being in school for this. This went viral at the time.",2019-10-16 09:40:21,3
comment,Attention all dukes,Carrier usually,2019-10-15 18:19:56,6
comment,Attention all dukes,Edit your post,2019-10-15 22:58:43,4
comment,Attention all dukes,"Middle-aged, evangelist Bible thumpers have been standing on a box in front of D-Hall, telling anyone that isn't ""saved"" and/or haven't repented for their sins, that they are going straight to hell. It's in The Commons during a school day so it inevitably draws huge crowds of onlookers. There's lots of shouting back and forth but it never really goes anywhere. They love trolling and will go all day. This happens multiple times a year at JMU, but they actually do this all over the country. They've been doing it for decades and will likely continue to do it for decades more.",2019-10-15 21:40:39,13
comment,Attention all dukes,Huh. Guess Angry Bible Man is a redditor now.,2019-10-15 18:57:39,6
comment,Attention all dukes,"It was just after my 6.5 years at JMU, but I was incredibly proud when I saw it!!",2019-10-16 17:44:19,1
comment,Attention all dukes,He used to hangout in front of D-Hall/Commons.,2019-10-16 02:24:29,1
comment,Attention all dukes,Wow this is the lowest form of comeback,2019-10-15 23:00:21,-5
comment,Attention all dukes,Yeah that’s a lie,2019-10-15 20:48:28,-4
post,“ThE nUmBeR oF nEw PoSiTiVe CaSeS iS nOt A sInGuLaRlY dEtErMiNaNt FaCtOr In OuR dEcIsIoN mAkInG”,“ThE nUmBeR oF nEw PoSiTiVe CaSeS iS nOt A sInGuLaRlY dEtErMiNaNt FaCtOr In OuR dEcIsIoN mAkInG”,2020-08-29 00:32:48,157
comment,“ThE nUmBeR oF nEw PoSiTiVe CaSeS iS nOt A sInGuLaRlY dEtErMiNaNt FaCtOr In OuR dEcIsIoN mAkInG”,"One one hand, there are so many sick students. On the other hand - we need your money. Let's stay optimistic we can do it all.",2020-08-29 09:48:03,22
comment,“ThE nUmBeR oF nEw PoSiTiVe CaSeS iS nOt A sInGuLaRlY dEtErMiNaNt FaCtOr In OuR dEcIsIoN mAkInG”,"Why wouldn’t you look at all the numbers so you can get a complete picture? Just looking at the number of cases means nothing when its not compared to anything such as percentage asymptomatic and symptomatic, number of hospitalizations, deaths, etc.",2020-08-29 15:27:08,-7
comment,“ThE nUmBeR oF nEw PoSiTiVe CaSeS iS nOt A sInGuLaRlY dEtErMiNaNt FaCtOr In OuR dEcIsIoN mAkInG”,"Yes it is an important indicator but it means nothing when looked at by itself. If the whole world gets a disease but no one dies or goes to the hospital, then the number of cases doesn’t mean much, does it?",2020-08-30 17:58:58,0
comment,“ThE nUmBeR oF nEw PoSiTiVe CaSeS iS nOt A sInGuLaRlY dEtErMiNaNt FaCtOr In OuR dEcIsIoN mAkInG”,"Obviously knowing how many people have it means more than nothing. I never said it wasn’t. My point is that number needs to be used along with all the other data, which nobody does and apparently y’all think is stupid for some reason. And to your point on demographics, our age group besides kids has the lowest death rate yet everyone is acting like coronavirus is automatic death.",2020-08-31 08:48:25,1
comment,“ThE nUmBeR oF nEw PoSiTiVe CaSeS iS nOt A sInGuLaRlY dEtErMiNaNt FaCtOr In OuR dEcIsIoN mAkInG”,Thats hysterical because you know nothing about me. Do some research and use some real facts. I’ll leave this here. https://thefederalist.com/2020/10/29/these-12-graphs-show-mask-mandates-do-nothing-to-stop-covid,2021-02-20 11:53:12,0
post,Consider: the Duke Dog with no eyebrows,Consider: the Duke Dog with no eyebrows,2019-11-28 20:45:59,160
comment,Consider: the Duke Dog with no eyebrows,The opioid epidemic hit him hard,2019-11-28 21:03:10,51
comment,Consider: the Duke Dog with no eyebrows,Homie is vibing hard,2019-11-29 01:30:41,12
comment,Consider: the Duke Dog with no eyebrows,What curse have you thrust upon us,2019-11-28 22:21:04,10
comment,Consider: the Duke Dog with no eyebrows,He’s very shocked.,2019-11-28 22:59:04,4
comment,Consider: the Duke Dog with no eyebrows,"Thanks, I hate it",2019-11-29 00:02:43,6
comment,Consider: the Duke Dog with no eyebrows,Considered.,2019-11-29 01:20:47,3
comment,Consider: the Duke Dog with no eyebrows,Me when I get a higher grade than expected,2019-11-29 04:42:12,3
comment,Consider: the Duke Dog with no eyebrows,Significant improvement,2019-11-29 11:10:26,3
comment,Consider: the Duke Dog with no eyebrows,What a goob boy.,2019-11-29 16:41:09,3
comment,Consider: the Duke Dog with no eyebrows,"I've considered it, and I've decided no",2019-11-29 22:56:30,3
comment,Consider: the Duke Dog with no eyebrows,duke THE DOG,2019-11-30 20:29:07,3
comment,Consider: the Duke Dog with no eyebrows,get the Narcan,2019-11-29 01:34:57,15
post,I’m not ready :(,I’m not ready :(,2021-01-18 10:19:11,157
comment,I’m not ready :(,Would be nice if my professors had their canvas pages up or emailed😂,2021-01-18 11:16:02,24
comment,I’m not ready :(,my first class of the day tomorrow still does not have a page on canvas so that’s how i’m doing lol,2021-01-18 11:45:01,18
comment,I’m not ready :(,According to canvas I’m only in two classes 😳,2021-01-18 12:37:02,15
comment,I’m not ready :(,"Bru as a par time senior, I’m soo looking forward to this semester",2021-01-18 10:29:18,11
comment,I’m not ready :(,Had This same feeling lmao,2021-01-18 22:24:59,1
comment,I’m not ready :(,haven't enrolled classes yet. smh,2021-01-18 15:04:57,2
comment,I’m not ready :(,update: he just added the canvas page,2021-01-18 22:07:40,5
comment,I’m not ready :(,Happened to me last semester and one of my classes never had enough people register and I had to scramble. The syllabus for each class should be readily available so I can actually plan my semester out before the day of class.,2021-01-18 13:41:30,5
comment,I’m not ready :(,We are the fortunate few without too many classes,2021-01-18 22:10:49,3
post,"Major donor & alum calls for Board to not renew Alger's contract. ""He has shown poor judgement, a lack of Leadership, and is hugely uninspiring.""","Major donor & alum calls for Board to not renew Alger's contract. ""He has shown poor judgement, a lack of Leadership, and is hugely uninspiring.""",2020-10-15 12:59:21,156
comment,"Major donor & alum calls for Board to not renew Alger's contract. ""He has shown poor judgement, a lack of Leadership, and is hugely uninspiring.""","I didn’t know JMU had the opportunity to meet with the leaders of amazon like GM and VT. This hurts. Throughout HS, I wanted to go to JMU, but since coming here, I’ve seen a terrible lack of authoritative presence. I’ve seen this in one of my gen eds last year where the teacher was accused of title 9, and now this entire shitstorm of a year. I don’t want to point fingers, but as the president of JMU, he has to set strong precedents and be a role model.",2020-10-15 13:32:06,51
comment,"Major donor & alum calls for Board to not renew Alger's contract. ""He has shown poor judgement, a lack of Leadership, and is hugely uninspiring.""","He’s right. I think this is a major reason that Tim Miller has become a much more prominent voice in JMUs public rhetoric. Alger isn’t relatable, exciting, or engaging. He’s pretty clearly a leader who’s cashing a check and enjoying an early retirement. Frankly his handling of Covid was the final straw, many students, faculty, and admin haven’t liked Alger for a long time",2020-10-15 13:29:01,92
comment,"Major donor & alum calls for Board to not renew Alger's contract. ""He has shown poor judgement, a lack of Leadership, and is hugely uninspiring.""",Did y'all see the article at the bottom of the page. That one is quite the read: [https://www.breezejmu.org/news/alger-moved-jmu-away-from-transparency-skirts-open-meetings-laws/article\_6212c31a-0ef8-11eb-ac23-ab9df12a2bd2.html](https://www.breezejmu.org/news/alger-moved-jmu-away-from-transparency-skirts-open-meetings-laws/article_6212c31a-0ef8-11eb-ac23-ab9df12a2bd2.html),2020-10-15 15:22:44,21
comment,"Major donor & alum calls for Board to not renew Alger's contract. ""He has shown poor judgement, a lack of Leadership, and is hugely uninspiring.""",YESSSSSSSSssss,2020-10-15 13:25:22,16
comment,"Major donor & alum calls for Board to not renew Alger's contract. ""He has shown poor judgement, a lack of Leadership, and is hugely uninspiring.""","A ""You took the words out of my mouth"" pat to Mr. Tickle for speaking up for alumni everywhere... preach 'Being the Change', while missing the opportunity to step up when things get hard. We can do better.",2020-10-15 14:50:10,17
comment,"Major donor & alum calls for Board to not renew Alger's contract. ""He has shown poor judgement, a lack of Leadership, and is hugely uninspiring.""",When does the contract expire?,2020-10-15 14:50:07,9
comment,"Major donor & alum calls for Board to not renew Alger's contract. ""He has shown poor judgement, a lack of Leadership, and is hugely uninspiring.""","Hugely uninspiring is the best way to describe him, wow.",2020-10-15 22:06:36,6
comment,"Major donor & alum calls for Board to not renew Alger's contract. ""He has shown poor judgement, a lack of Leadership, and is hugely uninspiring.""","Alger is robotic and scripted in almost everything he does. He is not personable nor relatable at all. His videos and speeches are beyond boring, makes we want to go to sleep, does nothing to energize JMU. He just does what he is told and like others said collects his paychecks. Tim Miller would certainly do better from an interpersonal standpoint. Most people I know at JMU either love Tim or hate him, to each their own.",2020-10-16 08:58:34,6
comment,"Major donor & alum calls for Board to not renew Alger's contract. ""He has shown poor judgement, a lack of Leadership, and is hugely uninspiring.""","I really don't know much about the power distribution at JMU or American universities in general, but isn't the president just a figurehead, or does he actually have real power?",2020-10-15 18:37:21,4
comment,"Major donor & alum calls for Board to not renew Alger's contract. ""He has shown poor judgement, a lack of Leadership, and is hugely uninspiring.""","It’s really not his fault, he’s the face of JMU and has to do what the investors say. The investors/visitors suck tho",2020-10-16 00:42:14,1
comment,"Major donor & alum calls for Board to not renew Alger's contract. ""He has shown poor judgement, a lack of Leadership, and is hugely uninspiring.""",I know people aren’t happy with the administration. But this is so coordinated...reeks like political hit job.,2020-10-16 21:48:59,0
comment,"Major donor & alum calls for Board to not renew Alger's contract. ""He has shown poor judgement, a lack of Leadership, and is hugely uninspiring.""",sounds like a real tickle pickle,2020-10-16 15:44:04,1
comment,"Major donor & alum calls for Board to not renew Alger's contract. ""He has shown poor judgement, a lack of Leadership, and is hugely uninspiring.""",Was it Dr Pappas? I never had him but my roommate did and he sounded weird. I heard there was a shitstorm with him last year regarding title IX,2020-10-15 16:28:19,19
comment,"Major donor & alum calls for Board to not renew Alger's contract. ""He has shown poor judgement, a lack of Leadership, and is hugely uninspiring.""",Adding one more comment: JMU does nothing to help students post grad. I’ve heard many more cases from VT and GM of the school taking a vested interest in finding gainful employment for students post grad. JMU does not do this. You walk across that stage and you’re on your own.,2020-10-15 13:52:56,44
comment,"Major donor & alum calls for Board to not renew Alger's contract. ""He has shown poor judgement, a lack of Leadership, and is hugely uninspiring.""","As a sophomore, I feel like Tim Miller is a lot more approachable and engaging than Alger. I’d much rather see a person like Miller in charge than deal with a president who clearly doesn’t go live a shit about the students, but that’s just me",2020-10-15 14:28:45,12
comment,"Major donor & alum calls for Board to not renew Alger's contract. ""He has shown poor judgement, a lack of Leadership, and is hugely uninspiring.""",I've been saying this about Alger since he was inaugurated. I have never liked him and I absolutely do not like the direction JMU is heading. I'm so glad people are finally speaking up about this.,2020-10-16 09:29:45,3
comment,"Major donor & alum calls for Board to not renew Alger's contract. ""He has shown poor judgement, a lack of Leadership, and is hugely uninspiring.""","Tim Miller would potentially do better from a PR standpoint, but not from an interpersonal one if we're talking about his colleagues. The people who love him are the people who spend time with him socially - he's a super dynamic and charming guy. The people who have to work with him and whose jobs are affected by his decisions.....much less so.",2020-10-16 09:12:04,7
comment,"Major donor & alum calls for Board to not renew Alger's contract. ""He has shown poor judgement, a lack of Leadership, and is hugely uninspiring.""","I believe so. His name was never mentioned, however the details in the breeze article as well as his... personality quirks shall we say combined with his abrupt departure from JMU despite making well over a 6 figure salary leads me to believe it was him. Their name in the article was never released however I could not and have not found any class that remotely resembles the one in which he taught",2020-10-15 16:31:46,16
comment,"Major donor & alum calls for Board to not renew Alger's contract. ""He has shown poor judgement, a lack of Leadership, and is hugely uninspiring.""",Yep. I had trouble finding employment and reached out to the career center and they basically told me “sucks to suck”,2020-10-15 16:27:03,8
comment,"Major donor & alum calls for Board to not renew Alger's contract. ""He has shown poor judgement, a lack of Leadership, and is hugely uninspiring.""",Yeah man I believe it. Graduated two and a half years ago and the only times I’ve heard from JMU is when they’re asking for money,2020-10-15 19:48:19,3
comment,"Major donor & alum calls for Board to not renew Alger's contract. ""He has shown poor judgement, a lack of Leadership, and is hugely uninspiring.""","It really hasn’t changed since then. I graduated in 2018 and there was absolutely no help from the school. Two months after graduating, jobless, with student loan payments kicking in soon, JMU started asking me to donate. I do believe I wouldn’t have my job now without my JMU degree, but I think it’s an important warning to any current students to start looking for employment like a year before you graduate. JMU has no interest in making you employable. Frankly, I think they quite like undergrad students that take an extra semester or two",2020-10-15 14:19:29,23
comment,"Major donor & alum calls for Board to not renew Alger's contract. ""He has shown poor judgement, a lack of Leadership, and is hugely uninspiring.""",I had him back in 09 I believe. Total nut case. Took a weird 400 level class with him in ISAT that was super meta and philosophical. Can’t remember it much now but he had a couple female pets as TAs.,2020-10-15 23:04:54,14
comment,"Major donor & alum calls for Board to not renew Alger's contract. ""He has shown poor judgement, a lack of Leadership, and is hugely uninspiring.""",He was an ISAT professor I believe. It's pretty obvious to anyone who had him that he's the professor accused of sexual harrasment mentioned in this article [https://www.breezejmu.org/news/sga-senator-files-bill-of-opinion-after-experience-with-title-ix/article\_a403017c-5387-11ea-ad4e-7764d41099d1.html](https://www.breezejmu.org/news/sga-senator-files-bill-of-opinion-after-experience-with-title-ix/article_a403017c-5387-11ea-ad4e-7764d41099d1.html),2020-10-15 21:58:48,8
comment,"Major donor & alum calls for Board to not renew Alger's contract. ""He has shown poor judgement, a lack of Leadership, and is hugely uninspiring.""","I don’t disagree with you at all but it’s important to note that every student should be looking for jobs a year before they graduate. Maybe the importance of that wasn’t made clear to you during your time there, and that’s a shortcoming of your professors if so, but that is exactly what every student should be doing. Waiting until you graduate or are close to graduating to start the job search is a mistake.",2020-10-16 09:44:47,3
comment,"Major donor & alum calls for Board to not renew Alger's contract. ""He has shown poor judgement, a lack of Leadership, and is hugely uninspiring.""","u/FriedButthole u/MagicJasoni I'd really like to hear more about this, since I spent all of last summer working as a student assistant producing a study advising the future direction of our career center, now called the University Career Center. From the 2000s on, we've offered career services to alumni up to a year after graduation, and now it's two years. I know that isn't a very long time, so extending that offer for five or ten years or indefinitely might be of significant use to alumni, but what else were you looking for as a recent alum that the career center could've helped you with? We really, genuinely want to do better.",2020-10-15 16:27:43,5
comment,"Major donor & alum calls for Board to not renew Alger's contract. ""He has shown poor judgement, a lack of Leadership, and is hugely uninspiring.""",I had his class in 2014. He was well known for surrounding himself with beautiful young women and being inappropriate in his conduct towards them. Things like inviting them out to drinks at the Dodger “to discuss research”.,2020-10-17 10:02:07,3
comment,"Major donor & alum calls for Board to not renew Alger's contract. ""He has shown poor judgement, a lack of Leadership, and is hugely uninspiring.""","They really need to cancel classes for a ""professional development day"" during the semester. Give everyone a full day to attend career fairs, attend workshops, and otherwise get their house in order. The number one reason I didn't go to any of the career fairs was because of time. There's a lot of prep work in terms of finding clothes, getting a haircut, ironing, putting a resume and portfolio together, etc. before you even get your foot in the door of the ballroom. And that's even before trying to debate whether you should miss a class or see if you can squeeze some time in between.",2020-10-16 15:50:01,2
post,"I still have all four of my D-Hall ""recycle"" mugs. These are the 1999, 2000, 2001, and 2002 designs.","I still have all four of my D-Hall ""recycle"" mugs. These are the 1999, 2000, 2001, and 2002 designs.",2020-08-03 10:22:24,156
comment,"I still have all four of my D-Hall ""recycle"" mugs. These are the 1999, 2000, 2001, and 2002 designs.","I still have my OG ""R mug"" from 1992.",2020-08-03 11:50:26,7
comment,"I still have all four of my D-Hall ""recycle"" mugs. These are the 1999, 2000, 2001, and 2002 designs.","Two of those are older than I am, bruh 😧",2020-08-03 10:53:48,13
comment,"I still have all four of my D-Hall ""recycle"" mugs. These are the 1999, 2000, 2001, and 2002 designs.",tryna part with the first one?,2020-08-03 10:58:15,8
comment,"I still have all four of my D-Hall ""recycle"" mugs. These are the 1999, 2000, 2001, and 2002 designs.",Maybe I’m partial because of my birth year but that ‘99 one is so cool,2020-08-03 22:49:32,4
comment,"I still have all four of my D-Hall ""recycle"" mugs. These are the 1999, 2000, 2001, and 2002 designs.",I wish I kept mine!,2020-08-03 17:42:38,3
comment,"I still have all four of my D-Hall ""recycle"" mugs. These are the 1999, 2000, 2001, and 2002 designs.",I wish I still had mine! I had the 99 one!,2020-08-03 21:31:58,2
comment,"I still have all four of my D-Hall ""recycle"" mugs. These are the 1999, 2000, 2001, and 2002 designs.",I think I still have two 2004 and 2008 maybe.,2020-08-04 08:17:36,1
post,"If you're in an overcrowded classroom, TAKE PHOTOS. If administration tries to blame students, there needs to be proof they didn't do everything they should have.","If you're in an overcrowded classroom, TAKE PHOTOS. If administration tries to blame students, there needs to be proof they didn't do everything they should have. Same with dining halls. Same if you see long lines to get tested. Document it. Many administrators at other schools are blaming students for outbreaks and closures. There needs to be evidence to show administration's failings if JMU tries this. Edit: **Post photos to [http://imgur.com](http://imgur.com) then link in the comments here**, but please cover up your professors and and fellow Dukes so they aren't identifiable. If your prof is encouraging students to *not* distance, then that's another thing.",2020-08-28 09:10:23,155
comment,"If you're in an overcrowded classroom, TAKE PHOTOS. If administration tries to blame students, there needs to be proof they didn't do everything they should have.","Very good point. I wonder if there’s a website or an archiving type of place we can upload, with the date, to show what is actually going on. However, I do have a concern about this which is the faculty getting into trouble for doing the best they can. I have a lecture in Madison union where the available chairs for sitting are only 3 feet spaced out, and I wouldn’t want that to fall on the Professor for something out of their control.",2020-08-28 10:13:44,34
comment,"If you're in an overcrowded classroom, TAKE PHOTOS. If administration tries to blame students, there needs to be proof they didn't do everything they should have.","[harrison 2105](https://ibb.co/hcSDqkJ) i was one of the first people here, so it hadn’t filled up yet, but it DID. they only restrict every other chair. and if y’all have EVER been in 2105 you KNOW HOW TIGHT IT IS. literally just writing on the desk i was touching the back of the girl in front of me. we’re gonna die ❤️",2020-08-28 10:49:12,19
comment,"If you're in an overcrowded classroom, TAKE PHOTOS. If administration tries to blame students, there needs to be proof they didn't do everything they should have.","You're doing some good work here. And I'll echo the concerns other people have about not trying to get people that don't make policy in trouble, but it appears you have acknowledged that and this seems like a great move.",2020-08-28 11:54:42,14
comment,"If you're in an overcrowded classroom, TAKE PHOTOS. If administration tries to blame students, there needs to be proof they didn't do everything they should have.","The Wilson Hall Auditorium literally has tape on every other seat and every other row blocked off. no chance for social distancing in there. [https://imgur.com/VEkFYpc](https://imgur.com/VEkFYpc) Edit: Luckily for us, there were only around 90 people in the auditorium Wednesday.",2020-08-28 10:33:01,19
comment,"If you're in an overcrowded classroom, TAKE PHOTOS. If administration tries to blame students, there needs to be proof they didn't do everything they should have.","Dining halls, shoulder to shoulder.",2020-08-28 23:34:08,3
comment,"If you're in an overcrowded classroom, TAKE PHOTOS. If administration tries to blame students, there needs to be proof they didn't do everything they should have.",&#x200B; |My students are split in half (150 instead of 300) and are seated in Wilson with almost 6 ft apart. ||| |:-|:-|:-| |||| ||||,2020-08-30 21:35:44,2
comment,"If you're in an overcrowded classroom, TAKE PHOTOS. If administration tries to blame students, there needs to be proof they didn't do everything they should have.","Question: what is this ultimately going to accomplish? Ultimately, the administration sets the narrative, and should JMU close the campus, whatever JMU's media relations department sends out is what's going to get covered.",2020-08-28 11:08:22,-18
comment,"If you're in an overcrowded classroom, TAKE PHOTOS. If administration tries to blame students, there needs to be proof they didn't do everything they should have.",Is the outcome going to be different if the students are to blame or the admin? Everyone goes home regardless and whatever $$$ is refunded (if any) will be refunded. Are we just looking for bragging rights here? The virus doesn’t care about any of this. If the goal is to get the admin to change policies so maybe the virus can’t spread ok. But blame for blame’s sake just seems kinda pointless.,2020-08-28 11:06:15,-13
comment,"If you're in an overcrowded classroom, TAKE PHOTOS. If administration tries to blame students, there needs to be proof they didn't do everything they should have.","This is very considerate. At the same time, profs are doing their best in the new teaching spaces, set ups, etc. It’s not on them if their classrooms aren’t conducive to the admin’s “messaging”—I actually think profs would encourage this archiving.",2020-08-28 10:21:06,18
comment,"If you're in an overcrowded classroom, TAKE PHOTOS. If administration tries to blame students, there needs to be proof they didn't do everything they should have.",Yes - please don’t put your faculty in positions to be in trouble. As a faculty member I can acknowledge that most of us fought VERY HARD to not have this be the reality. We did not want to teach in face shields and behind glass podiums. We wanted to teach safely in a way that was engaging. Many faculty do not teach in their own buildings and have no control over what room the registrar’s office assigned them to teach in. We’re trying.,2020-08-28 18:29:57,10
comment,"If you're in an overcrowded classroom, TAKE PHOTOS. If administration tries to blame students, there needs to be proof they didn't do everything they should have.","I suppose, post them in the comments here? I'll edit the OP Good point, either try to take a photo without the prof in it, or cover them up before posting it. We should probably cover up the faces of our fellow Dukes too",2020-08-28 10:16:07,8
comment,"If you're in an overcrowded classroom, TAKE PHOTOS. If administration tries to blame students, there needs to be proof they didn't do everything they should have.",Reddit...? Imgur? lol,2020-08-28 10:23:40,5
comment,"If you're in an overcrowded classroom, TAKE PHOTOS. If administration tries to blame students, there needs to be proof they didn't do everything they should have.",That classroom is the worst. I dont doubt it for a second.,2020-08-28 11:23:29,14
comment,"If you're in an overcrowded classroom, TAKE PHOTOS. If administration tries to blame students, there needs to be proof they didn't do everything they should have.",You couldn’t possibly take a worse photo. So you get there early...wait and take it when the room is full?,2020-08-28 22:24:37,0
comment,"If you're in an overcrowded classroom, TAKE PHOTOS. If administration tries to blame students, there needs to be proof they didn't do everything they should have.",ISAT has tons of spacing,2020-08-28 11:13:40,-6
comment,"If you're in an overcrowded classroom, TAKE PHOTOS. If administration tries to blame students, there needs to be proof they didn't do everything they should have.","Well even if you get it, there’s a really small chance you get hospitalized, let alone die. But I see what you’re saying",2020-08-28 11:34:14,-18
comment,"If you're in an overcrowded classroom, TAKE PHOTOS. If administration tries to blame students, there needs to be proof they didn't do everything they should have.","What is it going to hurt?? Worst case scenario, you have documentation of a specific situation that you were in, that you never use. Without it, the worst case scenario is that the university finds a way to reject a refund because students didn't follow the requirements.",2020-08-28 11:54:48,10
comment,"If you're in an overcrowded classroom, TAKE PHOTOS. If administration tries to blame students, there needs to be proof they didn't do everything they should have.",I guess people just don't want to be blamed for something they don't see as wholly their fault. It'll be a hard fight but it seems people want to try.,2020-08-28 11:53:10,3
comment,"If you're in an overcrowded classroom, TAKE PHOTOS. If administration tries to blame students, there needs to be proof they didn't do everything they should have.","Yeah, I don't see the point in this, either.",2020-08-28 11:10:16,-15
comment,"If you're in an overcrowded classroom, TAKE PHOTOS. If administration tries to blame students, there needs to be proof they didn't do everything they should have.",Yes. And they are probably photographing it as well.,2020-08-28 11:42:07,5
comment,"If you're in an overcrowded classroom, TAKE PHOTOS. If administration tries to blame students, there needs to be proof they didn't do everything they should have.","I appreciate what you and the rest are doing. I can’t imagine how hard it must be to have to change habits like walking around a class, approaching students, even classroom setups...I’m sure it’s really difficult for you all as well.",2020-08-28 23:38:55,1
comment,"If you're in an overcrowded classroom, TAKE PHOTOS. If administration tries to blame students, there needs to be proof they didn't do everything they should have.",aight don’t be an ass i wasn’t expecting to need the picture for anything,2020-08-30 17:45:22,1
comment,"If you're in an overcrowded classroom, TAKE PHOTOS. If administration tries to blame students, there needs to be proof they didn't do everything they should have.","I absolutely hate this rhetoric. Regardless of how severe it is for younger people, you don't want them passing it on to community members, family, friends, etc. who may actually be affected by it. Regardless of even that, we don't know what the long term health effects of this illness is. Younger people who contract COVID and are ""fine"" might suddenly begin to develop heart problems, lung problems, OR ANYTHING ELSE in a few years. We could be riddled with invisible illnesses for the rest of our lives. You're not invincible just because you're in your 20s, so stop acting like it.",2020-08-28 11:49:28,21
comment,"If you're in an overcrowded classroom, TAKE PHOTOS. If administration tries to blame students, there needs to be proof they didn't do everything they should have.","i have severe asthma, but thanks for dropping in",2020-08-28 21:12:18,4
comment,"If you're in an overcrowded classroom, TAKE PHOTOS. If administration tries to blame students, there needs to be proof they didn't do everything they should have.",The chairs are still like 2 feet apart?,2020-08-28 10:59:53,12
comment,"If you're in an overcrowded classroom, TAKE PHOTOS. If administration tries to blame students, there needs to be proof they didn't do everything they should have.","It's not going to necessarily hurt, but I don't think that it's going to help anyone, either. But if it makes everyone feel better, even though it's not going to accomplish anything beyond making the people taking the photos feel better, then knock yourselves out.",2020-08-28 12:56:30,-5
comment,"If you're in an overcrowded classroom, TAKE PHOTOS. If administration tries to blame students, there needs to be proof they didn't do everything they should have.","I've noticed that, in general, once someone puts a post in the negative, it becomes a pile-on. Once a post is negative, it makes people feel more comfortable downvoting it themselves, driving it down even further. More specifically to this subreddit, anything that doesn't subscribe to the doomer mentality that the JMU administration is a bunch of corrupt bastards who are going to take your money, close the campus, and then blame the students for the whole situation tends to get downvoted heavily. I admit that as someone who graduated 17 years ago, I'm probably a bit older than most people on this subreddit, and have been out of the JMU bubble for a while. I've also taken a very dim view of many of the official reactions to this pandemic that we find ourselves in, and believe that the response will ultimately go down in history as a massive blunder. It's a shame how much people aren't willing to hear out other perspectives on here and actually have a reasoned discussion.",2020-08-28 12:41:43,-7
comment,"If you're in an overcrowded classroom, TAKE PHOTOS. If administration tries to blame students, there needs to be proof they didn't do everything they should have.","Yep - it's going to make them feel better or morally superior, I suppose, but don't expect anything more to come out of it than that.",2020-08-28 12:58:17,-5
comment,"If you're in an overcrowded classroom, TAKE PHOTOS. If administration tries to blame students, there needs to be proof they didn't do everything they should have.","Yeah got it. I was replying to “we’re all gonna die”. I know it was just an expression, but my point is that we are all, in fact not going to die from this :/",2020-08-28 11:51:25,-13
comment,"If you're in an overcrowded classroom, TAKE PHOTOS. If administration tries to blame students, there needs to be proof they didn't do everything they should have.","When your ""other perspective"" is repeatedly ""just let the virus run its course and kill people"", you can expect downvotes from people who have more empathy than a crouton.",2020-08-28 15:29:13,3
comment,"If you're in an overcrowded classroom, TAKE PHOTOS. If administration tries to blame students, there needs to be proof they didn't do everything they should have.",I agree it's probably not going to do anything but if pushing back against the administration's narrative is cathartic for them I guess it's better than nothing.,2020-08-28 16:18:17,0
comment,"If you're in an overcrowded classroom, TAKE PHOTOS. If administration tries to blame students, there needs to be proof they didn't do everything they should have.",Let’s say (hypothetically) that only 2 people from JMU die/get serious complications from COVID. Is it really worth the *lives* of those 2 dukes for the rest of us to get a subpar semester of education?,2020-08-28 13:27:02,6
comment,"If you're in an overcrowded classroom, TAKE PHOTOS. If administration tries to blame students, there needs to be proof they didn't do everything they should have.","Oh yeah because no one has EVER used hyperbole on the internet.... Also if we're really going to get into semantics and rhetoric on a Reddit comment, the quote was ""we're gonna die"" not ""we're all gonna die"".",2020-08-28 15:24:24,1
comment,"If you're in an overcrowded classroom, TAKE PHOTOS. If administration tries to blame students, there needs to be proof they didn't do everything they should have.",History 101. A lot of people were on webex.,2020-08-28 12:08:35,5
comment,"If you're in an overcrowded classroom, TAKE PHOTOS. If administration tries to blame students, there needs to be proof they didn't do everything they should have.","Absolutely, positively, hell no. I am very much a leftist, but I disagree with the official response to this pandemic, which has turned everything on its end unnecessarily.",2020-08-28 12:59:52,-1
comment,"If you're in an overcrowded classroom, TAKE PHOTOS. If administration tries to blame students, there needs to be proof they didn't do everything they should have.","Absolutely not. The only reason I responded was because I’m tired of seeing this propaganda that we’re all going to die. It’s a pandemic, not the apocalypse. That being said, we should try our best to keep deaths as low as possible by any means necessary",2020-08-28 14:00:56,-5
comment,"If you're in an overcrowded classroom, TAKE PHOTOS. If administration tries to blame students, there needs to be proof they didn't do everything they should have.","Sure, but SchuminWeb's in particular usually boil down to ""let the virus run its course"", check his comment history in this sub. I was making a reference to that perspective specifically.",2020-08-28 23:03:07,2
comment,"If you're in an overcrowded classroom, TAKE PHOTOS. If administration tries to blame students, there needs to be proof they didn't do everything they should have.","Exactly, it’s not propaganda nor is anyone saying we’re all gonna die, but it sure as hell isn’t fun and needs to be taken seriously. I used to be in the same boat as you, until I lost two family members to it and very nearly a third. We aren’t saying everyone is gonna get it super bad, but we need to make sure those who die don’t just become another statistic. They’re people.",2020-08-28 15:25:22,5
comment,"If you're in an overcrowded classroom, TAKE PHOTOS. If administration tries to blame students, there needs to be proof they didn't do everything they should have.",Damn I’m really sorry to hear that. I can see how that would change your opinion of the whole thing. I’m really sorry for your losses 🙏,2020-08-28 22:56:19,1
post,JMU PUTS 70 ON UNC,JMU PUTS 70 ON UNC,2024-09-21 16:10:25,153
comment,JMU PUTS 70 ON UNC,It was a pretty crazy 1st half. And overall who would have ever picked over an over/under of 119? go Dukes!,2024-09-21 17:10:59,14
comment,JMU PUTS 70 ON UNC,Dukes scored 10 more points today than FSU has scored this season in 4 games.,2024-09-21 23:13:38,4
post,If you didn’t read JMU’s email… here’s a shortened version,"If you didn’t read JMU’s email… here’s a shortened version “Hey… we realize COVID cases are wildin rn 😝 because of this… we are gonna have higher cases and that’s ok! y’all are gonna get COVID… but it’s ok 💖 we must learn to live with us all getting COVID… 😘 so in an effort to all give you COVID, boosters aren’t required if you’re eligible and for on campus students if you have COVID, just stay in your room! Because that will stop you guys from going about, right? 😊 well happy hunger games guys and may the odds ever be in your favor, send us pics of your positive test when you get one!”",2022-01-10 12:27:27,151
comment,If you didn’t read JMU’s email… here’s a shortened version,I 100% expected this but the fact that they are leaving absences up to professors is kinda messed up. Especially when there are professors that only give you 1 or 2 absences during a pandemic.,2022-01-10 19:36:24,43
comment,If you didn’t read JMU’s email… here’s a shortened version,"The fact that Alger also said ""We have absolutely zero evidence of in-class transmission"" is hilarious. How did they even collect that data or quantify it? He could have just as easily said, ""We are also absolutely unsure if Covid was transmitted throughout any class across the campus this semester""",2022-01-10 21:10:47,32
comment,If you didn’t read JMU’s email… here’s a shortened version,Don’t forget to tag your positive COVID results with #jmucovidchallenge2022 !!,2022-01-10 12:41:04,55
comment,If you didn’t read JMU’s email… here’s a shortened version,This was exactly how I read it except this was much more fun,2022-01-10 12:35:29,19
comment,If you didn’t read JMU’s email… here’s a shortened version,"i’m fine with this honestly, if the school actually pushed for policies that would actually keep everyone from getting covid, nobody would like or enjoy school",2022-01-10 21:12:11,6
comment,If you didn’t read JMU’s email… here’s a shortened version,"For the alumni in the group, could you please post the original email as well?",2022-01-11 03:48:47,2
comment,If you didn’t read JMU’s email… here’s a shortened version,Blame Youngkin and the hayseeds who voted for him .,2022-02-01 18:13:18,2
comment,If you didn’t read JMU’s email… here’s a shortened version,"I respect them respecting our autonomy. If you’re concerned about the virus get the booster, if you think it works, what’s the concern?",2022-01-10 12:46:47,-17
comment,If you didn’t read JMU’s email… here’s a shortened version,Alger dropped this thinking that we think he has the conch shell and will therefore listen,2022-01-15 02:20:16,1
comment,If you didn’t read JMU’s email… here’s a shortened version,Not to mention they stopped requiring unvaxxed people to get tested...,2022-01-31 23:12:56,1
comment,If you didn’t read JMU’s email… here’s a shortened version,Yeah it’s the fact that the attendance policy hasn’t changed that is truly bothering me as like you said many professors have pre-pandemic like attendance policies.,2022-01-11 10:15:14,17
comment,If you didn’t read JMU’s email… here’s a shortened version,We are trying to address this and get some consistency in how absences are managed. Each professor controls this for their classes so it's hard to make this happen universally but we are trying.,2022-01-11 19:56:04,6
comment,If you didn’t read JMU’s email… here’s a shortened version,Can't have evidence of transmission if you don't require testing for everyone. Pro move.,2022-01-11 11:13:02,14
comment,If you didn’t read JMU’s email… here’s a shortened version,Can’t have evidence you don’t care to look for.,2022-01-11 11:50:45,8
comment,If you didn’t read JMU’s email… here’s a shortened version,"It's undeniable, especially considering the fact that not everyone wears their mask properly, if they wear a decent mask at all (no, bandanas aren't masks people).",2022-01-11 01:55:57,13
comment,If you didn’t read JMU’s email… here’s a shortened version,"And, remember, the whole point of JMU is to enjoy it. Learning is for those other places that rejected our applications!",2022-01-10 22:05:07,9
comment,If you didn’t read JMU’s email… here’s a shortened version,"same, just get boosted and wear a mask and you should be fine. obviously breakthroughs will happen but the *vid* is probably on its way to becoming an endemic and is just something we'll always have to live with.",2022-01-11 01:51:08,-2
comment,If you didn’t read JMU’s email… here’s a shortened version,[here you go](https://www.jmu.edu/news/2022/01/10-plans-for-spring-semester.shtml) its on their website,2022-01-11 22:35:36,1
comment,If you didn’t read JMU’s email… here’s a shortened version,"The vaccines and the boosters do work in that they **reduce** risk of illness, especially serious illness. They do not eliminate it. Most importantly, hospitals are filled to the brim right now, meaning people that need medical care for other issues can't get the help they need. Selfishness is largely why this pandemic has been so devastating, and gone on for so long.",2022-01-10 14:53:00,33
comment,If you didn’t read JMU’s email… here’s a shortened version,"I’m not concerned about me getting Covid. I’ve gotten it before and it didn’t hit me hard. What I’m concerned about is getting covid and then bringing it home and killing my parents, you dense idiot. What do you think will happen when things get out of control on campus? Everyone will be sent home to spread the virus to their neighborhood. Exactly what happened a year ago. > if you think it works, what’s the concern? Aren’t you supposed to be educated? How did you managed to get into college and yet be one of those people that doesn’t understand what a vaccine is?",2022-01-10 13:52:54,51
comment,If you didn’t read JMU’s email… here’s a shortened version,"Unless I read incorrectly, JMU will continue to provide isolation dorms.",2022-01-10 15:28:53,2
comment,If you didn’t read JMU’s email… here’s a shortened version,How are you addressing something entirely outside of Student Affairs? What steps can you take when it isn't your department?,2022-01-12 19:25:00,5
comment,If you didn’t read JMU’s email… here’s a shortened version,"My double layered bandana that covered the entirety of my beard says otherwise, including wrapped around to my neck.",2022-01-11 15:28:39,-4
comment,If you didn’t read JMU’s email… here’s a shortened version,also remember that you don’t have to go to jmu if you don’t like it!,2022-01-10 23:00:46,10
comment,If you didn’t read JMU’s email… here’s a shortened version,"True, but leave out the masks and booster (especially since the vaxes are doing next to nothing now with the new variants - which are the most prevalent strains now)",2022-01-12 11:36:10,0
comment,If you didn’t read JMU’s email… here’s a shortened version,Why don’t you get tested before you come home?,2022-01-11 13:36:04,-2
comment,If you didn’t read JMU’s email… here’s a shortened version,My dad is vaccinated and has his booster but COVID can still kill him since he's in remission from cancer.,2022-01-10 16:39:21,23
comment,If you didn’t read JMU’s email… here’s a shortened version,"“Some of you may die, but that is the ri$$$k I’m willing to take”",2022-01-10 16:00:48,16
post,Me every day this past week,Me every day this past week,2020-10-03 19:17:14,154
comment,Me every day this past week,Incorrect. There are more black squares,2020-10-04 17:47:43,4
post,Justice Studies Prof Died of Covid 3 days ago,"Justice Studies Prof Died of Covid 3 days ago Dr. Terry Beitzel passed away on the 29th of January due to COVID complications. I’m asking everyone to please take CDC and COVID precautions seriously because we’ve lost a great Duke, teacher, friend, and neighbor. He was only 53 but had so much more to give to the JMU and Hburg community. The most crummy part about all of this is the fact that JMU hasn’t even sent out a mass email acknowledging his death. Please continue to be mindful and remember that COVID is nothing short of being serious.",2021-02-01 11:35:01,148
comment,Justice Studies Prof Died of Covid 3 days ago,"Dr. Beitzel wasn't the first member of JMU community, not even the first faculty member, to pass away from COVID and no mass communications have gone out about prior deaths. It's hit the JMU community more than many realize. There have been things on JMU's various social media channels about these instances and some web pages have been created by different departments.",2021-02-01 12:32:29,56
comment,Justice Studies Prof Died of Covid 3 days ago,Hopefully they’ll release a statement today. I’m sure they wanted to communicate with his family about it.,2021-02-01 12:31:54,15
comment,Justice Studies Prof Died of Covid 3 days ago,"I had Dr. Beitzel last semester- and wow. He was truly an inspirational and caring professor, a rarity it seems in the virtual class setting. He definitely made a lasting influence on me and I'm sure the community of JMU.",2021-02-01 14:18:24,13
comment,Justice Studies Prof Died of Covid 3 days ago,"I think that, unless the family of Dr Beitzel or any of the other staff/students of JMU request such a mass email to be sent out, we should be sensitive to their loved ones and refrain from broadcasting such things in order to maintain some quiet and privacy for their family.",2021-02-01 19:02:11,9
comment,Justice Studies Prof Died of Covid 3 days ago,I can’t believe this! His gen ed class was the reason I switched to a justice studies major.,2021-02-01 17:41:42,9
comment,Justice Studies Prof Died of Covid 3 days ago,Oh wow he was only 53... My condolences..:/,2021-02-01 12:20:07,15
comment,Justice Studies Prof Died of Covid 3 days ago,😢 Had him way back when for my intro to justice studies course. Rest is peace Terry.,2021-02-03 17:53:23,1
comment,Justice Studies Prof Died of Covid 3 days ago,Wasn’t even aware! Do you know who they are?,2021-02-01 12:45:21,15
comment,Justice Studies Prof Died of Covid 3 days ago,Professors within the department have already made it clear that was the cause. There’s no assumptions.,2021-02-03 12:53:19,2
comment,Justice Studies Prof Died of Covid 3 days ago,"Dr. Iona Black was the first person I can recall. That was back in August. I have heard rumors of others, but nothing I'd be willing to put out there as I am uncertain. [https://www.jmu.edu/news/chemistry/2020/8-7-InMemoriam.shtml](https://www.jmu.edu/news/chemistry/2020/8-7-InMemoriam.shtml)",2021-02-01 13:12:06,14
comment,Justice Studies Prof Died of Covid 3 days ago,Ya I know about Dr. Black but I’d prefer to stick to factual information over just rumors,2021-02-01 13:18:56,6
comment,Justice Studies Prof Died of Covid 3 days ago,Which is why I only mentioned Dr. Black by name.,2021-02-01 13:32:42,4
comment,Justice Studies Prof Died of Covid 3 days ago,"I don't think that Dr. Black died of Covid. I don't want to speculate too much since they didn't want to release a cause of death, but I was in the last class she taught before she passed (a summer class that June) and she was very clearly deeply unwell.",2021-02-01 14:33:38,17
comment,Justice Studies Prof Died of Covid 3 days ago,Cancer not Covid.,2021-02-01 20:02:44,3
post,I’m happy to say that I’m going to be a Duke next year!,I’m happy to say that I’m going to be a Duke next year!,2020-03-04 16:57:28,148
comment,I’m happy to say that I’m going to be a Duke next year!,Congratulations!! My daughter was accepted today as well! Go Duuuuukes!,2020-03-04 21:01:17,7
comment,I’m happy to say that I’m going to be a Duke next year!,"Congrats, go Dukes!",2020-03-04 17:36:00,7
comment,I’m happy to say that I’m going to be a Duke next year!,Congratulations! You’re going to love it here!,2020-03-04 19:45:20,4
comment,I’m happy to say that I’m going to be a Duke next year!,"Congrats! I love your career choice, too.",2020-03-04 20:31:57,5
comment,I’m happy to say that I’m going to be a Duke next year!,Congratulations!,2020-03-05 00:07:15,3
comment,I’m happy to say that I’m going to be a Duke next year!,I just graduated in 2018. Best decision I ever made in my adult life to go to JMU. You will meet some of the best people this world has to offer when you get there. Orientation feels like it was just yesterday! Congrats!,2020-03-05 03:24:01,3
comment,I’m happy to say that I’m going to be a Duke next year!,Yay tell her I said congrats!! Go Dukes!! 😊😊,2020-03-04 21:06:29,2
comment,I’m happy to say that I’m going to be a Duke next year!,Thank you!!,2020-03-04 17:37:48,1
comment,I’m happy to say that I’m going to be a Duke next year!,Thank you!! I’m overwhelmingly excited!,2020-03-04 20:35:34,2
comment,I’m happy to say that I’m going to be a Duke next year!,Haha thanks man lmao,2020-03-04 20:34:39,2
comment,I’m happy to say that I’m going to be a Duke next year!,Thank you! I’ve talked to a decent amount of people there and everyone seems so friendly I can’t wait,2020-03-05 19:39:24,1
comment,I’m happy to say that I’m going to be a Duke next year!,That’s awkward,2020-03-04 23:16:41,2
comment,I’m happy to say that I’m going to be a Duke next year!,Hey there!!!! See ya soon!,2020-03-05 07:12:14,1
comment,I’m happy to say that I’m going to be a Duke next year!,Nah.....he's cool with it - we are all a bunch of weirdos! He's a fellow Duke as well!,2020-03-05 07:14:12,1
post,course evaluations be like,course evaluations be like,2019-12-09 15:56:01,149
comment,course evaluations be like,"Well first of all, I have seen bassnecter 67 times",2019-12-09 18:54:52,5
comment,course evaluations be like,"If they don't offer evaluations and you feel like something needs to be addressed, send an email to the Associate Dean. They take this stuff seriously.",2019-12-10 08:05:35,10
comment,course evaluations be like,"I think it depends on the department, some do some don’t",2019-12-09 21:07:17,4
post,Housing Info,Housing Info I spent some time going through and taking some notes on the dorms and what they have/don’t have as well as what I like and don’t like (hence the highlight colors) here’s these lists just in case anyone needs it.,2024-03-16 20:11:03,145
comment,Housing Info,Goated analysis,2024-03-16 21:00:50,22
comment,Housing Info,"Do not live in Eagle. There is no air conditioning, the rooms are tiny, mold everywhere and I was constantly sick, elevators broken often, the list could go on",2024-03-17 10:21:23,17
comment,Housing Info,"Bro, jennings hall style isn't traditional hall style, so I feel like that's worth distinguishing. It's 3 bathrooms per half-hallway that, once locked, it's effectively your own bathroom for the time you're in there. I think the official name is pod bathrooms. Also 1st floor jennings has weirdly tall ceilings. They've also had the nicest wood floors I've experienced.",2024-03-17 00:44:01,10
comment,Housing Info,"Wayland does have air conditioning. One thing to note re bathrooms: with hall style bathrooms it’s common to get to know more people throughout the dorm but with suite style bathrooms, it’s more common to only really get to know people within your suite. Of course personality plays into this, but that tends to be the trend.",2024-03-16 22:36:15,12
comment,Housing Info,They still haven’t put ac in the Village? I lived there 4 years ago lmao,2024-03-17 16:23:58,4
comment,Housing Info,"Waylands really nice, especially if you’re an fine arts major.",2024-03-17 11:00:17,3
comment,Housing Info,Logan and Gifford were wonderful in 2007-2009.,2024-03-17 12:55:57,2
comment,Housing Info,You need to account for location!!! Village gets a huge leg up bc it’s in the center of campus.,2024-03-17 18:12:01,2
comment,Housing Info,"If you don’t care about location. The back road near the Sheetz, there are 1 and 2 bed apartments. My fwb lived there and it was literally a five to ten minute bike ride to campus.",2024-03-17 22:08:36,2
comment,Housing Info,Is Converse Hall not there anymore?,2024-03-18 10:02:32,2
comment,Housing Info,Would totally recommend east campus! It was great when I lived there! By far biggest rooms and closets! Hall style isn’t bad and you’re close to e hall/festival and all the science buildings! Pretty close to UREC too!,2024-05-29 11:09:10,2
comment,Housing Info,"are they still doing the forced triples next year? if they are, should defo include that in skyline cons 😭😭 ive never heard good things from forced triples",2024-03-17 01:38:51,1
comment,Housing Info,Closets in Hillside/MGL? We got stand-alone wardrobes when I was in MGL in 2012.,2024-03-17 10:47:08,1
comment,Housing Info,I lived in Hillside my freshman year. Very comfortable and close to everything (on main campus). Would recommend for sure!,2024-03-17 12:04:23,1
comment,Housing Info,Just a heads up. You don’t pick buildings anymore. You rank by area and are assigned by housing.,2024-03-17 15:58:25,1
comment,Housing Info,"Lived in Spotswood, doesn't have A/C, one toilet, one shower, two sinks are shared between two suites of two (lock on each side). Has big basement living room/kitchen. Halls were carpet, but inside rooms was like linoleum (the fake plastic tile looking thing). Small closets behind the entrance door (think you could fit two guys in there max).",2024-03-17 16:56:12,1
comment,Housing Info,What about location pros and cons?,2024-03-17 21:08:31,1
comment,Housing Info,Spotswood is HAUNTED. Did not have a roommate and things would move around in my room when I wasn’t in there/shower would turn on by itself in the middle of the night SCREECHING from the pressure of the hot water pipe,2024-03-18 13:04:16,1
comment,Housing Info,Chesapeake has suites! Get one!!! They’re a great option,2024-03-18 16:08:36,1
comment,Housing Info,Chapp the best,2024-03-18 22:07:44,1
comment,Housing Info,"Village is the best by far. You get a social aspect that none of the other dorms can compare to. I now live with the guys I met last year. The complaint on air conditioning is also so overdramatic, if you get at least one good fan you’ll be completely fine. I’m typically always warm bodied and village still felt fine. Just do yourself a favor and pick village you won’t regret the fun you’re going to have. Especially because they are tearing down the village dorms and getting rid of the suite style so these next 3 years are the last chances to enjoy it for what it is.",2024-03-20 00:41:30,1
comment,Housing Info,To everyone on here : student loans are predatory . If cash flowing college isn’t an option then you can’t afford it,2024-03-17 06:51:12,-9
comment,Housing Info,"Understood, thank you. Staying away from Eagle 👍",2024-03-17 10:22:31,2
comment,Housing Info,Jennings is top 3 on my list,2024-03-17 00:45:14,5
comment,Housing Info,I’m so okay with knowing less people when going to the bathroom,2024-03-17 01:39:11,4
comment,Housing Info,Some have AC now I think,2024-03-18 13:08:05,1
comment,Housing Info,"The dorms looked dark and small from the virtual dorm tours on the JMU page. The walls also looked a little strange. It’s higher up on the list than others but there are definitely better looking ones in my opinion. Plus, I’m a business major so might have to pass on Wayland lol",2024-03-17 11:02:25,-1
comment,Housing Info,And also in 1985-8,2024-03-17 21:08:06,2
comment,Housing Info,It is just not available to freshman,2024-03-18 12:58:33,1
comment,Housing Info,Best dorm on campus by far!,2024-03-17 14:25:27,2
comment,Housing Info,Logan is my #1 choice. I really really hope I get that dorm,2024-03-17 10:11:48,1
comment,Housing Info,"Same here, Hillside does not have closets still; just wardrobes. Also the rooms are super small OP, idk who said large room or what you were looking at but when I lived there there wasn’t even enough room to set up a yoga mat on the floor",2024-03-17 13:17:00,2
comment,Housing Info,My note is based on the height of the bed. Some of them pictured could be lifted a lot higher than others.,2024-03-17 16:06:30,1
comment,Housing Info,"I mean, I could give my opinion on that, but it’s not entirely relevant to the individual person. Definitely depends on major and whatnot. I did all of this “research” based on what I could see online, as I am an incoming freshman. So I left the rest up to anyone who uses the chart 🙃",2024-03-17 21:10:58,1
comment,Housing Info,I guess the virtual dorm tours can be deceiving when it comes to size 😪,2024-03-17 16:08:28,1
comment,Housing Info,"True, but in todays times, that 4 year degree about $100,000",2024-03-17 10:21:18,3
post,I give it a week,I give it a week,2020-08-26 20:06:51,145
comment,I give it a week,I hate to say it but I feel like the administration will do all they can to suppress information until the tuition deadline. Just look at that “dashboard” they published. Multiple reasons to be disappointed in JMU these days.,2020-08-26 22:18:55,33
comment,I give it a week,"the freshens line was out the door and almost outside today, it even crossed with the chick fil a line..",2020-08-26 22:26:19,20
comment,I give it a week,Genius level display from students today. I'm embarrassed to be a Duke rn,2020-08-26 21:15:43,28
comment,I give it a week,🤦🏻‍♀️🤦🏻‍♀️🤦🏻‍♀️🤦🏻‍♀️,2020-08-26 20:27:58,11
comment,I give it a week,Just looked at the Breeze dashboard and mildly hyperventilated...was not on campus so didn’t hyperventilate _on_ anyone.,2020-08-27 11:18:40,5
comment,I give it a week,This is exactly what is happening.,2020-08-27 05:12:57,15
comment,I give it a week,I wonder if people will file some lawsuits? If they cancel on the 15th it’s abundantly clear what’s going on.,2020-08-27 09:32:15,9
comment,I give it a week,This isn’t on the students and it’s not on the staff and faculty who have to work within the constraints administration have put on them.,2020-08-27 08:28:40,12
comment,I give it a week,"God I hope so. I also hope the state holds JMU and other VA schools accountable for being so reckless. They forced tens of thousands of students from all over the country to travel into the state and have ignored plenty of reasonable safety precautions. The fact that people are forced to attend in-person just to get credit for participation or to take an exam is inexcusable. If I were still a student, I'd be furious that I was spending all this money and didn't have a say in my own safety. If JMU is truly ready to go online at any moment, then classes should have just started out with that capability built-in and made in-person attendence optional. Needless to say, they won't be getting a dime from me ever again. Unlike most, I didn't have a problem with them charging full price for online classes. The faculty and resources offered still can't compete with other institutions even if classes are remote. The fact that they've buried their head in the sand and forced people into making difficult and potentially life-altering decisions just for PR is disgusting. I have very little patience these days for anyone who makes ill-informed decisions regarding COVID. We've watched the rest of the world manage the virus with reasonable success, but the U.S. can't be bothered to pivot, adapt, and follow the science.",2020-08-27 10:17:38,7
comment,I give it a week,"If students and staff stay within the fairly simply constraints there will be less cases. Seeing students playing a 20 person game of mask-less spike ball on the quad, breathing down each other's necks in dining halls, gathering in large groups off campus without masks, etc. shows a lack of common sense and shows yet again that a portion of the JMU community believes that rules do not apply to them.",2020-08-27 09:20:11,10
comment,I give it a week,"I agree with you on the spring. It sucked to pay full rates for online learning, but they had a budget and I'm assuming when the budget was made they never even considered a pandemic would happen. But this semester, it's obvious to all of us that a semester cannot last. It's understandable from the university's point of view: years of financially cavalier decisions have forced them to throw current students into this shitshow. This whole situation has revealed what we all already knew, but didn't want to say: the American higher education system is rotten to the core. I am a recent graduate so I won't be suing anybody, but I'm concerned current outraged students will feel taking on an entire university is impossible and choose not to take legal action, which is wholly understandable.",2020-08-27 11:04:55,7
comment,I give it a week,Maybe that terrible video on privilege posted here a few days ago wasn't such a bad idea after all.,2020-08-27 10:19:24,4
comment,I give it a week,"Agree with everything but dining halls. Kids gotta eat, it’s not their fault that the administration has done an awful job of giving them a safe way to get food",2020-08-27 09:44:12,7
post,"The Festival atrium in the early evening on the first day of class, fall semester","The Festival atrium in the early evening on the first day of class, fall semester",2025-01-31 01:47:07,145
comment,"The Festival atrium in the early evening on the first day of class, fall semester",I miss coming here before my bio classes 🥲,2025-01-31 14:03:34,9
comment,"The Festival atrium in the early evening on the first day of class, fall semester",JMU is the best,2025-01-31 15:37:32,6
comment,"The Festival atrium in the early evening on the first day of class, fall semester",I loved that spot. It (at least used to be) quieter than the rest of campus and the food was great.,2025-01-31 16:50:44,4
comment,"The Festival atrium in the early evening on the first day of class, fall semester",You're really good at photography!,2025-01-31 10:17:02,3
comment,"The Festival atrium in the early evening on the first day of class, fall semester",this is so pretty,2025-01-31 11:07:59,2
comment,"The Festival atrium in the early evening on the first day of class, fall semester","Damn, instant flashback.",2025-02-01 12:43:06,1
comment,"The Festival atrium in the early evening on the first day of class, fall semester",What year was this Ben?,2025-02-02 01:04:21,1
comment,"The Festival atrium in the early evening on the first day of class, fall semester",I miss it. Graduated in may and during my 4 years it was absolutely an underrated spot,2025-02-03 16:44:24,1
post,Professor Ill be late to class. The Evergiven is blocking Main St.,Professor Ill be late to class. The Evergiven is blocking Main St.,2021-03-30 00:05:42,143
comment,Professor Ill be late to class. The Evergiven is blocking Main St.,I had no concept of how big this boat is until now thank you.,2021-03-30 12:02:58,15
comment,Professor Ill be late to class. The Evergiven is blocking Main St.,"Out of curiosity, genuinely asking. Is this to scale?",2021-03-30 15:24:38,8
comment,Professor Ill be late to class. The Evergiven is blocking Main St.,This is quality content,2021-03-30 11:05:48,3
post,@the selfish people who plan to party...,@the selfish people who plan to party...,2020-08-20 19:47:23,142
comment,@the selfish people who plan to party...,I know this is super serious but this had me laughing with how hard he went 😂😂😂,2020-08-20 20:14:46,44
comment,@the selfish people who plan to party...,"Anybody know who these dudes are? I mean, how classic is this video?!? You kidding me? The school needs to hire these guys to make PSA's. You have bright future fellows, keep it up! Can't decide who is funnier...Chucky Fucking Cheese or his hype man Roland Bautista... Don't mess with a brotha wearing a Metallica shirt and a spiked wrist band.",2020-08-21 10:16:31,13
comment,@the selfish people who plan to party...,I wish they could cruise around student apartments and expell anyone partying.,2020-08-20 21:42:02,14
comment,@the selfish people who plan to party...,The biggest benefit for me is that I actually learn in person and not online,2020-08-20 22:52:51,25
comment,@the selfish people who plan to party...,"I agree that the social aspect is a huge part of college, but at the end of the day students pay thousands of dollars to go here for quality, in-person instruction. Drinking culture at JMU doesn’t have to go away either. Have a dinner party and get wasted. Go on a hike with a couple friends and shotgun beers at the top. Have a few friends over and play drinking games. Fun can still be had, people are just going to have to adjust. The only type of drinking culture being taken away is massive parties and overcrowded bars. I’m not saying I don’t like these things, but being with friends does not have to happen in the basement of a frat. To be clear, in normal circumstances I don’t care how people spend their time. The main pro for in-person classes is in-person classes. Online classes suck. My girlfriend is in a graduate program here heavy on lab work and moving online will completely water down the very expensive and time intensive program she worked hard to get into. This is a reality for many students. I do agree with you that we will likely close regardless of partying or not. But if there are huge parties and those people continue to interact in the community, when students get sent home, the local Harrisonburg community will have massive spikes in cases. It is not fair for students to use their college town as a playground to do whatever they want. The main people at risk in our area will be locals of Harrisonburg. If someone goes to a 200 person party and goes to the grocery store, they are now putting responsible individuals at risk, regardless of whether JMU closes or not",2020-08-21 10:01:36,6
comment,@the selfish people who plan to party...,"Appreciate the counter argument, and glad we're in a space where you can make it. I would like to counter, though—think of the expense of college (don't even weigh it vs. the return). Just the sheer macro expense of it. Is the benefit to be at school for most students really the social scene? If that's true, is it worth paying many thousands of dollars to have a social scene? If it were, would you be satisfied? Do you have a social scene outside of school? And if not, is it worth paying thousands of dollars to have one at school? Honest questions. I posit here that the point of being in school is not the social scene. It's a really great benefit to be able to connect with peers and learn tangentially and by osmosis from being around fellow students. But I very much disagree that the benefit to be school for most students is the social scene. And for that reason, I don't think a bunch of students trying to get their 'last hurrah' in before the school is inevitably shipped to online only is a worthy reason. You said you're against partying. That's cool, and me too in this case. I just want to respectfully challenge the view that college is about the social scene. That's a luxury that folks don't generally understand they have. The primary reason one is at a university is to learn. And if it's not, what's stopping that person from spending an exponentially smaller amount of money, if any, to have a social scene.",2020-08-21 00:57:28,9
comment,@the selfish people who plan to party...,"Personally, online learning is kinda trash. Ofc online learning may be way better this semester because they actually had time to create a good plan. Anyways, I totally get that students want to socialize with people but why jeopardize the entire student body just to go to a massive party/parties. I’d rather continue doing small laidback gatherings than going to parties. But to be fair I do like smaller gathering anyways so maybe I’m a bit biased there. I would just hate to have COVID potentially spread to high risk people at a higher rate because students are going back to school. It’s a horrible and unprecedented situation and I just want everyone to be safe (and have some fun ofc)",2020-08-20 23:28:01,5
post,Left Aid house,Left Aid house,2020-03-14 15:31:25,147
comment,Left Aid house,JMU on the front page again,2020-03-14 19:43:10,13
comment,Left Aid house,So glad the sign is back. It was gone when I left,2020-03-14 20:39:21,8
comment,Left Aid house,I picked up a couple of alumni last year that lived there when it was rooms for rent. The women said it was great to go back. The guys let them take a self guided tour. They said yep it's a frat house now. Not going back in lol,2020-03-15 08:58:44,8
comment,Left Aid house,Left Aid has been around since I was a student. They took down the sign for a while but I'm glad it's back!,2020-03-14 18:18:26,11
comment,Left Aid house,I love that house,2020-03-14 18:47:55,4
comment,Left Aid house,Cool house - great name-nice people,2020-03-15 00:44:44,2
comment,Left Aid house,It took you that long to see?,2020-03-14 17:52:21,3
post,Petition to ask Alger to fight the angry Bible man,Petition to ask Alger to fight the angry Bible man Alger has smokin muscles and it’s time we put them to good use,2019-10-14 15:52:58,142
comment,Petition to ask Alger to fight the angry Bible man,That guy is still there?! Lol are lesbians and gay men still walking in front of him and making out? I hope so 🤣🤣🤣👌,2019-10-14 20:01:21,24
comment,Petition to ask Alger to fight the angry Bible man,"Angry Bible man uses the Wrath of God, It is not very effective...",2019-10-14 15:55:54,42
comment,Petition to ask Alger to fight the angry Bible man,"Jfc someone yell Matthew 6:5 at him for me? “When you pray, don’t be like the hypocrites who love to pray publicly on street corners and in the synagogues where everyone can see them. I tell you the truth, that is all the reward they will ever get.”",2019-10-15 08:40:01,10
comment,Petition to ask Alger to fight the angry Bible man,Our lord and savior Alger will set us free.,2019-10-14 17:33:29,15
comment,Petition to ask Alger to fight the angry Bible man,You’re a masturbator!! - Brother Micha,2019-10-14 19:43:55,7
comment,Petition to ask Alger to fight the angry Bible man,Link ??????????????????????????????????????????????????????????????????????????????????????????????????????????????????????????????????????????????????????????????????????????????????????????????,2019-10-14 19:19:24,3
comment,Petition to ask Alger to fight the angry Bible man,Yep happened today haha,2019-10-14 20:18:29,14
comment,Petition to ask Alger to fight the angry Bible man,Alger has the power of God and anime on his side though,2019-10-14 15:57:04,33
comment,Petition to ask Alger to fight the angry Bible man,Epic! Hahaha thanks for letting me know that's still going on!,2019-10-14 20:24:48,8
post,"Hey guys, quick psa, I have started to see these on campus. if you do see them take them down they are advertising an actual hate group and should not be on campus","Hey guys, quick psa, I have started to see these on campus. if you do see them take them down they are advertising an actual hate group and should not be on campus",2022-02-23 11:37:25,144
comment,"Hey guys, quick psa, I have started to see these on campus. if you do see them take them down they are advertising an actual hate group and should not be on campus",Thanks. We love to see advertisements for white nationalist groups on campus. /s The nerve of some people…,2022-02-23 11:56:34,63
comment,"Hey guys, quick psa, I have started to see these on campus. if you do see them take them down they are advertising an actual hate group and should not be on campus","Yeah I just read their manifesto, I feel like I’m on a list now.",2022-02-23 13:58:01,24
comment,"Hey guys, quick psa, I have started to see these on campus. if you do see them take them down they are advertising an actual hate group and should not be on campus",Thanks for doing your part,2022-02-23 11:52:19,25
comment,"Hey guys, quick psa, I have started to see these on campus. if you do see them take them down they are advertising an actual hate group and should not be on campus","Anything with ""patriot"" in the name like that should be a giant red flag.",2022-02-24 03:40:40,7
comment,"Hey guys, quick psa, I have started to see these on campus. if you do see them take them down they are advertising an actual hate group and should not be on campus",First I've heard of them...what do they do that is hateful?,2022-02-23 22:04:15,7
comment,"Hey guys, quick psa, I have started to see these on campus. if you do see them take them down they are advertising an actual hate group and should not be on campus","between them and the 3%ers in the county, there's a bunch of these groups in the area. always gotta keep an eye out for their bullshit.",2022-02-23 16:55:45,9
comment,"Hey guys, quick psa, I have started to see these on campus. if you do see them take them down they are advertising an actual hate group and should not be on campus",Patriot front is the same group that rented a bunch of Penske trucks in Pennsylvania and led a march carrying white nationalist symbols,2022-02-23 19:00:16,7
comment,"Hey guys, quick psa, I have started to see these on campus. if you do see them take them down they are advertising an actual hate group and should not be on campus",There was a hate group called red ice or something in hburg. I think they disbanded but I’m hoping this isn’t some fuck ass fascist group trying to rebuild it. Thanks for sharing.,2022-02-23 18:34:49,8
comment,"Hey guys, quick psa, I have started to see these on campus. if you do see them take them down they are advertising an actual hate group and should not be on campus",Nf scum get the fuck out of our town,2022-02-24 08:13:21,2
comment,"Hey guys, quick psa, I have started to see these on campus. if you do see them take them down they are advertising an actual hate group and should not be on campus",And here I was thinking they were just opposing Vladimir Putin like everyone else,2022-02-27 17:07:37,1
comment,"Hey guys, quick psa, I have started to see these on campus. if you do see them take them down they are advertising an actual hate group and should not be on campus",I’ve covered one around Harrison and picked off another. Would love to know the extent and times of these so please continue to post where you find,2022-02-28 12:04:39,1
comment,"Hey guys, quick psa, I have started to see these on campus. if you do see them take them down they are advertising an actual hate group and should not be on campus",are you really living if you're not on at least a couple of lists?,2022-02-23 14:32:58,17
comment,"Hey guys, quick psa, I have started to see these on campus. if you do see them take them down they are advertising an actual hate group and should not be on campus","Yea, it's full of really awful stuff",2022-02-23 23:10:00,2
comment,"Hey guys, quick psa, I have started to see these on campus. if you do see them take them down they are advertising an actual hate group and should not be on campus",Saddly took down the ones I saw.,2022-02-23 19:04:02,9
comment,"Hey guys, quick psa, I have started to see these on campus. if you do see them take them down they are advertising an actual hate group and should not be on campus",Or wear kevlar gloves and use a scraper to remove it. If you do get cut by them seek medical attention. Sometimes they put other shit on the blades. This is sadly very common for far right and fascist groups.,2022-02-24 08:11:46,6
comment,"Hey guys, quick psa, I have started to see these on campus. if you do see them take them down they are advertising an actual hate group and should not be on campus","They are a white nationalist hate group. More details about them can be found at the [Southern Poverty Law Center website](https://www.splcenter.org/fighting-hate/extremist-files/group/patriot-front). The group split off from a different neo-Nazi organization after the ""Unite the Right"" rally in Charlottesville in 2017. They were most famously [run out of Philadelphia](https://www.nbcnews.com/think/opinion/philadelphia-bystanders-ran-patriot-front-out-town-it-won-t-ncna1273283) by locals.",2022-02-23 22:57:25,8
comment,"Hey guys, quick psa, I have started to see these on campus. if you do see them take them down they are advertising an actual hate group and should not be on campus",https://en.m.wikipedia.org/wiki/Fasces,2022-02-23 12:37:29,17
comment,"Hey guys, quick psa, I have started to see these on campus. if you do see them take them down they are advertising an actual hate group and should not be on campus",How about the 4%ers a 3%er that's also a 1%er now there is a real badass but you might just want to gather up a posse first.,2022-03-23 04:21:35,1
comment,"Hey guys, quick psa, I have started to see these on campus. if you do see them take them down they are advertising an actual hate group and should not be on campus",This is where i would insert a copypasta about being a sexual predator purely just as a shitpost,2022-02-23 14:34:15,6
comment,"Hey guys, quick psa, I have started to see these on campus. if you do see them take them down they are advertising an actual hate group and should not be on campus",i kept my previous passport in the same safe as a few samples of Trinitite. I was always worried i'd set off some sniffer/geiger counter when going in for government IDs,2022-02-23 14:42:06,5
comment,"Hey guys, quick psa, I have started to see these on campus. if you do see them take them down they are advertising an actual hate group and should not be on campus","The crossing poles between Gifford and the music center, there were 2 I saw.",2022-02-23 19:37:38,10
comment,"Hey guys, quick psa, I have started to see these on campus. if you do see them take them down they are advertising an actual hate group and should not be on campus",it's super stylized. they can't pretend to not be a fascist organization if they have it unstylized since that was also the flag of the Italian fascists under Mussolini in WWII.,2022-02-23 19:42:25,5
post,Roll Dukes ✊😔,Roll Dukes ✊😔,2020-08-27 23:07:24,148
comment,Roll Dukes ✊😔,"""This is fine.""",2020-08-28 08:50:20,13
comment,Roll Dukes ✊😔,Alger chillin with his 500k+ salary putting thousands of young adults in debt yearly,2020-08-28 00:53:42,28
comment,Roll Dukes ✊😔,What does Alger have to do with “putting people in to debt”?,2020-08-28 08:49:14,-5
post,“Can we get a lowered tuition rate if there is no season?” JMU: “Well yes but really no”,“Can we get a lowered tuition rate if there is no season?” JMU: “Well yes but really no”,2020-08-12 10:12:56,146
comment,“Can we get a lowered tuition rate if there is no season?” JMU: “Well yes but really no”,I should’ve studied at a community college smh🤡,2020-08-12 10:40:14,26
comment,“Can we get a lowered tuition rate if there is no season?” JMU: “Well yes but really no”,"If anybody needs to do so, Blue Ridge Community College in Weyers Cave, VA (just 15 minutes from Harrisonburg) is fantastic. I returned to college as an older student and had to do some course work there before going to JMU. It’s cheaper, the faculty is great, and the campus is super nice. I highly recommend it",2020-08-12 15:39:42,7
comment,“Can we get a lowered tuition rate if there is no season?” JMU: “Well yes but really no”,"For me and a bunch of other upperclassmen, CC isn’t an option. The only classes we have left are the core ones in our major. And taking a semester off isn’t an option either since for my major, entry to the Spring Classes are contingent on passing the Fall ones :(",2020-08-12 10:44:41,29
comment,“Can we get a lowered tuition rate if there is no season?” JMU: “Well yes but really no”,"The student athletic scholarships are from a separate fund. Most of the athletic fee goes to expenses for transporting the teams, paying athletic staff, and debt service on some facilities. They could get rid of the entire program and keep the scholarships.",2020-08-12 16:20:53,1
comment,“Can we get a lowered tuition rate if there is no season?” JMU: “Well yes but really no”,"In addition, some of us don’t have the money to have our student loans go into repayment",2020-08-12 13:11:13,7
comment,“Can we get a lowered tuition rate if there is no season?” JMU: “Well yes but really no”,"In which case, you take an entire year off instead of just a semester.",2020-08-12 10:52:45,2
comment,“Can we get a lowered tuition rate if there is no season?” JMU: “Well yes but really no”,"> Once you graduate, drop below half-time enrollment, or leave school, your federal student loan goes into repayment. However, if you have a Direct Subsidized, Direct Unsubsidized, or Federal Family Education Loan, you have a six-month grace period before you are required to start making regular payments. You’ll have a nine-month grace period if you’ve got a Perkins Loan. (Got a PLUS loan? You’ll go into repayment as soon as the loan is fully disbursed—which means once it’s paid out. But if you’re a graduate and professional student PLUS borrower, you will be placed on an automatic deferment while in school and for six months after graduating, leaving school, or dropping below half-time enrollment.) Per https://studentaid.gov/manage-loans/repayment Additionallyany DoE lstudent loans are not accruing interest and no payments are required until December 31, 2020 per Section 2 of https://www.whitehouse.gov/presidential-actions/memorandum-continued-student-loan-payment-relief-covid-19-pandemic/ Additionally there are deferment and forbearance options that students taking a gap year would likely qualify for in the worst case.",2020-08-12 13:26:06,4
comment,“Can we get a lowered tuition rate if there is no season?” JMU: “Well yes but really no”,This pandemic doesn’t have an end date. It might be over in January 2021 or January 2023. Taking semesters off means I’m just pushing back my eventual graduation day.,2020-08-12 11:27:36,10
comment,“Can we get a lowered tuition rate if there is no season?” JMU: “Well yes but really no”,I stand corrected. So about $9.3M of the $52.7M budget (17.6%) is athletic scholarships. That is still a lot of money wasted in this budget... Link: [https://www.jmu.edu/financeoffice/accounting-reporting/financial-reporting/annual-financial-statements.shtml](https://www.jmu.edu/financeoffice/accounting-reporting/financial-reporting/annual-financial-statements.shtml),2020-08-13 09:03:42,1
comment,“Can we get a lowered tuition rate if there is no season?” JMU: “Well yes but really no”,> Taking semesters off means I’m just pushing back my eventual graduation day. That would be correct. It's a decision that you would have to make.,2020-08-12 11:30:23,7
post,I Made Sure to be Repping in Animal Crossing,I Made Sure to be Repping in Animal Crossing,2020-03-25 20:23:22,137
comment,I Made Sure to be Repping in Animal Crossing,Can you share the code for this?,2020-03-25 22:54:43,12
comment,I Made Sure to be Repping in Animal Crossing,Lmao same homie &#x200B; [https://imgur.com/a/Vxtip4W](https://imgur.com/a/Vxtip4W.png),2020-03-26 08:30:11,4
comment,I Made Sure to be Repping in Animal Crossing,nice! the most I've done is make my roof purple,2020-03-26 10:06:37,1
comment,I Made Sure to be Repping in Animal Crossing,"Haven't gotten the kiosk yet to upload designs, also I've been avoiding time traveling :/",2020-03-25 23:03:54,10
comment,I Made Sure to be Repping in Animal Crossing,"That hat is so cute! could you share the code for it, or maybe a screenshot of the pixel design?",2020-03-26 12:46:55,2
comment,I Made Sure to be Repping in Animal Crossing,"Any chance you could take a photo of the design? For those who grew up building Legos, replicating a pattern pixel by pixel scratches that itch big time!",2020-03-25 23:26:47,9
comment,I Made Sure to be Repping in Animal Crossing,"Sho thang! So sadly I don't have the QR Kiosk yet, so I'll give you this little album [https://imgur.com/a/LlPaRLT](https://imgur.com/a/LlPaRLT) Basically what I did was take the Stripped Cap and then palette swapped it, then made the JMU letting you see there, same for the sweater. I took the fluffy sweater and just palette swapped it to the muted purple and gold. I was extremely lazy because graphic design is NOT my passion # (◡ ‿ ◡ ✿)",2020-03-26 13:18:44,3
comment,I Made Sure to be Repping in Animal Crossing,https://i.imgur.com/iEeqdYK.jpg,2020-03-25 23:36:25,10
comment,I Made Sure to be Repping in Animal Crossing,Thanks a lot :),2020-03-26 00:03:05,3
post,Does someone know the context to this pic?,Does someone know the context to this pic?,2022-10-02 14:33:11,139
comment,Does someone know the context to this pic?,"Looks like an old pic, my guess would be the 2007 game against Coastal Carolina when the mascots fought and Duke Dog got arrested. I was in the student section for that one, it was awesome.",2022-10-02 14:43:58,115
comment,Does someone know the context to this pic?,"I have a grainy photo of Duke Dog giving the finger from this game, and it’s one of my most prized possessions.",2022-10-02 22:54:30,29
comment,Does someone know the context to this pic?,The fact that OP doesn't know makes me feel ancient,2022-10-02 21:12:02,16
comment,Does someone know the context to this pic?,free my boy,2022-10-02 17:13:15,13
comment,Does someone know the context to this pic?,Yep. I was there.,2022-10-02 23:14:14,1
comment,Does someone know the context to this pic?,Wow I actually know the background to this story. You’re exactly right. I worked with this Duke dog for a while and we considered [this](https://youtu.be/LQY3xH6FNNY) legendary. Bought him a beer first time I saw the video. Go dukes,2022-10-02 16:02:33,44
comment,Does someone know the context to this pic?,That was the second Duke Dog to be kicked out of that game.,2022-10-02 22:58:59,13
comment,Does someone know the context to this pic?,"Yes! That brings back some memories. When the chicken ran up on Duke Dog whose back was turned, the whole student section went nuts. Later in the game, Duke Dog made a brief reappearance near the Athletic Center and flipped off the visitor section before the cops escorted him away again. I was a recent transfer and that was the day I found my school spirit.",2022-10-02 16:51:45,24
comment,Does someone know the context to this pic?,Then another guy who was the mascot came to the game later and just flipped off the CC fan section and was immediately removed too. Good times.,2022-10-02 22:58:27,10
post,We have officially been ranked!,We have officially been ranked!,2022-10-09 13:51:26,139
comment,We have officially been ranked!,Lets go! That's actually huge for our program! The guys have been killing it,2022-10-09 13:54:10,45
comment,We have officially been ranked!,We want Bama,2022-10-09 14:26:28,17
comment,We have officially been ranked!,"Congratulations to the team, coaches and staff and the entire student body. Enjoy it today and forget about it tomorrow. Tomorrow is work day, work hard and keep proving those naysayers wrong. You deserve to be in the FBS. Let’s go Dukes!",2022-10-09 18:44:38,8
comment,We have officially been ranked!,"Old alum who doesn't really pay attention to sports here! I watched the game last night and enjoyed watching us drub Arkansas State. The announcers would mention our team's bios, and a lot of them already had undergrad degrees, or ""played 5 seasons at blah blah blah"" state. I always understood the eligibility limits to be 4 years - 5 if a player is a redshirt freshman. Are we exploiting some weird eligibility loophole going from FCS to FBS and whipping other schools' asses because we're fielding 24 year-olds vs 18 and 19 year-olds?",2022-10-09 20:46:56,8
comment,We have officially been ranked!,Roll damn Dukes,2022-10-09 14:55:57,6
comment,We have officially been ranked!,We are certainly in the spotlight now! So proud of the guys on that team competing the way they have been.,2022-10-09 14:22:25,14
comment,We have officially been ranked!,I'll settle for Saban.,2022-10-10 12:44:03,1
comment,We have officially been ranked!,"nah, transfer rules changed (no longer need to sit a year when you transfer), red-shirt rules changed (can play in 4 games and still redshirt the year, helps if a player is injured or young), and everyone was granted an extra year of eligibility because of COVID in 2020. Plus you're allowed to graduate transfer (go to grad school somewhere else) for a 5th year of eligibility if you want. 5 years + the covid year = 6-year seniors.",2022-10-09 21:12:25,10
comment,We have officially been ranked!,Awesome. Thanks for the explanation. Go Dukes!,2022-10-09 22:06:53,4
post,"JMU upsets UVA, 52-49","JMU upsets UVA, 52-49",2021-12-07 21:13:01,138
comment,"JMU upsets UVA, 52-49",DON’T YOU REGRET NOT COMING TO THE DUUUUKES,2021-12-07 21:18:29,29
comment,"JMU upsets UVA, 52-49",I am old enough to remember when we beat Virginia Tech. The next era of an ongoing legacy of domination.,2021-12-07 22:55:38,28
comment,"JMU upsets UVA, 52-49","""The zone"" prevails. Makes this old Duke smirk with satisfaction.",2021-12-08 06:47:47,5
comment,"JMU upsets UVA, 52-49",How was the atmosphere? I hear it was wild!,2021-12-08 14:12:32,3
comment,"JMU upsets UVA, 52-49",I was at the game last night. Most incredible atmosphere I’ve witnessed at any sporting event I’ve attended at JMU. The crowd was electric. Especially the students who came out in droves to support the boys. Great way to end a semester,2021-12-08 17:08:35,3
comment,"JMU upsets UVA, 52-49","Is it an upset to beat an unranked, 6-4 team?",2021-12-08 08:54:46,-8
comment,"JMU upsets UVA, 52-49",The Dukes are ^here baby!,2021-12-08 11:25:08,3
comment,"JMU upsets UVA, 52-49",Lol that was 11 years ago.,2021-12-07 23:07:32,14
comment,"JMU upsets UVA, 52-49",It is when it’s a school known for excellence in basketball like UVA,2021-12-08 12:16:18,14
comment,"JMU upsets UVA, 52-49",As ancient as the sea…,2021-12-07 23:08:45,14
comment,"JMU upsets UVA, 52-49","Yeah I was thinking, that happened when I was a student...I'm not *that* old yet!",2021-12-08 09:14:42,2
comment,"JMU upsets UVA, 52-49","If it makes you feel any better, my *current* organic chem professor is so old that she started teaching at JMU back in 1974… when it was still Madison College To put that into prospective, former JMU VP Mark Warner, who is as ancient as a Phosphorus atom, started undergrad at JMU in ≈1976(ish)",2021-12-08 00:58:45,6
post,JMU Men’s Basketball Sun Belt Conference Champions!,JMU Men’s Basketball Sun Belt Conference Champions! The Dukes are going to the tournament!!!,2024-03-11 20:56:39,139
comment,JMU Men’s Basketball Sun Belt Conference Champions!,"Remember watching them win the CAA championship 11 years ago and excitedly watched them rout Arkansas State tonight, on ESPN no less! Definitely the best JMU men's basketball team I've seen -- they've got the skills and the swagger, and I can't wait to see them go dancing next week.",2024-03-11 21:19:32,14
comment,JMU Men’s Basketball Sun Belt Conference Champions!,First time going to the tournament since 2013,2024-03-11 20:57:45,7
comment,JMU Men’s Basketball Sun Belt Conference Champions!,DANCING DUKES,2024-03-12 00:28:19,6
comment,JMU Men’s Basketball Sun Belt Conference Champions!,Remember watching them win the CAA championship 11 years ago and excitedly watched them rout Arkansas State today! This is definitely the best men's basketball team I've watched and I'm excited they're going to go dancing. Go Dukes!,2024-03-11 21:17:08,3
comment,JMU Men’s Basketball Sun Belt Conference Champions!,"Congratulations to the Dukes. They played a terrific game yesterday. Glad to see them and Longwood in the NCAA tournament. My Hokies will probably be staying home unless we win the ACC tournament which is a 0.000001 chance. I'm happy as long as UVA doesn't win the ACC tournament and they get destroyed the NCAA tournament. I'll be rooting for the Dukes in the tournament. Sorry Wahoos, NOT!!!",2024-03-12 11:52:56,3
post,We’re screwed,"We’re screwed I’m a senior here and my snap stories are full of people partying already. No masks, large gatherings, plenty of beer pong. Not to mention that I’ve been here all summer and the chances of seeing anyone in a mask in public is at best 50/50. Students and locals aren’t taking it seriously, so in the words of our own school “pack light this year.”",2020-08-13 08:34:11,136
comment,We’re screwed,"There are locals taking it seriously, but you don't see us because we're staying inside. ;-) Seriously, though, the amount of people who are not wearing masks (or wearing them wrong) is definitely concerning. I'm really worried about what will happen when the students come back. It's not that I don't want you all here, but the increase in population is going to really spike our cases. My experience is that it depends on where and when you go places that determine how seriously the staff and clients take COVID. Walmart is a disaster, but if you go to Martin's, Kroger or Target during off peak hours, people are more concerned with social distancing and masks. I know that those places aren't an option for all of you, but just some observations from someone who has been here all summer. I can't speak to how campus is because I haven't been back since all of this started.",2020-08-13 12:09:30,27
comment,We’re screwed,JMU *knows* what’s going to happen and right now they are just trying to push the responsibility onto the students so they can keep as much of their money as possible when things inevitably go to shit,2020-08-13 08:47:24,79
comment,We’re screwed,I love JMU but it's literally one of the biggest party schools in VA. It's inevitable :(,2020-08-13 13:17:48,12
comment,We’re screwed,"It makes me so fucking angry. I'm furious. My blood is boiling. We've been social distancing and staying inside for months \*MONTHS\* of our lives down the fucking drain because JMU wants to be a shining example in Virginia to all the other schools that are already online. Schools such as, I don't know, the HARRISONBURG SCHOOL DISTRICT",2020-08-13 16:15:56,10
comment,We’re screwed,Just saw a group having an outdoor get together yesterday on Devon Lane. Definitely more than ten people and no social distancing.,2020-08-13 09:14:02,28
comment,We’re screwed,"I’m excited to go back but it feels hopeless as fuck too. Like I can be careful and my 10 closest friends can be careful, but what about their friends? And their friends friends? Shit is gonna spread like wildfire and I feel like there’s a 15% chance I DONT get it. Unless, that is, I barricade myself in my tiny apartment room and don’t leave. Piss out the window maybe. And that’s not gonna happen.",2020-08-13 16:48:50,5
comment,We’re screwed,This is terrifying,2020-08-13 09:04:28,17
comment,We’re screwed,"Focus on the reality: less than 1% of infected individuals are hospitalized and are in serious trouble from the virus and the vast majority of those people are 65 and older. That is not a political statement, that is scientific data. We are going to hear a lot of stories about parties and infection spikes. Groups of students are going to be quarantined. Some of your classmates will die. Those are all given. Just remember this as you grow into adults that run this country: America as a whole operates under the assumption that money is more important than the lives of the population. That is capitalism in a nutshell. Change. It.",2020-08-13 10:47:20,-35
comment,We’re screwed,"From someone in NYC, it's like that here too. Even after everything that happened here. I'd say 50% of people don't cover their nose with their mask and some people are still assholes about wearing them inside stores when it's required by law here in the state. Just today I witnessed a guy in his mid-late thirties, call a young college aged Asian man at the store a ""communist motherfucker"" for asking him to put a mask on before he went in.",2020-08-13 17:58:43,3
comment,We’re screwed,"I agree, it’s just really upsetting to think they would bring in a bunch of people from all over the country, only to infect them and send them home to family where they may live with people in high risk groups. My love for this school has disappeared in the past few months.",2020-08-13 08:52:21,44
comment,We’re screwed,"Personally I understand the data and I am not fearing for myself or most of my classmates lives as we return. But as someone who’s father is in a high risk group, once I return to campus I won’t be planning to visit home until well after the semester. I think it’s fair to assume a good amount of JMU students are in the same boat, and while we may not be at risk ourselves I have concern for the families and communities of each student that is coming back to campus. Money can still be made by offering an off-campus option, where students can agree to pay the standard tuition but complete their classes from home. Students who believe it’s in their best interest to do so should be allowed to return to campus. I strongly disagree with JMU’s “all in or nothing” approach. I think making this a bout against cApiTaLisM is a bit of a stretch...",2020-08-13 11:45:08,10
comment,We’re screwed,JMU as an experience and a community is great. JMU as an institution is awful,2020-08-13 08:57:42,37
comment,We’re screwed,">where students can agree to pay the standard tuition but complete their classes from home You feel this is okay, but from the posts I've read here recently, most will not be okay with this. I mean shit, people here were ready to grab their pitchforks and torches because they still had to pay the athletics fee. At this point you have to look at it from JMU's perspective in that no decision is going to be acceptable to everyone so they're doing what they think will please the most people while also having the smallest impact to the institution as a whole.",2020-08-13 18:03:31,2
comment,We’re screwed,"But yet, its the community (people) who are going to parties/not wearing a mask, and ironically its JMU the institution that is asking people to behave in a manner of their own self interest and the community's self interest. Just maybe the JMU institution is great, and the current experience and community is awful.",2020-08-13 09:21:25,27
comment,We’re screwed,"Obviously it won’t please everyone, but at least OFFERING the option would be appreciated. Right now if I want to go fully online I have to rig my schedule and change a bunch of classes, which is not an option for me as I only have major required credits left.",2020-08-13 18:18:37,1
comment,We’re screwed,I agree 100%. They touted critical thinking so hard when I went there. It's a shame it doesn't matter when their wallet is hurting.,2020-08-13 09:56:44,11
comment,We’re screwed,"That is so true! This whole Ethical Reasoning goes right out the door with the actions that are being taken place by my alma mater. It throws FORCLEAR, the acronym right out the door.",2020-08-13 14:42:55,7
comment,We’re screwed,"I still have the card in my wallet! Someone ought to start posting it on social media and asking the administration if they used those eight questions. Otherwise, that whole event during FROG week would have been a sham, and that's surely not the case, right?",2020-08-13 14:47:43,4
comment,JMU 1-0!!!,Go Dukes!!!,2024-08-31 23:38:34,6
comment,JMU 1-0!!!,"Looked rough in the first quarter, and smallish in size, on Offense. Other than that, a solid win this week.",2024-09-01 13:20:39,2
comment,JMU 1-0!!!,"I enjoy watching Sun Belt play as it reminds me of all the teams we played in the 80's. Ga Southern, App. state and Marshall really reminds me of the old rivalries and great times. Troy gave us a fit in the playoffs for a few seasons, but .. good times overall.",2024-09-01 13:23:47,1
post,Number 1 school for cases in VA. Roll dukes 😝,Number 1 school for cases in VA. Roll dukes 😝,2020-08-31 01:03:17,136
comment,Number 1 school for cases in VA. Roll dukes 😝,"If I remember correctly, too, some schools are ""cooking"" the data by reporting the home zip code as the case. So students who are off-campus living in 22802, but whose ""official"" home address is somewhere in Jersey, that individual case will appear in the Jersey records rather than Harrisonburg's/JMU's. Not sure if that is happening here, but that's the example I have heard from other colleges.",2020-08-31 09:27:01,8
comment,Number 1 school for cases in VA. Roll dukes 😝,Off Campus students at VT can get tested on the Health Center.,2020-08-31 12:31:20,2
comment,Number 1 school for cases in VA. Roll dukes 😝,"Positive tests are apparently reported at the billing address, generally the address on the insurance card. A JMU administrator says the cases will eventually be reported at the location of the ill person.",2020-08-31 09:29:59,9
post,"Eagle field last night. No social Distancing, Approximately 1 mask.","Eagle field last night. No social Distancing, Approximately 1 mask.",2020-08-24 08:37:57,133
comment,"Eagle field last night. No social Distancing, Approximately 1 mask.",Does Harrisonburg’s 50 person limit not apply here???,2020-08-24 09:35:34,46
comment,"Eagle field last night. No social Distancing, Approximately 1 mask.","I played in this league this summer and they put rules in place but they were pretty much ignored once the season started. For the most part, fans were good about sitting with small groups and such, but most games are played at less confined stadiums where social distancing is possible. No chance of that happening now with students back. JMU should have put an attendance limit on this game. Their facility, their responsibility",2020-08-24 11:15:59,17
comment,"Eagle field last night. No social Distancing, Approximately 1 mask.",Source: https://twitter.com/JMUSportsNews/status/1297857577255079937,2020-08-24 08:40:56,15
comment,"Eagle field last night. No social Distancing, Approximately 1 mask.",are these people completely oblivious as to what's happening in the world i- ...JFC.,2020-08-24 10:59:12,17
comment,"Eagle field last night. No social Distancing, Approximately 1 mask.","The team responded. Just... wow. https://twitter.com/BroadwayBruins/status/1297900725255766016 I don't know how JMU can defend this. EDIT: The team's general manager has called those expressing concern [""fruit loops.""](https://twitter.com/BryanDuff3/status/1297914494241386498) **The team has more games scheduled at Eagle Field Wednesday and Saturday. If you're concerned about this, please email Dr. Miller and Jeff Bourne (Director of Athletics) and ask if the university will continue to support the Bruins using JMU property without enforcing masks or social distancing.** millertm@jmu.edu cainml@jmu.edu",2020-08-24 10:36:31,33
comment,"Eagle field last night. No social Distancing, Approximately 1 mask.",I was almost hoping to see zero masks cause then there’s the chance that this is an old picture but then I saw the one and I’m just speechless...,2020-08-24 10:03:43,23
comment,"Eagle field last night. No social Distancing, Approximately 1 mask.",Well they've deleted a lot of their tweets.,2020-08-24 19:32:40,7
comment,"Eagle field last night. No social Distancing, Approximately 1 mask.","I hope someone took screen shots of these tweets so that when they eventually backtrack and try to delete them, there are receipts.",2020-08-24 20:49:12,6
comment,"Eagle field last night. No social Distancing, Approximately 1 mask.",The sad thing is the locals will blame the students when there is a spike but the students are the ones wearing the masks. Welcome to Trump territory!,2020-08-24 20:42:07,6
comment,"Eagle field last night. No social Distancing, Approximately 1 mask.",I thought all fall athletics were cancelled?,2020-08-24 14:29:21,4
comment,"Eagle field last night. No social Distancing, Approximately 1 mask.","Post this shit on WHSV’s Facebook Page, they would love it...",2020-08-25 09:30:16,3
comment,"Eagle field last night. No social Distancing, Approximately 1 mask.","$$$ When JMU sports (and JMU as an institution in general) is a huge chunk of income for the city, you can bet they’ll look the other way",2020-08-24 09:38:43,31
comment,"Eagle field last night. No social Distancing, Approximately 1 mask.","Well this isn’t an indoor event so, no.",2020-08-24 12:11:33,5
comment,"Eagle field last night. No social Distancing, Approximately 1 mask.","All gatherings on university property are exempt from the city of Harrisonburg's 50 person limit. JMU still has its own restriction of 10 people, however.",2020-08-24 16:58:51,5
comment,"Eagle field last night. No social Distancing, Approximately 1 mask.",Don't forget making fun of a new freshman for trying to follow the safety guidelines.,2020-08-24 13:53:57,15
comment,"Eagle field last night. No social Distancing, Approximately 1 mask.",What makes you think I'm trolling? I am serious about my stance on these matters.,2020-08-24 20:13:33,-9
comment,"Eagle field last night. No social Distancing, Approximately 1 mask.",Post it online to WHSV’s Facebook Page,2020-08-25 09:32:28,2
comment,"Eagle field last night. No social Distancing, Approximately 1 mask.","LMAO wow what a response from a social media manager, absolutely incredible",2020-08-24 11:43:31,25
comment,"Eagle field last night. No social Distancing, Approximately 1 mask.",WTF- that’s the worst “damage control” response I’ve ever seen.,2020-08-24 10:42:28,35
comment,"Eagle field last night. No social Distancing, Approximately 1 mask.","I’m writing an email out to Tim Miller right now, as a junior who is active in greek life I’m absolutely disgusted by the actions of these individuals. I’m sacrificing attending reunions with my pledge brothers because I want to do everything in my power to avoid catching & spreading covid so we might, just maybe, be able to stay in person for more than a week. We’re being told by the university that we are supposed to avoid social gatherings and crowds to keep the student body (and community at large) safe, then an organization not affiliated with the university goes ahead and uses our own facilities to flash a massive middle finger to everything we’re attempting to accomplish. Baseball is my favorite sport, under normal circumstances I’d be attending as many games as possible. Now is not the time, and I am disgusted.",2020-08-24 14:05:01,16
comment,"Eagle field last night. No social Distancing, Approximately 1 mask.","Trying to find a mask was like playing where’s waldo, this is just pathetic",2020-08-24 12:23:01,10
comment,"Eagle field last night. No social Distancing, Approximately 1 mask.",https://imgur.com/a/uk7nC2N,2020-08-25 14:41:34,4
comment,"Eagle field last night. No social Distancing, Approximately 1 mask.",JMU sports are. This is a community team that rents the JMU field.,2020-08-24 19:07:05,7
comment,"Eagle field last night. No social Distancing, Approximately 1 mask.","If Northam wasn’t willing to make an exception for NASCAR at the Richmond Speedway, no way in HELL was this legal",2020-08-24 14:52:47,10
comment,"Eagle field last night. No social Distancing, Approximately 1 mask.","Admission to these games is free and the team is paying JMU to use the field regardless of if fans are allowed, so money really isn’t a huge factor. I think the big thing here is the lack of insight by both the league and JMU I’m not considering the fact that students who haven’t seen live sports in 6 months will flock to a free admission game within walking distance",2020-08-24 11:49:39,16
comment,"Eagle field last night. No social Distancing, Approximately 1 mask.",Religious and school events too.,2020-08-24 17:50:12,6
comment,"Eagle field last night. No social Distancing, Approximately 1 mask.","Let's say the team complied with the law. It's still 100% hypocritical for the JMU administration to allow this to happen on their property, while at the same time telling students to wear masks, social distance, and not congregate in groups of more than 10.",2020-08-24 09:07:40,21
comment,"Eagle field last night. No social Distancing, Approximately 1 mask.",He looks like someone who would harass 18 year olds on reddit lmaooooooo,2020-08-24 14:47:55,14
comment,"Eagle field last night. No social Distancing, Approximately 1 mask.",Lol the scorched earth approach. That’s rare.,2020-08-24 11:21:23,17
comment,"Eagle field last night. No social Distancing, Approximately 1 mask.","Jim Sacco, one of their editors, was tweeting about it. Then saw where the Bruins just tweeted [this response](https://twitter.com/BroadwayBruins/status/1298002550667575296?s=20) less than 30 minutes ago. Let's see if they actually follow through...",2020-08-24 17:28:39,4
comment,"Eagle field last night. No social Distancing, Approximately 1 mask.","The city wouldn’t be getting any of the money from admissions anyway. They also don’t care if the team pays to use the field (unless the field is city owned, idk), they just care about all the traffic that comes through the city that needs places to stay and eat. Teams, fans, whatever. Bringing in more people from out of town means more money into the local economy",2020-08-24 14:51:56,5
comment,"Eagle field last night. No social Distancing, Approximately 1 mask.","Think about how many people JMU sporting events bring into the city. Those people need places to stay, places to eat, places to get gas, etc. Sporting events stimulate the local economy in a huge way",2020-08-24 14:43:54,9
comment,"Eagle field last night. No social Distancing, Approximately 1 mask.","And then if certain cavalier students see this, they’ll say “Shit, well JMU doesn’t mind this on their own field - guess we can get away with a 15+ person party” Ugh...wtf, JMU?!",2020-08-24 10:02:03,9
comment,"Eagle field last night. No social Distancing, Approximately 1 mask.","Also looks like someone that would get fucked by Covid. Overweight, shit genes. Good luck pal",2020-08-24 18:17:25,7
comment,"Eagle field last night. No social Distancing, Approximately 1 mask.",He looks like he does worse to younger you mean...,2020-08-25 09:31:52,1
post,Virginia football in a nutshell,Virginia football in a nutshell,2019-12-01 21:02:28,137
comment,Virginia football in a nutshell,Both would totally destroy us,2019-12-01 22:04:47,15
comment,Virginia football in a nutshell,I mean We’re not really on the same level but aight.,2019-12-01 21:50:12,8
comment,Virginia football in a nutshell,Lol I think people are missing the joke here,2019-12-02 07:10:10,5
comment,Virginia football in a nutshell,I just hope we don’t end up like ODU if we join FBS,2019-12-01 22:08:35,2
comment,Virginia football in a nutshell,"I was joking about JMU being an extreamly strong team in their conference, but nobody pays attention because they’re all too distracted by VT and UVA trying to beat each other.",2019-12-01 22:57:56,21
comment,Virginia football in a nutshell,I think we belong more in the American than the ACC,2019-12-01 22:22:55,1
comment,Virginia football in a nutshell,"The joke was about how jmu destroys almost everyone their conference, but most college football fans only pay attention to VT and UVA. ... And we kinda beat Virginia Tech, we already played them and won. And that’s when they had Beamer and we didn’t have our 2016 championship title yet.",2019-12-01 22:06:37,-4
comment,Virginia football in a nutshell,Do you know what happened last time JMU played VT?,2019-12-01 21:53:26,9
comment,Virginia football in a nutshell,"I get we’re in different conferences, the joke was about how jmu destroys almost everyone their conference but nobody notices since most people just care about the VT and UVA rivalry.",2019-12-01 22:00:42,4
comment,Virginia football in a nutshell,"The problem with odu. Nobody wants to play there. It’s the 4th (at best, probably being generous) option in VA for recruits to go to",2019-12-02 01:39:08,8
comment,Virginia football in a nutshell,"In 2010? Yeah, we won. Still keeping with the fact that sadly were not in the FBS so we don’t get to play UVA or VT much if at all.",2019-12-01 21:54:52,15
comment,Virginia football in a nutshell,> and UVa regularly loses to William and Mary... No they don't.,2019-12-02 11:41:36,2
comment,Virginia football in a nutshell,">The problem with odu. Nobody wants to play there. It’s the 4th (at best, probably being generous) option in VA for recruits to go to Is there a remote possibility of JMU joining FBS within the next ten years? I thought that was what the whole stadium expansion was all about.",2019-12-02 03:36:44,2
comment,Virginia football in a nutshell,We got VT back in the schedule for 2025. Time to gobble that turkey one last time.,2019-12-01 22:33:28,8
comment,Virginia football in a nutshell,We lost to West Virginia by like a touchdown this year too. Not to shabby.,2019-12-01 22:01:30,11
comment,Virginia football in a nutshell,Yeah idk anymore. Back when I came in 2010 the plan I thought was 2015 to have the stadium ton and trying to look for a bid. What I assume is happening is after a couple of title runs they think we are getting more recruits being a FCS ‘powerhouse’ rather than a FBS doormat.,2019-12-02 07:18:43,4
comment,Virginia football in a nutshell,"Conferences like the American want schools with sports that excel in more than football. I think recently JMU has shown that it’s not just a football school with the success of women’s lax, softball, women’s b-ball and both soccer teams. I think it’s getting more legitimate. It’s now just a question of where the money for more scholarships will be brought in from.",2019-12-02 09:07:17,3
comment,Virginia football in a nutshell,"Should’ve won that game, too. A horrible missed PI call on a would’ve-been Polk TD in the 3rd quarter and a pick on the last drive. One of Dinuccis 3 or 4 interceptions all year. Also coach’s first game at the helm This team is loaded right now, we play that game again right now. JMU wins by at least 10 and that’s not an exaggeration.",2019-12-02 01:38:06,7
comment,Virginia football in a nutshell,"Ah. It's starting to make sense to me now, and puts into perspective why we're building the new Convo Center (which seats 8,500 -- more than the current \~7,000 seat capacity).",2019-12-02 09:36:06,2
comment,Virginia football in a nutshell,"More importantly, at face value, new Convo won't look like exactly what current Convo literally is: a hole in the ground where you play basketball. If anyone's ever been over the mountain to John Paul Jones Arena at UVA, I'm told there's supposed to be a lot of similarities between the two.",2019-12-02 13:41:41,4
post,The spontaneous protests have returned!,The spontaneous protests have returned! They'll complain about anything these days,2025-02-03 14:06:52,132
comment,The spontaneous protests have returned!,They just want you to assault and/or batter them and are simply baiting lawsuits. Just ignore them and be on with your day. They’ll move on soon enough.,2025-02-03 14:19:47,96
comment,The spontaneous protests have returned!,“Women belong in the kitchen” Ma’am… this is the JMU Quad so why are you here??,2025-02-03 14:11:17,164
comment,The spontaneous protests have returned!,It’s crazy these people don’t have anything better to do at noon on a Monday.,2025-02-03 14:14:41,60
comment,The spontaneous protests have returned!,"""gamers are murderers""? is this the most polarizing thing they could think of??",2025-02-03 14:40:25,57
comment,The spontaneous protests have returned!,"The craziest part is that their list of people going to hell includes ""good people."" What?? Jesus wants me to be a bad person?",2025-02-03 14:19:22,36
comment,The spontaneous protests have returned!,https://preview.redd.it/ouwd1058azge1.jpeg?width=680&format=pjpg&auto=webp&s=e3577ec1c4fc7544815e9ebf24e29879c7689705,2025-02-03 14:47:21,45
comment,The spontaneous protests have returned!,I graduated in 2008 and remember these exact same types of people popping up all the time. It’s kind of sad,2025-02-03 14:50:16,19
comment,The spontaneous protests have returned!,GAMERS ARE MURDERERS,2025-02-03 17:42:30,17
comment,The spontaneous protests have returned!,"When I was at JMU one of those bastards sued a student because they slipped a wrapped condom in his pocket while he was spewing hate on a megaphone. I heard the student counter sued him for something and have no idea what came of the case, but the best course of action with these scrubs is to ignore them.",2025-02-03 18:16:44,11
comment,The spontaneous protests have returned!,Why are they allowed on campus? Obviously trying to intimidate and agitate students.,2025-02-03 15:09:59,10
comment,The spontaneous protests have returned!,"What, uh, what are they protesting for/against? Their signs seem to have conflicting messages.",2025-02-03 14:12:04,6
comment,The spontaneous protests have returned!,"What a bunch of clowns on the quad. Need some folks to go up there and have "" fuck Trump"" written on their ass cheeks and dropped trou.",2025-02-03 16:01:43,6
comment,The spontaneous protests have returned!,"Mom of 3 dukes here. Don't they have anything better to do? Honestly, wtf",2025-02-03 16:07:43,7
comment,The spontaneous protests have returned!,Great counter-protest sign - MOM: “WE HAVE WESTBORO BAPTIST AT HOME”,2025-02-03 18:05:20,6
comment,The spontaneous protests have returned!,Bro I’m a conservative Christian and this is absolutely too wild 💀 gamers are murderers? Tomboys? Women belong in the kitchen? Ma’am why you here then and not in the kitchen,2025-02-04 09:29:12,4
comment,The spontaneous protests have returned!,"These people, or their spiritual brethren, also attend the Pride Festival every year. Anyone with the training and the time should engage them in a detailed theological discussion. It may make you feel like a bully, like discussing a bearnaise reduction with a fry cook, but they're funny as hell to watch. One guy thought Aquinas was something you took for malaria.",2025-02-03 23:35:11,2
comment,The spontaneous protests have returned!,More bogus nonsense. I avoided the area in front of D Hall for this very reason. Too many people every month shouting obscenities to passing students about abortion.,2025-02-04 06:52:49,2
comment,The spontaneous protests have returned!,"Do yall not realize if you just move on with your day and ignore these people they will not come back to JMU… They’re here to bait for a lawsuit, if they know they’re getting zero attention while on campus they won’t come back.",2025-02-04 10:12:07,2
comment,The spontaneous protests have returned!,"I got recommended this sub on my front page, former University of Arkansas student here. I recognize the bearded guy on the right. He came to my campus to do this shit as well with the same kinda signs around 2021 or 2022. The gamers are murderers one is new, though.",2025-02-08 11:37:24,2
comment,The spontaneous protests have returned!,I need to know more about these people I’m so confused why they do it,2025-02-03 17:55:32,1
comment,The spontaneous protests have returned!,"...does that sign say 'gamers are murderers'?.... Not my only focus, but damn .",2025-02-03 23:28:42,1
comment,The spontaneous protests have returned!,What is that woman doing outside holding a sign?,2025-02-04 08:48:48,1
comment,The spontaneous protests have returned!,Is that an anti Melania sign?,2025-02-04 09:37:59,1
comment,The spontaneous protests have returned!,“Gamers are murderers” Ok 👍🏼,2025-02-04 10:23:40,1
comment,The spontaneous protests have returned!,They come to UMD too,2025-02-04 12:00:02,1
comment,The spontaneous protests have returned!,I counter hold a sign that says “Do not interact: Griftors like them make money off your suffering”,2025-02-04 13:06:03,1
comment,The spontaneous protests have returned!,That's not a protest lol,2025-02-04 13:52:00,1
comment,The spontaneous protests have returned!,https://preview.redd.it/nzv4i6f8p6he1.jpeg?width=3024&format=pjpg&auto=webp&s=fb627d6235686f3ce4483d51b8e8e611a6c92be1 So much has changed. So many things stay the same.,2025-02-04 15:44:27,1
comment,The spontaneous protests have returned!,“Gamers are murderers” I mean…if it’s a good game,2025-02-04 17:40:21,1
comment,The spontaneous protests have returned!,Gamers are murders … but gamers be also jamming to Baba Yetu https://m.youtube.com/watch?v=GtRSLozhTqQ,2025-02-04 21:09:56,1
comment,The spontaneous protests have returned!,So we’ve added gamers to the list. Interesting target but go off I guess.,2025-02-05 03:11:27,1
comment,The spontaneous protests have returned!,Why doesn’t campus security make them leave?,2025-02-05 06:47:44,1
comment,The spontaneous protests have returned!,Counter protest with “these people are lawsuit baiting” signs,2025-02-06 22:36:08,1
comment,The spontaneous protests have returned!,Bru I wish this happened while I was there so I could argue with them to just piss them off,2025-02-03 14:13:03,1
comment,The spontaneous protests have returned!,feds. ignore them,2025-02-04 01:04:58,1
comment,The spontaneous protests have returned!,Legalize beating the fuck out of these people,2025-02-04 11:56:22,13
comment,The spontaneous protests have returned!,"“Hi, what’s cooking?”",2025-02-04 07:28:27,8
comment,The spontaneous protests have returned!,Wonder how she’d take it if I asked her to make me a sandwich,2025-02-04 11:02:07,5
comment,The spontaneous protests have returned!,"This is their profession. They’re at work, hoping to close a sale. And by “sale” I mean trying to get assaulted so they can sue the assailant, the school, and the state.",2025-02-03 15:50:34,40
comment,The spontaneous protests have returned!,But if a few crazies show up on a Wednesday noon to protest “nazis” in your state capitol that’s alright correct?,2025-02-06 08:56:48,0
comment,The spontaneous protests have returned!,"To be fair, they might get me with that one. I would be so confused that I would want to ask them what it means.",2025-02-03 15:04:13,11
comment,The spontaneous protests have returned!,Too much among us..,2025-02-05 11:30:26,1
comment,The spontaneous protests have returned!,Jesus ain’t got nothing to do with that nonsense list or those people.,2025-02-03 14:28:07,19
comment,The spontaneous protests have returned!,💀💀 and don’t forget women belong in the kitchen coming from a woman who has been in the kitchen her whole life 😩😂😂,2025-02-03 18:04:53,5
comment,The spontaneous protests have returned!,If it’s anything like the “preachers” that used to come onto campus it’s because it is a public campus. Generally police may escort them out eventually but the guy who used to show up all the time was just goading to get shoved or punched to sue a student or the school. These people could be in the same boat. Just stupid is as stupid does.,2025-02-03 19:11:49,9
comment,The spontaneous protests have returned!,Public space and they’re not committing a crime… still shitbags though,2025-02-03 19:56:52,2
comment,The spontaneous protests have returned!,"They just sort of spawn randomly. It's mainly just preachy nonsense. Last semester it was usually just one dude and he called me a ""Lesbian Creature""",2025-02-03 14:13:02,20
comment,The spontaneous protests have returned!,I’m a Christian as well and it makes no sense. Like hating people for who they are goes against what Jesus wants us to do 😭,2025-02-04 17:44:15,3
comment,The spontaneous protests have returned!,"Well traveled folk, I see",2025-02-08 13:29:51,1
post,"JMU offers CR/NC but you can’t use it for Major, Minor, or Gen Ed Classes... Why?","JMU offers CR/NC but you can’t use it for Major, Minor, or Gen Ed Classes... Why?",2020-10-27 16:50:50,132
comment,"JMU offers CR/NC but you can’t use it for Major, Minor, or Gen Ed Classes... Why?",When my mom asks why our fall and spring breaks got taken away,2020-10-27 19:41:35,17
comment,"JMU offers CR/NC but you can’t use it for Major, Minor, or Gen Ed Classes... Why?",This is another reason why I am positive that the Alger administration (specifically Heather Coltman) got their credentials as a prize out of a cereal box.,2020-10-27 22:19:51,17
comment,"JMU offers CR/NC but you can’t use it for Major, Minor, or Gen Ed Classes... Why?","For real, what CAN be taken as CR/NC if major, minor, and gen ed classes can’t??",2020-10-27 17:23:32,29
comment,"JMU offers CR/NC but you can’t use it for Major, Minor, or Gen Ed Classes... Why?","Don’t forget, freshmen are also excluded :)",2020-10-27 20:53:12,15
comment,"JMU offers CR/NC but you can’t use it for Major, Minor, or Gen Ed Classes... Why?",You can do it for nonsense elective classes,2020-10-27 18:35:32,7
comment,"JMU offers CR/NC but you can’t use it for Major, Minor, or Gen Ed Classes... Why?","VT and UVA are offering full C/NC and VCU is offering the same thing as us while GMU is currently offering no C/NC options. The difference in policy is very interesting cause usually this school follows UVA to a T. I do see the dilemma that schools face with C/NC making things too easy and possibly harming students in the future, but I also think JMU’s way of doing it is pointless because it applies to almost nothing.",2020-10-27 21:04:50,10
comment,"JMU offers CR/NC but you can’t use it for Major, Minor, or Gen Ed Classes... Why?","Literally haven’t taken a class in all of college that wasn’t to fulfill a requirement because I’m spending all my parents’ money and I’m not here to fuck around. This is bullshit, not based on any viable precedent (because none exists), and is just fucking me over in my last semester. I just want to take one class CR/NC, but no",2020-10-27 23:43:06,7
comment,"JMU offers CR/NC but you can’t use it for Major, Minor, or Gen Ed Classes... Why?",To encourage students to branch out with their electives without fearing for their GPA.,2020-10-27 17:39:17,5
comment,"JMU offers CR/NC but you can’t use it for Major, Minor, or Gen Ed Classes... Why?",Don't you want an A?,2020-10-27 22:19:33,4
comment,"JMU offers CR/NC but you can’t use it for Major, Minor, or Gen Ed Classes... Why?","If you decided to take a random class just for fun? Idk, this is like getting a lifejacket with cement in it",2020-10-27 17:25:32,52
comment,"JMU offers CR/NC but you can’t use it for Major, Minor, or Gen Ed Classes... Why?","Electives, i.e. classes that don't fulfill any other requirements besides getting up to 120 credit hours.",2020-10-27 17:30:22,18
comment,"JMU offers CR/NC but you can’t use it for Major, Minor, or Gen Ed Classes... Why?","I mostly agree with the university that overuse of the pass fail option can lead to a disadvantage for students down the road, but this is just completely unfair. Freshman are probably the people who need it most being that their first experience in college ever is online.",2020-10-27 21:09:16,12
comment,"JMU offers CR/NC but you can’t use it for Major, Minor, or Gen Ed Classes... Why?",Freshmen taking classes on a nongraded basis can *seriously* fuck up their financial aid eligibility and their academic standing. It's a terrible idea and excluded for good reason.,2020-10-29 00:07:57,0
comment,"JMU offers CR/NC but you can’t use it for Major, Minor, or Gen Ed Classes... Why?","This isn't ""JMU's way of doing it."" It's absolutely standard policy. UVA's is identical, as I imagine are most other schools'. JMU has opted not to change the policy for this fall, whereas UVA has. That's the only difference.",2020-10-28 00:20:48,1
comment,"JMU offers CR/NC but you can’t use it for Major, Minor, or Gen Ed Classes... Why?","Or in other words, to encourage students to pay for more classes without losing the “credibility” required classes",2020-10-27 19:23:59,12
comment,"JMU offers CR/NC but you can’t use it for Major, Minor, or Gen Ed Classes... Why?",Removing Spring Break but “caring about the mental well-being of students”. Cautious Optimism... this is only my 2nd semester as a transfer student and I feel like it’s a circus,2020-10-28 00:13:21,8
comment,"JMU offers CR/NC but you can’t use it for Major, Minor, or Gen Ed Classes... Why?",This isn't new. This is just the standard policy as it has been for years.,2020-10-27 17:41:29,10
comment,"JMU offers CR/NC but you can’t use it for Major, Minor, or Gen Ed Classes... Why?",Lmao greats analogy!,2020-10-27 18:48:45,2
comment,"JMU offers CR/NC but you can’t use it for Major, Minor, or Gen Ed Classes... Why?","Most students need some electives for their degree. You don't pay for anything after 12 credits, so it's only a money-generating policy if students aren't full-time to begin with, or decide to take a class over the summer.",2020-10-28 00:16:14,3
post,Our little quarantine project :),Our little quarantine project :),2020-10-11 10:37:16,132
comment,Our little quarantine project :),"I did this early in quarantine on Adobe Illustrator! https://drive.google.com/open?id=1X3aO_XCPTw05w37HHYIDn39Ok_t-wD5m Definitely didn’t include the more fun references, but I was going for accuracy to the original game. Also includes all the chance, community chest, and property cards.",2020-10-11 11:37:49,9
comment,Our little quarantine project :),Is this a copy of the one at target?,2020-10-11 10:41:15,3
comment,Our little quarantine project :),"You've gotta have a ""Pay $300 to parking services"" or similar. Get that whole JMU experience in there.",2020-10-11 17:49:14,4
comment,Our little quarantine project :),Who’s winning in GO?,2020-10-11 18:41:01,3
comment,Our little quarantine project :),My guy. Is that a Go board? Sick. Do y’all also know how to play shogi? I really want to find some people to play shogi with,2020-10-12 03:34:23,5
comment,Our little quarantine project :),"Can you post a clearer photo of it? I can't make out a lot of the writing in the photo, and I would love to see all of the details.",2020-10-11 11:34:12,3
comment,Our little quarantine project :),>https://drive.google.com/open?id=1X3aO\_XCPTw05w37HHYIDn39Ok\_t-wD5m love the Conley for Go to Jail lol,2020-10-11 21:10:45,4
comment,Our little quarantine project :),That’s amazing,2020-10-12 00:09:26,2
comment,Our little quarantine project :),Can you share more details? or a better pic? This is awesome,2020-10-11 11:12:38,3
post,My feelings exactly,My feelings exactly,2021-03-30 20:21:45,129
comment,My feelings exactly,ill believe it when I see it,2021-03-30 21:30:33,15
comment,My feelings exactly,I’ve been boycotting parking passes since sophomore year and will continue to do so going into my senior year,2021-03-31 07:15:27,10
comment,My feelings exactly,when your graduating and spent half of junior and all of senior year online :(,2021-03-31 15:57:48,5
comment,My feelings exactly,"The fact that parking passes weren’t prorated during online classes just proves that JMU depends on ticketing and passes as a way to make a profit. If you think about it economically, there’s honestly no reason for for passes to cost $300 and tickets to cost $100. It doesn’t make reasonable economic sense.",2021-03-31 16:23:32,4
comment,My feelings exactly,I'm not ready,2021-03-31 09:00:30,2
comment,My feelings exactly,"I'm still wondering how this is going to happen; what about vaccinations? How will they know who is actually vaccinated or not? Lol get ready for shitshow #2 just like last semester's ""Come to campus! No, go home! Wait, come back! Okay, stay home""",2021-03-31 09:17:01,3
comment,My feelings exactly,"Me too, I’m a senior and have never bought one. The buses run just fine 🤷🏻‍♀️",2021-03-31 09:31:09,5
comment,My feelings exactly,"Absolutely not, they just wring students for every single cent that they can get out of them",2021-03-31 20:23:28,1
post,Anybody give a rundown of what happened at that hypnotist show? Heard stuff went down there that was bad,Anybody give a rundown of what happened at that hypnotist show? Heard stuff went down there that was bad,2019-08-25 01:20:09,134
comment,Anybody give a rundown of what happened at that hypnotist show? Heard stuff went down there that was bad,"There’s a lot to it but I’ll briefly summarize the main stuff: The guy was really creepy and talking about sexual things with students. Throughout the show, he kept having to get an abnormal amount of people out of their “trance” because they were crying, shaking, or other things. The tipping point was when a FROG was sobbing uncontrollably, was unable to walk with assistance (she literally collapsed), and had to be escorted out. After that, the hypnotist was unable to get one of the guys out of his trance. We were all escorted out the back door and there were many police, ambulances, and fire trucks there. I’m just curious to see if the school will release a statement about it or not!",2019-08-25 01:50:18,94
comment,Anybody give a rundown of what happened at that hypnotist show? Heard stuff went down there that was bad,"The Hypnotist went way overboard and tried to hypnotize over 100 people at once. Resulting in multiple people having panic attacks for being left in a trance for too long. I was there, and the whole experience was extremely uncomfortable.",2019-08-25 08:35:57,48
comment,Anybody give a rundown of what happened at that hypnotist show? Heard stuff went down there that was bad,Anyone have videos of this? This is insane...,2019-08-25 02:16:20,32
comment,Anybody give a rundown of what happened at that hypnotist show? Heard stuff went down there that was bad,Is this for real? This is hard to believe but if it is it’s terrifying,2019-08-25 07:53:03,13
comment,Anybody give a rundown of what happened at that hypnotist show? Heard stuff went down there that was bad,"Hey guys, just wanted to weigh in. I was running the sound for the hypnotist event so I spoke with Jon Wayes before and after the show in addition to witnessing the event first hand. I had never met Jon before Saturday night, but by all accounts he is a skilled performer and has been touring for about ten years. I do not believe he is a misogynist. He was attempting to build rapport with the students by resorting to ""bro"" humor. Certainly, in today's climate it was not a wise choice, but he was not trying to make anybody uncomfortable. He was a nice guy, professional, and was emotionally affected himself by what transpired. By his own admission, this event was a disaster. He simply took on too many students at once. He warned the audience in no uncertain terms that they should not volunteer if they have had past emotional problems, were under the influence, or were pregnant. It seems to me that some students ignored this warning and hence were caught unawares when they were asked to ""stay under"" for long periods of time. The vibe in the Convo was weird from the word go and Jon spent most of his time handling students that were shaking, crying, or otherwise reacting badly, which caused a cascading effect throughout the crowd. When he realized that the situation was out of control, he stopped the show and spent the next hour tending personally to any students that needed help before succumbing to tears himself. He told me that it was not unusual for participants to have negative reactions and that it happens at least once a show, but that this time it got out of hand. When we spoke after it was all over, he was visibly shaken by what had happened and especially by the treatment he received from the female staff, who felt that he paid too much attention to the young ladies in the audience, and told him so with some venom. Again, from my perspective, from speaking with him personally, I did not feel he was intentionally targeting anyone, but did make bad choices when it came to his humor delivered from the stage. Putting volunteers into uncomfortable and embarrassing situations is part of the humor of the event and I also saw many students posing with ""frozen"" volunteers to get selfies to have a laugh at later. All of the students that participated were volunteers and many could not handle what transpired. It was really unfortunate that a night of laughs ended with tears and recriminations.",2019-08-26 17:03:48,19
comment,Anybody give a rundown of what happened at that hypnotist show? Heard stuff went down there that was bad,"My girlfriend texted me a lot about what happened last night. A lot of her friends went to see it, but she decided not to. She’s a freshman at JMU, so this is her first year. It sounds really crazy and she just texted me saying that everyone is telling people to delete posts about the hypnotist from social media. Crazy stuff, I’m glad she didn’t go.",2019-08-25 11:24:14,15
comment,Anybody give a rundown of what happened at that hypnotist show? Heard stuff went down there that was bad,"Was there. Complete and total disaster, hypnotist was kinda a misogynist. Bunch of people got completely screwed up by the trance and broke out sobbing. A frog had to be basically carried out, and the show ended pretty hastily. He had to lead one guy away because he couldn’t break his trance. Absolutely disastrous.",2019-08-25 18:30:43,18
comment,Anybody give a rundown of what happened at that hypnotist show? Heard stuff went down there that was bad,Wow this is crazy. I remember going to the one at my frog week back in 2004 which was pretty lighthearted and fun. This sounds really disturbing; I hope those of you that were there are OK.,2019-08-25 21:24:05,8
comment,Anybody give a rundown of what happened at that hypnotist show? Heard stuff went down there that was bad,I honestly think younger generations are proving to be mentally soft (not necessarily their fault) and the hypnotist thing should probably be sidelined. Love JMU and I’m sure that this wasn’t the hypnotist’s or JMU’s intention to cause harm to anyone.,2019-08-31 15:45:45,3
comment,Anybody give a rundown of what happened at that hypnotist show? Heard stuff went down there that was bad,"As a close personal friend of the Hypnotist that performed at this event, I have to say, I find this all highly unusual. He has been well trained since he was 19 under the UK Head Hackers and by Anthony Jacquin personally. He is VERY meticulous and conscious of how he preforms at every event. He even teaches other how to hypnotize professionally and to my knowledge has not had any issues, I am one of the trainees and can vouch for his training and ethics. For the guy who is saying that he is apparently untrained and everything else. Trust me he’s not, and since there are not video clips from what I’ve seen you can’t just hang a man based on hearsay. There is so much hate in the Hypnotic community already that we shouldn’t job to such accusations. I’ve yet to personally speak with him about this event. I only learned about it when a client of mine sent me the news article and asked my option. Was not until I did my research that I found out who it was. I was not there for this event but I do know how he runs his shows and what to expect. What the person above commented who did the sound for the show, described what he did and should have done based on his training. He stopped the show and attend to the volunteers that had abreactions. As for others saying that he’s a misogynistic and far from it. As the guy said before, it seems he went to the “bro humor” way which can be hit or miss with some audiences. Clearly this one was a miss. As the comment above stated, he saw he was physically and emotionally affected by this and I’m sure has replayed it over and over again in his mind trying to figure out what went wrong. He’s is a good man and a great performer. Everyone has their off days and bad shows and he’s no different. It just so happens that this one was publicized and clearly not getting the entire story. It also doesn’t help that people who know SHIT about hypnosis are commenting on different forums and attacking him thinking they know the first thing about hypnosis other that what movies have told them. I absolutely feel bad for everyone involved and it’s clear like above, some people did NOT listen to his pre talk speech and warnings. At that point that is all on them as they are adults. Furthermore, I’m sure if other people found him to be unprofessional or untrained and inept at performing. Then he wouldn’t be part of two world known entertainment agencies for several years with no issues or be able to be insured for well over a million dollars for each event in case anything does go wrong. I would personally wait until you hear his side of the story as well before making a full opinion, so that the opinion can be fully based on facts. Just my two cents.",2019-08-27 18:07:36,3
comment,Anybody give a rundown of what happened at that hypnotist show? Heard stuff went down there that was bad,"Be an informed, enlighted citizen. You could start by reading [https://www.psychologytoday.com/us/articles/199203/the-trouble-hypnosis](https://www.psychologytoday.com/us/articles/199203/the-trouble-hypnosis)",2019-08-27 11:00:32,1
comment,Anybody give a rundown of what happened at that hypnotist show? Heard stuff went down there that was bad,"As I said, I am only relating my first person impressions and my first hand discussions. I am happy to give way to your expertise of the subject.",2019-08-27 19:19:17,1
comment,Anybody give a rundown of what happened at that hypnotist show? Heard stuff went down there that was bad,What does this say about the culture of 'specialist' at JMU?,2019-08-27 11:01:17,-1
comment,Anybody give a rundown of what happened at that hypnotist show? Heard stuff went down there that was bad,What the fuck,2019-08-25 02:00:18,42
comment,Anybody give a rundown of what happened at that hypnotist show? Heard stuff went down there that was bad,"If I may chip in for a moment... I am a professional hypnotherapist, so my angle here is as a professional. I was not there. From what I read, this so-called hypnotist was totally untrained, unprepared and even inept. No professionally trained hypnotist would cause such a mess.",2019-08-26 14:58:43,20
comment,Anybody give a rundown of what happened at that hypnotist show? Heard stuff went down there that was bad,Wow that’s crazy. Scary stuff,2019-08-25 07:09:32,8
comment,Anybody give a rundown of what happened at that hypnotist show? Heard stuff went down there that was bad,Holy crap! Is everyone okay now?,2019-08-25 08:40:47,5
comment,Anybody give a rundown of what happened at that hypnotist show? Heard stuff went down there that was bad,"As someone who was there, basically this.",2019-08-25 18:31:11,7
comment,Anybody give a rundown of what happened at that hypnotist show? Heard stuff went down there that was bad,The university has apologized: https://www.whsv.com/content/news/JMU-apologizes-for-hypnotist-show-that-left-some-in-a-trance-558380821.html,2019-08-27 10:26:00,8
comment,Anybody give a rundown of what happened at that hypnotist show? Heard stuff went down there that was bad,Anyone know what the hypnotist's name was? Haven't seen it mentioned anywhere.,2019-08-28 18:07:09,3
comment,Anybody give a rundown of what happened at that hypnotist show? Heard stuff went down there that was bad,What's a FROG?,2019-08-29 20:24:51,2
comment,Anybody give a rundown of what happened at that hypnotist show? Heard stuff went down there that was bad,"hold up, this trance stuff really works or they just faking it?",2019-08-25 08:42:39,13
comment,Anybody give a rundown of what happened at that hypnotist show? Heard stuff went down there that was bad,> The Hypnotist went way overboard and tried to hypnotize over 100 people at once. Isn't that how stage hypnosis is supposed to work?,2019-08-27 10:29:33,1
comment,Anybody give a rundown of what happened at that hypnotist show? Heard stuff went down there that was bad,There are a few videos on Snapchat in the Skyline area. It’s actually really freaky.,2019-08-25 08:34:11,20
comment,Anybody give a rundown of what happened at that hypnotist show? Heard stuff went down there that was bad,"Yep, I was there it was very real",2019-08-25 08:34:43,8
comment,Anybody give a rundown of what happened at that hypnotist show? Heard stuff went down there that was bad,"Negative reactions (abreactions) do not happen at least once every show. This man you call a professional clearly is not. And touring for 10 years, you say? Sorry, as a hypnotist, I can't buy that. Even if untrained, no experienced stage hypnotist would mess up like this.",2019-08-27 17:22:01,3
comment,Anybody give a rundown of what happened at that hypnotist show? Heard stuff went down there that was bad,Wait - who is telling the students to delete posts? University leadership? The VP of student affairs has publicly commented on this already. If they are trying to cover up the details by asking students to delete comments that is unconscionable!,2019-08-25 13:39:18,11
comment,Anybody give a rundown of what happened at that hypnotist show? Heard stuff went down there that was bad,"> It sounds really crazy and she just texted me saying that everyone is telling people to delete posts about the hypnotist from social media. And the correct response to that sort of request is, ""Get lost.""",2019-08-27 10:31:58,1
comment,Anybody give a rundown of what happened at that hypnotist show? Heard stuff went down there that was bad,what is a frog?,2019-08-28 06:44:43,1
comment,Anybody give a rundown of what happened at that hypnotist show? Heard stuff went down there that was bad,"They must have taken a few years off of that, because there wasn't one when I came through in 1999, nor do I remember hearing about it for the other orientation weeks while I was a student.",2019-08-27 10:36:20,1
comment,Anybody give a rundown of what happened at that hypnotist show? Heard stuff went down there that was bad,I was at the one in 2004 as well and liked it so much I snuck back in the following year! 😂,2019-08-28 07:06:53,1
comment,Anybody give a rundown of what happened at that hypnotist show? Heard stuff went down there that was bad,"There really wasn’t any fault on either party like you said. When it comes to abreactions, you never know if or when they will happen. And then if there are ppl who have anxiety or panic attack’s and are triggered by seeing someone else experience what they think is one or is one, then you have ppl to tend to that never volunteered but still need to be brought back to a frame of mind that is good for them. From all the reports from tv, news and on here. That exactly what it sounds like happened on top of kids volunteering even AFTER the Hypnotist gave clear warnings NOT to volunteer if you suffer/experience certain issues. The Hypnotist has apologized and did admit he took on too many students. Which coupled with what sounds like happened explains why it went downhill so fast. But also didn’t help with rumors and speculation going rampaged with what didn’t actually happen. All in all the Hypnotist did what he was supposed to do and attend to all affected students individually as needed long after the show ended. So I really don’t feel/think JMU has a leg to stand on by withholding his payment. No one withheld Michael Jackson’s money when fans were legit passing out and carried away on stretchers and for physically hurt trying to get to him. Why is that? Because it wasn’t HIS fault. You can control how other ppl react to events and situations. All you can do is act accordingly in the moment and do everything you can to help. It’s clear the Hypnotist did just that. Bottom line, he deserves his payment.",2019-08-31 18:01:56,1
comment,Anybody give a rundown of what happened at that hypnotist show? Heard stuff went down there that was bad,"I commend you on being honest and giving your first hand account with the event and personally with him. You saw clearly that this did deeply affect him to the point of tears. Which I can tell you from my experience, is rare for him to even happen. That tells me just how deeply it affected him on that level. It’s just sad to see such hate going around for a man I consider family and a brother. From ppl who were not there and accusing him of horrible things. As I said I’ve not heard from him on the matter and frankly don’t think I will. Until such time he feels he’s ready to share and has processed the whole situation himself. Again, I’m so sorry for everyone involved and the experience they had. It’s not typical, and it’s very rare and he did his best within his formal and professional training to react and fix the situation to the best of his abilities. It just sounds like there was too many things going on at once for anyone one person to handle.",2019-08-27 19:31:05,1
comment,Anybody give a rundown of what happened at that hypnotist show? Heard stuff went down there that was bad,"Question for you: how much overlap is there between stage hypnosis and hypnotherapy like you do? I imagine that, while they share a name, the two crafts are very different from each other, and require some different skill sets?",2019-08-27 10:28:20,3
comment,Anybody give a rundown of what happened at that hypnotist show? Heard stuff went down there that was bad,My roommate did too and she seemed okay last night. The frogs were telling us to stay with our roommates in Wayland,2019-08-25 08:58:25,9
comment,Anybody give a rundown of what happened at that hypnotist show? Heard stuff went down there that was bad,First-yeaR Orientation Guide,2019-08-29 20:55:07,5
comment,Anybody give a rundown of what happened at that hypnotist show? Heard stuff went down there that was bad,"You know in my opinion hypnosis is BS, but I saw first hand the effect it had on people. I think it’s more so, people being stuck in their head and feeling trapped, which resulted in them having a panic response.",2019-08-25 08:45:02,31
comment,Anybody give a rundown of what happened at that hypnotist show? Heard stuff went down there that was bad,"No, that is not how stage hypnosis is supposed to work. You first select the best people from your set of volunteers. That is, you perform tests to see who the best subjects are (easiest to hypnotize deeply AND appear benign, old enough etc.) As a rule of thumb, you end up with a maximum of 5% of the room, and start the show with no more than, say, 15 to 20 volunteers. During the first few bits, some of those are also sent back to their seats. Clearly, this person was inept at stage hypnosis.",2019-08-27 17:17:23,6
comment,Anybody give a rundown of what happened at that hypnotist show? Heard stuff went down there that was bad,Old person question. How do you search for Snapchat videos by an area?,2019-08-25 08:55:30,18
comment,Anybody give a rundown of what happened at that hypnotist show? Heard stuff went down there that was bad,"My daughter was there. She was definitely weirded out seeing so many people reacting like that. She herself started feeling dizzy and very tired, so she opened her eyes to keep from being hypnotised. The feeling scared her. That's the first time I knew or even thought hypnosis is real. As for the school, they're not covering anything up. They've asked people to voluntarily refrain from posting videos because there are kids on the videos in distress, some appearing unconscious, draped over chairs (I saw video posted privately by my daughter). Parents of these kids would be upset if they saw those videos before they knew what happened and that their kid was OK. And even then, they would not want their kids exposed like that. I would certainly want people to not share it if my daughter was in a video like that. EDIT: On further thought, I don't know that anyone from the school asked people to remove videos from posts. I saw a parent ask that. She was an administrator of an unofficial Facebook group for parents (there is a separate official group run by the school). She asked people to voluntarily not share videos privately for the reasons I stated above, and said she would delete any posted to the private group).",2019-08-25 17:15:41,18
comment,Anybody give a rundown of what happened at that hypnotist show? Heard stuff went down there that was bad,"I can't seem to find any sort of statement, got a link?",2019-08-25 14:33:31,3
comment,Anybody give a rundown of what happened at that hypnotist show? Heard stuff went down there that was bad,"I don’t know, it’s just what my girlfriend told me. I don’t go to JMU.",2019-08-25 13:55:13,6
comment,Anybody give a rundown of what happened at that hypnotist show? Heard stuff went down there that was bad,**F**irst yea**R** **O**rientation **G**uide. Basically older students (usually sophomores/juniors I think) who lead groups of freshmen during 1787 Orientation week.,2019-08-28 09:04:45,1
comment,Anybody give a rundown of what happened at that hypnotist show? Heard stuff went down there that was bad,"You don’t have to be so rude to people. You have your opinions that hypnosis is fake and no amount of research and proof is going to change your mind. However, it doesn’t give you any right to go ham on someone who went through an experience you don’t understand at all. I’m not here to try and convince you that hypnosis is real or not, I’m just telling you to let the fuck up on your bashing of the kids and others that have had experiences with it, especially the negative ones.",2019-08-28 11:14:56,1
comment,Anybody give a rundown of what happened at that hypnotist show? Heard stuff went down there that was bad,"Almost no one starting college this year is a millenial. >Pew Research Center decided a year ago to use 1996 as the last birth year for Millennials for our future work. Anyone born between 1981 and 1996 (ages 23 to 38 in 2019) is considered a Millennial, and anyone born from 1997 onward is part of a new generation. https://www.pewresearch.org/fact-tank/2019/01/17/where-millennials-end-and-generation-z-begins/",2019-08-28 15:32:43,1
comment,Anybody give a rundown of what happened at that hypnotist show? Heard stuff went down there that was bad,"They are absolutely different. However, even a stage hypnotist needs to be aware of the basic techniques for hypnotee safety, effective suggestion delivery, dealing with abreactions (which should be rare), being aware of trance depth, not going too deep and taking a person out of Esdaile state (very deep hypnosis), etc. The fact that this person seemingly had none of these skills shows that he has not been properly trained.",2019-08-27 15:10:12,10
comment,Anybody give a rundown of what happened at that hypnotist show? Heard stuff went down there that was bad,"Hypnotherapy is about guiding people towards change in order for them to conquer difficulties such as quitting smoking and changing eating habits, releasing chronic pain, etc. Each of these require some level of understanding of the problem the client needs to resolve. Hypnotherapists need to be able to work with almost anyone, whilst stage hypnotists have the luxury of selecting only those volunteers who are easy to hypnotize quickly and deeply.",2019-08-27 15:14:59,3
comment,Anybody give a rundown of what happened at that hypnotist show? Heard stuff went down there that was bad,"Yeah, I've heard that it's not going to work on you if you don't want it to. However, if you want to and your impressionable enough, you can get into that state.",2019-08-25 08:55:09,24
post,"We lost a future Duke, y'all","We lost a future Duke, y'all [https://www.change.org/p/morristown-police-department-justice-for-amani-kildea](https://www.change.org/p/morristown-police-department-justice-for-amani-kildea)",2020-07-03 18:53:26,128
comment,"We lost a future Duke, y'all",Absolutely horrible.,2020-07-03 19:04:43,49
comment,"We lost a future Duke, y'all","Amani was a fellow classmate from my high school in Long Valley, he was a very kind person and while this came out of nowhere I saw the statement his parents made on Facebook the day he was found (which has since been taken down). It was ruled a suicide, there was no evidence to it being a lynching however Long Valley is a predominantly white town, but never has it been a hateful one. He was a truly good person and it completely shocked me hearing this. If it was a lynching I hope that the people who did this are brought to justice.",2020-07-04 18:40:55,9
comment,"We lost a future Duke, y'all","terribly sad. and he was a fellow ethiopian as well, im heartbroken.",2020-07-04 11:26:19,8
comment,"We lost a future Duke, y'all","Rest in Power, Amani. Justice for all victims of violence.",2020-07-04 12:28:06,8
comment,"We lost a future Duke, y'all","THIS. This is why BLM supporters protest. No, we don’t want you to take episodes of Golden Girls down, no, we didn’t ask for “master bedroom” to be changed. We just want justice and for police to stop killing UNARMED BLACK MEN",2020-07-03 21:36:57,30
comment,"We lost a future Duke, y'all",Fuck the monsters who did this and the cops that didn't investigate.,2020-07-03 19:23:39,27
comment,"We lost a future Duke, y'all",The description given for the petition is blatantly wrong. It’s currently under investigation. https://www.pix11.com/news/local-news/new-jersey/investigation-into-amani-kildeas-death-remains-open-nj-prosecutors-say,2020-07-03 20:14:45,12
comment,"We lost a future Duke, y'all",Rest in Power young king. 😕😞,2020-07-05 11:51:24,2
comment,"We lost a future Duke, y'all","Yeah, he “killed himself” the same way that Jeff Epstein “killed himself” (he didn’t)",2020-07-05 15:00:07,2
comment,"We lost a future Duke, y'all",hmm don't wanna be racist but what does this have to do with race..?,2020-07-04 13:59:50,-6
comment,"We lost a future Duke, y'all",The poor guy killed himself. This isn’t about Vietnam either.,2020-07-18 00:31:57,1
comment,"We lost a future Duke, y'all","It’s being investigated, look at the link I posted.",2020-07-03 20:16:23,14
comment,"We lost a future Duke, y'all",Do you want cops or not?,2020-07-03 21:58:07,-19
comment,"We lost a future Duke, y'all",Doesn’t invalidate the fact that a 20 year old college student was lynched. Your post history says everything about you and the context of this comment.,2020-07-03 22:35:58,-3
comment,"We lost a future Duke, y'all",“I won’t want to be racist but let me completely ignore systematic racism while exerting white privilege”,2020-07-05 11:50:17,8
comment,"We lost a future Duke, y'all","He was, more than likely, lynched. It's usually reserved for black folk, and it's been happening a lot more since the protests started.",2020-07-04 15:14:48,7
comment,"We lost a future Duke, y'all",Along with neurodivergent/disabled black people as well.,2020-07-05 11:26:41,7
comment,"We lost a future Duke, y'all","Ah my bad, saw the change petition which stated it wasn't investigated",2020-07-03 22:07:22,5
comment,"We lost a future Duke, y'all","I was just pointing out misinformation, don’t get so defensive.",2020-07-03 23:08:19,3
comment,"We lost a future Duke, y'all","It doesn't validate that theory either. He was part of a crew of online stalkers who tried to catch pedophiles. When they can't find enough material they resort to [sexually assaulting people at a grocery store](https://youtu.be/kE6wL4o7dlQ) for a ""prank"". That's reason enough in my book to kill yourself.",2020-07-04 03:16:27,-8
comment,"We lost a future Duke, y'all","Well, the petition is from a day ago, and the article is from today. It also mentions that some officials did state that earlier.",2020-07-03 22:14:34,8
comment,"We lost a future Duke, y'all","You’ve called people ret*rded in the defense of a long dead loser from the Civil War on this sub. [I was one of them, so I remembered after you deleted them to save your karma. ](https://www.removeddit.com/r/jmu/comments/he03hb/jmu_will_formally_rename_ashby_jackson_and_maury/fvpn0gu/?utm_source=share&utm_medium=ios_app&utm_name=iossmf) Calling someone else defensive is bold, coming from you.",2020-07-03 23:48:46,7
comment,"We lost a future Duke, y'all",Ah look everyone ^ a pedophile. Someone that thinks vigilantes against sexual predators and pedophiles Should kill themselves... weird flex,2020-07-05 11:49:28,2
comment,"We lost a future Duke, y'all","What are you even talking about? Use them as pawns? I'm sad that a future Duke was killed and you think this is about, what, political gain? You're even acknowledging he could have been killed in what you said. We live in a time with active hate groups and extreme racial tensions, is it that much of a conspiracy to believe, with multiple black people found hanging from trees within weeks of the protests, it could have been a lynching? So, we rule it as a suicide and leave it at that, even though he could have been killed. Is that not worth investigating? That someone might have gotten killed? Either way, it breaks my fucking heart, and I'm sad that it's political to want a serious investigation. I hope you have a good day.",2020-07-05 18:49:13,1
comment,"We lost a future Duke, y'all",This was gold,2020-07-05 11:52:00,4
comment,"We lost a future Duke, y'all",I love this song,2020-07-05 15:02:00,3
comment,"We lost a future Duke, y'all",You guys are calling it a lynching with literally zero evidence whatsoever. I’m just cautioning slightly and I get called racist. Lmao 🙄,2020-07-03 23:29:25,-5
comment,"We lost a future Duke, y'all",Every tyrant has a pretext for[ making women drink breast milk against their will.](https://youtu.be/kE6wL4o7dlQ),2020-07-06 05:36:03,1
comment,"We lost a future Duke, y'all","dude for the most part, black people wont hang themselves from trees know the history behind it lmao. to automatically think its a suicide is just blatantly ignorant",2020-07-04 11:27:21,7
post,I feel this on a different level,I feel this on a different level,2020-03-24 06:02:15,125
comment,I feel this on a different level,Literally got sent YouTube videos to learn calculus. Makes you think what we're paying for,2020-03-24 07:53:19,32
comment,I feel this on a different level,hopefully ppl will realize that most college classes are bullshit,2020-03-24 11:56:58,5
comment,I feel this on a different level,"My guy, you’d be going on YouTube regardless. I sure as hell did back in 2015. Khan is the shit!",2020-03-24 10:39:46,12
comment,I feel this on a different level,"If you need extra help, reach out to your prof. I took an online physics class through the community college and my prof responded to individual questions with detailed videos. Not saying that is what will happen here, but remember to (respectfully) access your instructors like the resources that they are. Not saying this ideal, and certainly frustrating to have mode of instruction changed halfway through the semester, but this is an unprecedented world event.",2020-03-24 10:56:02,6
comment,I feel this on a different level,Lol thank you for a realistic take 😂. I guess everyone just wants a free pass for the semester without having to do anything.,2020-03-24 13:53:04,2
comment,I feel this on a different level,"More like “starting to question universities “ For a lot of people this is their first interaction with universities being a gateway of accreditation, when all the work and access to information is done by the students at home.",2020-03-24 14:33:59,2
comment,I feel this on a different level,"Love Khan! ""Crash Course"" does a great job with STEM topics as well. A benefit to online instruction is that you can re-watch videos/concepts you don't quite understand as many times as you need.",2020-03-24 10:57:38,5
comment,I feel this on a different level,college classes can be beneficial but obviously we can learn all those material on fucking youtube so why tf am i paying thousands for this lmao,2020-03-24 12:07:57,0
comment,I feel this on a different level,"Agreed. I mean, a professor is just reciting the $200 textbook anyway, might as well watch a video vs reading the textbook. Professor is (should) there to help with questions really.",2020-03-24 11:06:45,3
comment,I feel this on a different level,Nobody is forcing you..,2020-03-24 12:27:13,9
comment,I feel this on a different level,Accreditation. Universities hoard access to accreditation and information through this subscription to journals norm. We really don’t need universities anymore and I think they can hold a lot of us back. They give us an avenue to skate by and not learn this stuff or its applications. The universities need to take a big hit,2020-03-24 14:32:20,6
comment,I feel this on a different level,"you dum dum, i need a job",2020-03-24 14:03:09,-1
post,Pour one out for our injured canine,Pour one out for our injured canine,2019-10-28 11:36:28,129
comment,Pour one out for our injured canine,aww I hope Ralph feels better soon.,2019-10-28 18:05:44,6
post,Flash mob rave at ECL in 2009,Flash mob rave at ECL in 2009,2022-02-24 21:01:35,129
comment,Flash mob rave at ECL in 2009,Back when jmu was still the wild west,2022-02-24 21:04:25,60
comment,Flash mob rave at ECL in 2009,"I was there for that, it was during finals week! There’s a better longer video that shows a girl in a penguin costume jumping off the second floor balcony and getting successfully caught. At some point they closed the doors so other people couldn’t get in, but they couldn’t do much to stop it.",2022-02-24 22:36:41,22
comment,Flash mob rave at ECL in 2009,Fuck I was at this! Edit: All you lucky people there - LIVE IT UP!!! Go Dukes!,2022-02-24 21:59:28,17
comment,Flash mob rave at ECL in 2009,lol I was asked to DJ that. I was there no less. Fuckin' GREAT times!,2022-02-24 21:55:52,16
comment,Flash mob rave at ECL in 2009,Either you’re in Joe Spear’s SOCI 200 class or the edm club groupme,2022-02-24 21:49:19,11
comment,Flash mob rave at ECL in 2009,Please don’t give the theater kids any ideas,2022-02-24 22:41:07,9
comment,Flash mob rave at ECL in 2009,Before Alger ruined the school,2022-02-25 15:05:55,2
comment,Flash mob rave at ECL in 2009,Hahah I was at this!!! What a time.,2022-02-25 20:20:02,2
comment,Flash mob rave at ECL in 2009,Hell let’s do it again,2022-02-27 11:01:18,1
comment,Flash mob rave at ECL in 2009,Our ancestors,2022-02-24 21:18:27,23
comment,Flash mob rave at ECL in 2009,Joe Spear’s class! Yes! Need to get started on my essay 😭😭😭,2022-02-25 10:11:20,7
comment,Flash mob rave at ECL in 2009,Oof. Way to make us feel ancient.,2022-02-24 23:05:16,18
comment,Flash mob rave at ECL in 2009,"We accept offerings to now heal our aging, aching 30 year old bodies. natty light and grilled cheeses preferred. #godukes",2022-02-24 21:58:19,24
comment,Flash mob rave at ECL in 2009,When did I get so old? I graduated in 09.,2022-02-25 16:35:08,2
comment,Flash mob rave at ECL in 2009,"ye, current freshmen are younger than iTunes",2022-02-25 11:32:11,6
post,"JMU can fuck right off with their ""Giving Week"" emails","JMU can fuck right off with their ""Giving Week"" emails As an alumnus and Hburg resident, it seriously pisses me off to receive emails asking me to donate money when they are keeping the university open and endangering the lives of students and the wider Harrisonburg community. It is shameful that our alma mater is treating their students, faculty, staff, and welcoming Harrisonburg community with such negligence and disrespect. It is alarming to see the dashboard, knowing that the numbers are likely much higher in reality. The only thing I want to ""give"" JMU is a kick in the ass. /rant",2020-09-01 11:53:49,123
comment,"JMU can fuck right off with their ""Giving Week"" emails",What is worse is that this “Giving week” is normally held around March / April time. This just further makes me feel like once refund period has come and gone things are going to go south...,2020-09-01 13:30:03,13
comment,"JMU can fuck right off with their ""Giving Week"" emails",I’m calling for Alger AND the board of visitors to resign over this. They have shown they are in no way capable of ensuring student safety. This is coming from an alum who enjoyed my time at the school but Alger was always a terrible President.,2020-09-01 15:00:35,11
comment,"JMU can fuck right off with their ""Giving Week"" emails",“JMU needs your support this Giving-“ *unsubscribes*,2020-09-01 19:16:54,3
comment,"JMU can fuck right off with their ""Giving Week"" emails","Emails I never signed up to receive too, on my personal email I don't recall giving to the school specifically. Being an alumni to them just means $ farm.",2020-09-01 20:36:35,3
comment,"JMU can fuck right off with their ""Giving Week"" emails","Yup, pissed of alumnus here, too. Will never give them a red cent after this fiasco. 500 cases and my family lives here, most of them within the age-range that makes them most vulnerable.",2020-09-01 18:42:43,2
comment,"JMU can fuck right off with their ""Giving Week"" emails","You left off the part about Alger getting free housing, transportation, and catering on top of a over half a million dollar salary.",2020-09-01 13:26:39,15
comment,"JMU can fuck right off with their ""Giving Week"" emails","It seems like nothing because all he does is tell other people what to do, but his decisions have extremely far-reaching consequences. If Alger did nothing, JMU wouldn't be in the mess it is right now. Their entire response, as uncoordinated and lackluster as it appears, was still planned out by him and several other people. This is true of all executives no matter the industry. They spend all their time in meetings and making hundreds, if not thousands of decisions every week. It becomes immediately obvious how important your CEO, COO, manager, etc. is once you're working full time and you realize how much of the culture and structure of the organization comes from them.",2020-09-01 14:39:50,11
comment,"JMU can fuck right off with their ""Giving Week"" emails",Pretty sure most schools put off giving week given the state of the world this past March/April. Surely things couldn’t get worse...,2020-09-01 18:25:05,3
comment,"JMU can fuck right off with their ""Giving Week"" emails",John Mulaney nails this topic : https://youtu.be/aiqKK4ysI7g,2020-09-01 14:05:55,14
comment,"JMU can fuck right off with their ""Giving Week"" emails","Correct. Almost every school cancelled theirs because they read the room. JMU moved theirs to back to school to focus on scholarship fundraising since its become a need hence the ""Pay it Forward"" and ""Madison for Keeps"" pushes.",2020-09-01 18:51:39,3
comment,"JMU can fuck right off with their ""Giving Week"" emails","Yeah, I agree. I see it’s a business transaction. I paid to get my four years of schooling and now I’m done. I might like an amusement park but I’m not going to to just keep sending the place money every year.",2020-09-01 13:19:54,18
comment,"JMU can fuck right off with their ""Giving Week"" emails","I transferred in and never paid room and board, so it was way less than that, and I have no desire. Now, I may consider one day giving to where I got my doctorate from because they actually have some pretty cool programs for the students in that program.",2020-09-01 13:52:48,7
comment,"JMU can fuck right off with their ""Giving Week"" emails",I was waiting for someone to bring this up,2020-09-01 14:35:53,9
comment,"JMU can fuck right off with their ""Giving Week"" emails","""cautious optimism""",2020-09-01 17:01:25,5
comment,"JMU can fuck right off with their ""Giving Week"" emails",and you paid dearly,2020-09-01 16:41:25,4
post,Just incase you need a good laugh,Just incase you need a good laugh,2020-03-16 17:42:52,130
comment,Just incase you need a good laugh,I laughed REALLY hard at this lol,2020-03-17 11:03:02,3
comment,Just incase you need a good laugh,i’ll do it on my dsl having soci prof. [!remind2weeks and i promise i’ll give it a try if anything. i’ll reply with pics / failure pics EDIT: we’re not using zoom or anything like that. sorry folks.,2020-03-16 21:21:05,9
post,"Me tonight in my pjs eating my Boorito bowl and studying for an exam like a freakin loser while my downstairs neighbors, next door neighbors, friends on Snap/IG are all having parties.","Me tonight in my pjs eating my Boorito bowl and studying for an exam like a freakin loser while my downstairs neighbors, next door neighbors, friends on Snap/IG are all having parties.",2020-10-31 20:56:36,124
comment,"Me tonight in my pjs eating my Boorito bowl and studying for an exam like a freakin loser while my downstairs neighbors, next door neighbors, friends on Snap/IG are all having parties.","I’d be living my best young, dumb, and broke life this Halloweekend if it weren’t for COVID-19. Fuck this hOaX vIrUs. “Alexa, play Laugh Now Cry Later” 😿 (p.s. obviously that’s sarcasm on the “hoax virus” part, I’m a microbiology student lmao)",2020-10-31 20:58:40,40
comment,"Me tonight in my pjs eating my Boorito bowl and studying for an exam like a freakin loser while my downstairs neighbors, next door neighbors, friends on Snap/IG are all having parties.",Press F to pay respecs,2020-10-31 22:16:25,19
comment,"Me tonight in my pjs eating my Boorito bowl and studying for an exam like a freakin loser while my downstairs neighbors, next door neighbors, friends on Snap/IG are all having parties.",It be like that 😔,2020-10-31 21:36:02,23
comment,"Me tonight in my pjs eating my Boorito bowl and studying for an exam like a freakin loser while my downstairs neighbors, next door neighbors, friends on Snap/IG are all having parties.","There are many ways of partying... But thank you for not contributing to what looks like a new spike in local numbers - and combined with students celebrating Halloween, could get ugly [https://covidactnow.org/us/va/county/harrisonburg\_city/chart/5/?s=1226301](https://covidactnow.org/us/va/county/harrisonburg_city/chart/5/?s=1226301)",2020-10-31 22:52:03,25
comment,"Me tonight in my pjs eating my Boorito bowl and studying for an exam like a freakin loser while my downstairs neighbors, next door neighbors, friends on Snap/IG are all having parties.",You're being responsible. Fuck the haters.,2020-10-31 23:40:20,29
comment,"Me tonight in my pjs eating my Boorito bowl and studying for an exam like a freakin loser while my downstairs neighbors, next door neighbors, friends on Snap/IG are all having parties.",fear vanish attempt tie makeshift escape practice cats husky straight *This post was mass deleted and anonymized with [Redact](https://redact.dev/home)*,2020-11-01 08:51:58,12
comment,"Me tonight in my pjs eating my Boorito bowl and studying for an exam like a freakin loser while my downstairs neighbors, next door neighbors, friends on Snap/IG are all having parties.",Always remember that your choice to spend the night in may very well be the choice that saves someone’s life.,2020-11-01 01:30:06,15
comment,"Me tonight in my pjs eating my Boorito bowl and studying for an exam like a freakin loser while my downstairs neighbors, next door neighbors, friends on Snap/IG are all having parties.","You're doing the right thing though. It hurts not to have those ""college experiences"" but there will be other opportunities when we're not in the midst of a pandemic. Thank you from an Alum (13/14) turned Harrisonburg local.",2020-11-01 11:13:16,9
comment,"Me tonight in my pjs eating my Boorito bowl and studying for an exam like a freakin loser while my downstairs neighbors, next door neighbors, friends on Snap/IG are all having parties.",Dang I've never felt so sad for a cat before.,2020-11-02 20:50:15,2
comment,"Me tonight in my pjs eating my Boorito bowl and studying for an exam like a freakin loser while my downstairs neighbors, next door neighbors, friends on Snap/IG are all having parties.","In addition to the comments about being responsible, just keep in mind that those neighbors could very well end up delaying their graduation if the university finds out and they get suspended. If you hold a party and there are 50+ people there, it almost a guaranteed suspension through the end of the academic year if it ends up at OSARP:",2020-11-01 06:23:34,15
post,“Warm Regards” ~ Alger,“Warm Regards” ~ Alger,2020-09-01 19:07:24,126
comment,“Warm Regards” ~ Alger,“Cautious optimism”,2020-09-01 19:14:59,10
comment,“Warm Regards” ~ Alger,There goes any alumni funding from me.,2020-09-01 22:41:34,3
comment,“Warm Regards” ~ Alger,*cautious optimism intensifies*,2020-09-01 21:02:26,8
post,Stay Safe - Don't go back,"Stay Safe - Don't go back TL;DR I love the students, professors, support staff of JMU and want you all to be safe and healthy. Fuck the administration for putting you in danger. Stay home, stay safe, don't attend this semester. I am an alum and during my time I have come to love the students, staff, and professors (honestly most of my professors were pretty solid) of JMU and the Harrisonburg +valley community. You all have helped me become a better person, citizen, and professional. I have learned about topics I never dreamed of when I was growing up and learned a lot about myself. But I have come to absolutely despise JMU's administration. From continuously rising academic costs to attend, nickle-and-dime-ing students, difficulty navigating admins with regards to my chronic illness, consistent disregard for diversity, inability to handle sexual harassment cases and for prioritizing unsustainable construction and expansion over the quality and cost of your education, there is no love for JMU's administration from me. They now have added another item why I will never donate or promote JMU as an institution and that is the bullshit way that they are handling the pandemic for the Fall semester. JMU moved to online-learning when there were 4,000 cases, but now want to open up when there are over 4.7 million total cases in the US and over 150,000 deaths. More people have died in 6 months of this virus than US combat deaths in WW1 (US involvement lasted roughly a year and a half). Schools were shut down when the attacks on 9/11 occurred, but to me it is absurd that schools would open in the middle of a pandemic that to-date has taken almost 50 TIMES MORE US LIVES THAN THE 9/11 TERRORIST ATTACKS. JMU's opening plan is not realistic, and they don't care about your health. Seriously, my office has more strict requirements than JMU's 8 day quarantine plan. My office requires 14 minimum days if you are exposed, a doctor's note, and we have been also WFH since March. How is JMU going to even enforce that? An honor-pledge? The Honor-pledge didn't stop cheating at JMU last I checked. JMU wants you to come back because that is how THEY MAKE MONEY. They are willing to trade your health/lives for cash. Believe it or not that despite the amount they charge you, JMU is strapped for cash. They have invested so much money in land/infrastructure that they need you to physically be there in order to make money from the services of the land/infrastructure (think dorms, parking, meal plans, UREC, etc.) This is the down-side of modern american higher-education. The flashy and luxurious campuses/dorms/amenities are how they attract students to come to their school and they charge you for it. It's an amenities arms-race honestly. When I did my college tours in 2013, literally every school I visited had ""inner-tube water-polo"" as a selling point. What about the academics? The reason most European universities are cheap because they are literally 5 big fucking concrete buildings that you go do hw in, take tests, study, do labs and get the fuck out from. You don't have to walk 15 minutes to get one section from campus to the other. My family from Europe has commented that my school is its own city! That's not normal anywhere else on the planet. The land and buildings aren't cheap. The school gets grants to build/buy this but guess who gets to pay the maintenance costs + taxes! You do! Going virtual would upend the years of the ""amenities"" arms-race I was talking about and make it moot. it would completely shatter the illusion you need all that land/facility/fancy bullshit that they tack on to justify increasing your tuition each year. It is not your responsibility to bear the brunt of JMU's poor financial decision-making! What can you do while not at JMU? Nothing during this pandemic is ideal, but the best we can do is mitigate a semester or two off. Take online courses/gen-eds from community colleges. It is not too late to enroll. To underclassmen/underclasswomen, you can knock out your geneds cheaper and usually easier, but make sure you check in with your registrars office first. Even if you miss the regular deadlines, Community colleges also organize some courses by first 6 weeks and last 6 weeks, you might be able to snag some of those courses; do be warned they may be accelerated. Your quality of education is already going to be crippled this year, its not worth paying all this money to start your academic career like this. To upperclassman/upperclasswomen - you can take a semester or two off. This is absolutely a valid option and don't let people bully you into not considering it! The ""you will be behind argument"" is bullshit. Behind who exactly? The millions of other people who are trying to survive this pandemic? It took me 5.5 years to graduate, I took extended time away from school for health reasons and I came back to finish what I started. If you have a direction in mind I am certain that you will complete your education even if you take a semester or two off. Again check with your registrar. I took a semester off without my loan's interest kicking in or having to re-enroll at JMU. Non-profit organizations are always looking for volunteers. Meetup dot com (sorry dont know the subreddits rule for links) is a great place to find orgs that you can network, volunteer, and practice your skillset or find one if you are willing to explore. Highly recommend, this is also how I found my current job. The risks of returning Your health, obviously, but it is a bit more nuanced than that. You could be lucky and and never catch it. You could be extremely unlucky, catch it, and die. Are those the dice you want to roll? Lets also explore the in-between options. You could be asymptomatic and pass it to no one. You could be asymptomatic and start a whole another cluster by passing it on to other people. You could get sick and recover quickly, or you could be sick and be on a ventilator for 51 days and lord-knows what other complications you could develop down the line (read the NY Times article ""51 days on a ventilator""). I don't know about you but when I went to school the most I had to worry about was catching the common cold. The quality of your education is going to suffer. Stressed and sick professors don't make for good lecturers. Chaos is not a good learning environment. You are spending exorbitant amounts of money (and loans that accrue interest!) to get less in return. My recommendation. The only way I can in good conscious recommend attending JMU this year is if everything is online and virtual. JMU has not announced that it is starting online, while UVA has. This will be the only time I endorse UVA over JMU and urge you to consider a transfer (or to any accredited school that is doing online-only during the pandemic!) or start at a Community College. Absolutely no shame in that. What JMU is doing is appalling and the implication of money > your safety is a terrible precedent to set. Closing I write this because I care. I care about the health of the students, faculty, support staff. I care about the quality of your education. You made me the person I am today and I am pissed that my own (the students,support staff, faculty) are being put in harms way unnecessarily. I care that you are getting unnecessarily fucked by the powers to be just because they said so. I learned from JMU to question authority, even if that authority is JMU. I wrote this because I cannot do nothing in the face of wrong; it would weigh on my conscious if I didn't voice my thoughts/concerns and maybe help someone stay safe. Dukes step-up. Stay home, stay safe.",2020-08-06 11:30:40,126
comment,Stay Safe - Don't go back,All these people taking gap semester making me not look so bad for graduating late :),2020-08-06 11:51:07,42
comment,Stay Safe - Don't go back,Last semester was taken from the students. they shouldn't let this semester be inevitably taken from them as well. Take the the semester off and fully enjoy this school when it's safer.,2020-08-06 12:45:04,19
comment,Stay Safe - Don't go back,"None of this is wrong. During a normal year, dorms are still a Petri dish. I had the worst flu of my life when I was a freshman in Hillside and with the way things are going now, there is NO foreseeable way that students on campus could be safe. Not to mention that people WILL party, WILL ignore mask rules, and you’ll be forced to live in the same confined space as them. I think the question for an upperclassmen about what to do is much more difficult, but if you’re an incoming freshman, stay home and take online community college classes. Do not pay 4X to go to a JMU summer camp for two weeks and get sent home to do the same exact thing. You will not get the freshman experience the rest of us got. No Halloween, no football, no going out, none of it. I’m sure staying at home w your folks when you thought you were finally leaving sucks, but trust me, your bank account five years from now will thank you.",2020-08-06 12:25:39,21
comment,Stay Safe - Don't go back,"As a fellow alum, amen. I know there are people who are all I BLEED PURPLE, but from a distance, JMU has been a near-complete shitshow from an admin level for about 15 years now. Thank goodness the faculty and staff are there to blunt the edge. I was amused by the recent alum surveys that were sent out and realized that I barely had anything positive to say about the direction of the place. For gened students...don't forget many community colleges are fully online (or mostly).",2020-08-06 12:21:01,22
comment,Stay Safe - Don't go back,"I’m concerned about their rules (or lack of rules) for student teachers. I’m going into the local schools full-time this semester, and the one I’m assigned is 4/5 days per week in-person. No masks required, no temp checks etc for the students at the school. One evening per week all of us student teachers from the surrounding school districts come back onto campus for our required class together, bringing anything from the schools back with us and having interactions with each other. The next morning, we all disperse back out again. Seems like a recipe for something going wrong",2020-08-06 13:03:17,9
comment,Stay Safe - Don't go back,what do you recommend for someone like me who’s a rising junior and doesn’t have any gen-eds left? and doesn’t wanna graduate late? i still have two minors to get through. i suppose i could try to change my schedule to only online classes.,2020-08-06 12:14:11,12
comment,Stay Safe - Don't go back,"I wouldn't go back and take a semester or two off, but I only have 9 credits left. Short of ACTUALLY bending me over a fence, I'm finishing this shit then never going back.",2020-08-06 18:36:16,5
comment,Stay Safe - Don't go back,"It’s literally going to a horrid fail. People aren’t going to wear masks, corners are going to be cut with quarantining and cleaning...students return to classes the same week thousands of students are returning from various different places(some having the virus and not knowing or coming in contact with those who are sick). It doesn’t make any sense, how is money more valuable than thousands of lives? Baffled to be an alum from this school that praises its educational stats but can’t even be smart enough to stay online",2020-08-06 13:18:49,9
comment,Stay Safe - Don't go back,JMU administration is most likely deciding to push this semester entirely online within the next week.,2020-08-06 20:08:25,4
comment,Stay Safe - Don't go back,Thank you for writing this! I am recent double alum as well!,2020-08-09 09:39:44,2
comment,Stay Safe - Don't go back,I’m a rising junior and transferred from a community college. I’m attending in the fall for in person classes. I don’t think jmu is bad for it. They aren’t forcing anyone to do anything. It’s really just student choice whether to attend or not. I choose to attend. I appreciate the concern; felt like it came with good intentions. I’ve done my research and I’m happy with my decision.,2020-08-06 15:26:37,-3
comment,Stay Safe - Don't go back,"You have decades of time to work later in life, I'm sure 10 years from now you will not look back and say ""man I wish I didn't wait that extra 6 months to graduate back in 2020""",2020-08-06 12:07:27,15
comment,Stay Safe - Don't go back,"Hell yeah man, I took a gap semester and was a thousand times better for it. Whatcha switch majors to?",2020-08-06 14:58:43,2
comment,Stay Safe - Don't go back,Yikes. Great points and glad you are thinking so responsibly about this. Maybe bring up these concerns with your professor? Good luck out there teaching,2020-08-06 18:57:59,3
comment,Stay Safe - Don't go back,"Through a good amount of awkwardness I was able to make a full load schedule of only online classes. All it took was doing some things in weird order, emailing some professors, and taking some non-standard requirements.",2020-08-06 12:30:03,5
comment,Stay Safe - Don't go back,"Good questions, I am glad you brought them up. Like I said in my post, these are not ideal times, we can only mitigate damage for the most part. If you can take your classes online - highly recommend it. If you have to fall under full-time status, do it, you have 6 months to return to full-time status before your loan payments kick in. Better to be safe than sick. You might have to take may-mester classes to ""catch up"" (catch up to what though, life is a marathon not a sprint). Whether you like it or not - you may be graduating late. This is a no-win scenario. The quality of your education is going to be affected. If you get sick or come in contact with someone who is sick, you are going to quarantine for 2 weeks and be doing classwork online anyway. I can imagine that you will be required to do multiple quarantines if multiple outbreaks occur on campus. If your professor is sick, then what? You're going to be missing instruction. If you are extremely unlucky, you'll be in the hospital where graduating on-time will be the last thing on your mind. Either way, your quality of education this semester is not going to be as good as pre-pandemic. For that reason alone it is worth postponing your plans. Let me tell you a bit about my story and why I am glad I didn't stick to my path and graduate on time. I started out music and realized a year in that I hated it. Switched majors and started from scratch. Started International Relations and hated that too. Then I was diagnosed with Crohn's Disease and was too ill to go to school. During my time off i recovered and found my path (IT/software dev - took a course on a whim at a community college). I am glad I took time off because 1) i could explore my career options freely 2) while I was sick I couldn't learn - I wasn't getting anything out of my education, much like how the quality of your instruction will suffer through the sheer chaos of the times we live in and how unprepared JMU was in response. They had all summer to set up infrastructure and they pissed the opportunity away. 3) I realized graduating on-time and adhering to other people's expectations and time-frames is bullshit and trying to keep up expectations/appearances was exhausting. When I was accepted into the CoB and did COB 300 I met people who were 24, 28, and 32 years old. Some were military, some dropped out earlier and decided they wanted to finish, some just took longer. Mind you Cob300 is just a bit after the halfway point in the school business majors. These people were graduating at 26, 30, 34 years old. All three of those people are doing EXCELLENT in their careers and are extremely mature professionals. It took me 5.5 years to complete and I have no regrets for it. If i stayed the course and graduated on time, I would have finished with a major I hated and I would have despised my entire time here because I was sick and not getting anything out of it. There is no shame in graduating late, pushing to graduate on time for the sake of it is not worth your well-being and health and you won't get as much out of it education-wise. You have your entire life to graduate and do good in this world. How long it took doesn't matter, especially during these strange times. There is no gradution-on-time-police. No one cares how long it took you. Do keep busy - or take the semester off. Believe me with a full time job it is harder to take vacay than I realized. Take advantage of the part-time semester or entire semester off. Finding a volunteer organization you can safely contribute is one route. I volunteered software dev at local non-profits and went to ""code and coffees"" I found at [meetup.com](https://meetup.com) (they have all since become virtual). I ended up meeting someone who hired me at these events. If you have an internship, reach out to the internship host org and let them know you can continue working with the organization if they'd have you. If you free-lance or have a side-gig, I highly recommend engaging in that. I am in no ways suggesting being idle, although that could also be a possibility. if you want to rest, take advantage of it now.",2020-08-06 14:54:29,3
comment,Stay Safe - Don't go back,God-speed and stay safe. Just know there ain't no rush. What COB major are you studying?,2020-08-07 08:31:03,1
comment,Stay Safe - Don't go back,"I hope so. Then I can make an edit and say ""full-send online classes.... just stay home"" lol",2020-08-07 08:31:02,3
comment,Stay Safe - Don't go back,Double alum! What did you study?,2020-08-09 09:50:30,1
comment,Stay Safe - Don't go back,"Sure, more power to you, but buyer beware. The lack of transparency, enforceable rules/plan, and slow communication would make me wary. As for concern, you'll probably witness a disappointing lack of it from your peers. We couldn't keep it classy during either of our game days. Not a problem unique to JMU unfortunately.",2020-08-06 16:07:41,9
comment,Stay Safe - Don't go back,"As a guy who did take extra time to graduate - 30 years ago - I can guarantee you'll never ever think about it. It's not a race, there's not a time limit. Protect your health, conserve your money, go to college when it makes sense to.",2020-08-06 12:13:03,9
comment,Stay Safe - Don't go back,"Colleges use 5 years as the graduation ""on time"" metric.",2020-08-06 12:21:46,1
comment,Stay Safe - Don't go back,Went to sociology from business. Less money probably but I can hopefully do something that matters to someone.,2020-08-06 23:09:32,1
comment,Stay Safe - Don't go back,I just stayed focused on the chance to win a gift card.,2020-08-06 15:00:57,2
comment,Stay Safe - Don't go back,i’ll have to look into it. i’m glad it worked out for you! too bad it’s not an easy task though. there are plenty of compromised students that need this option,2020-08-06 12:32:08,1
comment,Stay Safe - Don't go back,"Business management with a minor in supply chain management! They've moved one online, so I only have two in-person classes left. I won't be in campus much!",2020-08-07 08:34:58,1
comment,Stay Safe - Don't go back,"I earned my B.M. In Music with a concentration in Music Industry and Africana Studies minor and most recently, an M.Ed. in Counseling Psychology with a concentration in College Student Personnel Administration.",2020-08-09 11:53:39,1
comment,Stay Safe - Don't go back,The guidelines that are in place I would hope my peers would follow them or else we all have to pack up and go home. Not only that but figure out finances and if there will be reimbursements. But only time will tell. Fingers crossed though,2020-08-06 17:10:39,-4
comment,Stay Safe - Don't go back,"Oh i’m not worried, my major change that set me back is well worth the money and time. Plus now i’m actually interested in school.",2020-08-06 12:15:04,2
comment,Stay Safe - Don't go back,"The DC area has a lot of business who use researchers or people with research skills. As long as you develop solid analytical and quantitative skills, I think you'll do just fine. I was surprised at how much stats my sociology friends had to use.",2020-08-07 08:27:36,1
post,Looking like a JMU win today 🤘,"Looking like a JMU win today 🤘 Watching from my local spot in Exton, PA",2025-10-11 15:34:38,127
comment,Looking like a JMU win today 🤘,"another sketchy win, but a W is a W",2025-10-11 15:49:36,33
comment,Looking like a JMU win today 🤘,Chesney needs to make them run sprints all week to discipline them for all the penalties bc that will not hold up against odu,2025-10-11 16:17:04,25
comment,Looking like a JMU win today 🤘,"OP, where’d you watch this? I was watching at a bar in phoenixville",2025-10-11 16:12:25,6
comment,Looking like a JMU win today 🤘,Chesney brought Sluka in for a few plays and rushed the end of the 1st qtr. Guess what... Sluka ran the ball .. shocker,2025-10-11 16:56:00,6
comment,Looking like a JMU win today 🤘,I'll tell you that second quarter felt like it would never end. The penalties and fumbles man.,2025-10-11 21:05:32,5
comment,Looking like a JMU win today 🤘,"Offense was not good today, but the defense got it done. The announcers kept talking up Barnett, and each time they did, he would throw the ball straight into the turf. Then they would talk about the other qb's crazy name, Lunch. Rinse, repeat.",2025-10-12 08:57:05,4
comment,Looking like a JMU win today 🤘,Leaving both teams alone there were at least 4 absolutely horrendous calls which all seemed to originate from one particular ref. Idk if he’s auditioning for some ESPN analyst shocker role but it was bonkers when several replays made it clear it was the wrong call. At least the pick in the end zone got reviewed. Absolutely awful. Cheney and the DC were about to lose their minds. All that said we should be praising the JMU line D bc they brought the total rush yards down throughout the second half to end up less than 50 I believe.,2025-10-12 10:11:43,2
comment,Looking like a JMU win today 🤘,The Defense is solid. Gotta get there on Offense. Season is half over and still not sharp.,2025-10-11 16:57:04,18
comment,Looking like a JMU win today 🤘,NGL I was getting worried going into 3rd quarter,2025-10-11 20:26:06,4
comment,Looking like a JMU win today 🤘,Most mid 5-1 team ever?,2025-10-11 19:24:49,5
comment,Looking like a JMU win today 🤘,The Pour House in Exton,2025-10-11 18:16:26,3
comment,Looking like a JMU win today 🤘,"Also from the area, from the looks of it, possibly Ron’s off 113",2025-10-11 17:25:31,2
comment,Well done!,I am disappointed this is not in the grad cap contest.,2019-04-18 14:40:49,6
post,word of advice: don’t buy parking passes/meal plans/books/etc until you actually know campus is gonna be open and stay open cause JMU does not give a fuck about you they just want your money and will not refund you if and when shit hits the fan,word of advice: don’t buy parking passes/meal plans/books/etc until you actually know campus is gonna be open and stay open cause JMU does not give a fuck about you they just want your money and will not refund you if and when shit hits the fan,2020-08-02 11:12:51,123
comment,word of advice: don’t buy parking passes/meal plans/books/etc until you actually know campus is gonna be open and stay open cause JMU does not give a fuck about you they just want your money and will not refund you if and when shit hits the fan,Parking services has been pushing people to buy their passes before the semester even starts. They'll give a refund if we move online. 17 bucks. If we're lucky.,2020-08-02 12:14:59,48
comment,word of advice: don’t buy parking passes/meal plans/books/etc until you actually know campus is gonna be open and stay open cause JMU does not give a fuck about you they just want your money and will not refund you if and when shit hits the fan,"I was thinking about getting the meal plan done in a week or two, but you're right, who knows how much I would be refunded... Good advice.",2020-08-02 12:42:32,21
comment,word of advice: don’t buy parking passes/meal plans/books/etc until you actually know campus is gonna be open and stay open cause JMU does not give a fuck about you they just want your money and will not refund you if and when shit hits the fan,"If I’m an upperclassman living on campus (a mistake already, I know), and need to bring my car with me, what’s the safest bet for parking my car until I’m sure we’re staying?",2020-08-02 12:49:28,5
comment,word of advice: don’t buy parking passes/meal plans/books/etc until you actually know campus is gonna be open and stay open cause JMU does not give a fuck about you they just want your money and will not refund you if and when shit hits the fan,no meal plan refund if we get sent back?,2020-08-02 18:06:45,2
comment,word of advice: don’t buy parking passes/meal plans/books/etc until you actually know campus is gonna be open and stay open cause JMU does not give a fuck about you they just want your money and will not refund you if and when shit hits the fan,It will be like this for basically every university; once they have your money they will be VERY reluctant to give it back. It will become a credit in your student account. If you graduate with a credit? Don't hold your breath until you get your money back...,2020-08-02 20:10:59,2
comment,word of advice: don’t buy parking passes/meal plans/books/etc until you actually know campus is gonna be open and stay open cause JMU does not give a fuck about you they just want your money and will not refund you if and when shit hits the fan,Thank you for this post! I keep receiving parking pass deadline reminders. They indeed are pushing it. I wouldn't recommend getting any of these until we know for sure what JMU is actually planning on doing this Fall. I was thinking of getting a meal plan too but I'll use cash to eat on campus for now. Great advice! Thanks :)),2020-08-03 22:54:26,1
comment,word of advice: don’t buy parking passes/meal plans/books/etc until you actually know campus is gonna be open and stay open cause JMU does not give a fuck about you they just want your money and will not refund you if and when shit hits the fan,Parking services can stick all the cacti in the world up their bumb. The worst.,2020-08-02 20:13:44,15
comment,word of advice: don’t buy parking passes/meal plans/books/etc until you actually know campus is gonna be open and stay open cause JMU does not give a fuck about you they just want your money and will not refund you if and when shit hits the fan,"A couple semesters back I switched to just using Flex for everything. You lose a bit of money if you eat at D or E halls a lot, but I see it as worth it for the security of it never expiring.",2020-08-02 17:33:00,7
comment,word of advice: don’t buy parking passes/meal plans/books/etc until you actually know campus is gonna be open and stay open cause JMU does not give a fuck about you they just want your money and will not refund you if and when shit hits the fan,You should probably find a friend who has a house and park there. Otherwise you’re gonna have to park on campus and pay for the pass.,2020-08-02 13:13:52,8
comment,word of advice: don’t buy parking passes/meal plans/books/etc until you actually know campus is gonna be open and stay open cause JMU does not give a fuck about you they just want your money and will not refund you if and when shit hits the fan,Use hunters road. Street park there it’s next to that drive thru Starbucks and gas station.,2020-08-02 16:43:18,9
comment,word of advice: don’t buy parking passes/meal plans/books/etc until you actually know campus is gonna be open and stay open cause JMU does not give a fuck about you they just want your money and will not refund you if and when shit hits the fan,"Someone already said it, but I’ll say it too for emphasis: hunter’s road right by the Starbucks (the one that’s right next to hunter’s ridge apartments) is free 24/7 parking and is a quick walk from campus.",2020-08-02 17:09:47,5
comment,word of advice: don’t buy parking passes/meal plans/books/etc until you actually know campus is gonna be open and stay open cause JMU does not give a fuck about you they just want your money and will not refund you if and when shit hits the fan,The Harrison has guest spots you can park in (I graduated in 2018 so they could have changed the rules but AFAIK that was the case at the time). I can probably mark out a map for you if you want it,2020-08-02 16:06:03,5
comment,word of advice: don’t buy parking passes/meal plans/books/etc until you actually know campus is gonna be open and stay open cause JMU does not give a fuck about you they just want your money and will not refund you if and when shit hits the fan,I live in the Harrison and there’s visitors parking at the back of the complex,2020-08-05 14:38:48,1
comment,word of advice: don’t buy parking passes/meal plans/books/etc until you actually know campus is gonna be open and stay open cause JMU does not give a fuck about you they just want your money and will not refund you if and when shit hits the fan,"A few years ago I was given a teacher paper parking pass to put in my window while I worked on campus over the summer. Well the person wrote the pass for May of 2014 through late August of 2015, instead of August of 2014. I had a parking pass decal on my car from the previous year. So there were a few times I saw parking services looking at that, seeing the temporary pass, and leaving in defeat. I got a couple of tickets, which i successfully protested and was able to keep the pass as I had proof of being a paid employee of the university (as in, paid by JMU, not Aramark or something) while I was a student. It brought me so much joy.",2020-08-03 10:14:07,8
comment,word of advice: don’t buy parking passes/meal plans/books/etc until you actually know campus is gonna be open and stay open cause JMU does not give a fuck about you they just want your money and will not refund you if and when shit hits the fan,Yeah my tentative plan is to go with Dining Dollars and buy groceries to cover the rest.,2020-08-02 17:41:59,3
comment,word of advice: don’t buy parking passes/meal plans/books/etc until you actually know campus is gonna be open and stay open cause JMU does not give a fuck about you they just want your money and will not refund you if and when shit hits the fan,Lmao why did he bring a boat to college,2020-08-03 00:18:28,5
comment,word of advice: don’t buy parking passes/meal plans/books/etc until you actually know campus is gonna be open and stay open cause JMU does not give a fuck about you they just want your money and will not refund you if and when shit hits the fan,Solid plan!,2020-08-02 17:43:14,2
comment,word of advice: don’t buy parking passes/meal plans/books/etc until you actually know campus is gonna be open and stay open cause JMU does not give a fuck about you they just want your money and will not refund you if and when shit hits the fan,how do you put money into flex? i just luckily got out of my dorm and changed to being a commuter & i’m considering just eating packed food mostly and eating lunch at campus every day,2020-08-02 19:17:14,2
comment,word of advice: don’t buy parking passes/meal plans/books/etc until you actually know campus is gonna be open and stay open cause JMU does not give a fuck about you they just want your money and will not refund you if and when shit hits the fan,"I would recommend you do Dining dollars gold. With DDG, you get 5% off on campus & pay no tax. You don’t get that with flex, I’m pretty sure. You can call card services to set it up & upload money over the phone or online. This is what I did for 3+ years living off campus. I mostly packed meals but would load $100-200 a semester for when I was super busy and didn’t have time to cook or pack.",2020-08-02 20:05:30,3
comment,word of advice: don’t buy parking passes/meal plans/books/etc until you actually know campus is gonna be open and stay open cause JMU does not give a fuck about you they just want your money and will not refund you if and when shit hits the fan,"> You don’t get that with flex, I’m pretty sure Yep - Flex is exactly like cash, but via your JAC card.",2020-08-02 20:36:20,2
comment,word of advice: don’t buy parking passes/meal plans/books/etc until you actually know campus is gonna be open and stay open cause JMU does not give a fuck about you they just want your money and will not refund you if and when shit hits the fan,can you use student loan money to load onto that account? i would be using it to pay for a meal plan anyways so that would make sense to me,2020-08-02 21:23:01,1
comment,word of advice: don’t buy parking passes/meal plans/books/etc until you actually know campus is gonna be open and stay open cause JMU does not give a fuck about you they just want your money and will not refund you if and when shit hits the fan,"As long as your loans are getting refunded to you, you can really use them for whatever you’d like. So yes, you can load that money onto the DDG account",2020-08-03 02:27:45,1
post,When I'm going to the library but I see the clubs and frats posted up all over Warner Commons,When I'm going to the library but I see the clubs and frats posted up all over Warner Commons,2020-01-29 22:08:42,123
comment,When I'm going to the library but I see the clubs and frats posted up all over Warner Commons,Relatable. Except I cut through by the honors college,2020-01-29 22:16:12,23
comment,When I'm going to the library but I see the clubs and frats posted up all over Warner Commons,"Question: who is the Warner in Warner Commons? Back when I was a student, it was just ""The Commons"".",2020-01-29 23:25:28,14
comment,When I'm going to the library but I see the clubs and frats posted up all over Warner Commons,Biking through helps.,2020-01-29 22:44:45,9
comment,When I'm going to the library but I see the clubs and frats posted up all over Warner Commons,Fake a phone call,2020-01-31 22:01:25,2
comment,When I'm going to the library but I see the clubs and frats posted up all over Warner Commons,me too screw that caution tape,2020-01-29 22:34:15,16
comment,When I'm going to the library but I see the clubs and frats posted up all over Warner Commons,Dr. Mark Warner - Senior Vice President of Student Affairs. He retired at the end of the 2017-2018 school year and was absolutely the best person on JMU's campus.,2020-01-29 23:36:12,19
comment,When I'm going to the library but I see the clubs and frats posted up all over Warner Commons,I agree but not when it’s cold 😬,2020-01-29 22:45:05,2
comment,When I'm going to the library but I see the clubs and frats posted up all over Warner Commons,aww i had no idea they renamed it for him!! i remember being an RA and he dropped in during move-in day and complimented me on my spirited purple and gold nail polish 😂 what a kind dude,2020-01-29 23:46:46,10
comment,When I'm going to the library but I see the clubs and frats posted up all over Warner Commons,"Ah, yes, I remember him. Good guy. I hope he enjoys his retirement.",2020-01-30 00:20:26,7
post,Cursed cookout,Cursed cookout,2018-10-12 12:30:31,124
comment,Cursed cookout,That sunset was crazy yesterday!!,2018-10-12 12:52:25,23
comment,Cursed cookout,Maybe it's nature's way of kicking off autumn...,2018-10-12 15:06:52,10
comment,Cursed cookout,"If I hadn't seen it myself, I would assume that this was some kind of filter. It was eerie!",2018-10-12 22:25:07,3
post,"Last night, Ben DiNucci became the first-ever JMU QB to play in an NFL game!","Last night, Ben DiNucci became the first-ever JMU QB to play in an NFL game!",2020-10-20 07:54:50,125
comment,"Last night, Ben DiNucci became the first-ever JMU QB to play in an NFL game!",Great to see @B_DiNucci6 out there tonight! \#NFLDukes *** posted by [@JMUFootball](https://twitter.com/JMUFootball) Photos in tweet | [Photo 1](http://pbs.twimg.com/media/EkvfrotWkAMLcfC.jpg) ^[(Github)](https://github.com/username) ^| ^[(What's new)](https://github.com/username),2020-10-20 07:55:14,5
post,Monitor someone put on the quad,Monitor someone put on the quad,2020-03-20 11:39:46,122
comment,Monitor someone put on the quad,I know the person who did it and and that person is an amazing human,2020-03-20 15:07:28,17
comment,Monitor someone put on the quad,I wouldn't touch that sharpie without gloves...,2020-03-20 23:50:01,2
comment,Monitor someone put on the quad,"Based on the website, it sounds like they will, but I imagine that it won't be the same as a ""normal"" commencement. I imagine that turnout will probably be much lower because it's going to be a hard ask to get everyone to come back to dwell on the past. People will have mentally moved on, and I'm sure that many won't be able to make it or willing to go. In other words, I think that for many, the moment will have passed, and there will be no replacing it.",2020-03-20 19:21:47,10
comment,Monitor someone put on the quad,Seems likely that it was destined for the dump anyways. And it’s a nice piece of art if that something you’re into.,2020-03-20 12:42:30,8
comment,Monitor someone put on the quad,"Idk what the first comment says but you’re correct, it was a broken monitor. Definitely put to better use than the dump.",2020-03-20 16:36:21,6
comment,Monitor someone put on the quad,"[According to Removeddit](https://www.removeddit.com/r/jmu/comments/flx2gc/monitor_someone_put_on_the_quad/), /u/Helpful-Astronomer said, ""What a waste of a monitor."" I can understand why they deleted their comment.",2020-03-20 19:24:17,-1
post,happy assessment day,happy assessment day,2020-02-11 08:00:38,125
comment,happy assessment day,"My team produced this video! Back when I worked in the libraries. It was a fun project. It was the Assessment people who wrote the script, lol",2020-02-11 10:36:09,21
comment,happy assessment day,Will someone explain this to me? I must be a dullard.,2020-02-11 09:02:00,12
comment,happy assessment day,I need more assessment memes,2020-02-11 12:42:45,10
comment,happy assessment day,Someone meme the clip of Alger in the video please,2020-02-11 23:07:18,1
comment,happy assessment day,That's so awesome. Wish I had done SMAD,2020-02-11 12:20:51,4
comment,happy assessment day,It made me crack an actual smile before doing the assessment and I was not in a great mood at the time.,2020-02-14 00:37:36,2
comment,happy assessment day,"Probably a joke on the ""no electronics"" policy. I don't remember because my assessment day was last year.",2020-02-11 10:14:47,11
comment,happy assessment day,"Aw, that's awesome to hear! That was the plan, so I'm glad to hear it worked!",2020-02-14 01:51:21,1
comment,happy assessment day,they also played this video before everyone’s assessment today lol,2020-02-11 11:48:27,8
comment,happy assessment day,OHHH YEAH that's right I remember that,2020-02-11 12:20:24,4
post,Make good decisions tonight Dukes :),Make good decisions tonight Dukes :),2020-10-31 12:02:31,122
comment,Make good decisions tonight Dukes :),We are doing a live stream for everyone to party to instead! Huge production with live DJs and lights - check it out if you like techno - twitch.tv/synthesisdc,2020-10-31 19:15:46,9
comment,Make good decisions tonight Dukes :),**I found links in your comment that were not hyperlinked:** * [twitch.tv/synthesisdc](https://twitch.tv/synthesisdc) *I did the honors for you.* *** ^[delete](https://www.reddit.com/message/compose?to=%2Fu%2FLinkifyBot&subject=delete%20gaqqxp9&message=Click%20the%20send%20button%20to%20delete%20the%20false%20positive.) ^| ^[information](https://np.reddit.com/u/LinkifyBot/comments/gkkf7p) ^| ^<3,2020-10-31 19:16:00,8
post,JMU Eliminates DEI,JMU Eliminates DEI https://www.breezejmu.org/news/jmu-eliminates-dei/article_fcdb280c-a09f-4c64-a33f-cf102c5dfe52.html,2025-04-11 16:29:51,120
comment,JMU Eliminates DEI,"This shouldn't surprise anyone. UVA, Tech and VCU have all already done it. It is very much an ""if you want to keep getting funding, you don't have a choice"" scenario. Thankfully they're putting the money into scholarships and CMSS, so probably a lot of the people who benefit from DEI programs will still get something out of it.",2025-04-11 18:25:15,104
comment,JMU Eliminates DEI,"JMU has to comply or risk losing federal funding, which would be disastrous. So don’t blame JMU. Blame Trump and anyone that voted for him.",2025-04-11 19:09:09,87
comment,JMU Eliminates DEI,It’s the smart play. Feign compliance to keep doing the right thing under the radar. Hope students on campus see the thinking and reality behind it.,2025-04-12 11:48:08,6
comment,JMU Eliminates DEI,"If you look at the Board of Visitors, and who selected all of them, you’ll see why they are in line with our current federal administration…",2025-04-11 21:47:02,9
comment,JMU Eliminates DEI,"Based on the article, it looks like they tried to minimize the damage and moved a lot of it under different departments. Hopefully, this is true. Even if it is, it would’ve been really cool to see JMU stand up to this administration. Even if it was unlikely",2025-04-12 10:00:38,5
comment,JMU Eliminates DEI,"I do not understand why they would, it just generates bad press and a bad reaction from their students",2025-04-11 17:40:12,12
comment,JMU Eliminates DEI,That’s really disappointing but can’t say I’m surprised at this point in the shit show.,2025-04-11 18:16:35,7
comment,JMU Eliminates DEI,"They eliminated the DEI office. In other words, they reduced the administrative bureaucracy. It does not mean that they have abandoned DEI.",2025-04-11 18:54:37,4
comment,JMU Eliminates DEI,"I’m glad to see it, you should be accepted based on academics not skin color or background",2025-04-14 19:16:57,2
comment,JMU Eliminates DEI,"All business are fair-weather friends. They go with what will give them the best outcomes financially at any given time, regardless of morals. Yes, universities are businesses at the end of the day.",2025-04-12 00:11:48,1
comment,JMU Eliminates DEI,"Outside of Princeton, they all rolled over to facism. Cowards.",2025-04-13 16:55:51,-1
comment,JMU Eliminates DEI,Good! Stay woke go more broke!,2025-04-11 19:16:27,-54
comment,JMU Eliminates DEI,Great news! That racist program should be completely abolished on a federal level.,2025-04-12 11:29:51,-12
comment,JMU Eliminates DEI,Great news!,2025-04-11 20:24:21,-8
comment,JMU Eliminates DEI,That’s how I think they’re swinging this. Moving all the money into “totally not DEI related scholarships” and then bringing in the same people they would’ve recruited under DEI initiatives. Instead of publicly defying the government they make all their decisions proprietary and behind closed doors away from the prying eyes of the federal government. “Why’d you select such a diverse range of candidates for these scholarships?” “Oh we just liked them… a lot… just like a lot a lot…” Genius idea considering if the party in power switches Donald’s executive orders are all ripe for repealing and they can just restart their DEI stuff.,2025-04-11 21:03:44,32
comment,JMU Eliminates DEI,Or didn’t vote.,2025-04-11 20:20:22,43
comment,JMU Eliminates DEI,"They can sue, what Trunp is doing isn't legal",2025-04-13 16:56:19,3
comment,JMU Eliminates DEI,*thank Trump,2025-04-14 10:59:13,-1
comment,JMU Eliminates DEI,Still would be nice for the administration to make a stand for marginalized people… But as long as they foster an accepting and diverse culture I get feigned compliance to avoid being targeted.,2025-04-12 14:23:56,1
comment,JMU Eliminates DEI,"Blatantly standing up to the Trump administration is not something that you want a state agency to do, especially when funding is involved. Leave the standing up to Trump to the elected officials, not the bureaucrats.",2025-04-13 19:14:04,3
comment,JMU Eliminates DEI,"unfortunately it is about money! as always! the federal government has been ending funding for basically anything that promotes DEI. So if universities want to keep receiving federal funding, they will likely eliminate their DEI programs rather than devoting their precious resources to push for what would actually be good for students! also, members of jmu's board of visitors (who issued this resolution) are appointed by VA governor- currently conservative Glenn Youngkin",2025-04-11 18:17:47,14
comment,JMU Eliminates DEI,"If it's like other public agencies that I've seen, they didn't actually eliminate anything. All they did was make the ""bad"" department disappear, while transferring all of the functions of that department to other parts of the agency. So at the end of the day, a few people changed job titles and got new business cards, and that was about it.",2025-04-13 19:18:17,2
comment,JMU Eliminates DEI,"Hopeful perspective, fingers crossed!",2025-04-11 19:06:16,-4
comment,JMU Eliminates DEI,100% correct I'm glad somebody knows the truth.,2025-04-16 10:08:57,1
comment,JMU Eliminates DEI,"Princeton is a private school, while JMU is public. Private schools have a lot more leeway on standing up for some things because they are independent, and not an arm of the state government.",2025-04-13 19:19:46,3
comment,JMU Eliminates DEI,"Yep. Like WMATA up in DC, it sounds like they're just rearranging a few titles and continuing the same initiatives under other names.",2025-04-13 18:37:37,3
comment,JMU Eliminates DEI,That part. The people who didn't vote at all are very much a part of the problem.,2025-04-13 18:38:28,4
comment,JMU Eliminates DEI,It’s sad because I don’t think 99% of the administration even understands what DEI is or means. I saw Pete Hegseth talk about DEI budget cuts recently but he then referred to climate related programs. Basically anything that they don’t like = DEI.,2025-04-11 20:29:49,16
comment,JMU Eliminates DEI,That's about what I expected. And yet the usual suspects on Reddit and the Facebook page are losing their crap over it. Let no opportunity to virtue signal go to waste.,2025-04-14 10:00:14,2
post,anyone know what's happening?,anyone know what's happening?,2022-02-07 16:25:41,123
comment,anyone know what's happening?,Suicide. Someone jumped off the top. Overheard some police talking about it.,2022-02-07 16:45:09,43
comment,anyone know what's happening?,this is heartbreaking. to every person reading this please know you are so loved 🤍,2022-02-07 18:09:30,42
comment,anyone know what's happening?,"I don’t know how to put this gently, but suicide hotline numbers and more counseling at JMU isn’t what’s going to solve this.",2022-02-07 19:03:23,83
comment,anyone know what's happening?,Suicide from the top of the parking deck.,2022-02-07 16:44:41,36
comment,anyone know what's happening?,Remember when JMU said last year they were making cutbacks on their counseling services?,2022-02-07 17:13:33,85
comment,anyone know what's happening?,"I'm part of an alumni group on FB. The editor of The Breeze popped on and asked if we had quotes. The post was shut down right after that. Pretty hard to have quotes from alumni if alumni don't know what TF is happening. What exactly is going on down there? From what I gather here, it was two suicides in a week. Two suicides in a week is a tragedy that needs to be talked about. My heart goes out to the families and friends of the students involved. No parent should bury their child. It's a tragedy for which there is no word in the English language. Maybe the mod of the FB group thought it was better to stop discussion. I can respect their reasoning. But tell us. Please.",2022-02-07 20:17:54,28
comment,anyone know what's happening?,So there was another student just this week?,2022-02-07 18:22:44,20
comment,anyone know what's happening?,"Alger just sent an email addressing this and the previous suicide, apparently this was not a student. Still absolutely tragic. Classes have been canceled tomorrow and there are counseling opportunities available.",2022-02-07 21:39:59,21
comment,anyone know what's happening?,"Suicide, my buddy saw the body on his way back to his dorm",2022-02-07 21:08:44,20
comment,anyone know what's happening?,Did this happen at 4pm? I was on my way out when it happened Edit: By the looks of it I was already off campus by the time the incident likely happened,2022-02-07 17:17:45,18
comment,anyone know what's happening?,This is heartbreaking. I hope that JMU Addresses this.Two suicides in a week cannot be swept under the rug.,2022-02-07 18:13:39,40
comment,anyone know what's happening?,"Second suicide?! Why haven’t I heard about the first one? I can’t even find anything about it, just random stuff from Twitter.",2022-02-07 18:25:26,19
comment,anyone know what's happening?,when will jmu address the clear mental health issue here & in the state as of late,2022-02-07 17:33:28,46
comment,anyone know what's happening?,"Recent alum here. Clearly it seems like JMU needs to A) address what is going on and B) maybe give students a mental health day or something like that because clearly things are not well rn. Thoughts and prayers out to the families as well as anyone else involved. If you are suffering, please please reach out to someone, you aren’t alone.",2022-02-07 18:31:44,34
comment,anyone know what's happening?,There’s a petition going around for JMU to get better counseling services in light of everything happening https://chng.it/4c85CzXVLD. If the petition gets enough attention than hopefully JMU will pay more attention to what students want regarding counseling.,2022-02-07 18:35:13,33
comment,anyone know what's happening?,my sisters friend witnessed it can’t imagine,2022-02-07 22:14:38,11
comment,anyone know what's happening?,"This announcement just went out from President Alger: Dear JMU Community, It is with a very heavy heart that I write to all of you tonight. We continue to process the loss of one of our students from last week and the tragedy at Bridgewater College. Today, an individual died on our campus and while it is our understanding at this time that they were not a JMU student, faculty or staff member, this has shaken all of us. We offer our deepest condolences to their family and friends. In order to give our community the time and space we need, the university will cancel Assessment Day and no classes will be held on Tuesday, Feb. 8. We will also be providing additional spaces for students to meet with counseling professionals experienced with loss during the times below on Tuesday, Feb. 8. Meeting times and locations for students: • 1 p.m. - 3 p.m. in Taylor 302 • 1 p.m. - 3 p.m. in Taylor 303 • 1 p.m. - 3 p.m. in Festival Conference room 7 For additional support please reach out to: • Counseling Center, 540-568-6552 • Dean of Students Office, 540-568-6468 • After-hours mental health emergency support, 540-568-6552, press ""1"" • Sentara RMH Emergency Department, 540-689-1414 • Self-Help resources available through the University Counseling Center • TAO mental health resources • Crisis Text Line – Text HOME to 741741 to reach a crisis counselor • Counseling Center’s Additional 24/7 Emergency Resource Information These difficult moments can often lead to overwhelming feelings and questions. Please know that you are a valued member of the JMU community and we care deeply about each of you. I encourage you to support each other, to check in on your friends and colleagues, and to seek additional support if you feel you may need it. We are planning additional ways to come together as a community in support, solidarity and hope in the days and weeks to come. With caring thoughts, Jonathan Alger, President James Madison University 91 Alumnae Dr MSC 7608 Harrisonburg, VA 22807 president@jmu.edu",2022-02-07 21:41:42,11
comment,anyone know what's happening?,"Alum with MDD here. College is hard. You have to work hard, and for what? A number on a piece of paper? Sometimes that number isn't even good. I had like a 2.6, but guess what? Almost everyone I work with and many random people I talk to tell me how clever I am. Nobody brings up their grades in the real world. Turns out it's way more compelling to do the work when you're getting paid to. You are surrounded by so many happy people, but you're not happy. That's not fair! ""Happiest place in earth,"" kinda seems like any other place on earth, but with more drunk college kids. The happiest place on my earth came last year - in the middle of a global pandemic, during a very tumultuous political year, isolated from almost all friends including a former best friend of 10y, in a 875sf apartment I paid way too much for, with a crazy hectic work schedule - when I got my first puppy. This puppy dog fills my heart. If you tough it out, then you can find peace. You can earn your way. It might take some time after you graduate, but once you get your foot in the door the dominoes begin to fall. You can get the experience. It's a lot easier to do some bullshit work when you're getting paid to do it. It's a lot easier to sleep when you're allowed to put your work down and pick it back up on Monday. It's a lot easier to take a deep fucking breath after school. It seems so trite for me to sit here and type out, ""it gets better,"" so I hope giving examples had more impact. I had my suicide planned. I walked by the spot every week. I had the tools in my backpack every day to string myself up. One day in particular the thing that got me out of bed at 3pm was flipping a coin and it landing on that I was going to kill myself. Now, looking back, I'm glad I came to in time. Thank you for reading my novel.",2022-02-08 01:09:24,20
comment,anyone know what's happening?,"I love how the most negative people I have ever met in my life will post one of the generic posts and act like they helped something. Maybe instead of the whole student population sharing the same hotline number, you should take it upon yourself to help others in the jmu community and not be a complete ass. I have been a student at jmu for 4 years now and can count on one hand how many times I've received help from a fellow student. I also was never aware that jmu had any sort of mental health counseling until today. Pretty crazy how it takes two suicides in a week for anyone to acknowledge, or care, that mental heath is a real, very serious issue across any student population. Having lived with mental health issues, I can also say that counciling, hotlines, etc. don't help me, and most likely don't help a lot of others like people expect them to. Please don't act like this is the end all be all. It's incredibly frustrating that people will try to act like they care about the mental health of others during a tragedy like this, but continue to live their self centered, judgemental lives right after posting the story. This problem is far deeper than most people will understand, and the only way anything will ever change is if we stop degrading each other at any chance we get and respect one another. Starts one person at a time.",2022-02-08 03:10:42,20
comment,anyone know what's happening?,Just last semester one of my friends was feeling really bad mentally and went to the counseling center and they told him the wait would be 3-4 weeks before speaking to someone. The center was packed with people hoping to talk to someone. Then he got a 4 page list of people to call. He called and so many were not taking new patients. This is not acceptable! He ended up not coming back this semester to take some time off.,2022-02-08 14:31:51,8
comment,anyone know what's happening?,"I graduated in 2019 but still get alerts from campus. Man, that’s sad to hear",2022-02-07 21:03:08,8
comment,anyone know what's happening?,"Tragic. Praying for all of the JMU community, especially those directly connected to this person. It’s tough.",2022-02-07 21:10:40,6
comment,anyone know what's happening?,"JMU has to address this now. It’s absolutely ridiculous that they were silent for the student last week in the arboretum, but there’s absolutely no excuse now. 2 suicides within a week of each other with no official statement is unacceptable.",2022-02-07 19:47:47,15
comment,anyone know what's happening?,"Looks like a medical emergency, according to PulsePoint.",2022-02-07 16:33:11,8
comment,anyone know what's happening?,Their counseling is pretty shit they brought a police to escort my sister to the hospital a few years back. I rmbr it was traumatizing for her because she said she felt like she was doing something wrong.,2022-02-07 20:00:34,7
comment,anyone know what's happening?,JMUs Instagram says it wasn't a student,2022-02-08 09:19:34,2
comment,anyone know what's happening?,"I pray the student last week didn't harm himself over not getting a frat interview. Those invites came out 1/31. Sounds superficial, but it can be upsetting Not getting accepted is an awful feeling and can really damage someone’s psyche.",2022-02-08 15:48:12,1
comment,anyone know what's happening?,Has any information been released on who was the person that died? Does anyone know?,2022-02-15 22:12:36,1
comment,anyone know what's happening?,Harrisonburg Community Health Center has great counselors. My daughter goes there and she loves talking to her counselor and she doesn't like talking to people. My heart ❤️ goes out to all students on JMU campus. Please talk to someone anybody. 🙏🙏,2022-03-06 12:48:34,1
comment,anyone know what's happening?,"Is this confirmed? Jesus is that two suicides in a week? Wtf is going on this semester, fucking tragic Edit: Suicide Prevention Hotline is 800-273-8255, *please* reach out, anyone, if you are experiencing a crisis or think you may be, and are in need of someone to talk to. You are not alone. There are people who care, and your life is worth living, no matter what it feels like right now.",2022-02-07 16:45:17,76
comment,anyone know what's happening?,Where is this,2022-02-07 22:32:25,-10
comment,anyone know what's happening?,"Yup. The state of mental health in the world today is pretty abysmal. COVID ruined so many things, student debt is a crisis, the job market is horrible, social media is ridiculously unhealthy, etc. Something huge needs to change, & not just at JMU. I don’t think anybody knows what that change is, though, or if it even exists.",2022-02-07 19:59:20,40
comment,anyone know what's happening?,"While it may not solve it, it would certainly help. I went to the counseling center last semester and told them I was having regular suicidal thoughts. I was told they had too many students seeking help to get me an appointment. They tried finding a place for me to go outside of JMU but with my mom's job, our insurance isn't great, and I'm unable to afford counseling out of pocket. I haven't spoken to anyone yet. The most I've heard is a couple follow up emails from a case manager to try and find more options in the community.",2022-02-07 20:43:20,24
comment,anyone know what's happening?,"But what will, though?",2022-02-07 19:57:06,1
comment,anyone know what's happening?,They don’t have enough staff. It wasn’t by choice there’s just so many people who need the help and not enough counselors.,2022-02-07 17:35:42,19
comment,anyone know what's happening?,Don’t think those services would make a difference in some cases,2022-02-07 19:31:49,4
comment,anyone know what's happening?,What you can find on this post is basically all anyone knows at this point.,2022-02-07 21:44:55,6
comment,anyone know what's happening?,"Same, I had no idea until this post :(",2022-02-08 09:36:49,2
comment,anyone know what's happening?,"A freshman, found in the arboretum and ruled a suicide, on the 31st I believe. It’s absolutely horrible.",2022-02-07 18:30:18,24
comment,anyone know what's happening?,Aren’t classes already cancelled tomorrow due to assessment day?,2022-02-07 23:02:38,8
comment,anyone know what's happening?,Hugs to your friend. Check in on him frequently over the next few weeks or months... that's a lot to process and almost certainly will take an emotional toll.,2022-02-07 21:51:45,34
comment,anyone know what's happening?,i posted this right when it was happening. don't remember exactly but somewhere around 4:30,2022-02-07 20:23:06,6
comment,anyone know what's happening?,"The other student is getting an obit in the Breeze, it’s not really being swept under the rug just being respectful of the family’s wishes. There is clearly a mental health issue on campus though and they really need to address it",2022-02-07 20:15:46,24
comment,anyone know what's happening?,According to the Breeze the person that jumped was not affiliated with the University. But still tragic.,2022-02-08 12:15:25,1
comment,anyone know what's happening?,"not sure if this was the one from last week, but it seems to fit, https://www.legacy.com/us/obituaries/pilotonline/name/dylan-rowell-obituary?id=32668760",2022-02-07 18:29:26,16
comment,anyone know what's happening?,His family understandably didn’t want a lot of attention so JMU kept it on the down low,2022-02-07 18:31:55,16
comment,anyone know what's happening?,I can’t find anything either.,2022-02-07 18:30:04,3
comment,anyone know what's happening?,the family wanted their privacy to be respected,2022-02-08 14:24:19,2
post,you guys fell for JMU's propaganda,"you guys fell for JMU's propaganda notice how there's non socially distanced events taking place on campus and JMU doesn't seem to care? notice how the entire tone of the administration has been saying that if we want to stay its up to the students behavior? &#x200B; it's because their entire plan behind closed doors was to pin the blame of sending everyone home on the students &#x200B; the truth is, there is no way everyone WASN'T going to be sent home, they just didn't want to be to blame. stop being alger's footsoldiers and blaming and reporting fellow students. put the blame on the ADMINISTRATION, and don't fall for their PR tricks. I wouldn't even doubt that they had people on here pushing their message for them. &#x200B; no matter what happens, it is NOT our fault. harrisonburg has been a hotspot for coronavirus since the outbreak began. want to know what's really going on? &#x200B; [**Jonathan Alger**](https://data.richmond.com/salaries/2018/state/james-madison-university/jonathan-alger)**President James Madison University$525,590** [**Michael Houston**](https://data.richmond.com/salaries/2018/state/james-madison-university/michael-houston)**Professional - Instructor$390,113**[**Charles King**](https://data.richmond.com/salaries/2018/state/james-madison-university/charles-king)**Admin - Assistant Professor$301,947** [**H**](https://data.richmond.com/salaries/2018/state/james-madison-university/heather-coltman)[**eather Coltman**](https://data.richmond.com/salaries/2018/state/james-madison-university/heather-coltman)**Administrative - Professor$287,000** [**Louis Rowe**](https://data.richmond.com/salaries/2018/state/james-madison-university/louis-rowe)**Professional - Instructor$270,478** [**Jeffrey Bourne**](https://data.richmond.com/salaries/2018/state/james-madison-university/jeffrey-bourne)**Admin - Associate Professor$240,000** [**Robert Kolvoord**](https://data.richmond.com/salaries/2018/state/james-madison-university/robert-kolvoord)**Administrative - Professor$209,963** [**Donna Harper**](https://data.richmond.com/salaries/2018/state/james-madison-university/donna-harper)**Administrative - Instructor$208,000** [**Nicholas Langridge**](https://data.richmond.com/salaries/2018/state/james-madison-university/nicholas-langridge)**Admin - Assistant Professor$205,000** [**Michael Busing**](https://data.richmond.com/salaries/2018/state/james-madison-university/michael-busing)**Professor$204,500** [**Sharon Lovell**](https://data.richmond.com/salaries/2018/state/james-madison-university/sharon-lovell)**Administrative - Professor$201,168** [**Robert Kennedy**](https://data.richmond.com/salaries/2018/state/james-madison-university/robert-kennedy)**Professional - Instructor$200,000** [**Timothy Miller**](https://data.richmond.com/salaries/2018/state/james-madison-university/timothy-miller)**Administrative - Professor$198,000** [https://www.breezejmu.org/salary\_database/](https://www.breezejmu.org/salary_database/) go here and search ""adm"" to see the salaries of the administration, this is why they want to blame it on us. they want to keep your money. if they were up front with us, it would have been smarter to go to community college. instead you are down there sitting in a 5x5 white cinerblock room with nothing to do, no where to go, surrounded by the plague while alger sits in his mansion cashing in the 500k yearly paycheck. the JMU administration didn't take a paycut on their egregious salaries. &#x200B; &#x200B; IT IS THE JMU ADMINISTRATION'S FAULT, DO NOT FALL FOR THEIR PLAN TO BLAME US AND STOP BEING THEIR FOOTSOLDIERS. ITS ALL A PR SCAM",2020-08-25 10:22:48,117
comment,you guys fell for JMU's propaganda,"Or that time they covered up that football player hitting that girl on the bike in front of grace, I watched that happened and then it was like it never happened",2020-08-25 11:33:37,57
comment,you guys fell for JMU's propaganda,"I would suggest you also look at how much administrative staff with no teaching responsibilities make, and then look at how many adjuncts teach at JMU and how much they make. You are absolutely right that the plan all along has been to blame this on students. It’s happening in schools across the state. Writers in higher ed publications and blogs have been saying this all summer. Our current financial model for higher ed is unsustainable. Period. Covid just gave the house of cards a nudge, and schools blame the students.",2020-08-25 13:13:14,30
comment,you guys fell for JMU's propaganda,"Most people here have believed all along there was no chance we'd make it more than 2 weeks or so, but the alternatives for what to do this fall are sparse. Job market is terrible and community college isn't really an option for most upperclassmen. The sooner students graduate, the sooner they distance themselves from the administration.",2020-08-25 10:47:50,40
comment,you guys fell for JMU's propaganda,Am I the only one that’s kinda nervous to go back tomorrow? I feel this gloom like shit isn’t gonna be right. Don’t even want to buy a parking pass only to get sent home in a few weeks,2020-08-25 13:12:26,19
comment,you guys fell for JMU's propaganda,"addtionally, anyone else remember when JMU covered up multiple rapes AND tried to cover up the hypnotist giving everyone PTSD last frog week AND covered up one of their football players doing some sketchy abusive stuff? these people are CROOKED",2020-08-25 10:24:59,102
comment,you guys fell for JMU's propaganda,"With the exception of mask wearing, if you went through campus this week, you would've never guessed JMU admin even knew there was a virus. Why the hell were freshman required to walk around in 15 person groups? Why were there so many in-person activities being offered BY THE SCHOOL? JMU isn't even good at robbing students, otherwise they'd try to do everything in their power to keep people on campus until Sept. 14th or whenever the withdrawal date is.",2020-08-25 12:14:43,31
comment,you guys fell for JMU's propaganda,"This is completely beside the point but Michael Busing is the dean of COB, he’s not just a regular professor. There’d be riots in the streets if a professor got 200k lol But yeah, the administration just wants your money. While it’s still good to call out other students for being dumb, it was just a hastily planned money grab from JMU and an outbreak was always going to happen, regardless of people partying. Partying just makes it worse",2020-08-25 11:45:07,17
comment,you guys fell for JMU's propaganda,"I agree, but even with this, there’s still definitely a student responsibility to wear your mask and socially distance. When you all inevitably get sent home, there’s obviously going to be more that some students could have done to stop the spread, but ultimately, the blame falls on JMU for allowing students to come back in the first place.",2020-08-25 17:16:53,6
comment,you guys fell for JMU's propaganda,"You left off the part about Alger having his housing provided to him by the university in addition to his salary. I assume that the fancy house with the tennis court in Forest Hills is his house because it is owned by ""Visitors James Madison University Medical Arts"". If it isn't his house then one of the Breeze people on here should look into why the university has this property.",2020-08-26 10:03:59,4
comment,you guys fell for JMU's propaganda,If you don’t wear masks it’s totally your fault....,2020-08-25 17:52:58,3
comment,you guys fell for JMU's propaganda,At this point I almost feel like everyone should just be withdraw and force the state to prop up the schools. It’s despicable how “schools” have become sports organizations.,2020-08-26 22:23:09,1
comment,you guys fell for JMU's propaganda,i mean i already knew that it was for money so none of this surprises me.,2020-08-27 18:48:19,1
comment,you guys fell for JMU's propaganda,"this post is really surface level and uneducated, put some thought into it and notice the grand scheme, were all in a fucked up mess because of our corrupt government and mainstream media's fault.... stop bitching on admin",2020-08-26 01:37:02,-7
comment,you guys fell for JMU's propaganda,"Yeah people who are reporting people kinda blow.. tbh there’s no way covid doesn’t spread thru the dorms and dining halls... the students who go to parties are hurting themselves more than anyone else. So why report it? You’re not gonna get this year people, just le it go",2020-08-25 16:22:17,-8
comment,you guys fell for JMU's propaganda,What?? Is there a report about this?,2020-08-25 15:55:21,7
comment,you guys fell for JMU's propaganda,Wait what was this punching incident? When was it?,2020-08-26 22:23:30,1
comment,you guys fell for JMU's propaganda,"oh I do not think people should take a gap year. I'm just saying when we all get sent home, don't think that it's our fault. look at the admin salaries, that's all you need to know",2020-08-25 10:49:46,15
comment,you guys fell for JMU's propaganda,"Faculty and staff are feeling it too, and while there are some students in this sub trying to convince everyone it's not a big deal, there are plenty who feel as you do. I think you should definitely hold out on a parking pass as long as you can.",2020-08-25 13:24:19,19
comment,you guys fell for JMU's propaganda,"Honestly, since coming back to JMU my perspective on and fear of Covid has changed so much. I’m from a small town that didn’t really experience a rise in Covid, I was never scared and thought it’d be fine to go back to classes. Now that I’m here, I am scared. JMUs administrative actions have been negligent, irresponsible, and dangerous.",2020-08-25 13:52:50,13
comment,you guys fell for JMU's propaganda,"The fact they took no paycuts and eliminated many adjuncts seems like poor look. If we bounce back, who is willing to commit to a system that will betray it's most vulnerable. Maybe the golden handcuffs of upper admin makes them double down on keeping an unfair system alive. Getting paid more actually puts more pressure on them to sustain the model as is instead of innovating. ...Although siphoning some money to adjuncts working subsistence wages would be good. Especially now.",2020-08-25 12:02:46,37
comment,you guys fell for JMU's propaganda,"FYI. This isn't a JMU-specific problem. This same exact situation is happening in universities across the Southeast, Midwest, and Southwest. Education has needed reforming across the board ever since university presidents in America had a major shift away from an expertise in teaching and school administration to business and business administration. Schools are a service. Not a business. When experts in business and business administration run schools, this is what you see. Thank you for your post, OP. You've given us a stark reminder of the rhetoric the administration uses to blame students and cover up problems.",2020-08-25 13:07:50,24
comment,you guys fell for JMU's propaganda,Omg I TOTALLY forgot about the hypnotist thing lmao,2020-08-25 21:31:10,5
comment,you guys fell for JMU's propaganda,"so basically: you can be in JMU's 15 person groups(frog groups, going to physical class, etc), but if you want to be in your own private 15 person group JMU will enter your private life and say you can't btw, I'm not arguing for people to be gathering in any group, I'm just pointing out a double standard here",2020-08-25 12:17:24,21
comment,you guys fell for JMU's propaganda,I was a frog and walked around my group of 37 first-years....why did that happen???????,2020-08-30 16:47:05,1
comment,you guys fell for JMU's propaganda,"I was just posting the higher up salaries of people who are either admin or in pseudo admin roles, the site just had an improper listing of his role",2020-08-25 11:55:26,3
comment,you guys fell for JMU's propaganda,There are some con professors close to that but they are usually pretty darn good. And for bus professors if you can teach it at a good school you could make a lot as a senior manager somewhere else.,2020-08-25 13:27:42,1
comment,you guys fell for JMU's propaganda,"wow didn't know that, but yeah I am pretty sure that's it",2020-08-26 10:05:45,5
comment,you guys fell for JMU's propaganda,"it is... you talking about the orange brick one, swimming pool, tennis court? i spent many days running around that place as a little kid...",2023-06-08 15:19:44,1
comment,you guys fell for JMU's propaganda,"I think OP is trying to say coronavirus is going to spread anyways just from inevitable contact in the dorms.. like if every single person followed all the rules to a T, there would still be a breakout. OP is saying it is JMUs fault for not just putting us online, and they are stealing our money while doing, AND figured out a way to make the students blame eachother when it will spread regardless.",2020-08-25 21:34:51,5
comment,you guys fell for JMU's propaganda,"Nope, it was literally like it never happened. I remember people talking about it for the next week or so then that was it. And a little on yik yak since it was still a little bit alive then",2020-08-25 16:33:15,11
comment,you guys fell for JMU's propaganda,Sorry I’m late but no he hit her with his car!!,2020-09-01 12:40:26,1
comment,you guys fell for JMU's propaganda,"I completely agree. JMU has been extremely suspect in the past, but this is the most negligent thing they’ve ever done, and of course Miller has been hinting at it being all on the students for months. It’s all a joke, that baseball game had 400 people with nobody wearing masks on campus.",2020-08-25 11:10:12,18
comment,you guys fell for JMU's propaganda,"I mean, you did say we fell for propaganda. We didn’t fall for this, we knew this would happen and there weren’t better options. EDIT: at least not better options for the students to take",2020-08-25 11:17:22,9
comment,you guys fell for JMU's propaganda,The amount of backlash I got for posting a video and talking about how 10+ people are partying downtown with no masks was insane. They said “it’s going to happen. Inevitable” as if that’s supposed to make everyone feel better,2020-08-25 16:01:30,7
comment,you guys fell for JMU's propaganda,"There’s also been increased faculty teaching loads with no increase in pay, although tenture-track faculty have been granted (I think) a stopped-clock year.",2020-08-25 13:15:25,12
comment,you guys fell for JMU's propaganda,"Honestly, a private group seems safer than what's happening on campus. At least when your with your friends, you know where they've been. Freshman have no clue what precautions the other 14 people in their group have been taking before coming on campus. I guess at least they have masks on, but a flimsy cloth mask won't really protect you after spending 8 hours in a group with a person who has coronavirus.",2020-08-25 12:24:03,15
comment,you guys fell for JMU's propaganda,"JMU holds us to a higher standard than they hold themselves, it’s pretty laughable eh? A bunch of adults who have had many, many years to learn right from wrong, putting all responsibility on 18 year olds who are just now getting their first taste of what life not living with their parents is like. I was kinda on the “come on guys JMU is trying their best” boat up until I received that ghastly email from Alger that was clearly a thinly veiled attempt at shifting the blame to us when classes inevitably move online. I’m just glad I’m a 5th year who decided to commute from home this year to save money instead of getting an apartment.",2020-08-25 12:24:43,10
comment,you guys fell for JMU's propaganda,"400 people even allowed into JMU events in the first place (based on the tone they've put out) oh, but 11 person student parties are the problem",2020-08-25 11:12:04,15
comment,you guys fell for JMU's propaganda,"I've seen too much ""look at this group of 13 people hanging out"" and not enough ""why are we even back in the first place if the pandemic is as bad as JMU is acting like it is and why is jmu having giant baseball games with maskless gatherings on campus""",2020-08-25 11:19:06,12
comment,you guys fell for JMU's propaganda,I know there was an option for that.,2020-08-25 13:32:29,1
comment,you guys fell for JMU's propaganda,"The ""look at this group of 13 people"" posts are pretty new, mainly from the last week or so. It's been ""why are we even back"" posts all dang summer.",2020-08-25 13:27:33,5
post,when you register for your last gen ed,when you register for your last gen ed,2021-02-09 10:20:28,118
comment,when you register for your last gen ed,I feel like an outlier for taking health 100 with Dr. Stickney fall freshman year,2021-02-09 14:21:10,6
comment,when you register for your last gen ed,Easiest class of my life,2021-02-09 14:48:06,6
comment,when you register for your last gen ed,I keep forgetting I’m in a KIN class this semester,2021-02-09 16:34:32,6
comment,when you register for your last gen ed,I took it with Dr. Sutton fall freshman year,2021-02-09 17:31:30,4
comment,when you register for your last gen ed,sounds rough online,2021-02-09 21:48:17,1
post,JMU changes withdraw deadline to October 10th.,JMU changes withdraw deadline to October 10th.,2020-09-02 17:31:02,116
comment,JMU changes withdraw deadline to October 10th.,Credit where credit is due.,2020-09-02 18:43:34,78
comment,JMU changes withdraw deadline to October 10th.,Makes me feel *slightly* better.,2020-09-02 17:57:47,70
comment,JMU changes withdraw deadline to October 10th.,That really destroys all of our conspiracy theories and predictions. Which is probably why they did it... But credit where credit is due.,2020-09-02 22:19:35,27
comment,JMU changes withdraw deadline to October 10th.,this made me feel “cautiously optimistic”.,2020-09-02 21:31:56,26
comment,JMU changes withdraw deadline to October 10th.,now here is the question: will the withdraw date being later effect refund amounts? genuine question,2020-09-02 20:13:35,22
comment,JMU changes withdraw deadline to October 10th.,You have to respect this actually,2020-09-02 23:01:49,17
comment,JMU changes withdraw deadline to October 10th.,"O’ ye of little faith, I can’t believe you guys thought I would send everyone home as soon as the withdrawal deadline passed.",2020-09-02 18:26:52,43
comment,JMU changes withdraw deadline to October 10th.,Where was this posted? I can't find confirmation on the Registrar's website.,2020-09-03 10:14:15,2
comment,JMU changes withdraw deadline to October 10th.,Yes. https://www.jmu.edu/ubo/Withdrawal-Policy-Fall-2020.shtml,2020-09-03 12:22:07,1
comment,JMU changes withdraw deadline to October 10th.,They sent the information through your dukes email.,2020-09-03 10:17:18,5
comment,JMU changes withdraw deadline to October 10th.,"Wow, this should be bigger news",2020-09-03 12:23:35,1
post,Happened right on the quad,Happened right on the quad,2019-12-03 14:58:17,114
comment,Happened right on the quad,There was a video on JMU barstool if someone doing this on the steps by d hall but with the other kind of scooter.,2019-12-03 16:59:38,13
comment,Happened right on the quad,Outstanding recovery right there.,2019-12-04 10:28:55,5
post,Photos of the Quad Cats in their new home!,Photos of the Quad Cats in their new home!,2021-09-22 12:28:31,118
comment,Photos of the Quad Cats in their new home!,"Im gonna miss seeing them so so much, but it makes me super happy that they're safe, happy, and carefd for in their new home :)",2021-09-22 14:05:04,19
comment,Photos of the Quad Cats in their new home!,Awwww! Thank you so much for sharing these photos!,2021-09-22 13:58:29,6
comment,Photos of the Quad Cats in their new home!,What happened to the quad cats?,2021-09-22 19:41:36,3
comment,Photos of the Quad Cats in their new home!,They were rehomed! https://www.reddit.com/r/jmu/comments/pt9c4d/quad\_cat\_update/,2021-09-22 19:43:49,4
post,Quad Cat Update!,"Quad Cat Update! As some of you have already noticed, two of the Quad’s most iconic residents are missing: Jimmy and Dolley, the Quad Cats, were rehomed earlier this month and will no longer hold court in front of Burruss Hall and Carrier Library. Quad residents since 2010, Jimmy and Dolley have been unofficial main campus mascots and good luck charms. Following a bad leg injury during the summer, Jimmy was evaluated by a local vet who amputated the leg and recommended that Jimmy become an indoor-only cat. After Jimmy had recovered, caretakers picked up Dolley and took her to the vet for a health checkup before reuniting the siblings. At the checkup Dolley tested positive for feline immunodeficiency virus, or FIV, which meant being an indoor-only cat with Jimmy going forward was also in her best interests. Several people on-campus have taken care of the Quad Cats over the years, including CAL’s own Laura Wisman who has been the main coordinator for their care since 2012. Following the vet’s recommendations for both cats, Laura has adopted Jimmy and Dolley. While we will all miss the iconic pair lounging near the fountain and seeking affection from late-night library goers, they are happy and loved in their new home, and we hope they will be for many years to come. Do you have any photos of the Quad Cats? Did you get the chance to pet Jimmy or Dolley after a late night of studying in Carrier Library? Share your memories and photos with us and celebrate the Quad Cat's iconic reign!",2021-09-22 11:00:06,115
comment,Quad Cat Update!,Here's some photos. I miss them already! Jimmy at Halloween: [https://imgur.com/ZsmVPgV](https://imgur.com/ZsmVPgV) Quad Cats & Shrubs: [https://imgur.com/gallery/D0Y2kF6](https://imgur.com/gallery/D0Y2kF6) Quad Cat Album Cover: [https://imgur.com/gallery/eHDoo86](https://imgur.com/gallery/eHDoo86) Jimmy Begging: [https://imgur.com/gallery/tRYOiFs](https://imgur.com/gallery/tRYOiFs),2021-09-22 13:56:16,11
comment,Quad Cat Update!,"i feel blessed to have had the opportunity to pet one of them, i’ll miss seeing them around",2021-09-22 11:45:09,7
comment,Quad Cat Update!,"i have a photo on my hand sticking out and one of them smelling it! also got to pet it, idk which one it was. passed my exam that day!",2021-09-23 10:04:41,4
comment,Quad Cat Update!,Seconding this,2021-09-22 11:42:34,4
comment,Quad Cat Update!,they were the best good luck charms ever!,2021-09-23 10:23:33,4
comment,Quad Cat Update!,"There are currently no plans for an official instagram, but we will be sharing updates and photos on the JMU CAL socials every so often!",2021-09-22 14:11:35,8
post,Be aware of this man…multiple people have already seen him this weekend,Be aware of this man…multiple people have already seen him this weekend,2021-08-23 16:54:42,116
comment,Be aware of this man…multiple people have already seen him this weekend,He’s been on campus for YEARS and I just now find out he’s a sex offender? 😟,2021-08-23 18:21:27,61
comment,Be aware of this man…multiple people have already seen him this weekend,Yeah this dude has been around for forever and his son was a TA for my scom class lol. He produced and distributed child porn so stay away. I feel like he shouldn’t be allowed on campus right??,2021-08-23 18:00:37,40
comment,Be aware of this man…multiple people have already seen him this weekend,Roaming around on a one wheel hover board thing with a lot of tats?,2021-08-23 17:16:36,29
comment,Be aware of this man…multiple people have already seen him this weekend,The fact that I'm a senior who has been vibin with this dude and these pups for YEARS without a clue has me absolutely shaken and disgusted.,2021-08-23 20:42:27,30
comment,Be aware of this man…multiple people have already seen him this weekend,"He’s been around for quite a while, I used to pet his dogs all the time before I knew ☹️",2021-08-23 18:54:54,24
comment,Be aware of this man…multiple people have already seen him this weekend,The guy with the fucking vizslas is a sex offender??? Fuck me I used to love seeing him and his dogs come to campus. Now that all jsut feels gross.,2021-08-23 23:00:25,11
comment,Be aware of this man…multiple people have already seen him this weekend,"Are you able to make flyers of this guy and post it around campus, esp dorms? I would just go ahead and do it and not ask for permission. If JMU ""can't do anything about it"", which is BS, maybe you guys can.",2021-08-24 08:56:18,10
comment,Be aware of this man…multiple people have already seen him this weekend,"if you don’t go up to him, he doesn’t come up to you. just be aware of your surroundings and stay away from him. be safe lovely humans",2021-08-24 16:20:12,10
comment,Be aware of this man…multiple people have already seen him this weekend,This needs more traction. I’ve seen this dude like 1000 times all over the place and NOBODY knows this shit.,2021-08-23 20:24:20,17
comment,Be aware of this man…multiple people have already seen him this weekend,Thanks for sharing this info. I saw him on the quad yesterday with his dogs and he was riding a hover board.,2021-08-23 19:05:10,11
comment,Be aware of this man…multiple people have already seen him this weekend,Thanks for sharing! I always thought that dude was trying to be quirky and was living a life crisis but everyone I know confirmed that he was a sex offender.,2021-08-23 17:46:19,13
comment,Be aware of this man…multiple people have already seen him this weekend,"This is scary...I think I saw him yesterday around the quad. He looked like just a normal dude, I never would've guessed.",2021-08-23 18:31:36,12
comment,Be aware of this man…multiple people have already seen him this weekend,I actually saw him today. 2 dogs with harnesses that look like cameras. was rolling around on a hover board like thing. Thought it was him and was confirmed after 2 girls stopped and saw him and asked if they should tell the people who were closest to him. Wow it seemed almost not real until i actually saw him,2021-08-24 21:22:08,5
comment,Be aware of this man…multiple people have already seen him this weekend,Ok but does anyone remember the creepy groomer old man janitor on east campus circa 2017/2018? He used to randomly hug girls and be all buddy buddy with us....,2021-08-23 21:37:09,7
comment,Be aware of this man…multiple people have already seen him this weekend,"Ahh Hburg Townies, I miss em sometimes",2021-08-23 17:55:51,13
comment,Be aware of this man…multiple people have already seen him this weekend,He was watching a bunch of my hall mates move in 😬,2021-08-24 08:01:23,6
comment,Be aware of this man…multiple people have already seen him this weekend,"wow i know him, but would have never guess that awful truth",2021-08-23 19:04:27,11
comment,Be aware of this man…multiple people have already seen him this weekend,"The RA’s say that action has been attempted to remove him but since it’s public domain, they can’t do anything",2021-08-23 20:37:02,11
comment,Be aware of this man…multiple people have already seen him this weekend,I just saw a picture of him and he is,2021-08-23 18:54:45,11
comment,Be aware of this man…multiple people have already seen him this weekend,Not sure…I saw him in a group of people walking yesterday with the dogs (which are identical btw) but didn’t think anything of it cause it was before I saw this. I didn’t really get a good look at him unfortunately.,2021-08-23 17:20:09,10
comment,Be aware of this man…multiple people have already seen him this weekend,me too! i feel weird now,2021-08-23 19:04:48,7
comment,Be aware of this man…multiple people have already seen him this weekend,Are we sure it's the guy with vizslas? I feel like if there are any inaccuracies with this post someone could get in serious trouble for defamation.,2021-08-24 10:39:43,3
comment,Be aware of this man…multiple people have already seen him this weekend,"https://www.homefacts.com/offender-detail/VA17501/Sean-Michael-Dunn.html Here is the link to his profile. I get where you’re coming from, I was a tiny bit hesitant but there was an outpour of voices who claimed the same thing",2021-08-23 21:17:32,23
comment,Be aware of this man…multiple people have already seen him this weekend,"This needs to be much higher up in the thread. People making these accusations need to practice due diligence and provide all of the information before making accusations like this that could potentially ruin someone's life. If all of the evidence proves they are what they are claimed to be, then a warning about them is perfectly fine. But those accusing need to make sure that they have all of their ducks in a row, and present all of their research. (And if this sounds like the same thing as one would do for academic work, it's the exact same concept. Make your case via your research, and lay it all out.)",2021-08-23 22:23:30,7
comment,Be aware of this man…multiple people have already seen him this weekend,"Yea I’m pretty sure we’re talking about the same guy, the guy I saw the dogs were identical to and off leashes",2021-08-23 17:22:12,13
comment,Be aware of this man…multiple people have already seen him this weekend,[Are these the dogs?](https://www.breezejmu.org/culture/quad-dogs-and-owner-share-bond-with-jmu-community/article_8747e9be-b05c-11e8-a505-8f488121449e.html),2021-08-23 17:39:56,10
comment,Be aware of this man…multiple people have already seen him this weekend,"I did some double checking, between this post and the follow up screenshot of the registry [here is the breeze article with his name and the dogs](https://www.breezejmu.org/culture/quad-dogs-and-owner-share-bond-with-jmu-community/article_8747e9be-b05c-11e8-a505-8f488121449e.html) And [here is a link to the sex offender registry ](https://sex-offender.vsp.virginia.gov/sor/offenderDetails.html?regId=17501)",2021-08-24 10:45:45,12
comment,Be aware of this man…multiple people have already seen him this weekend,It's accurate information but please always use the [official source](https://sex-offender.vsp.virginia.gov/sor/offenderDetails.html?regId=17501) for this kind of information.,2021-08-23 23:11:54,21
comment,Be aware of this man…multiple people have already seen him this weekend,"Relatively sure this dude was a professor at Bridgewater for some years when i was there, he was sleeping with a student.",2021-08-24 10:00:02,6
comment,Be aware of this man…multiple people have already seen him this weekend,"The actual sex offender registry page for him has been posted! This is not slander, nor accusations, it’s just spreading info for new dukes and ones who had no idea!",2021-08-24 11:37:01,11
comment,Be aware of this man…multiple people have already seen him this weekend,"Right it feels like something should be done. But he doesn’t approach anyone, doesn’t talk to anyone, the dogs just run up to people, so idk. He needs to definitely be removed",2021-08-24 11:34:50,1
comment,Be aware of this man…multiple people have already seen him this weekend,"The guy profiled in that story has the same name as a registered sex offender in Rockingham County, VA. If these are not the dog's OP is talking about I will take this post down ASAP.",2021-08-23 17:44:13,15
comment,Be aware of this man…multiple people have already seen him this weekend,"Someone else posted this link like 10 hours ago, but [here it is](https://sex-offender.vsp.virginia.gov/sor/offenderDetails.html?regId=17501) so you can see it. He’s an offender, no one’s reputation is being slandered",2021-08-24 10:04:02,5
comment,Be aware of this man…multiple people have already seen him this weekend,"Those are the dogs. This may sound sketch but I know the person who posted the original warning, and can confirm it’s talking about the dude who walks those two dogs around campus, unless the guy has the same name and also walks two of those dogs around campus.",2021-08-23 18:45:29,13
comment,Be aware of this man…multiple people have already seen him this weekend,"> Why are people so ready and eager to throw this random stranger under the bus without first checking the facts? It's really quite disturbing. The court of public opinion is a brutal thing. Unfortunately, too many people are quick to rush to judgment without doing any actual research, and they are also quick to criticize anyone who suggests that they actually do the research to make sure that if they're going to level a heavy accusation like this at someone that it is 100% accurate before firing. It was similarly disturbing when someone posted [to advise people not to support a bar](https://www.removeddit.com/r/jmu/comments/p1wyi6/do_not_support_dukes_the_bar_or_latins_flavor_the/) a few weeks ago because of unfounded accusations against the owner of the bar. It was ridiculous how quick people were to judge without any real proof, and also how, when I [questioned it](https://www.reddit.com/r/jmu/comments/p1wyi6/do_not_support_dukes_the_bar_or_latins_flavor_the/h8k6bcl/), the OP came back with an ad hominem attack based on television-related subreddits that I'm involved in.",2021-08-24 11:59:48,-2
comment,Be aware of this man…multiple people have already seen him this weekend,"He distributed child porn. And he is a tier III offender which is literally the *worst* it can get in VA. Also clearly the state doesn’t think he’s a safe person as his registration was renewed this past June. Do you think we should wait for him to hand us child pornography to make up our minds about him? Why are you bending over backwards to defend a pedophilic sex offender? I interacted with man several times before I knew his history and can confirm that it *is* him. He used to hang around outside my dorm and watch us leave and enter. Edit: Also, the reality is when you do something as evil as what he did, people aren’t going to want to be near you. Ever. You can’t fault anyone for that.",2021-08-24 10:32:58,6
comment,Be aware of this man…multiple people have already seen him this weekend,"I understand that accusations shouldn’t be taken lightly but there is hard proof that this man distributed, produced, and financed child porn. Playing “devils advocate” here is a bad look bro",2021-08-24 11:07:12,8
comment,Be aware of this man…multiple people have already seen him this weekend,"Yes, this guy is that guy. Like I said, I’ve literally met him. It’s not an accusation if he’s in the sex offender registry",2021-08-24 10:46:21,4
post,"A bunch of photos that I took on Sunday, November 19, 2000 on campus back when I was a student","A bunch of photos that I took on Sunday, November 19, 2000 on campus back when I was a student",2020-04-25 00:59:27,115
comment,"A bunch of photos that I took on Sunday, November 19, 2000 on campus back when I was a student",Ah the kissing rock. I found a used condom in one of the crevices last April. Stay classy Dukes.,2020-04-25 02:48:38,34
comment,"A bunch of photos that I took on Sunday, November 19, 2000 on campus back when I was a student",Crazy what dhall used to look like inside. The health center still looked the same when I was there (2013),2020-04-25 01:56:45,14
comment,"A bunch of photos that I took on Sunday, November 19, 2000 on campus back when I was a student","Man....I know we all complain about the neverending construction on campus, but seeing pictures of campus pre-renovations makes me a bit more grateful for it!",2020-04-25 08:21:57,11
comment,"A bunch of photos that I took on Sunday, November 19, 2000 on campus back when I was a student",RIP dhall. Had many a dash from you.,2020-04-25 07:36:37,8
comment,"A bunch of photos that I took on Sunday, November 19, 2000 on campus back when I was a student",You know it doesn't look all that different. Except for old d hall of course.,2020-04-25 08:50:34,3
comment,"A bunch of photos that I took on Sunday, November 19, 2000 on campus back when I was a student",Did the food get better or worse after Aramark took over?,2020-04-25 13:44:23,3
comment,"A bunch of photos that I took on Sunday, November 19, 2000 on campus back when I was a student",I was there 99-03. Thanks for sharing these!! And yes RIP d-hall.,2020-04-25 11:04:33,2
comment,"A bunch of photos that I took on Sunday, November 19, 2000 on campus back when I was a student",Health Center,2020-04-25 11:07:24,2
comment,"A bunch of photos that I took on Sunday, November 19, 2000 on campus back when I was a student",Duuuuuuuuuukes,2020-04-28 00:09:03,2
comment,"A bunch of photos that I took on Sunday, November 19, 2000 on campus back when I was a student",Dhall looked like a high school dining room before that renovation.,2020-04-25 08:39:12,6
comment,"A bunch of photos that I took on Sunday, November 19, 2000 on campus back when I was a student","The quality of the food remained more or less constant, but Aramark definitely upgraded the presentation. The pre-2001 D-Hall was just a buffet, and the food was prepared in the back. The only change that Aramark made prior to the big renovation in 2001 was adding some images of food to the walls and making some ""Pan Geos"" stands near the fire exit. Then in 2001, they opened the kitchen area up when they renovated and did a lot of food prep out in the open.",2020-04-26 19:31:22,2
post,"If anyone is the Harrisonburg area needs food, please let me know. I have food and I like to cook. I’d be happy to deliver something that could last a few days. I’d also be happy to run any errands for at at-risk people who don’t want to go out.","If anyone is the Harrisonburg area needs food, please let me know. I have food and I like to cook. I’d be happy to deliver something that could last a few days. I’d also be happy to run any errands for at at-risk people who don’t want to go out.",2020-03-16 23:35:50,118
comment,"If anyone is the Harrisonburg area needs food, please let me know. I have food and I like to cook. I’d be happy to deliver something that could last a few days. I’d also be happy to run any errands for at at-risk people who don’t want to go out.","I work evenings and I’m fortunate to still be working right now, so anything will have to work around that. Don’t need any payment.",2020-03-16 23:36:41,25
comment,"If anyone is the Harrisonburg area needs food, please let me know. I have food and I like to cook. I’d be happy to deliver something that could last a few days. I’d also be happy to run any errands for at at-risk people who don’t want to go out.",You’re an amazing person! Thank you for helping out people in risk,2020-03-17 12:40:18,4
comment,"If anyone is the Harrisonburg area needs food, please let me know. I have food and I like to cook. I’d be happy to deliver something that could last a few days. I’d also be happy to run any errands for at at-risk people who don’t want to go out.",The world needs more people like you,2020-03-17 13:09:09,3
comment,"If anyone is the Harrisonburg area needs food, please let me know. I have food and I like to cook. I’d be happy to deliver something that could last a few days. I’d also be happy to run any errands for at at-risk people who don’t want to go out.",Andrew is this you,2020-03-17 16:02:01,2
comment,"If anyone is the Harrisonburg area needs food, please let me know. I have food and I like to cook. I’d be happy to deliver something that could last a few days. I’d also be happy to run any errands for at at-risk people who don’t want to go out.",See also https://www.facebook.com/groups/2351227165169293/,2020-03-17 17:15:48,1
comment,"If anyone is the Harrisonburg area needs food, please let me know. I have food and I like to cook. I’d be happy to deliver something that could last a few days. I’d also be happy to run any errands for at at-risk people who don’t want to go out.",Is your cooking skill above 80?,2020-03-17 13:13:21,10
comment,"If anyone is the Harrisonburg area needs food, please let me know. I have food and I like to cook. I’d be happy to deliver something that could last a few days. I’d also be happy to run any errands for at at-risk people who don’t want to go out.",78 but I have cooking gloves so I won’t burn too much,2020-03-17 13:26:32,11
comment,"If anyone is the Harrisonburg area needs food, please let me know. I have food and I like to cook. I’d be happy to deliver something that could last a few days. I’d also be happy to run any errands for at at-risk people who don’t want to go out.",I looked through your profile and I now know without a doubt it’s you,2020-03-17 23:58:27,1
comment,"If anyone is the Harrisonburg area needs food, please let me know. I have food and I like to cook. I’d be happy to deliver something that could last a few days. I’d also be happy to run any errands for at at-risk people who don’t want to go out.",Who dis lol,2020-03-18 00:09:20,1
comment,"If anyone is the Harrisonburg area needs food, please let me know. I have food and I like to cook. I’d be happy to deliver something that could last a few days. I’d also be happy to run any errands for at at-risk people who don’t want to go out.",I guess you’ll never know,2020-03-18 00:10:07,1
comment,"If anyone is the Harrisonburg area needs food, please let me know. I have food and I like to cook. I’d be happy to deliver something that could last a few days. I’d also be happy to run any errands for at at-risk people who don’t want to go out.",Do I work with you lmao,2020-03-18 00:15:45,1
post,JMU Class of 2021 - COVID Edition,JMU Class of 2021 - COVID Edition,2020-08-26 15:18:20,119
comment,JMU Class of 2021 - COVID Edition,i swear i saw someone in one of those suits at the ABC like an hour and a half ago,2020-08-26 19:10:02,8
comment,JMU Class of 2021 - COVID Edition,What the hell? Is this for real,2020-08-26 15:33:46,5
comment,JMU Class of 2021 - COVID Edition,Odd question but is that one of the variants of the GP-5 with the hose?,2020-08-30 08:55:35,1
comment,JMU Class of 2021 - COVID Edition,"Yes, it's real. And yes, it's really hot in there.",2020-08-26 15:36:41,23
comment,JMU Class of 2021 - COVID Edition,"You’re on Reddit, I’m pretty sure we are all cringe",2020-08-27 07:59:20,4
post,Shoutout JMU for winning the Collegiate Hearthstone Championships!,Shoutout JMU for winning the Collegiate Hearthstone Championships!,2018-12-16 16:45:42,113
comment,Shoutout JMU for winning the Collegiate Hearthstone Championships!,Ayy that's pretty dope. How many teams participated in the tournament?,2018-12-16 17:36:22,23
comment,Shoutout JMU for winning the Collegiate Hearthstone Championships!,"Over 1,000+ schools",2018-12-16 17:37:40,21
post,"Since the ""preachers"" are getting an early start this year...","Since the ""preachers"" are getting an early start this year... Just a reminder that these guys thrive on attention. If you engage, they will just stick around longer and yell louder. They will not change their minds. They will not participate in reasoned discourse. Don't feed the trolls.",2024-08-21 12:42:59,113
comment,"Since the ""preachers"" are getting an early start this year...","Also excellent for online advice as well. But seriously, don't feed those fools. Rage screaming and using religion as the excuse to just talk about the hatred they have in their own hearts.",2024-08-21 12:59:25,38
comment,"Since the ""preachers"" are getting an early start this year...",I remember those days. I hear those guys make a living on suing people for the often inevitable assaults.,2024-08-21 13:15:04,24
comment,"Since the ""preachers"" are getting an early start this year...","I met a really cool guy and even attended their local church. He seemed like the only chill one fr. I will say that after attending someone that used to know the people there said it was a cult 🥴… It didn’t give that vibe, it really felt like good people coming together but maybe I’m naive 😅",2024-08-22 06:20:10,3
comment,"Since the ""preachers"" are getting an early start this year...",Really interesting to finally see one of these in person today,2024-08-21 22:22:26,1
comment,"Since the ""preachers"" are getting an early start this year...",I remember seeing some Mormon Missionaries get in a discussion with the Angry Bible Man when I was a student. It was pretty amusing.,2024-08-28 12:36:59,1
comment,"Since the ""preachers"" are getting an early start this year...",Inevitable is crazy,2024-08-21 14:30:37,1
comment,"Since the ""preachers"" are getting an early start this year...","It sounds like you're talking about one of the folks who quietly sit there and engage with people who are interested, not the ones who spend the day yelling slurs and hellfire at anyone passing by. Entirely different animal; glad you had a good experience!",2024-08-22 08:15:18,7
post,These emails have yet to say anything useful,These emails have yet to say anything useful,2020-08-28 16:37:26,113
comment,These emails have yet to say anything useful,Its less than worthless! 😉,2020-08-29 11:51:24,3
comment,These emails have yet to say anything useful,Worthless minus!,2020-08-29 12:08:19,1
post,"I didn't fear God before tonight, but here we are. Tell my kids I love them.","I didn't fear God before tonight, but here we are. Tell my kids I love them.",2019-10-11 19:44:46,112
comment,"I didn't fear God before tonight, but here we are. Tell my kids I love them.",I pray for you 😔 🙏🏻,2019-10-11 19:49:09,17
comment,"I didn't fear God before tonight, but here we are. Tell my kids I love them.",Flowers for Alger-non,2019-10-12 08:10:19,10
comment,"I didn't fear God before tonight, but here we are. Tell my kids I love them.",Target acquired,2019-10-13 12:50:41,3
post,BELT TO ASS,BELT TO ASS,2024-09-28 20:17:17,110
comment,BELT TO ASS,133 points in two games???,2024-09-28 21:25:29,24
comment,BELT TO ASS,"They were so rude to the MRDs, they deserved that",2024-09-29 14:39:59,9
comment,BELT TO ASS,"to be fair it’s ball state, dukes have potential this season. maybe get ranked if they keep scoring like they have, and unc wins out",2024-10-02 19:38:12,1
comment,BELT TO ASS,How were they rude?,2024-09-30 07:57:42,3
comment,BELT TO ASS,I heard about that. Uncalled for. [https://meetthepressports.substack.com/p/f-with-the-band-find-out](https://meetthepressports.substack.com/p/f-with-the-band-find-out),2024-10-01 19:52:15,1
comment,BELT TO ASS,"we were setting up for our performance. they called me names, insulted us and the band, and tried to get in our face to presumably start a physical fight. We did what we always do, and ignored them. still scary.",2024-09-30 10:57:49,3
comment,BELT TO ASS,The marching band,2024-09-29 18:16:55,4
comment,BELT TO ASS,Marching Royal Dukes,2024-09-30 07:40:11,3
comment,BELT TO ASS,"I am so sorry that happened to you. You guys did amazing and even though they did that - they went home as a supreme fucking embarrasement. Ultimately, it’s a stupid saying but karma is real and it manifested itself in real time for them.",2024-09-30 11:08:06,4
post,JMU Softball downs OSU 2-1. Keep dancing baby!!,JMU Softball downs OSU 2-1. Keep dancing baby!!,2021-06-04 21:31:08,114
comment,JMU Softball downs OSU 2-1. Keep dancing baby!!,Let’s get it dukes 🤝,2021-06-04 22:22:31,6
comment,JMU Softball downs OSU 2-1. Keep dancing baby!!,Duuuuuuuukes!,2021-06-04 21:45:04,2
comment,JMU Softball downs OSU 2-1. Keep dancing baby!!,"OP, does your username have anything to do with the band Choir Boy?",2021-06-05 00:32:25,2
comment,JMU Softball downs OSU 2-1. Keep dancing baby!!,"No it does not. It's from a Mark Twain quote. If it's your job to eat a frog, it's best to do it first thing in the morning. And If it's your job to eat two frogs, it's best to eat the biggest one first.",2021-06-05 06:21:27,3
post,JMU will require students to get the covid vaccine this upcoming academic year,JMU will require students to get the covid vaccine this upcoming academic year,2021-05-27 10:54:31,112
comment,JMU will require students to get the covid vaccine this upcoming academic year,"The devil is in the details. Students do not need to get the vaccine if they fill out the ""Assumption of Risk"" form. Note the wording in the email that says ""Exceptions will be accommodated for medical conditions, religious beliefs **or in cases where individuals agree in writing to the conditions set forth in an assumption-of-risk exemption.**"" It takes the teeth out of vaccination requirements and I would LOVE to see how JMU actually polices the below (they won't). It states: Choosing to forego vaccination puts one at risk for getting the disease with the associated risk of long-term medical problems or death. Individuals who elect not to be vaccinated against COVID-19 may put others they interact with at risk. Due to this risk to others, JMU reserves the right to require those not vaccinated to engage in risk mitigation practices such as wearing masks or other personal protective equipment (PPE), submitting to regular screening tests, and isolating or quarantining off-campus should they develop or be exposed to COVID-19. By choosing not to be vaccinated, people run a greater risk of becoming ill with COVID-19 and will be required to isolate per CDC guidelines if they become infected. Those not vaccinated against COVID-19 and exposed to someone with the disease will be required to quarantine for up to 14 days. AGREEMENT I have read and reviewed the information provided above concerning the risks and benefits of the COVID-19 vaccine. For personal reasons, I have chosen NOT to be vaccinated and therefore I accept the consequences associated with this decision. I acknowledge this by initialing each of the following: ____ I agree to engage in reasonable risk mitigation practices as required by the university, including the use of PPE, entry testing and submission to regular screening tests. ____ I agree to immediately notify the University Health Center if I test positive for COVID-19 or have a known or suspected exposure to someone with the virus. ____ I agree to isolate or quarantine off campus if required by the university or the Virginia Department of Health. ____I understand that, in the occurrence of an outbreak, I may be asked to leave campus for my own protection and the protection of others until the danger has passed. ____ I agree to assume the risk that I may be exposed to, and become sick from, COVID-19 and to hold the university and its employees harmless from the consequence or effects caused by such illness. I have had the opportunity to read this document and ask questions about it. I now voluntarily sign below to demonstrate my understanding of it and commitment to abide by it.",2021-05-27 11:10:12,36
comment,JMU will require students to get the covid vaccine this upcoming academic year,Staff just got an email telling them students would be required to vaccinate without mentioning the caveats.,2021-05-27 11:28:10,28
comment,JMU will require students to get the covid vaccine this upcoming academic year,"Required, unless you don't want to. FTFY, JMU.",2021-05-27 11:23:04,34
comment,JMU will require students to get the covid vaccine this upcoming academic year,"This is why students have such an issue with jmu as an institution. They always try to sweep stuff under the rug. As others have stated, the email basically says you MUST get vaccinated... unless you don’t want to. Absolute crap, especially after all the threats to enforce the Covid safety protocols that they never followed through with.",2021-05-27 11:48:37,28
comment,JMU will require students to get the covid vaccine this upcoming academic year,As someone who’s immune compromised this makes me so angry. It’s enough for JMU to require us to be back in seat but not enough to actually protect people like me who now have no way of knowing who is most likely to get us sick. It forces me to be exposed.,2021-05-27 14:13:20,14
comment,JMU will require students to get the covid vaccine this upcoming academic year,Apparently the parent facebook groups are going insane,2021-05-28 10:33:39,4
comment,JMU will require students to get the covid vaccine this upcoming academic year,what’s the point of requiring it if you can just fill out a form saying “no” lol this entire email is pointless and makes no sense,2021-05-27 12:18:38,12
comment,JMU will require students to get the covid vaccine this upcoming academic year,"Anyways. get your vaccine y’all, don’t be a fucking prick",2021-05-27 13:00:08,26
comment,JMU will require students to get the covid vaccine this upcoming academic year,Even if their are exceptions I’d still feel like this announcement will atleast make some more people get the vaccine until it is fda approved.,2021-05-27 15:27:52,5
comment,JMU will require students to get the covid vaccine this upcoming academic year,"It's an outright lie for them to say these vaccines are ""very safe"" when 0 long-term studies. People should be able to make their own risk/reward assessment and not be strong armed into risking their health and longevity.",2021-05-27 21:46:23,5
comment,JMU will require students to get the covid vaccine this upcoming academic year,Is anyone else pissed that JMU doesn’t seem to be available to answer anyone’s questions about the assumption of risk form/overall policy?,2021-05-30 09:39:49,2
comment,JMU will require students to get the covid vaccine this upcoming academic year,"Wasn’t expecting jmu to directly give the option of not taking it, kinda defeats the purpose of making it a requirement. I wonder what percentage of students will end up choosing to not take it",2021-05-27 11:45:27,39
comment,JMU will require students to get the covid vaccine this upcoming academic year,"This to me is the university’s way of saying they aren’t responsible if you choose not to get the vaccine and still come to campus. I will say that if they require students to present proof that they have gotten the vaccine this could be effective in the classroom. Professors could have a list of every unvaccinated student in class and can ensure unvaccinated students are masked while in a more confined space. Unvaccinated students will be subject to screening, so they’re committing to being randomly tested throughout the year. Obviously not giving students that choice to say “mmm no thanks” just because would be the ideal situation. In my opinion that’s what every university should do. However I can also see that universities are in a tough spot due to mistrust of the vaccine and this may be JMU’s way of finding a compromise. Either way it sucks.",2021-05-27 11:56:54,11
comment,JMU will require students to get the covid vaccine this upcoming academic year,"And JMU fails yet again. Nicely done Alger, BOV, Tim Miller, and the rest of you fools. Funny how we have to show proof of so many other vaccinations before entering college freshmen year, but then for this we can just skirt it due to 'religious beliefs or acceptance of risk.""",2021-05-27 12:09:32,5
comment,JMU will require students to get the covid vaccine this upcoming academic year,Just straight lying to faculty and staff at this point.,2021-05-27 11:34:18,22
comment,JMU will require students to get the covid vaccine this upcoming academic year,"I would honestly be happier if JMU just came out and said that. At least be upfront with your slimy snake oil salesman PR BS. Look at Bridgewater College or UVA. There's no ""oh you don't have to take it if you don't want"". Those are actual governing policies, and while it will piss people off at least they're being honest about their intentions. They want to do all they can to create a safe environment in the fall for EVERYONE and are willing to take the PR hit to try and do the right thing by their public's health.",2021-05-27 12:40:01,7
comment,JMU will require students to get the covid vaccine this upcoming academic year,That's all they ever do 🙄,2021-05-28 12:57:43,5
comment,JMU will require students to get the covid vaccine this upcoming academic year,mind your own business😉,2021-05-27 14:48:57,-8
comment,JMU will require students to get the covid vaccine this upcoming academic year,nah i’m good,2021-05-27 13:36:36,-32
comment,JMU will require students to get the covid vaccine this upcoming academic year,What's wrong with waiting for full FDA approval? I wanted to wait for full FDA approval and now I feel like I'm being strongarmed into being vaccinated before I have all the facts.,2021-05-27 19:12:25,8
comment,JMU will require students to get the covid vaccine this upcoming academic year,I agree with that.,2021-05-27 16:54:33,2
comment,JMU will require students to get the covid vaccine this upcoming academic year,"I honestly don’t get the worries about safety when it comes to younger people taking the vaccine. My mentality has been if it’s safe, cool, nothing bad happens to me. If it’s unsafe, cool, I’m a young, healthy person who can probably endure any adverse effects and they can use my data to make it safer. Win/win.",2021-05-28 08:52:42,3
comment,JMU will require students to get the covid vaccine this upcoming academic year,That's a weird way to say that you're lazy / uncaring.,2021-05-28 04:51:45,2
comment,JMU will require students to get the covid vaccine this upcoming academic year,"Email the Stop the Spread email (I think it's covid19@jmu.edu, but you may want to double check that). I had a question, emailed them, and got a response within an hour (this was a weekday during business hours, keep in mind).",2021-05-30 12:13:42,5
comment,JMU will require students to get the covid vaccine this upcoming academic year,"Keep in mind it's a holiday weekend, so Tuesday is the earliest you can expect to get a hold of anyone.",2021-05-30 16:29:58,2
comment,JMU will require students to get the covid vaccine this upcoming academic year,So basically students don't have to get it and JMU will likely do nothing about it.,2021-05-27 12:35:52,21
comment,JMU will require students to get the covid vaccine this upcoming academic year,"I don't think it completely defeats the purpose. A lot of people aren't going to notice these details, and just see ""ahh man, they require the vaccine"" and just get it.",2021-05-27 16:08:44,11
comment,JMU will require students to get the covid vaccine this upcoming academic year,"Professors will have zero access to who does and does not have the vaccine. That would be a HIPAA violation. I will be interested to see how in the world JMU plans on implementing a policy for students who don't get the vaccine. Hopefully, it will be a bit better than last year's ""just don't throw parties, kids!""",2021-05-27 12:37:32,15
comment,JMU will require students to get the covid vaccine this upcoming academic year,Yeah jmu is probably just trying to cover their own ass on this one. Don’t want a repeat of last semester. One good thing is that the unvaccinated people will have to be tested every week,2021-05-27 12:02:07,2
comment,JMU will require students to get the covid vaccine this upcoming academic year,"100% agree. JMU has consistently talked out of both sides of their mouth, making sweeping statements and backtracking fast enough that we all have whiplash. I can't help but feel the timing of the announcement is at least in part to quell outrage over the sudden ""butts in seats, or else"" email faculty received yesterday. And it ain't helping.",2021-05-27 13:31:10,13
comment,JMU will require students to get the covid vaccine this upcoming academic year,"Literally- everything JMU has done with covid has been so performative. They just don’t want to *look* like they don’t care, but it feels pretty clear now they don’t actually care about anything but their money",2021-05-27 18:28:56,6
comment,JMU will require students to get the covid vaccine this upcoming academic year,Get vaccinated 😉,2021-05-27 19:08:50,22
comment,JMU will require students to get the covid vaccine this upcoming academic year,Lel same here. Idk why people are so crazy ab it. It’s my body my choice no need to call me a prick.,2021-05-27 14:02:27,-29
comment,JMU will require students to get the covid vaccine this upcoming academic year,"Do you realize how long the FDA usually takes to okay the normal medication? About five years. They fast-tracked this because there was a huge abundance of information about the mRNA vaccine given the huge tests they were doing, and also because of the lethality of the virus. Every one of these vaccines will be okayed by the FDA by the end of the year. You certainly can wait until then as it's your prerogative - but understand that it's emergency use simply because the FDA understands how dangerous this illness is and also because their normal bureaucratic red tape will not allow them to move faster on this.",2021-05-27 19:31:47,8
comment,JMU will require students to get the covid vaccine this upcoming academic year,"Its not about hesitancy, its the fact that employers/schools cant actually require people to get the vaccine because it’s currently under emergency use authorization. Thats why theres an “at-risk exemption” for JMU. Once its fully approved by the fda then they can require the vaccine without exemption just like the measles or chicken pox vaccine. Obviously if you go to jmu, you don’t actually have to get it but im fully vaccinated and feel great. Just food for thought.",2021-05-27 21:48:30,4
comment,JMU will require students to get the covid vaccine this upcoming academic year,"I sort of mirror that point of view. The way I see it, as little as we know about the long-term damage covid might do, we know even less about the long term effects of these vaccines. I'm not concerned about immediate damage or anything (microchips or any other bs) and I don't think there is any malicious intent or conspiracy. In mirroring your view I'm young, healthy, and have none of the COVID risk factors so I'd rather take my chances with COVID and I'd like to be able to make that choice for myself without anyone trying to force my hand. I'm not an antivaxer, my parents are high risk and I supported/bolstered their decision to get the vaccine because for them we see the risk of COVID death/long term damage as high, and also at their age if there a long term negative effects of the vaccine they'll be living with them for 15-20 more years rather than potentially 50-60 years for myself.",2021-05-28 09:19:55,4
comment,JMU will require students to get the covid vaccine this upcoming academic year,That's a weird way to be prejudice,2021-05-28 07:14:00,6
comment,JMU will require students to get the covid vaccine this upcoming academic year,"I agree with you on this, but it still smacks of PR'ing everything to death.",2021-05-27 16:53:47,11
comment,JMU will require students to get the covid vaccine this upcoming academic year,"The FDA approval part of this is not true. They can still require it, as did UVA (with no exceptions).",2021-05-27 13:12:38,17
comment,JMU will require students to get the covid vaccine this upcoming academic year,https://www.google.com/amp/s/www.wric.com/health/coronavirus/no-its-not-a-hipaa-violation-to-ask-if-someone-is-vaccinated/amp/,2021-05-28 01:41:08,3
comment,JMU will require students to get the covid vaccine this upcoming academic year,"Because you can actually HURT other people by not getting it. If you care about the community, you would care about that. There are immunocompromised people who CAN'T get the vaccine and will be at risk if the rest of us don't get it. That's no different than smallpox or any other virus. I have children who don't have the vaccine yet. I need to continue to wear a mask because on the very slim chance that I got it (being vaccinated) I could give it to my kids. My daughter is immunocompromised and could die from it. Your actions have ripple effects through society.",2021-05-27 19:28:20,8
comment,JMU will require students to get the covid vaccine this upcoming academic year,The only reason I'm planning to get it now is because it's looking like I'm going to have to get vaccinated prior to starting grad school anyway and it's just not worth it to me to spend a semester getting swabbed once a week when I'm going to have to get vaccinated later on. Might as well bite the bullet sooner rather than later.,2021-05-27 21:52:48,1
comment,JMU will require students to get the covid vaccine this upcoming academic year,It is a HIPAA violation when a university health department collects private medical information from a student and then tells people who are not a part of that health apparatus who have and have not received a vaccine. It's not a HIPAA violation for me to simply ask someone if they've been vaccinated. It's a HIPAA violation when a health agency gives that information to a third party. JMU cannot release that information to professors.,2021-05-28 07:40:58,5
post,Tfw professors are giving you pop quizzes on books you haven’t been able to buy because the school hasn’t let you back on campus yet,Tfw professors are giving you pop quizzes on books you haven’t been able to buy because the school hasn’t let you back on campus yet,2021-01-27 14:37:15,114
comment,Tfw professors are giving you pop quizzes on books you haven’t been able to buy because the school hasn’t let you back on campus yet,"You can go on campus, just wear your mask. Having too many students in one area is an issue, but I believe going to the bookstore, at this time, would be okay. You also may be able to contact them via phone or email and have your books ready to be picked up. Good luck!!",2021-01-28 04:37:57,8
comment,Tfw professors are giving you pop quizzes on books you haven’t been able to buy because the school hasn’t let you back on campus yet,"I mean, it's not like Amazon Prime doesn't exist or anything.",2021-01-28 10:25:13,5
comment,Tfw professors are giving you pop quizzes on books you haven’t been able to buy because the school hasn’t let you back on campus yet,"Heads up for the future, you can look up what texts are required for your class weeks before the semester starts. Good luck!",2021-01-27 20:53:35,6
comment,Tfw professors are giving you pop quizzes on books you haven’t been able to buy because the school hasn’t let you back on campus yet,Aggressive ass comment section on a meme sheesh,2021-01-28 12:30:01,2
comment,Tfw professors are giving you pop quizzes on books you haven’t been able to buy because the school hasn’t let you back on campus yet,"Can’t relate, imagine sleeping on buying your textbooks",2021-01-27 20:22:05,2
comment,Tfw professors are giving you pop quizzes on books you haven’t been able to buy because the school hasn’t let you back on campus yet,"On top of that, there are websites with full pdfs of books for free, don’t know where they are though lol, everyone just says that",2021-01-27 21:56:50,5
comment,Tfw professors are giving you pop quizzes on books you haven’t been able to buy because the school hasn’t let you back on campus yet,Library genesis. You’re welcome,2021-01-28 06:15:47,6
comment,Familiar?,All the NOVA kids triggered rn lmaoo,2020-10-08 16:10:10,23
comment,Familiar?,trucker Patagonia hat,2020-10-08 16:16:15,6
comment,Familiar?,We are fully aware that the south includes Virginia of which Richmond was the capital of the confederacy?,2020-10-08 10:29:08,17
comment,Familiar?,"Say what you will, the Ford raptor is an awesome truck",2020-10-08 18:13:48,2
comment,Familiar?,Bro chill some people are southern and proud. Everything except that damn flag are okay. Fuck the confederacy but I love being a southern boy,2020-10-08 02:18:54,-15
comment,Familiar?,You know you're a redneck when your daddy makes six figures,2020-10-08 23:42:30,7
comment,Familiar?,I barely saw any nova wannabe rednecks. It’s usually people out 45 minutes from any other city in va with rich parents Nova just creates frat boys,2020-10-10 07:52:24,3
comment,Familiar?,"Wearing a bass pro hat and listening to FGL don’t make you a southern boy, you can still be southern without all these things lol",2020-10-08 06:07:28,46
comment,Familiar?,"If you think FGL is okay, then you need some better music in your life.",2020-10-08 06:19:37,19
comment,Familiar?,Y’all are so rude and judgmental. Let them wear whatever clothes and listen to whatever music they want sheesh,2020-10-08 20:24:44,-5
comment,Familiar?,I worked with their tour and they are *assholes* and country club boys.,2020-10-08 19:00:34,3
post,"NEW UPDATE: 513 cases, only half of quarantine beds remaining as JMU begins to resemble mid 1300s Europe","NEW UPDATE: 513 cases, only half of quarantine beds remaining as JMU begins to resemble mid 1300s Europe",2020-09-01 10:15:56,110
comment,"NEW UPDATE: 513 cases, only half of quarantine beds remaining as JMU begins to resemble mid 1300s Europe","*513 active cases + 15 recovered, FWIW.",2020-09-01 10:52:36,32
comment,"NEW UPDATE: 513 cases, only half of quarantine beds remaining as JMU begins to resemble mid 1300s Europe","Honestly, I can barely even read the dashboard anymore. There’s so much useless information and none of it is cohesive",2020-09-01 12:39:26,18
comment,"NEW UPDATE: 513 cases, only half of quarantine beds remaining as JMU begins to resemble mid 1300s Europe",Withdrawal Refund Withdrawing from the University is considered dropping all classes for a term. The effective date of the withdrawal and any appropriate refund will be determined by the JMU Ombudsperson. Students should consult the [University Catalog](http://www.jmu.edu/catalog/) for specific procedures.,2020-09-01 14:35:13,9
comment,"NEW UPDATE: 513 cases, only half of quarantine beds remaining as JMU begins to resemble mid 1300s Europe",Cases went up 20% in one day! I guess if JMU doesn’t want to be the best school handling the pandemic they sure as hell can be the worst!,2020-09-01 12:24:36,22
comment,"NEW UPDATE: 513 cases, only half of quarantine beds remaining as JMU begins to resemble mid 1300s Europe",Nice fearmongering title!,2020-09-01 12:25:36,-39
comment,"NEW UPDATE: 513 cases, only half of quarantine beds remaining as JMU begins to resemble mid 1300s Europe","Stop being so dramatic. If someone gets it, quarantine and move on. Stop fear mongering!!! This generation is truly a bunch of complainers.",2020-09-01 15:01:17,-22
comment,"NEW UPDATE: 513 cases, only half of quarantine beds remaining as JMU begins to resemble mid 1300s Europe",That's the point,2020-09-01 15:13:03,9
comment,"NEW UPDATE: 513 cases, only half of quarantine beds remaining as JMU begins to resemble mid 1300s Europe",Seems like JMU is the US of universities when it comes to handling covid,2020-09-01 13:25:03,14
comment,"NEW UPDATE: 513 cases, only half of quarantine beds remaining as JMU begins to resemble mid 1300s Europe",one question what's your jmu badge number officer,2020-09-01 15:02:31,12
comment,"NEW UPDATE: 513 cases, only half of quarantine beds remaining as JMU begins to resemble mid 1300s Europe",Thanks doomer,2020-09-01 12:47:12,-36
post,THE JMU DUKES ARE GOING BOWLING,"THE JMU DUKES ARE GOING BOWLING After the losses by Florida and South Carolina, JMU has clinched a bowl spot no matter the result of the remaining games!!",2023-11-25 23:55:09,111
comment,THE JMU DUKES ARE GOING BOWLING,Let's fucking goooooo,2023-11-26 01:21:42,17
comment,THE JMU DUKES ARE GOING BOWLING,Which bowls are they likely to play in? I’m gonna try to get a ticket with my dad,2023-11-26 00:04:38,15
comment,THE JMU DUKES ARE GOING BOWLING,Part of me wants to play Liberty just to shut them up but part of me wants them to put us up against a great team like Oklahoma just to see how we stack up.,2023-11-26 21:50:18,9
comment,THE JMU DUKES ARE GOING BOWLING,![gif](giphy|vTKdnvOZtDmxKs8JXk),2023-11-26 10:32:59,8
comment,THE JMU DUKES ARE GOING BOWLING,Imagine if app state hadn’t been an L,2023-11-26 20:11:55,8
comment,THE JMU DUKES ARE GOING BOWLING,JM-U. Duuuuuuukes!,2023-11-26 16:11:42,6
comment,THE JMU DUKES ARE GOING BOWLING,"What I've heard for several weeks now is New Orleans Bowl vs. Liberty. The Flames destroyed ODU in all phases of the game, while ODU was our closest game besides the ""L."" This game is on Sat. Dec. 16th mid-day. Go Dukes!",2023-11-26 20:31:15,1
comment,THE JMU DUKES ARE GOING BOWLING,"We won't know for sure until the selection show, but the likely ones with SBC tie ins are the Cure Bowl, New Orleans Bowl, and Myrtle Beach Bowl",2023-11-26 00:05:36,19
comment,THE JMU DUKES ARE GOING BOWLING,I think we find out which bowl it is on Dec 3rd,2023-11-26 11:46:52,4
comment,THE JMU DUKES ARE GOING BOWLING,I imagine it every waking moment,2023-11-26 20:23:00,8
comment,THE JMU DUKES ARE GOING BOWLING,"Wouldn't really have made a difference. Because we're still categorized as an FCS transition team (Edit: to be clear, we are an FBS team on our second year of bowl ineligibility due to our recent FCS transition), we'll be selected after ALL other bowl eligible teams regardless what their record is. Chances are we will get some random ass bottom of the barrel bowl. Not complaining, but that's what the rules stipulate.",2023-11-26 20:27:58,3
comment,THE JMU DUKES ARE GOING BOWLING,ESPN’s latest projections say Gasparilla Bowl vs Memphis.,2023-11-26 23:41:15,3
comment,THE JMU DUKES ARE GOING BOWLING,Oh wow if it’s Myrtle that’s only about a 7 hour drive,2023-11-26 00:07:44,9
comment,THE JMU DUKES ARE GOING BOWLING,"We are not a “FCS transition team.” Every opponent who beat us in both years was able to count their win against us towards bowl eligibility, EDIT to add that it was considered an FBS win, not an FCS win.",2023-11-26 21:51:41,2
comment,THE JMU DUKES ARE GOING BOWLING,That would be a great match up as well. Go Dukes!,2023-11-27 09:57:13,2
comment,THE JMU DUKES ARE GOING BOWLING,"I think you're reading my comment as if I'm saying we're an FCS team. We're obviously an FBS team, I'm just saying we're on a bowl ban because of our recent transition.",2023-11-26 22:10:21,3
comment,THE JMU DUKES ARE GOING BOWLING,"Stupid rules, but dem the breaks .",2023-11-27 15:58:35,2
post,Don’t worry! We’ll be fine in October - everyone will be responsible so we can stay on campus right? ...right?,Don’t worry! We’ll be fine in October - everyone will be responsible so we can stay on campus right? ...right?,2020-09-19 11:25:27,110
comment,Don’t worry! We’ll be fine in October - everyone will be responsible so we can stay on campus right? ...right?,I swear to god we won’t be back longer than 10 days this time,2020-09-19 11:55:19,60
comment,Don’t worry! We’ll be fine in October - everyone will be responsible so we can stay on campus right? ...right?,My theory is once everyone comes back and the numbers start rising again they'll cite Fauci as a reason to keep us all captive here (because its dangerous to go back home) until Thanksgiving. Meanwhile the school gets its money from flex and dining services and we all get to live in a hellhole. Im for sure emailing my professors if I can stay online because that first day back to in person classes and that first weekend will be off the wall insane. People weren't wearing masks while the numbers were rising back in the beginning. Theres no chance they'll suddenly change their behavior.,2020-09-19 16:44:27,12
comment,Don’t worry! We’ll be fine in October - everyone will be responsible so we can stay on campus right? ...right?,"Group on Port Road drinking ...no masks, shoulder to shoulder, with a sign asking for people to honk so they drink. Not a great look right now.",2020-09-19 19:51:24,10
comment,Don’t worry! We’ll be fine in October - everyone will be responsible so we can stay on campus right? ...right?,this used to be a peaceful building. now we're surrounded on all sides by frats and sorority people littering all over hanging balloons and shit being annoying,2020-09-19 13:21:50,15
comment,Don’t worry! We’ll be fine in October - everyone will be responsible so we can stay on campus right? ...right?,Alum turned Townie here - I'm so sorry you all are dealing with this and are under the power of money grubbing whores of the JMU admin. And also that your classmates couldn't give two shits about you. I truly and deeply feel for you.,2020-09-19 18:34:11,13
comment,Don’t worry! We’ll be fine in October - everyone will be responsible so we can stay on campus right? ...right?,I was driving by the football field the other day and saw around 15 people in a huddle. Their heads were inches apart. I didn't see a single mask.,2020-09-19 16:32:46,6
comment,Don’t worry! We’ll be fine in October - everyone will be responsible so we can stay on campus right? ...right?,"That’s nothing. At Altitude, there is a good 30 people partying in the 4th floor lounge and the roof and the management encourages it and fir frats to use the space. Literally right now. Music blaring. Went down to check.",2020-09-19 23:30:01,6
comment,Don’t worry! We’ll be fine in October - everyone will be responsible so we can stay on campus right? ...right?,Unfortunately college attracts a size able amount of selfish monkeys,2020-09-23 09:05:22,4
comment,Don’t worry! We’ll be fine in October - everyone will be responsible so we can stay on campus right? ...right?,Report them,2020-09-19 12:19:32,13
comment,Don’t worry! We’ll be fine in October - everyone will be responsible so we can stay on campus right? ...right?,"I’m all against partying but this is under ten people as far as we can see. I mean, my gf lives across the hall so when we all hang it’s 8 people",2020-09-19 12:54:49,11
comment,Don’t worry! We’ll be fine in October - everyone will be responsible so we can stay on campus right? ...right?,so what exactly do you want the school to do about an off campus party? i don't understand the point of this. call the police on them if you have a problem stop crying in the reddit lol,2020-09-19 18:11:30,-8
comment,Don’t worry! We’ll be fine in October - everyone will be responsible so we can stay on campus right? ...right?,"Alright gentlemen, place your bets, place your bets. i got money on day 15.",2020-09-19 12:41:36,29
comment,Don’t worry! We’ll be fine in October - everyone will be responsible so we can stay on campus right? ...right?,i’m gonna be “cautiously optimistic” and say 12 days,2020-09-19 21:44:21,6
comment,Don’t worry! We’ll be fine in October - everyone will be responsible so we can stay on campus right? ...right?,Please stay home,2020-09-20 06:36:53,4
comment,Don’t worry! We’ll be fine in October - everyone will be responsible so we can stay on campus right? ...right?,"The people below me party every other day until 2-3am, constantly slamming The door and shouting and shit. I fucking hate it",2020-09-19 13:25:50,7
comment,Don’t worry! We’ll be fine in October - everyone will be responsible so we can stay on campus right? ...right?,Not defending the kids littering but this sentence reads almost exactly like an old white lady complaining about the new minority neighbors. Lol.,2020-09-19 23:32:56,5
comment,Don’t worry! We’ll be fine in October - everyone will be responsible so we can stay on campus right? ...right?,That’s so fucked! Wow...I’d call that one in for sure,2020-09-19 23:32:31,4
comment,Don’t worry! We’ll be fine in October - everyone will be responsible so we can stay on campus right? ...right?,My boyfriend lives in the building near them and he’s already reported them once. Literally nothing has happened.,2020-09-19 16:37:55,10
comment,Don’t worry! We’ll be fine in October - everyone will be responsible so we can stay on campus right? ...right?,There were MORE people in the actual apartment. They were filtering in and out. When I walked by there 8 on the patio and 3-4 more inside. Yet still - people arguing about “oh 8 people is okay; don’t need to wear a mask.” Why don’t you wear a mask and distance as much as possible? Why is that so hard to fathom and follow through,2020-09-19 13:02:33,24
comment,Don’t worry! We’ll be fine in October - everyone will be responsible so we can stay on campus right? ...right?,They need to be held accountable. We can hang out with friends but we have to be responsible about; fewer people; wear masks; distance from each other. Why is this *so* damn hard to understand? Why are Americans so fucking selfish in their thinking? It is better to have 6 months to a year in hardship and discomfort than 2 years or more. We are heading toward the latter option,2020-09-19 23:28:05,6
comment,Don’t worry! We’ll be fine in October - everyone will be responsible so we can stay on campus right? ...right?,"If they're students, which seems likely, then the university should be suspending or expelling them.",2020-09-19 19:31:35,6
comment,Don’t worry! We’ll be fine in October - everyone will be responsible so we can stay on campus right? ...right?,I’m going for a solid 9 days,2020-09-19 14:18:50,9
comment,Don’t worry! We’ll be fine in October - everyone will be responsible so we can stay on campus right? ...right?,im on 7 days,2020-09-19 13:12:11,8
comment,Don’t worry! We’ll be fine in October - everyone will be responsible so we can stay on campus right? ...right?,7 minutes at the most,2020-09-19 14:02:57,8
comment,Don’t worry! We’ll be fine in October - everyone will be responsible so we can stay on campus right? ...right?,5 seemed to work well the last time..,2020-09-19 14:39:25,6
comment,Don’t worry! We’ll be fine in October - everyone will be responsible so we can stay on campus right? ...right?,"im in the room closest to the stairs, i feel ya.",2020-09-19 13:30:52,8
comment,Don’t worry! We’ll be fine in October - everyone will be responsible so we can stay on campus right? ...right?,"maybe, but one is an imagined slight and the other is fucking kids doing lines at 2am >:(",2020-09-20 00:14:00,0
comment,Don’t worry! We’ll be fine in October - everyone will be responsible so we can stay on campus right? ...right?,How would I do that?,2020-09-19 23:40:12,1
comment,Don’t worry! We’ll be fine in October - everyone will be responsible so we can stay on campus right? ...right?,Townie here who lives uncomfortably close to some of the party houses on 42. Reporting doesn’t do shit.,2020-09-19 16:54:52,18
comment,Don’t worry! We’ll be fine in October - everyone will be responsible so we can stay on campus right? ...right?,"I agree w you, was just commenting based off the video that you couldn’t see more. Sorry lmao",2020-09-19 16:49:40,3
comment,Don’t worry! We’ll be fine in October - everyone will be responsible so we can stay on campus right? ...right?,"dude i wish it was a perfect world and this was an easy thing to do. i don't think you read what i said... HOW do you plan on holding them accountable.... this virus is weird as hell and we barely know anything about it and it's sad how confusing it is, but stop acting like there is some definite one size fits all solution",2020-09-19 23:29:28,1
comment,Don’t worry! We’ll be fine in October - everyone will be responsible so we can stay on campus right? ...right?,"1- not everyone in harrisonburg is a student and i don't know what resources you think JMU has to try and track locate and identify anybody who is gathering around because it's a lot of people 2- by this logic you would be expecting JMU to be able to police all of harrisonburg, USC to police all of charleston, VT to police all of blacksburg and etc... if this is what you want than i hope you aren't a human being who goes to work or goes to grocery stores or restaurants ever... because this is the type of lockdown your looking for and i don't think you really want that. think before you speak. EDIT: lol please provide a valid counter argument before you downvote 🤣 imbiciles lol",2020-09-19 19:45:29,-5
comment,Don’t worry! We’ll be fine in October - everyone will be responsible so we can stay on campus right? ...right?,Non emergency line for Harrisonburg police.,2020-09-20 00:21:19,3
comment,Don’t worry! We’ll be fine in October - everyone will be responsible so we can stay on campus right? ...right?,Hold them accountable by suspending them and also via legal trouble in the university AND in the city of harrisonburg. Double whammy’s.,2020-09-20 10:28:14,3
post,Duke Dog: Pug Edition (OC),Duke Dog: Pug Edition (OC) Floyd i,2025-01-06 13:13:18,108
comment,Duke Dog: Pug Edition (OC),Awwww so cute,2025-01-06 13:58:09,4
comment,Duke Dog: Pug Edition (OC),Come join JMU Pets,2025-01-06 16:00:57,4
post,I actually want to stay online.,"I actually want to stay online. Idk about you guys, but I want to stay online. If we go back in October, I just see us eventually going back online anyway, especially after Halloween and Thanksgiving break. I already thought that jmu would end up ultimately deciding to move classes to online after thanksgiving, but now I’m just hoping we stay online. The constant back and forth is stressful on students and faculty.",2020-09-13 19:26:53,108
comment,I actually want to stay online.,Faculty member and same. Class participation is amazingly high online both for my small classes AND my big ones. It’s fun to teach when I see people engaged!,2020-09-13 22:01:09,47
comment,I actually want to stay online.,"I suspect that you will be online for the entire semester. Really, the university should stay online until it can offer a completely normal campus experience again, free of virus-related security theater. Until then, keep it online.",2020-09-13 20:37:52,41
comment,I actually want to stay online.,"Yeah nah I’m a geology major that online shit is fucked, we are getting the shittiest education",2020-09-14 10:11:05,12
comment,I actually want to stay online.,"Being online definitely has its benefits, but I would still much prefer being in person, I have two labs this semester and labs really are not so effective when everything is online, plus I always find myself getting distracted and not paying attention which I would not be doing in an in person class. I,m also getting lazy just staying inside lmao.",2020-09-14 09:25:18,3
comment,I actually want to stay online.,"lol too bad this is completely subjective and a lot of people have way more trouble learning and focusing in these asynchronous class environments. If jmu really wants to open however they should just test everybody who comes back onto campus, but this is definitely way easier said than done so who knows",2020-09-14 10:05:05,1
comment,I actually want to stay online.,"That is bizarre, I feel like participation has been wayyyyyyy down in my classes (as a graduate student). But of course that’s not a great reason to open up JMU haha",2020-09-13 23:16:46,26
comment,I actually want to stay online.,"I’m graduated now, but some of my studio art classes would’ve been totally fucked online haha.",2020-09-14 10:14:20,3
post,JMU COVID Update 8/27: 110 Self-reported cases + 15 positive tests at UHC,JMU COVID Update 8/27: 110 Self-reported cases + 15 positive tests at UHC,2020-08-27 11:21:47,111
comment,JMU COVID Update 8/27: 110 Self-reported cases + 15 positive tests at UHC,JMU has now reported more cases than any public school in Virginia. [Dashboard link](https://www.jmu.edu/stop-the-spread/dashboard.shtml),2020-08-27 11:23:47,85
comment,JMU COVID Update 8/27: 110 Self-reported cases + 15 positive tests at UHC,"Wow, what a huge surprise. No one could have possibly predicted this like 3 months ago! Oh wait, literally everyone did. JMU knowingly and actively endangered the health of students and the Harrisonburg community because money is more important than lives to JMU. If any JMU administrators are reading this, I hope you sleep well at night knowing that your complicity will almost definitely lead to an ACTUAL PERSON’S death. Hope it was worth it.",2020-08-27 12:39:26,99
comment,JMU COVID Update 8/27: 110 Self-reported cases + 15 positive tests at UHC,"And they’re going to send back home all the unknowingly infected students, spreading corona even more. As an alum and a nova resident, I fear for the day the students are sent back home.",2020-08-27 12:45:05,29
comment,JMU COVID Update 8/27: 110 Self-reported cases + 15 positive tests at UHC,"Hiding self reported cases as separate count from the pie chart is still the most underhanded bullshit part of this entire dashboard. I have no issue delineating between UHC and self reported - I understand the rationale behind it. But Jesus Christ, JMU knows the first thing people gravitate towards are charts and easily digestible figures. Hiding the real number of reported cases in a box at the bottom of the dashboard and titling the pie chart ""cumulative"" is disingenuous at best and overall just scummy. Do better, JMU.",2020-08-27 13:32:02,56
comment,JMU COVID Update 8/27: 110 Self-reported cases + 15 positive tests at UHC,this is no bueno,2020-08-27 11:33:10,24
comment,JMU COVID Update 8/27: 110 Self-reported cases + 15 positive tests at UHC,Bear in mind that at this stage you’re mostly tracking students that carried COVID to JMU from wherever they were before. You won’t see JMU community spread results for another week to two weeks.,2020-08-27 13:37:55,25
comment,JMU COVID Update 8/27: 110 Self-reported cases + 15 positive tests at UHC,based on what I'm hearing this is still underplayed... there's so many who have been exposed &#x200B; &#x200B; turns out 2 weeks straight of partying spreads a pandemic,2020-08-27 11:54:14,42
comment,JMU COVID Update 8/27: 110 Self-reported cases + 15 positive tests at UHC,I might have it too. My stomach is killing me and I’ve lost like 7-8 pounds; I have started to cough.,2020-08-27 11:47:01,23
comment,JMU COVID Update 8/27: 110 Self-reported cases + 15 positive tests at UHC,"Yerrrr, less than 2 weeks left at school. They only have 140 quarantine beds Start packing up.",2020-08-27 11:50:15,23
comment,JMU COVID Update 8/27: 110 Self-reported cases + 15 positive tests at UHC,we're screwed,2020-08-27 11:52:55,14
comment,JMU COVID Update 8/27: 110 Self-reported cases + 15 positive tests at UHC,So are you saying that we beat tech again??,2020-08-27 19:18:07,8
comment,JMU COVID Update 8/27: 110 Self-reported cases + 15 positive tests at UHC,Nope. VCU beats. [https://together.vcu.edu/dashboard/](https://together.vcu.edu/dashboard/),2020-08-27 18:33:17,4
comment,JMU COVID Update 8/27: 110 Self-reported cases + 15 positive tests at UHC,"If a professor dies, what will the university possibly say? It’s all so fucked up",2020-08-27 13:26:45,39
comment,JMU COVID Update 8/27: 110 Self-reported cases + 15 positive tests at UHC,I think I'll be writing some letters to some local delegates this weekend. I suggest others do the same. The state needs to hold JMU accountable.,2020-08-27 15:14:42,18
comment,JMU COVID Update 8/27: 110 Self-reported cases + 15 positive tests at UHC,I am sure Harrisonburg residents are counting down the hours until the students get sent home. Friend of mine who still lives there says that masks were actually pretty commonplace at a lot of places and now it is next to impossible to find students out and about with masks on.,2020-08-27 15:05:09,19
comment,JMU COVID Update 8/27: 110 Self-reported cases + 15 positive tests at UHC,Also insanely scummy that they have the “pending results” mixed in with the “negatives”,2020-08-27 13:38:54,28
comment,JMU COVID Update 8/27: 110 Self-reported cases + 15 positive tests at UHC,"If you think this is bad, check out Radford's.",2020-08-27 13:35:01,16
comment,JMU COVID Update 8/27: 110 Self-reported cases + 15 positive tests at UHC,"I’m a bit slow, is self reported just people who said they had a fever and cough or people who actually have COVID confirmed.",2020-08-27 18:04:20,3
comment,JMU COVID Update 8/27: 110 Self-reported cases + 15 positive tests at UHC,That and non existent safety measures in university facilities...,2020-08-27 11:59:43,28
comment,JMU COVID Update 8/27: 110 Self-reported cases + 15 positive tests at UHC,Almost like the university pushing responsibility onto a bunch of immature young adults getting their first taste of independence was a stupid idea,2020-08-27 20:11:18,6
comment,JMU COVID Update 8/27: 110 Self-reported cases + 15 positive tests at UHC,Are you sure you didn’t just eat D-hall?,2020-08-27 12:57:26,55
comment,JMU COVID Update 8/27: 110 Self-reported cases + 15 positive tests at UHC,"You could try calling MedExpress, too, if you can get there. Some CVS locations are also testing but call ahead as not all are.",2020-08-27 18:35:18,5
comment,JMU COVID Update 8/27: 110 Self-reported cases + 15 positive tests at UHC,At RMH right now. It’s taking forever to see a doctor who decides if we get tested.,2020-08-27 20:57:39,3
comment,JMU COVID Update 8/27: 110 Self-reported cases + 15 positive tests at UHC,"Those are for people on campus tho, people off campus are supposed to quarantine at their apartment. That being said those dorms are prolly festering with roni at the moment, 2 weeks seems optimistic",2020-08-27 12:13:23,27
comment,JMU COVID Update 8/27: 110 Self-reported cases + 15 positive tests at UHC,"Ngl, the worst part of this is the waiting. Just make a f*cking decision because I’d like these anxiety dreams to stop.",2020-08-27 14:49:38,14
comment,JMU COVID Update 8/27: 110 Self-reported cases + 15 positive tests at UHC,Is this like I heard this from someone who was drunk as shit last night or is this from someone who would actually know? I wouldn’t be surprised if this is real but gotta check sources.,2020-08-27 14:50:17,10
comment,JMU COVID Update 8/27: 110 Self-reported cases + 15 positive tests at UHC,Yeah I heard this too.. obv jmu can’t force upperclassmen to leave but this is def a rumor that is floating around,2020-08-27 17:25:48,7
comment,JMU COVID Update 8/27: 110 Self-reported cases + 15 positive tests at UHC,"I try not to look too deep into reddit rumors, but I’m really hoping this ends up being true. Had my first in person class today and I (as a current junior) have never felt that anxious going into a first day of class in my life. Hitting every hand sanitizer box I walked past, trying to figure out where to sit (even though the engeo table layout had us sitting less than 3 feet apart). I have no fucking clue how they expected this shit to last an entire semester",2020-08-27 16:51:56,14
comment,JMU COVID Update 8/27: 110 Self-reported cases + 15 positive tests at UHC,"They can’t mandate shit RE: off-campus housing. They have just as much of a right to “mandate” you leave your off-campus dwelling as they have to “mandate” your bed time. Adults are free to live wherever they please. If this happens, I’d expect most students to stay in Harrisonburg. The only ones that won’t are the ones legitimately concerned about getting covid, the ones legitimately concerned about following the “rules,” and the ones with parents that drag their asses home. If they want to stop off-campus partying/gathering, they’re going to have to get the municipality involved. Municipal approval to shut off power/water service to houses repeatedly found in violation of gathering limits is the only way this ever stops, and even then, you’ll probably see at least a few houses dedicated to parties w/ the residents moving elsewhere to have power/water. Edit: I also doubt we’ll see graduate programs go full virtual. Many, many programs have critical in-person components, namely labs. Depending on the domain, making these programs go full virtual may as well be cancelling the semester.",2020-08-27 18:10:21,3
comment,JMU COVID Update 8/27: 110 Self-reported cases + 15 positive tests at UHC,"VCU has 98 active student cases + 12 faculty cases = 110 cases. JMU has 110 self-reported cases, plus 15 positive tests at UHC. I don't blame you for the confusion though. As others note, JMU does not make it obvious that there's two separate counts.",2020-08-27 18:40:36,11
comment,JMU COVID Update 8/27: 110 Self-reported cases + 15 positive tests at UHC,On campus I'd say students are doing pretty well with the masks.... off campus tho..........,2020-08-27 16:50:03,9
comment,JMU COVID Update 8/27: 110 Self-reported cases + 15 positive tests at UHC,"Holy shit you weren't joking. For anyone interested. Radford's [""Dashboard""](https://www.radford.edu/content/radfordcore/home/reopening/university-dashboard.html)",2020-08-27 13:45:51,18
comment,JMU COVID Update 8/27: 110 Self-reported cases + 15 positive tests at UHC,Its people who tested positive for COVID somewhere other than the UHC and chose to tell JMU about it. JMU students who test positive at Medexpress or something don’t necessarily have to tell JMU.,2020-08-28 00:42:04,3
comment,JMU COVID Update 8/27: 110 Self-reported cases + 15 positive tests at UHC,But the bulk returned this weekend.,2020-08-27 17:02:16,6
comment,JMU COVID Update 8/27: 110 Self-reported cases + 15 positive tests at UHC,"For real, I got food poisoning from D-Hall 3 times last semester",2020-08-27 13:16:38,15
comment,JMU COVID Update 8/27: 110 Self-reported cases + 15 positive tests at UHC,Urgent care behind the closed IHOP building is where I got mine. Results in 3 days.,2020-08-27 20:40:05,3
comment,JMU COVID Update 8/27: 110 Self-reported cases + 15 positive tests at UHC,im not stressed,2020-08-27 13:27:57,2
comment,JMU COVID Update 8/27: 110 Self-reported cases + 15 positive tests at UHC,RMH is insanely picky about who they test. Urgent care behind the closed IHOP building does walk-ins with results in 3-5 days.,2020-08-27 20:44:51,3
comment,JMU COVID Update 8/27: 110 Self-reported cases + 15 positive tests at UHC,"They’re also allowing people in some dorms to quarantine in their dorms, like students in Grace Street. That’ll make the beds fill up slower with kids who are being isolated or quarantined students who have communal bathrooms.",2020-08-27 15:03:32,7
comment,JMU COVID Update 8/27: 110 Self-reported cases + 15 positive tests at UHC,The decision should have been made weeks ago. Other universities like Harvard made all their Fall classes online back in July. But now over a hundred students have caught COVID and classes are still going to be online after the first week or two anyway! Its so dumb.,2020-08-28 00:51:54,2
post,"Can't wait for Alger and the rest of the administration (lets not forget the board of visitors) to ""mourn"" the loss of dukes next month","Can't wait for Alger and the rest of the administration (lets not forget the board of visitors) to ""mourn"" the loss of dukes next month",2020-08-17 00:30:20,113
comment,"Can't wait for Alger and the rest of the administration (lets not forget the board of visitors) to ""mourn"" the loss of dukes next month",Got out in 2019... glad to see nothing has changed JMaddy,2020-08-17 06:47:25,16
comment,"Can't wait for Alger and the rest of the administration (lets not forget the board of visitors) to ""mourn"" the loss of dukes next month","I've already seen so many snapchat stories of JMU parties exceeding 50 people easily, everybody without masks. This semester ain't lasting long",2020-08-17 02:00:32,35
comment,"Can't wait for Alger and the rest of the administration (lets not forget the board of visitors) to ""mourn"" the loss of dukes next month",If you think it will be anything [but an email and a bouquet of flowers to a professor/staff member's funeral](https://www.youtube.com/watch?v=ScGXN5p54Yc) ...,2020-08-17 07:42:59,8
comment,"Can't wait for Alger and the rest of the administration (lets not forget the board of visitors) to ""mourn"" the loss of dukes next month",You’re so right! The more money the university makes the more the board of visitors make! Oh wait....,2020-08-17 14:30:06,1
comment,"Can't wait for Alger and the rest of the administration (lets not forget the board of visitors) to ""mourn"" the loss of dukes next month",I hope they’re smart enough to not kick us off campus,2020-08-17 12:56:24,-8
comment,"Can't wait for Alger and the rest of the administration (lets not forget the board of visitors) to ""mourn"" the loss of dukes next month",You do realize that the mortality rate for people our age is effectively 0%,2020-08-17 15:08:00,-14
comment,"Can't wait for Alger and the rest of the administration (lets not forget the board of visitors) to ""mourn"" the loss of dukes next month",Thank God I'm a loser who doesn't get invited anywhere,2020-08-17 02:51:58,39
comment,"Can't wait for Alger and the rest of the administration (lets not forget the board of visitors) to ""mourn"" the loss of dukes next month","Oh true, not like any of the \~20k dukes that are at-risk or the professors or the staff, who cares if some of them die, right?",2020-08-17 15:14:24,12
comment,"Can't wait for Alger and the rest of the administration (lets not forget the board of visitors) to ""mourn"" the loss of dukes next month",I would bet literally all of my money that no jmu student will die,2020-08-17 16:05:05,-9
comment,"Can't wait for Alger and the rest of the administration (lets not forget the board of visitors) to ""mourn"" the loss of dukes next month",what about permanent lung damage,2020-08-17 20:31:42,6
comment,"Can't wait for Alger and the rest of the administration (lets not forget the board of visitors) to ""mourn"" the loss of dukes next month","Okay, so you're still leaving out all of the professors, cleaners, dining hall workers, maintenance workers, and bus drivers. Not to mention the residents of Harrisonburg, as well as relatives of JMU students.",2020-08-17 16:15:42,8
comment,"Can't wait for Alger and the rest of the administration (lets not forget the board of visitors) to ""mourn"" the loss of dukes next month","Severa of my family members all have heart damage from covid Idk about you but, I’m good off that",2020-08-18 01:01:34,3
post,Actual Photo of Parking Services,Actual Photo of Parking Services,2020-04-02 11:48:34,109
comment,Actual Photo of Parking Services,"Always has been, and always will be. Also a certain cloak-and-dagger aspect of it all.",2020-04-02 15:40:35,4
comment,Actual Photo of Parking Services,Name checks out,2020-04-02 14:42:17,8
comment,Actual Photo of Parking Services,First ones up against the wall when the revolution comes.,2020-07-06 18:56:21,3
post,Harrisonburg.,Harrisonburg.,2015-03-22 20:16:15,108
comment,Harrisonburg.,Nice to see Copper still going hard in the paint,2015-03-22 21:24:32,16
comment,Harrisonburg.,"Oh man, I crave details",2015-03-22 20:58:16,9
comment,Harrisonburg.,stein you crazy dog.,2015-03-23 09:12:48,4
comment,Harrisonburg.,So...when did this happen?,2015-03-22 22:09:16,3
comment,Harrisonburg.,My gf was driving home and called me when she saw it happen. She assumed they unknowingly put the car in drive and gunned it.,2015-03-23 09:15:47,3
comment,Harrisonburg.,I'm really struggling to figure out how this shit went down,2015-03-22 23:03:02,2
comment,Harrisonburg.,thats some damn townies from chestnut ridge.,2015-03-23 09:14:28,3
comment,Harrisonburg.,I was driving as my friend captured this image. We were baffled by everything...,2015-03-23 01:00:42,6
comment,Harrisonburg.,this morning,2015-03-22 22:17:37,2
comment,Harrisonburg.,"My guess is that this happened [right here](https://www.google.com/maps/@38.417627,-78.845023,3a,75y,344.04h,89.89t/data=!3m4!1e1!3m2!1skqqBPmlGWloE7W7gpD8FJA!2e0) on Chestnut Ridge Drive, with the photo being taken [facing to the West](https://www.google.com/maps/@38.417685,-78.844795,3a,75y,250.8h,87.04t/data=!3m4!1e1!3m2!1sxYoi_XYjIsAw0nVXo_f72w!2e0!6m1!1e1). As you can see in both of those Google Street View links, there is a parking area at the top of that retaining wall with a mere little wooden fence separating the parking lot from the precipice. I hypothesize that someone wasn't paying attention and thought their car was in reverse when in fact it was in drive, and they drove right off the parking lot and over the wall, with their car ending up as it is seen in the picture.",2015-03-22 23:54:27,5
comment,Harrisonburg.,"Highly doubtful. The car came from up the ledge, which is from Chestnut Ridge apartments. While they offer housing to anyone local, it's mainly known for being cheaper local alternative/a tad sketchy rather than any collegiate-associated housing.",2015-03-23 01:48:26,9
comment,Harrisonburg.,Yeah I would agree with you here. The drivers here are not what you would call intelligent...,2015-03-23 01:01:16,1
post,Final exams be like,Final exams be like,2021-05-05 09:26:19,110
comment,Final exams be like,I just failed my final and this pops up 😂😂😂,2021-05-05 17:19:04,5
comment,Final exams be like,My damn Ecology final. College is a scam,2021-05-06 22:02:03,2
post,Someone should plant corn on top of Showker,Someone should plant corn on top of Showker It would be called Corn on the COB,2020-03-09 14:23:49,111
comment,Someone should plant corn on top of Showker,We need to relay this idea to Alger ASAP,2020-03-09 14:49:10,44
comment,Someone should plant corn on top of Showker,This is the most pure thing on the internet and I love it,2020-03-09 16:27:39,23
comment,Someone should plant corn on top of Showker,Bruhhh... get out more,2020-03-09 14:50:56,-49
comment,Someone should plant corn on top of Showker,username doesn’t checkout,2020-03-09 19:29:01,22
comment,Someone should plant corn on top of Showker,-7 karma headahhhh,2020-03-09 22:14:29,5
post,The perfect license plate doesn’t exi-,The perfect license plate doesn’t exi-,2018-03-01 15:46:33,107
comment,The perfect license plate doesn’t exi-,God the worst thing was just driving to school on 81! I81sucks!,2018-03-02 09:43:15,1
comment,The perfect license plate doesn’t exi-,"""I ate one sucks""",2018-03-01 17:18:28,-2
post,What if it was all a dream?,What if it was all a dream?,2020-09-01 20:09:19,107
comment,What if it was all a dream?,Imagine if you woke up on the quad from a deep nap and everything was back to how it used to be,2020-09-02 00:07:57,14
comment,What if it was all a dream?,good morning mr. president,2020-09-01 22:43:22,2
comment,What if it was all a dream?,I yearn for that more than I've yearned for almost anything.,2020-09-02 00:11:55,10
post,JMU Women’s Soccer are your Sun Belt conference champions!,JMU Women’s Soccer are your Sun Belt conference champions!,2024-11-10 12:42:40,106
post,My Madison College notebook. I'm way past old.,My Madison College notebook. I'm way past old.,2023-10-09 02:09:30,108
comment,My Madison College notebook. I'm way past old.,Class of 75 here. Did you ever go to the Elbow Room in those days?,2023-10-09 07:12:37,12
comment,My Madison College notebook. I'm way past old.,This is way too cool!! Thanks for sharing this piece of JMU history,2023-10-09 18:43:46,9
comment,My Madison College notebook. I'm way past old.,One of the Ancients! They walk among us!,2023-10-09 19:23:29,7
comment,My Madison College notebook. I'm way past old.,Super cool notebook! So wish I could’ve gotten mine for $1.30,2023-10-09 11:16:25,8
comment,My Madison College notebook. I'm way past old.,What year? Wow,2023-10-09 11:27:06,4
comment,My Madison College notebook. I'm way past old.,That's so cool! Great you still have it.,2023-10-09 19:13:06,3
comment,My Madison College notebook. I'm way past old.,Whoa! So neat!,2023-10-11 13:28:42,2
comment,My Madison College notebook. I'm way past old.,what’s written in it? did you use it as a planner? would be cool to look into the life of a 70s jmu student through their notebook :),2023-10-11 02:01:38,1
comment,My Madison College notebook. I'm way past old.,I would love to get an actually good notebook for $1.30 😭,2023-10-16 20:42:21,1
comment,My Madison College notebook. I'm way past old.,"Oh yes, my roommate and I enjoyed too many pitchers there!! I’m too old for that stuff now. It would kill me if I partied like that!",2023-10-09 07:59:03,11
comment,My Madison College notebook. I'm way past old.,Graduated in 1978 -- I think this notebook was purchased in 1976.,2023-10-09 17:36:40,9
comment,My Madison College notebook. I'm way past old.,"I was hoping to find some juicy tidbits from my sordid past in the notebook, but there were only a few pages left in it -- apparently I tore out the pages that I didn't want anyone to find. So disappointing, because I'm too old now to remember my wild years.",2023-10-11 12:14:04,2
comment,My Madison College notebook. I'm way past old.,"Me, too. Plus, how did I stay out until 1 or 2 in the morning?",2023-10-09 09:53:37,4
comment,My Madison College notebook. I'm way past old.,"aw, that’s a shame! thanks for sharing though :)",2023-10-11 12:15:09,2
comment,My Madison College notebook. I'm way past old.,I graduated in 2016 and I got in the tunnels!,2023-10-09 11:15:54,3
post,Today’s freshmen don’t understand the serotonin rush of running into Jimmy while heading to carrier to study for 7+ hours 💔,Today’s freshmen don’t understand the serotonin rush of running into Jimmy while heading to carrier to study for 7+ hours 💔,2021-11-26 05:15:34,105
comment,Today’s freshmen don’t understand the serotonin rush of running into Jimmy while heading to carrier to study for 7+ hours 💔,I've been emo over the quad cats all semester i keep looking for them and then remembering they're gone,2021-11-26 12:27:56,10
comment,Today’s freshmen don’t understand the serotonin rush of running into Jimmy while heading to carrier to study for 7+ hours 💔,"I remember my freshman year I got to pet Jimmy… someone else was petting him and they let me tag on with that, and for like a week I would visit Jimmy every day and pet him. Then I got busy, then covid happened. Such a sweet boy, I miss seeing him around",2021-11-26 20:24:05,6
post,WARNING: Students who withdraw AFTER SEPT. 15 will only receive a 75% refund (please share this),"WARNING: Students who withdraw AFTER SEPT. 15 will only receive a 75% refund (please share this) **Students who submit their completed Non-returning/Leave of Absence form to the Office of the Registrar by September 15, 2020 will receive a 100% refund of tuition and mandatory fees.** **Students who submit their completed Non-returning/Leave of Absence form to the Office of the Registrar between September 16, 2020 and October 10, 2020 will receive a 75% refund of tuition and mandatory fees.** &#x200B; I had commented wondering if this new extended withdraw deadline would allow for students to get a full refund or only partial, and the question has been answered. Students who stay hoping that there will be a return to dorms in October (there won't) and then decide they want to take the semester off will have 25% of tuition more or less stolen from them &#x200B; They are transferring the risk of staying to students, yet again scummy. They have done the math and the best way to maximize profits is by taking 25% of the money from those who withdraw. &#x200B; [https://www.jmu.edu/ubo/Withdrawal-Policy-Fall-2020.shtml](https://www.jmu.edu/ubo/Withdrawal-Policy-Fall-2020.shtml)",2020-09-03 12:25:48,103
comment,WARNING: Students who withdraw AFTER SEPT. 15 will only receive a 75% refund (please share this),honestly I thought it would only be a 50% refund so I guess this a step up 😬,2020-09-03 12:57:34,25
comment,WARNING: Students who withdraw AFTER SEPT. 15 will only receive a 75% refund (please share this),"Just a heads up, while this policy is being housed on the University Business Office's website, this is not a policy they would have created. This policy would have been created by senior leadership and passed along to them to enforce. Please do not take out frustrations over these sorts of things on the staff in the UBO.",2020-09-03 13:14:38,25
comment,WARNING: Students who withdraw AFTER SEPT. 15 will only receive a 75% refund (please share this),Just when I thought they’d do things right,2020-09-03 12:50:11,14
comment,WARNING: Students who withdraw AFTER SEPT. 15 will only receive a 75% refund (please share this),"Oh gosh they just created the illusion of scarcity and invoked FOMO as perverse incentives for the outcome they least desire. My poor, lost alma mater.",2020-09-03 16:21:12,4
comment,WARNING: Students who withdraw AFTER SEPT. 15 will only receive a 75% refund (please share this),"I don't particularly think this bad? If you attend school and classes for 3-4 weeks, that's almost 25% of the semester, and even though they pushed the normal date to withdraw to later, the university still should be able to recoup some of the costs for students attending for 4 weeks -- education isn't free in this country. September 15 is the normal day to withdraw, everyone knows that, and has known that, and they pivoted to online classes well before that, which gives students plenty of time to withdraw even with the new date. I with y'all, I don't think the Administration handled the pandemic and return well at all, but unless I'm missing something big besides ""Alger Bad,"" I don't think we should be faulting them for this one . . .",2020-09-03 13:49:02,11
comment,WARNING: Students who withdraw AFTER SEPT. 15 will only receive a 75% refund (please share this),"This keeps the *de facto* withdrawal date at September 16th. Who in their right mind would pay 25% of their tuition to dip out after a JMU decision to stay online for all of the fall? That's a huge chunk of change. The policy is designed to *look* like a refund, but still basically keep those enrolled after September 16th enrolled for the rest of the fall, by making the penalty not worth withdrawing for.",2020-09-03 18:56:27,1
comment,WARNING: Students who withdraw AFTER SEPT. 15 will only receive a 75% refund (please share this),Well this aged poorly,2020-09-15 17:32:16,1
comment,WARNING: Students who withdraw AFTER SEPT. 15 will only receive a 75% refund (please share this),"Why would you be entitled to a 100% refund of your tuition if you already got to go to class for 3 weeks? JMU incurs a lot of costs for teaching students, like you know, paying faculty/staff salaries and providing services and all. No one is ""stealing"" anything from you.",2020-09-04 12:07:32,1
comment,WARNING: Students who withdraw AFTER SEPT. 15 will only receive a 75% refund (please share this),Ok but at that point anyone who is going to drop out of school is going to. People don’t need a refund because most people will still be enrolled. This isn’t as important as you think it is,2020-09-03 18:22:53,-2
comment,WARNING: Students who withdraw AFTER SEPT. 15 will only receive a 75% refund (please share this),"Oh, do not get angry at the staff everyone. I have from second one said you should be mad at the administration, not random staff members",2020-09-03 13:26:54,15
comment,WARNING: Students who withdraw AFTER SEPT. 15 will only receive a 75% refund (please share this),people who get mad at the staff instead of the admins are the same people who yell at their waiters,2020-09-03 15:11:19,10
comment,WARNING: Students who withdraw AFTER SEPT. 15 will only receive a 75% refund (please share this),"Right? Was this is the initial round of news on the delay of the withdrawal date, or was it added later. This is VERY important for people to know.",2020-09-03 18:57:48,1
comment,WARNING: Students who withdraw AFTER SEPT. 15 will only receive a 75% refund (please share this),"it's a unique situation, they are dangling the carrot of ""returning to the dorms"" and then reducing student optionality by giving them a reduced refund. &#x200B; &#x200B; I would be ok with this IF they didn't put the potential return to dorms in the reduced refund timeframe",2020-09-03 13:50:40,6
comment,WARNING: Students who withdraw AFTER SEPT. 15 will only receive a 75% refund (please share this),"Given the contingency planning decision the university made regarding the pause of our in-person, hybrid and virtual learning to de-densify campus in order to stop the viral spread, we are altering the deadline for withdrawing from the university. Since our deadline for withdrawal is September 15, but the university will not make a decision about whether we can safely return to campus until September 25, our students and their families are in a challenging decision-making position. So the university has extended the deadline for withdrawal from the university to October 10, with a prorated discount for the balance of time after September 15 and the date of withdrawal. &#x200B; they kind of mention it, but not really.. it's there but they don't say what this ""prorated discount"" is even though THEY KNOW WHAT IT IS",2020-09-03 14:37:33,3
comment,WARNING: Students who withdraw AFTER SEPT. 15 will only receive a 75% refund (please share this),"Nope, not at all.",2020-09-03 14:38:06,1
comment,WARNING: Students who withdraw AFTER SEPT. 15 will only receive a 75% refund (please share this),"because they pulled the rug on being on campus after weeks of pretending that classes would be, and then they had the audacity of pretending stuff may return to campus (in order to bait people into staying at jmu who otherwise may have taken a different route) &#x200B; if you don't understand how this makes sense, i can't help you",2020-09-04 12:09:24,1
comment,WARNING: Students who withdraw AFTER SEPT. 15 will only receive a 75% refund (please share this),I just wanted to reiterate this because I have heard from some folks that they have been catching a lot of it during all of this and it is really wearing on some of the staff members.,2020-09-03 14:34:03,11
comment,WARNING: Students who withdraw AFTER SEPT. 15 will only receive a 75% refund (please share this),"I think they key thing to say here is if someone is unsure about withdrawing before Sept 15 because of the possibility of returning to the dorms in 4 weeks, they should DEFINITELY withdraw (obviously not everyone has that option for various reasons, but this is a general statement). What is going to be different in 4 weeks? We had an entire summer at home and look how quickly it spread when everyone was back. My advice to anyone unsure, especially freshmen, is get your money back and take a do-over next spring or fall. It sucks but if you try to ride out this semester hoping to move back in you are almost definitely losing your chance at any semblance of a real freshman year experience.",2020-09-03 16:35:50,3
comment,WARNING: Students who withdraw AFTER SEPT. 15 will only receive a 75% refund (please share this),well hopefully the staff directs that annoyance/anger at the administration,2020-09-03 14:34:44,5
comment,WARNING: Students who withdraw AFTER SEPT. 15 will only receive a 75% refund (please share this),"Hopefully JMU staff understands that when it comes to who they need to scream at, sometimes [parents just don't understand](https://www.youtube.com/watch?v=jW3PFC86UNI&ab_channel=DJJazzyJeffVEVO)...",2020-09-03 18:53:56,0
post,JMU administrators report 10 students have tested positive for COVID-19. One result came through the university health center and nine were tested off campus and self reported to JMU.,JMU administrators report 10 students have tested positive for COVID-19. One result came through the university health center and nine were tested off campus and self reported to JMU.,2020-08-24 18:02:54,101
comment,JMU administrators report 10 students have tested positive for COVID-19. One result came through the university health center and nine were tested off campus and self reported to JMU.,Aight I give it a week,2020-08-24 18:03:55,62
comment,JMU administrators report 10 students have tested positive for COVID-19. One result came through the university health center and nine were tested off campus and self reported to JMU.,HoW DId thIs HaPpen?,2020-08-24 18:37:56,54
comment,JMU administrators report 10 students have tested positive for COVID-19. One result came through the university health center and nine were tested off campus and self reported to JMU.,"It takes 4-5 days to get a result. So 10 students had COVID 4 days ago, and we likely have even more positive cases today.",2020-08-24 18:54:57,51
comment,JMU administrators report 10 students have tested positive for COVID-19. One result came through the university health center and nine were tested off campus and self reported to JMU.,"10 cases, -2 days into classes.",2020-08-24 18:05:38,68
comment,JMU administrators report 10 students have tested positive for COVID-19. One result came through the university health center and nine were tested off campus and self reported to JMU.,"Meanwhile, they are stonewalling student journalists who are trying to get daily numbers for students who don't pay attention to off-campus journalism outlets. [Breeze Tweet](https://twitter.com/byjakeconley/status/1298028098756268033?s=20)",2020-08-24 19:50:17,53
comment,JMU administrators report 10 students have tested positive for COVID-19. One result came through the university health center and nine were tested off campus and self reported to JMU.,I give it till next monday,2020-08-24 22:11:05,11
comment,JMU administrators report 10 students have tested positive for COVID-19. One result came through the university health center and nine were tested off campus and self reported to JMU.,BREAKING: JMU administrators report 10 students have tested positive for COVID-19. One result came through the university health center and nine were tested off campus and self reported to JMU. *** posted by [@pdeleaNEWS](https://twitter.com/pdeleaNEWS) ^[(Github)](https://github.com/username) ^| ^[(What's new)](https://github.com/username),2020-08-24 18:03:11,14
comment,JMU administrators report 10 students have tested positive for COVID-19. One result came through the university health center and nine were tested off campus and self reported to JMU.,"Last Monday, my son, a friend from home, and his 3 roommates were together. Wednesday, one roommate went home feeling sick and had a rapid test that was positive. Next day, the other two also tested positive. My son got symptoms and clearly has it too. His friend came home Wednesday to quarantine. Now his mother and stepdad have caught it. She let me know on Sunday, she had a mild fever and was aching all over. Yesterday felt worse. My son and the 3 roommates are still in Harrisonburg quarantining but feel like a cold to them.",2020-08-25 07:42:16,15
comment,JMU administrators report 10 students have tested positive for COVID-19. One result came through the university health center and nine were tested off campus and self reported to JMU.,"They brought it from home and then were tested. They haven't been here long enough for it to incubate from a local infection. While it is bad that they brought it from home, global testing of all students should be done. Anyone with any cold/flu like symptoms should not go to class.",2020-08-25 07:03:56,11
comment,JMU administrators report 10 students have tested positive for COVID-19. One result came through the university health center and nine were tested off campus and self reported to JMU.,4-5 days to get a positive result and it takes 1-3 days to produce a positive sample. This means 10 students had COVID 4-8 days ago.,2020-08-25 08:33:44,13
comment,JMU administrators report 10 students have tested positive for COVID-19. One result came through the university health center and nine were tested off campus and self reported to JMU.,But classes haven’t- wait no,2020-08-24 19:27:01,40
comment,JMU administrators report 10 students have tested positive for COVID-19. One result came through the university health center and nine were tested off campus and self reported to JMU.,Good for the 9 self reporting. Sorry for the situation...,2020-08-25 01:42:21,9
comment,JMU administrators report 10 students have tested positive for COVID-19. One result came through the university health center and nine were tested off campus and self reported to JMU.,"Haha, that is on you though...",2020-08-25 09:26:56,-9
comment,JMU administrators report 10 students have tested positive for COVID-19. One result came through the university health center and nine were tested off campus and self reported to JMU.,"Perfect world that is exactly how it would go. Unfortunately, students are going to lie on livesafe and show up to the classes they are paying a lot of money for if they aren’t on their death bed",2020-08-25 09:41:54,9
post,Former Library employee accuses current employee of racism/antisemitism that caused her to quit,Former Library employee accuses current employee of racism/antisemitism that caused her to quit,2022-02-02 06:20:45,102
comment,Former Library employee accuses current employee of racism/antisemitism that caused her to quit,"This is not the first time JMU has not taken anti-Semitism seriously. When people complain, things get swept under the rug until the people who made the initial complaints either go silent or simply quit out of frustration with the system. JMU has a lot of work to do and when the going gets tough, JMU does what it's always done.",2022-02-02 09:14:02,39
comment,Former Library employee accuses current employee of racism/antisemitism that caused her to quit,There’s so many layers to how messed up this is. Let me make a few phone calls and send some emails today 😐,2022-02-02 09:08:49,32
comment,Former Library employee accuses current employee of racism/antisemitism that caused her to quit,JMU drama is way better than my university lol was he fired?,2022-02-02 09:39:30,11
comment,Former Library employee accuses current employee of racism/antisemitism that caused her to quit,"The most recent post on this blog is from December 31, advertising a book that tells the events of the Cville Unite the Right rally from a ""non-Progressive point of view"" which includes interviews with the alt-right leaders behind it. This is genuinely frightening. Who do we talk to about this?",2022-02-02 16:28:46,9
comment,Former Library employee accuses current employee of racism/antisemitism that caused her to quit,Here is the tweet where she claims he caused a resignation: [https://twitter.com/gracefacewilson/status/1486330300066144257](https://twitter.com/gracefacewilson/status/1486330300066144257) I forgot to screenshot it.,2022-02-02 09:20:39,5
comment,Former Library employee accuses current employee of racism/antisemitism that caused her to quit,racism (and homophobia by extension) is pretty rampant in other departments as well.. y'all should hear how some of the custodians talk about and to each other.. just part of living in VA ig 🤷,2022-02-03 01:02:54,3
comment,Former Library employee accuses current employee of racism/antisemitism that caused her to quit,https://www.lib.jmu.edu/staff/mark-purington/,2022-02-02 10:29:48,3
comment,Former Library employee accuses current employee of racism/antisemitism that caused her to quit,Ummm this is terrifying,2022-02-02 13:49:58,2
comment,Former Library employee accuses current employee of racism/antisemitism that caused her to quit,"I know this is going to be unpopular, but since the tables in Virginia may be turning against certain points of view, it needs to be said: As long as it doesn't impact his job or lead to actions that directly hurt people, he is allowed a point of view. Just like I am free to rally against the idea. But not the man. I am afraid, because I have seen it happen before in higher ed, that attacking speech on one side leads to even more oppression of speech from the other side....and it is never the liberal voice that wins the way (because they are TERRIBLE at wielding political power). So, just be careful. People believe in so many weird things and the weirder it is, the louder they seem to talk. They have the right to be stupid...just not reckless (well...there is Joe Rogan so maybe reckless is OK, too! My Gen Psyc teacher, BTW, did a great little section on Eugenics that showed both sides then showed how soft versions of it definitely still exist in policy and practice. It was very eye-opening.",2022-02-04 08:27:17,-3
comment,Former Library employee accuses current employee of racism/antisemitism that caused her to quit,"Agreed, I’m appalled knowing that I’ve worked in a fairly close vicinity to him.",2022-02-02 12:54:05,9
comment,Former Library employee accuses current employee of racism/antisemitism that caused her to quit,"Reading the thesis quickly, it does not seem to actually be a study ""assessing the reliability and accuracy of advocacy group data in hate group research"" (its title). It appears to be a direct attack on the policies and actions of the SPLC, and really only the SPLC. Some of his points, e.g., the hypocrisy of the SPLC calling out some groups but then not calling out the BSA for its former discriminatory polices on the LGBT community, do seem to have a point, but perhaps that IS the point. The ""thesis"" does not read as if it started out with a question and developed a thesis through the collection and analysis of data. It reads as if it started out as a preconceived opinion and then ranted that opinion in the guise of academic language.",2022-02-02 16:38:13,10
comment,Former Library employee accuses current employee of racism/antisemitism that caused her to quit,"FYI, his wife is the admin assistant for the grad program who gave him his degree and allowed this thesis to go through.",2022-02-02 13:40:12,9
comment,Former Library employee accuses current employee of racism/antisemitism that caused her to quit,Just read through the Preface and it isn't a good look. His name is all over it too.,2022-02-02 11:23:51,7
comment,Former Library employee accuses current employee of racism/antisemitism that caused her to quit,Definitely not. He is still employed by JMU Libraries.,2022-02-02 09:43:08,15
comment,Former Library employee accuses current employee of racism/antisemitism that caused her to quit,The bigger older guy who works front lines at the Carrier desk is not named Mark. I'm guessing that's who you are referring to.,2022-02-02 08:40:31,12
comment,Former Library employee accuses current employee of racism/antisemitism that caused her to quit,That describes him pretty well. His name is Mark Purington according to the posts and his thesis.,2022-02-02 08:34:36,5
comment,Former Library employee accuses current employee of racism/antisemitism that caused her to quit,"Not the bigger guy, though he is an old white guy with glasses.",2022-02-02 22:51:15,1
comment,Former Library employee accuses current employee of racism/antisemitism that caused her to quit,"You are entitled to your views but once you make them public, then people have a right to judge you. IMHO. There's probably millions of closet racist, sexist, etc but you'd never know because they don't mention it or act on it. Once you write blogs about it and a entire masters thesis that suggest that, in his words, ""so called hate groups"" don't exist. People are going to be like shocked. On that note, have a wonderful day!",2022-02-10 16:56:06,2
comment,Former Library employee accuses current employee of racism/antisemitism that caused her to quit,And the Committee Chair for his thesis committee is the former Director of the department and the current Interim Associate Dean for CAL.,2022-02-02 13:53:19,3
comment,Former Library employee accuses current employee of racism/antisemitism that caused her to quit,https://www.lib.jmu.edu/staff/mark-purington/,2022-02-02 10:29:43,5
comment,Former Library employee accuses current employee of racism/antisemitism that caused her to quit,"Nah. Not willing and you seem to have your mind fully made up. So, what would be the point. More importantly, I was just raising a free speech point. Any evidence that it actually impacts his job would be beyond speech and subject to appropriate sanctions/termination. If you want to understand the nuances of free speech as was argued at the founding of the ACLU, please google Ira Glasser, it s founder and hero (also extremely progressive). And, remember, my argument was that when liberals condemn free speech, conservatives turn it up and do it worse (already banning books and censoring teachers in VA after only a few weeks!). If you want to hear both sides of the eugenics argument. you should take Psychology 101!",2022-02-04 21:53:26,0
post,It’s not worth it - 8002738255,"It’s not worth it - 8002738255 This evening, in Hunters Ridge, someone committed suicide. It’s not worth it. Reach out to those who you think are struggling and reach out to those who you think are not. It could be anyone, yet deserves to be no one. 8002738255",2021-08-22 23:29:28,103
comment,It’s not worth it - 8002738255,"I'll admit, I'm a lurker on this site because my son will be applying to JMU this fall. I'm also one of those left behind by suicide. My sister committed suicide when I was 19 (she was 22). It leaves a wound so big that it can never be filled. There are people out there who care and love you.",2021-08-23 09:44:40,40
comment,It’s not worth it - 8002738255,How come it was never on the news here locally…? Any idea why?,2021-08-24 10:18:56,1
post,Enrollment,Enrollment I stir... restless... I see my notifications... Two new emails! Has the chemistry department gotten back to me? Can I stay on track for graduation? Have they fixed my problem and granted me an override into the course I need???... **The Hills Harrisonburg** Caution: This email originated from outside JMU... I slip into an anxious slumber... I'm not going to win that free pizza anyway...,2020-11-11 12:10:39,103
comment,Enrollment,Beautiful poem,2020-11-11 12:27:09,39
comment,Enrollment,">And as the day of light fades into darkness, the mind repeats the same phrase over and over again... ""Please complete the LiveSafe Health Assessment now. """,2020-11-11 12:43:41,28
comment,Enrollment,u/hams914 hahaha,2020-11-16 23:03:03,2
comment,Enrollment,"Quoth the Raven 'This automated reminder cannot exclude those who have already completed it.""",2020-11-11 15:09:28,10
post,on the subject of Alger's coverups - Anyone else remember Hypnotist coverup?,"on the subject of Alger's coverups - Anyone else remember Hypnotist coverup? for those who don't know, JMU hired a hypnotist for orientation in 2019 who hypnotized a very large portion of the audience, giving many students multi-day length panic attacks, vomitting, and psychosis (and was UNABLE to bring the students out of their trance) -- ambulances were called to the scene and some students would wake up in the middle of the night screaming uncontrollably &#x200B; JMU then FULLY covered it up, wouldn't talk about it, and ALL staff and FROGs present were told under no circumstances to talk about what happened (I know multiple frogs who were there) &#x200B; here is some girl talking about her personal experience: [https://www.youtube.com/watch?v=zGZ4dWalqh0](https://www.youtube.com/watch?v=zGZ4dWalqh0)",2020-10-16 10:22:50,105
comment,on the subject of Alger's coverups - Anyone else remember Hypnotist coverup?,"I was the girl in the leather jacket who almost punched him, I should’ve completed it",2020-10-16 10:43:35,62
comment,on the subject of Alger's coverups - Anyone else remember Hypnotist coverup?,I was a frog and I stayed for HOURS afterward trying to get scared freshmen calmed down enough to go back to their dorms.,2020-10-16 10:46:46,43
comment,on the subject of Alger's coverups - Anyone else remember Hypnotist coverup?,What exactly happened? We had a hypnotist during my orientation in 2015 and everything was fine. Not sure if it was the same guy. I don’t really believe in this stuff but I’m curious,2020-10-16 11:18:18,20
comment,on the subject of Alger's coverups - Anyone else remember Hypnotist coverup?,The girl who got hypnotised went viral on tik tok and told the story of what happened to her! (As in the one who cried and had full blown panic attack),2020-10-16 12:49:02,15
comment,on the subject of Alger's coverups - Anyone else remember Hypnotist coverup?,"I am seriously not trying to delegitimize anyone who went through this experience, but I’m truly baffled by how this is real and/or possible. I totally BELIEVE that it happened, but I’m curious as to how a full auditorium of people can be hypnotized beyond the point of return. To me it would seem more likely if you were one on one with a hypnotist and they did it to you directly. This is the first time I’m ever hearing about this (I graduated in 2010) and it’s blowing my mind.",2020-10-16 20:16:30,13
comment,on the subject of Alger's coverups - Anyone else remember Hypnotist coverup?,This is insane! Did JMU ever give an official statement on the event???,2020-10-16 12:39:22,10
comment,on the subject of Alger's coverups - Anyone else remember Hypnotist coverup?,"I was there. I was in a ""trance"" of sorts, but I broke out of it. You have to be reeally relaxed. It can fuck with you because you are aware of whats going on to you and what you are doing but it feels like you do not have control",2020-10-16 13:58:26,5
comment,on the subject of Alger's coverups - Anyone else remember Hypnotist coverup?,"""Hypnosis"" isn't real... Come on guys. It's literally just the power of suggestion and only works by people play along with it. No hypnotist can force you into a trance. GPsych101 literally taught about this. I remember this story and it was way overblown. Y'all know magic, Ouija boards, and palm reading isn't real either right?",2020-10-16 15:27:53,14
comment,on the subject of Alger's coverups - Anyone else remember Hypnotist coverup?,This can’t be real. Damn you Zoomers are soft. Hypnotism is complete pseudoscience,2020-10-16 12:33:06,-26
comment,on the subject of Alger's coverups - Anyone else remember Hypnotist coverup?,What year did this happen?,2020-10-16 23:28:38,1
comment,on the subject of Alger's coverups - Anyone else remember Hypnotist coverup?,"can you explain your experience? Before last year I thought hypnotism was a hoax, but a guy on my hall was one of the ones who were hospitalized. If you're cool with sharing, what was it like?",2020-10-17 04:33:02,6
comment,on the subject of Alger's coverups - Anyone else remember Hypnotist coverup?,I linked a video with from someone w first hand experience explaining what happened,2020-10-16 11:18:56,11
comment,on the subject of Alger's coverups - Anyone else remember Hypnotist coverup?,Not the whole auditorium. You didnt have to participate,2020-10-16 21:20:32,1
comment,on the subject of Alger's coverups - Anyone else remember Hypnotist coverup?,"It was acknowledged. They said the hypnotist wouldn't be invited back and that counseling was available to students and faculty who required it. There was no cover-up from what I remember. I have a laundry list of reasons why I will never associate with JMU again outside of friends and a select group of faculty, but this isn't one of them. Besides litigation, I don't know what else people expected the administration to do.",2020-10-16 14:57:27,21
comment,on the subject of Alger's coverups - Anyone else remember Hypnotist coverup?,"Nobody can force you, for sure, but usually the point is to enter it volunteerly. You can discuss the exact nature of the phenomenon, but to say that it's not real seems a bit bizarre. I've seen it up close a number of times, and it has certainly put some friends of mine in a pretty weird state.",2020-10-16 17:06:37,4
comment,on the subject of Alger's coverups - Anyone else remember Hypnotist coverup?,Your brain is a meat computer. Hypnosis is simply arbitrary code execution on said meat computer. It works but the effects are wiped when you next go to sleep if not earlier.,2020-10-16 12:40:29,23
comment,on the subject of Alger's coverups - Anyone else remember Hypnotist coverup?,"It's not ""real"", but there are one or two real effects of hypnosis. Also mass hysteria is real. So combining the two, we get this.",2020-10-16 14:54:43,9
comment,on the subject of Alger's coverups - Anyone else remember Hypnotist coverup?,"Right. My point is that I’m confused as to how an entire group of people (whether or not it was the whole auditorium) was able to be hypnotized so far that they lost complete control. Again, I’m not saying it’s impossible, but I’ve literally never heard of this. Maybe one on one but not an entire group of people at once.",2020-10-16 21:31:28,7
comment,on the subject of Alger's coverups - Anyone else remember Hypnotist coverup?,"It doesn't work. There would be medical advice from professionals and waivers to sign. The majority of humans have some kind of mental issue, and so some of these kids are batshit crazy and blamed their head games on the guy, and the mass hysteria didn't help.",2020-10-17 04:59:31,0
comment,on the subject of Alger's coverups - Anyone else remember Hypnotist coverup?,He invited as many people as possible to join in as he started hypnotizing. People were literally laying down wherever they could.,2020-10-17 02:12:21,3
comment,on the subject of Alger's coverups - Anyone else remember Hypnotist coverup?,"It's not real. If it were real, they wouldn't allow anyone and everyone up there to lay down. People would receive medical advice on this stuff at some point in their lives and there would be waivers to sign for this event.",2020-10-17 04:48:21,0
comment,on the subject of Alger's coverups - Anyone else remember Hypnotist coverup?,That’s wild,2020-10-17 02:53:30,2
comment,on the subject of Alger's coverups - Anyone else remember Hypnotist coverup?,"I was there, bro. There should have been medical waivers. He warned us ahead of time.",2020-10-20 11:31:01,3
comment,on the subject of Alger's coverups - Anyone else remember Hypnotist coverup?,"You don't think there's a chance the warning is to create the aura of realism? The main reason there are no waivers is because this stuff doesn't hold up in court. If you sue him you will lose because no science backs this circus show, and anyone who plays along with the suggestive nature of his act hasn't been put in any real trance. The mind believes what it wants to believe. It's a placebo effect. He relies on you convincing yourself that it's real and the mob-like hysteria that followed made it seem even more real.",2020-10-20 11:41:44,0
comment,on the subject of Alger's coverups - Anyone else remember Hypnotist coverup?,Hypnosis is a real thing. I know its the power of suggestion.,2020-10-20 11:49:22,2
post,Harrisonburg now has more COVID cases than all of New Zealand,Harrisonburg now has more COVID cases than all of New Zealand,2020-09-08 17:05:23,104
comment,Harrisonburg now has more COVID cases than all of New Zealand,Yeah but was New Zealand cautiously optimistic?,2020-09-08 17:10:10,105
comment,Harrisonburg now has more COVID cases than all of New Zealand,"Make the journey, climb the mountains, and throw the ring that bound your *Fall Semester Hopes* (transliterate that into elvish) into the chasm of a shared hall urinal in Chandler Hall.",2020-09-08 21:05:35,21
comment,Harrisonburg now has more COVID cases than all of New Zealand,"~~So this isn’t entirely accurate, New Zealand has around 1700 cases and JMU has 1065 cases, but the fact that it’s anywhere close is dumbfounding~~ Edit: the title says Harrisonburg, not JMU, so this is accurate",2020-09-08 22:25:57,14
comment,Harrisonburg now has more COVID cases than all of New Zealand,Everyone seems to think the rules for COVID are gone now because we aren't in person. Good job Dukes!,2020-09-09 10:21:39,6
comment,Harrisonburg now has more COVID cases than all of New Zealand,JMU numba 1,2020-09-08 23:57:44,2
comment,Harrisonburg now has more COVID cases than all of New Zealand,Oof. Wait until I tell you about the rest of the US...,2020-09-08 22:18:14,-1
comment,Harrisonburg now has more COVID cases than all of New Zealand,"No they said “this is going to kill us all and the world is going to fall apart.” New Zealand locked everything tf down and actually reached 0 new cases for several days in a row while we over here continued to be Arizona, Texas, Florida, and JMU and pretend nothing was wrong.",2020-09-08 22:13:42,14
comment,Harrisonburg now has more COVID cases than all of New Zealand,"i can assure you, if Alger boy was in charge of the show in New Zealand, they’d be the biggest hotspot on the planet! lol!",2020-09-09 10:33:59,5
comment,Harrisonburg now has more COVID cases than all of New Zealand,"OP is talking about student and townie cases combined, which is over 2,000.",2020-09-08 22:33:36,4
comment,Harrisonburg now has more COVID cases than all of New Zealand,Theres more to Harrisonburg than just JMU lol. Harrisonburg has 1900+ cases altogether. Get out of the bubble,2020-09-08 22:32:26,9
comment,Harrisonburg now has more COVID cases than all of New Zealand,"Sorry, just read the title wrong",2020-09-08 22:32:53,7
post,Local Reporter Contact Information,"Local Reporter Contact Information I'm with the local newspaper, the Daily News-Record. My name is Ian Munro and I graduated from JMU in the winter of 2017. I've already spoken to a few in the JMU community who are pissed off about the way the school has handled this whole situation and even parents who are pissed that the school is apparently asking sick students to return home. I just wanted to leave my information here so if any of you choose, you can reach me easily and quickly about anything. Please pass my information to your folks if they’re wanting to talk to someone in the media. Phone : 540-574-6278 Twitter : @iamIanMunro Email : imunro@dnronline.com Whether you want to talk on the record or off the record, I'm all ears. If you ever feel so inclined, give me a call or shoot me a message. I'll do my best to get back to you as soon as I can. All the best, Ian",2020-08-29 14:01:06,103
comment,Local Reporter Contact Information,Hit em with the Mr Game and Watch 9 hammer bruv,2020-08-29 15:16:18,31
comment,Local Reporter Contact Information,Good to see you covering this. The covid response (or lack thereof) in Virginia colleges deserves more attention.,2020-08-29 16:04:39,21
comment,Local Reporter Contact Information,"Hey this is a great idea, I’m just an alumni looking it but seems like they’re not handling it well. Just a heads up tho, I wouldn’t put personal info on reddit at all, it may be not be as effective to have people just message you but may be a better idea to protect identity too",2020-08-29 15:23:39,13
comment,Local Reporter Contact Information,Live for the 9’s!,2020-08-29 17:13:15,5
comment,Local Reporter Contact Information,"I agree about sharing personal information, but let me play devil’s advocate: This is clearly an account he made specifically for his work at the DNR, it’s less than 20 hours old, this is the only post on the account and there are no comments. I assume the phone number he shared is a work phone. How is this different than him posting his email and work phone on his Twitter, or his own business website, or LinkedIn?",2020-08-29 17:28:38,22
post,Canvas = Coronavirus... it all makes sense now! Please Wash Your Hands w/ Soap Dukes!,Canvas = Coronavirus... it all makes sense now! Please Wash Your Hands w/ Soap Dukes!,2020-03-05 05:08:07,101
comment,Canvas = Coronavirus... it all makes sense now! Please Wash Your Hands w/ Soap Dukes!,😨 Algie would never let this happen I’m shaking and pissing and crying rn,2020-03-05 10:56:22,17
comment,Canvas = Coronavirus... it all makes sense now! Please Wash Your Hands w/ Soap Dukes!,Wow all of these liberals want me to wash my hands. SAD!,2020-03-05 10:37:17,12
comment,Canvas = Coronavirus... it all makes sense now! Please Wash Your Hands w/ Soap Dukes!,Whoever made this (OP?) is a god among men,2020-03-05 14:57:54,2
comment,Canvas = Coronavirus... it all makes sense now! Please Wash Your Hands w/ Soap Dukes!,He fooled us the whole time,2020-03-05 13:17:44,5
comment,Canvas = Coronavirus... it all makes sense now! Please Wash Your Hands w/ Soap Dukes!,AMEN brother - a REAL man don't wash his hands in Trumps AMERICA!,2020-03-05 13:16:14,13
post,A collection of Harrisonburg sunsets from the past few months,A collection of Harrisonburg sunsets from the past few months,2022-08-01 23:49:09,103
comment,A collection of Harrisonburg sunsets from the past few months,that first one is heavenly,2022-08-02 10:40:08,6
comment,A collection of Harrisonburg sunsets from the past few months,I hate the cold but damn do I miss the sunsets.,2022-08-15 23:08:56,2
comment,A collection of Harrisonburg sunsets from the past few months,That was just last night!,2022-08-02 14:47:29,5
post,When I think all the parts of my senior year that Corona ruined,When I think all the parts of my senior year that Corona ruined,2020-05-08 19:21:04,102
comment,When I think all the parts of my senior year that Corona ruined,This is quality,2020-05-09 23:58:08,2
post,The enormous cloud that's currently outside is stunning,The enormous cloud that's currently outside is stunning,2021-09-08 19:12:29,101
comment,The enormous cloud that's currently outside is stunning,Yesssss I remember that cloud,2021-09-09 03:08:28,5
comment,The enormous cloud that's currently outside is stunning,"I was on campus briefly yesterday and saw that massive cloud. It was quite a sight, for sure.",2021-09-09 10:01:54,4
post,Copper Beech Abduction 10pm 6/09/2021 (TW),"Copper Beech Abduction 10pm 6/09/2021 (TW) Trigger warning: abduction of a woman by two men Edit 6/10/2021 6:30pm: since this post has gained some traction, I want to take responsibility for easing worries this has caused. I am not redacting anything I have shared as it all holds true for what I witnessed. I simply want to highlight context for people to better understand the situation. First, I did not witness the beginning of the altercation as I had only looked out the window after hearing the woman’s screams for help. Second, I have mentioned both in this thread and in my report to the police that there were subtle cues that the victim may have known the two men and this could have been the result of some dispute (further details in an edit below), so I believe it’s important to state there’s a chance this was not a random targeting. Lastly, the event occurred on the main road that cuts through Copper Beech (Chestnut Ridge Dr.) so I don’t necessarily think it’s fair to discredit Copper’s safety or security especially since I often see police cars patrolling the individual roads multiple times a week, day and night, over the past year I have lived here. I think it was important for me to make people aware of this event and I hope only good things will transpire from this all. Original post: This happened at the intersection of Bayberry Ln and Chestnut Ridge Dr. I heard a woman screaming at the top of her lungs to let go of her and looked out my window to see a man grappling her from behind but they weren’t moving from the spot they stood at. I ran upstairs to the deck to see what I could do and the first man had let go of her and started walking back to a white sedan parked on the side of the road. A second man came out of the car and walked towards the woman who was slowly walking away and at first the man tried to coerce her back to the car before starting to forcibly bring her back to the car. Meanwhile, the other man seemed to walk towards other witnesses in a threatening manner and I began to worry about a gun. I ran back inside and downstairs where I had left my phone and sprinted back upstairs to see them taking off with the woman in the car. It appeared that other witnesses got in their car to follow the sedan. I immediately called the police to report in full detail what I had just seen. I feel guilty that there wasn’t more I could do in the moment as it happened about 100 yards away and I was frozen at times trying to comprehend what was happening. I really don’t know if this has any place being here but this subreddit was my only idea to see if anyone else in copper witnessed this. Edit: updated the use of “girl” to “woman” for clarity. Edit: Above is an unbiased exact description of the event. As for my first hand interpretation, there’s a chance that the woman knew one or both of the men. I base this off of her little (but not absent) physical resistance when being bear-hugged from behind by the first man. After he let her go, I noted that she only slowly walked away with a sense of urgency that did not match her desperate tone of voice. I also mentioned that the second man at first seemed to try and coerce (maybe reason with?) her to get in the car but very quickly turned aggressive, forcing her clearly against her will back to the car. She showed much more resistance this time with the second man as he clearly struggled to pull her towards the car. I stand by justifying this as an abduction as her screams and pleas for them to let her go were full of terrified emotion and gut wrenching. There could be many other reasons for her physical actions not matching her pleas but this is simply my thought. Under no circumstances should she have been forced to stay with those men based on her clear desire to get away from them. Update 11am 06/10/2021: I received a call from the local police sergeant a few minutes ago. He was informed of the situation this morning and wanted to call me to clarify my initial report and get more info. I again provided in extreme detail the situation and appearances of everyone involved. I asked if anyone else had called in and he said no. He had no updates to provide as the purpose of the call was simply to confirm my initial report. He said he may reach out again in the future if needed.",2021-06-09 22:36:43,100
comment,Copper Beech Abduction 10pm 6/09/2021 (TW),Have the authorities said anything? Where can I find more info? What did she look like?,2021-06-09 22:49:29,12
comment,Copper Beech Abduction 10pm 6/09/2021 (TW),"I had a similar scary incident once but way less threatening and the police just took a report because I was safe. I don’t know how it works but ever since then I’ve wished they sent out a description of what had happened to me. They should definitely send out an alert! I live at Copper and there are SO many women staying here this summer, running during the daytime and walking their pets. Would it be a good idea to call Copper and ask? Are WE going to have to get the word out? I feel unsafe and unsafe for others.",2021-06-10 14:49:56,11
comment,Copper Beech Abduction 10pm 6/09/2021 (TW),"I live in Copper and my friends and I were all sitting on the deck and we heard a ridiculously loud, attention-getting, negative gut-feeling scream and couldn’t make out where it was coming from. This adds no value or additional information, but I literally live a street over and I heard the screams.",2021-06-09 23:05:27,19
comment,Copper Beech Abduction 10pm 6/09/2021 (TW),Please keep contacting the police with the color of vehicle. This is extremely concerning. Thank you for sharing. We need to get these girls home.,2021-06-10 00:30:44,9
comment,Copper Beech Abduction 10pm 6/09/2021 (TW),Weird that JMU hasn’t sent out emails regarding this…considering that it’s likely she’s a student. Has anyone at least been reported missing?,2021-06-10 00:05:17,18
comment,Copper Beech Abduction 10pm 6/09/2021 (TW),"This is absolutely terrifying holy shit. What makes this worse is the fact that hburg police are basically a full-on gimmick; my apartment got broken into a few months ago while I was awake and doing homework and the cops literally lied about their location over the phone. I hope everyone on this sub passes this post around to the different communities they’re a part of. What really needs to happen is that cops ethically do their job for the first time ever. In the meantime, remember to carry your pepper spray, aim for the nuts, go for the eyes, and break the nose.",2021-06-10 00:59:47,14
comment,Copper Beech Abduction 10pm 6/09/2021 (TW),Can we get a vehicle make/model?,2021-06-10 00:19:28,8
comment,Copper Beech Abduction 10pm 6/09/2021 (TW),"Please contact the police, any identifying information would be useful. Edit: sorry I see now that you have contacted the police",2021-06-09 22:48:27,13
comment,Copper Beech Abduction 10pm 6/09/2021 (TW),HPD just posted a notice on Facebook https://www.facebook.com/504656776255244/posts/4049236495130570/?extid=0&d=n,2021-06-10 18:35:18,7
comment,Copper Beech Abduction 10pm 6/09/2021 (TW),"I live on Tupelo Drive, and I didn't hear anything, but this concerns me very much so. If I see anything else suspicious, best believe I will let this sub know",2021-06-10 00:29:14,4
comment,Copper Beech Abduction 10pm 6/09/2021 (TW),Any more updates? I haven’t seen any police reports.,2021-06-13 13:35:41,3
comment,Copper Beech Abduction 10pm 6/09/2021 (TW),"I live down the street at Campus View. I'm really hoping there's a report put out or something is made of the situation. Luckily, since many students have left for the summer they should be able to narrow down who it could be, depending on who's stayed behind in Hburg. Trafficking is apparently a HUGE issue in this town, so hopefully it's not related to that and the perpetrators are found.",2021-06-10 13:12:15,3
comment,Copper Beech Abduction 10pm 6/09/2021 (TW),Do we have any more information on this? Like if the police are doing anything about it or at least investigating? Does anyone know someone who is missing and could be this girl? I live in Copper and I'm pretty concerned.,2021-06-10 10:42:20,2
comment,Copper Beech Abduction 10pm 6/09/2021 (TW),"It’d be worth looking around to see if anyone in that area has a doorbell camera, they usually have pretty good definition.",2021-06-10 15:09:03,2
comment,Copper Beech Abduction 10pm 6/09/2021 (TW),"Don’t provide us with any information you feel may intrude on the victim’s privacy, but please do keep us all up to date. ❤️",2021-06-09 23:03:27,7
comment,Copper Beech Abduction 10pm 6/09/2021 (TW),I gave as good a description as you could ask for of all three individuals involved as well as the direction they left in. Unfortunately the lighting didn’t allow me to see the license plate but I’m hopeful that the others who followed them may be able to provide that to the police. As for disclosing any more details I feel I at least owe that privacy to the victim. No word from the police yet who do have my number.,2021-06-09 22:54:32,13
comment,Copper Beech Abduction 10pm 6/09/2021 (TW),"I heard it too, I live on arrowwood and wasn’t sure if should go look around",2021-06-10 00:35:10,7
comment,Copper Beech Abduction 10pm 6/09/2021 (TW),This happened two hours ago. JMU's email response time is nowhere near that fast. They also usually wait for the official police report.,2021-06-10 00:24:34,15
comment,Copper Beech Abduction 10pm 6/09/2021 (TW),"Just to clarify, aim the spray for the face, aim everything else at the nuts. Also, your jaw can exert incredible force and everybody loses their shit when a human bites. Another post said they heard a scream, but couldn’t figure out where from. Scream more than once to help with triangulation and prove that it wasn’t an accident.",2021-06-10 14:19:59,5
comment,Copper Beech Abduction 10pm 6/09/2021 (TW),Unfortunately the best I can provide is that it was a white sedan. The street lights were situated in a way that the back of the car was in the shadow and not very visible from 100 yards away. The adrenaline rush didn’t help either as I was comprehending more the situation unfolding before me than thinking progressively enough to study the car.,2021-06-10 00:57:46,4
comment,Copper Beech Abduction 10pm 6/09/2021 (TW),I had never mentioned in my report any arguing between the victim and either of the men as that would make it seem more like a dispute which I’m unsure if it was or not. It was pretty clearly a matter of the woman screaming to let her go and the man pulling her back to the car with no other apparent conversations that I could pick up on from the distance I was at.,2021-06-10 19:33:58,6
comment,Copper Beech Abduction 10pm 6/09/2021 (TW),How tf are they framing this into disorderly conduct. Unbelievable,2021-06-10 18:45:00,4
comment,Copper Beech Abduction 10pm 6/09/2021 (TW),Nothing new. At this point it’s out of my hands so I don’t expect to have anything more to share.,2021-06-13 16:57:39,1
comment,Copper Beech Abduction 10pm 6/09/2021 (TW),"Just added an update at the bottom of the initial post. I’ll continue to update if I find out more in the coming days. If it makes you feel more at ease, I have reason to believe the victim may know the two men as opposed to it being a random targeting, but this is not confirmed.",2021-06-10 11:07:06,2
comment,Copper Beech Abduction 10pm 6/09/2021 (TW),Unfortunately no doors directly face the intersection.,2021-06-10 20:19:45,1
comment,Copper Beech Abduction 10pm 6/09/2021 (TW),"Obviously privacy is incredibly important, and I respect that you want give the victim that. But if the victim hasn’t been identified yet, I’m not sure if privacy is the main concern. I would think that identifying the victim would be more important. If someone has a better understanding of this please reply.",2021-06-10 03:00:32,21
comment,Copper Beech Abduction 10pm 6/09/2021 (TW),"Ah I was just wondering because live safe alerts for this stuff usually occur, so if anyone in the area sees that jmu doesn’t make a response for this try reporting it on live safe too…I can only imagine the trauma that girl is feeling rn",2021-06-10 09:56:17,5
comment,Copper Beech Abduction 10pm 6/09/2021 (TW),"Did this happen on the side of the Chestnut Ridge intersection that’s closest to the pool, or the west side of the intersection. Hopefully a dash cam or security cam caught something cause cops here are a joke.",2021-06-10 06:12:02,2
comment,Copper Beech Abduction 10pm 6/09/2021 (TW),100 yards is 91.44 meters,2021-06-10 00:58:00,-14
comment,Copper Beech Abduction 10pm 6/09/2021 (TW),It's entirely possible you weren't the only person to call it in. Someone else (or multiple someones) may have provided other details.,2021-06-11 17:08:35,3
comment,Copper Beech Abduction 10pm 6/09/2021 (TW),"They’re still trying to find out what happened, it doesn’t mean they’re charging someone with disorderly conduct.",2021-06-10 18:58:55,7
comment,Copper Beech Abduction 10pm 6/09/2021 (TW),"Thanks for keeping us updated, you're a saint",2021-06-10 11:08:02,4
comment,Copper Beech Abduction 10pm 6/09/2021 (TW),The car was parked on the right side of Chestnut Ridge facing NE with the front of the car a few feet from the intersection of Bayberry Ln. I don’t know of any cameras in the area.,2021-06-10 11:28:40,1
comment,Copper Beech Abduction 10pm 6/09/2021 (TW),The police commented that they've only had one report and are 'aware of the post' (this one)...this whole thing feels like a botched abduction investigation to me and now HBPD is trying to cover its tracks.,2021-06-13 11:11:09,5
comment,Copper Beech Abduction 10pm 6/09/2021 (TW),"I mean all they’ve heard is someone was dragged into a car that drove off. That’s definitely not disorderly conduct, but sounds like an abduction. I suspect copper beech management has something to do with how this is being downplayed, to keep their residents feeling safe. In an abduction the first 48 hours are all that matters, and since the police didn’t treat it like an abduction, but instead a “well-being check,” it makes things so much worse for that girl.",2021-06-10 19:27:57,2
comment,Copper Beech Abduction 10pm 6/09/2021 (TW),"Do you remember if the attackers/victim were- fat/skinny/average Hair(esp for victim -length/color)(facial hair for guys) white/other short/tall Southern accent/NJ accent/etc. (maybe you noticed this when they were shouting) I know it was nighttime, and you probably didn’t notice these details in the moment, but this can help try and distinguish between the many white sedans that passed any cctv around Chestnut Ridge in the previous 48 hours. Also, no police report has been filed which is odd, not that this would be a high priority case for them, but a report should still have been filed. That said, there are a few students at jmu who literally get paid to track down people as a side gig, are aware and curious about this incident; ntm way more motivated than hpd.",2021-06-10 12:28:31,3
comment,Copper Beech Abduction 10pm 6/09/2021 (TW),"Thank you, LittleDrummerGirl_19, for voting on converter-bot. This bot wants to find the best and worst bots on Reddit. [You can view results here](https://botrank.pastimes.eu/). *** ^(Even if I don't reply to your comment, I'm still listening for votes. Check the webpage to see if your vote registered!)",2021-06-10 10:05:24,0
comment,Copper Beech Abduction 10pm 6/09/2021 (TW),"Why do you suspect management of that? Also, none of us have enough insight to say what they are or aren’t investigating. If they were trying to downplay it they wouldn’t have asked for public assistance.",2021-06-10 19:35:33,4
comment,Copper Beech Abduction 10pm 6/09/2021 (TW),"I would suspect management of trying to downplay a kidnapping that happened on their premises, as they not only have huge motive to hide this, but also chose not to inform their residents whatsoever about the situation. If you’re apartment complex becomes infamous as the “abduction” complex, it’s bad for business. I mean if they could technically call an abduction, “disorderly conduct,” why wouldn’t they. With regard to insight into the investigation, you’re right. I have no clue what they are or aren’t doing behind the scenes. That said, if it were being treated like the abduction it was reported as, that Facebook message would’ve came out late last night/early this morning. Also you would have gotten an alert from jmu letting you know. People who live in copper with windows facing the intersection would have been getting questioned this morning. When police are investigating an abduction there are usually some telltale signs of urgency as they know the clock is ticking. They sat on this for a whole day. Plus they still can’t put a face/name out there in hopes she gets recognized. It’s not hard to find WHO is missing, only WHERE she is being held.",2021-06-10 20:06:15,4
post,JMU Softball Upsets #1 Oklahoma at WCWS,JMU Softball Upsets #1 Oklahoma at WCWS,2021-06-03 18:49:45,101
comment,JMU Softball Upsets #1 Oklahoma at WCWS,Unranked if I’m not mistaken,2021-06-03 23:41:58,14
post,"JMU Recycle Mug, from freshman orientation, finally gave up after more than 20 years","JMU Recycle Mug, from freshman orientation, finally gave up after more than 20 years",2021-02-07 19:46:32,102
comment,"JMU Recycle Mug, from freshman orientation, finally gave up after more than 20 years",door 4 subs? was this next to top dog?,2021-02-07 23:14:52,5
comment,"JMU Recycle Mug, from freshman orientation, finally gave up after more than 20 years",I have that mug! Are you a fellow class of 2003?,2021-02-07 23:55:39,2
comment,"JMU Recycle Mug, from freshman orientation, finally gave up after more than 20 years",She had a good run!,2021-02-08 10:26:06,2
comment,"JMU Recycle Mug, from freshman orientation, finally gave up after more than 20 years","Door 4 Subs was in the old D-Hall, across from Commonwealth One Federal Credit Union, at the 4/5 entrance. I want to say that it later became an Einstein Brothers, but that was after my time there.",2021-02-07 23:55:26,5
comment,"JMU Recycle Mug, from freshman orientation, finally gave up after more than 20 years",Sounds like where Einstein was when I was there,2021-02-08 12:48:52,1
comment,"JMU Recycle Mug, from freshman orientation, finally gave up after more than 20 years",Yep - same spot.,2021-02-08 14:48:45,1
post,JMU SGA on Twitter - Formal Request to temporarily halt instruction,JMU SGA on Twitter - Formal Request to temporarily halt instruction,2020-09-04 09:50:07,103
comment,JMU SGA on Twitter - Formal Request to temporarily halt instruction,This is an incredibly reasonable request to make given all the change happening. The least they can do is halt classes for a few days next week and just do away with the fall break in October.,2020-09-04 12:00:32,62
comment,JMU SGA on Twitter - Formal Request to temporarily halt instruction,JMU SGA has formally requested that the university halt all instruction for no less than 7 to 10 days as things transition to an online structure and students are still vacating campus residencies. *** posted by [@jmu_sga](https://twitter.com/jmu_sga) Photos in tweet | [Photo 1](http://pbs.twimg.com/media/EhE0Pd-X0AEsR_l.jpg) | [Photo 2](http://pbs.twimg.com/media/EhE0PeAXgAEV5Yk.jpg) ^[(Github)](https://github.com/username) ^| ^[(What's new)](https://github.com/username),2020-09-04 09:50:26,40
comment,JMU SGA on Twitter - Formal Request to temporarily halt instruction,What's the likelihood of this actually working?,2020-09-04 11:04:14,18
comment,JMU SGA on Twitter - Formal Request to temporarily halt instruction,"Even though I am not teaching faculty, I can tell you that all summer long the library and other offices that support professors were doing nothing but sharing resources and having trainings for how to out your classes online. I have no doubt that the Provost expressed this to Dean's and faculty in the summer that they needed to have a quick way to turn their classes online. Unlike last semester and spring break, they have had way more time to plan. However I am a realist. I know that some professors are going to be better at it than others. But I am not sure if this request from SGA will amount to anything. Because all summer long it was constant messaging about teaching online. Take that for what it's worth.",2020-09-04 17:27:39,13
comment,JMU SGA on Twitter - Formal Request to temporarily halt instruction,"This isn't an unprecedented idea btw - UNC CH just did this last week for 2 days to allow students who are moving back home or figuring out off-campus housing, reconfiguring Internet access, income security, etc. to take a pause on class for a minute and let the ""dust settle"" so to speak. I hate that my new alma mater here at Carolina had to go through this earlier, but take the examples from us of what has worked -- this REALLY helped, so try to get it for yourselves, too. Stay Safe, Go Dukes!",2020-09-04 17:44:47,8
comment,JMU SGA on Twitter - Formal Request to temporarily halt instruction,"Faculty here. It was suggested by our chair that we let ppl have Monday off. Most faculty I know -were- prepared to make this transition. If they’re like me, though, the uncertainty of that first week and a half was pretty ugly, and folks could maybe use a couple days off. From a public health/harm reduction standpoint, calls to suicide crisis lines and overdoses are both way up, suggesting ambient stress increases in the population...and maybe time off isn’t the worst thing right now.",2020-09-05 13:10:19,5
comment,JMU SGA on Twitter - Formal Request to temporarily halt instruction,"If I was a betting person, I’d go ALL IN on this absolutely NOT happening. Sorry. Inside sources point to a giant Price Is Right losing sound.",2020-09-04 17:02:08,9
comment,JMU SGA on Twitter - Formal Request to temporarily halt instruction,Stop thinking of ideas that make sense. Are you trying to be the change?,2020-09-04 12:14:52,37
comment,JMU SGA on Twitter - Formal Request to temporarily halt instruction,"FYI, they are taking this seriously. Call in to the Provosts and Presidents office and let them know you support this. But be please be respectful of the people answering the phones. They have no say over any of this.",2020-09-04 11:59:02,37
comment,JMU SGA on Twitter - Formal Request to temporarily halt instruction,They essentially extended spring break by a week when this happened last semester to allow time to adjust. I think that it’s definitely in the cards.,2020-09-04 12:33:32,14
comment,JMU SGA on Twitter - Formal Request to temporarily halt instruction,Pretty close to zero. Recognize that the student government can only make suggestions when it comes to the administration.,2020-09-04 11:11:29,13
comment,JMU SGA on Twitter - Formal Request to temporarily halt instruction,"Although this is true, it's important to remember that instructional faculty are on 9 month contracts, meaning that they are not compensated for their time between graduation and the first day of classes. Administrative faculty (for example, an academic unit head) are on 12 month contracts, and are compensated as such. This is often forgotten, and despite spending several weeks of my personal time trying to make sure my classes could convert, I expected to have a few weeks in person so I prepped it (as you suggest I should have, again uncompensated). The pivot came a lot sooner than anyone expected. Week 2 material for a f2f class was assumed to be f2f. So my bad that I tried to prepare ahead of time, since it all has to be redone now. F2f lesson plans do not pivot to online seamlessly. Normally I would have Fridays for research. I spent 7 hours recording content for next week instead. Please don't forget that faculty are people with other responsibilities and commitments too. If we're supposed to be on call 24/7 to be front line with students, convert an in person discussion class meeting at 9am into an online class, with 15 hours warning, or work late into the evening and weekends to redo what we spent weeks of our ""vacation time"" already doing, we're not going to make it very far. I'm already seeing burnout and we're on week 2. But also want to give big thanks to libraries. They've been absolutely amazing and aren't recognized nearly enough.",2020-09-04 21:11:55,12
comment,JMU SGA on Twitter - Formal Request to temporarily halt instruction,I think 7-10 days is way too much,2020-09-05 18:18:45,2
comment,JMU SGA on Twitter - Formal Request to temporarily halt instruction,"It's a double-edged sword, unfortunately.",2020-09-04 21:07:12,4
comment,JMU SGA on Twitter - Formal Request to temporarily halt instruction,"Be the change, being the change, been the change. In spite of the national change shortage, we’ve got plenty of it at JMU.",2020-09-04 12:42:52,22
comment,JMU SGA on Twitter - Formal Request to temporarily halt instruction,"Can confirm. In all honesty, Dr. Coltman is probably the most likely one out of the senior leadership to be sympathetic to something like this. A lot of focus has been on Dr. Miller and President Alger because they have been out front, but Dr. Coltman isn't as much of a known quantity by the students.",2020-09-04 12:23:34,22
comment,JMU SGA on Twitter - Formal Request to temporarily halt instruction,Dr. Coltman is fantastic! She really cares about the students. She leads Academic Affairs and has her shit together!,2020-09-04 16:59:48,5
post,Moving into the village before they had AC,Moving into the village before they had AC,2020-07-24 22:17:02,103
comment,Moving into the village before they had AC,I’m gonna miss walking through the village experiencing the sweet odor of weed and BO,2020-07-24 22:21:38,32
comment,Moving into the village before they had AC,"Wait, the village has AC now??",2020-07-24 23:13:07,24
comment,Moving into the village before they had AC,Wake up Eagle,2020-07-25 01:05:24,12
comment,Moving into the village before they had AC,I’m a huge fan,2020-07-25 09:16:46,3
comment,Moving into the village before they had AC,My friends are gonna be so pissed when they hear they missed village AC by a year lmao,2020-07-25 13:23:47,3
comment,Moving into the village before they had AC,That’s gotta be an OSHA violation somehow,2020-07-31 16:17:00,1
comment,Moving into the village before they had AC,Still better than that shithole Eagle.,2020-07-26 11:54:50,0
comment,Moving into the village before they had AC,"For real, when did this happen???",2020-07-25 00:24:02,15
comment,Moving into the village before they had AC,"The Village is slated for demolition and replacement on the campus master plan, and so for that, window A/C units make sense because they're relatively cheap and easy to implement, and make the buildings more comfortable in the time that they have left. So the Village will never be renovated, and so it doesn't make sense to do massive upgrades to buildings that the university is planning to demolish. Meanwhile, according to [this article](https://www.dnronline.com/news/harrisonburg/jmu-board-of-visitors-hears-presentation-on-future-construction/article_ad2f8bb2-c773-5f40-8862-7e342d285770.html), JMU is planning a $49 million renovation of Eagle Hall. So I imagine that air conditioning would come then rather than investing a lot of money into window units there, since the renovation of Eagle would remove them and put central air in at that time.",2020-07-25 05:01:58,11
post,President Alger Mishap!,"President Alger Mishap! Guys, it’s Ryan Cerbus. I really need your help now. A few days ago I was at the Harrisonburg downtown festival. It started off as a really fun time! I made so many new friends and made a lot of memories! But, as things usually go life hit me hard. I was walking through a busy crowd and I accidentally stepped on someone’s shoe. I looked up and saw a handsome man with a muscular build and grey hair. Then it hit me. It was president Alger. He grabbed me by the shirt with his muscular forearm. He pinned me to a wall and started screaming at me. I said “Please Mr. Alger it was an accident!” But he was ruthless. He shook me around before throwing me onto the pavement. I watched him walk away from my crumpled body. My vision started to get blurry and I started seeing stars. As he was walking away, he dragged his thumb across his neck. It wasn’t just a threat. It was a promise that his wrath wasn’t over. I’ve been hiding in my apartment for the past three days. Every day is spent in panic. I’m starting to run out of food. What should I do? I see his henchmen at night looking for me. Please help me- Ryan Cerbus",2019-08-27 18:08:11,102
comment,President Alger Mishap!,"Look I’m going to be honest, you’re kinda screwed. President Alger has been known to have these anger Spurs from time to time, and he can be relentless. Last year, my roommate accidentally dropped an ice cream cone on his jacket. President Alger picked him up right there and threw him like a foot ball. He went all the way to the former food establishment Dukes, where he exploded on the wall, similar to a bird being hit by a baseball pitch. Thats why Dukes closed down. Anyway Ryan you’re screwed.",2019-08-27 19:26:27,54
comment,President Alger Mishap!,"Holy shit dude I thought I was the only one! My freshman year, my suite mates and I though it would be funny to climb the DHub sign one night and take a picture. We started trying to climb up when we heard someone shout at us. We immediately thought it was the cops, but dear god it was so much worse. Standing between us and the exit was President Alger. He just stared at us in the darkness for a good 30 seconds, and none of us knew what the fuck to do. Then all of a sudden, the man spreads his arms out in a T-pose, and sprints straight towards us. This had to have been the fastest sprint I’ve ever seen in my life. He ran straight into our group, and with his outstretched arms, clotheslined every single one of us. We all fell to the ground, out cold. We woke up in the morning, barely able to remember what happened. I never knew if I dreamed it or not. Thank god you posted this, now I don’t feel quite so alone.",2019-08-27 21:36:40,23
comment,President Alger Mishap!,"I saw President Alger at Walmart yesterday. I told him how cool it was to meet him in person, but I didn’t want to be a douche and bother him and ask him for photos or anything. He said, “Oh, like you’re doing now?” I was taken aback, and all I could say was “Huh?” but he kept cutting me off and going “huh? huh? huh?” and closing his hand shut in front of my face. I walked away and continued with my shopping, and I heard him chuckle as I walked off. When I came to pay for my stuff up front I saw him trying to walk out the doors with like fifteen Milky Ways in his hands without paying. The girl at the counter was very nice about it and professional, and was like “Sir, you need to pay for those first.” At first he kept pretending to be tired and not hear her, but eventually turned back around and brought them to the counter. When she took one of the bars and started scanning it multiple times, he stopped her and told her to scan them each individually “to prevent any electrical infetterence,” and then turned around and winked at me. I don’t even think that’s a word. After she scanned each bar and put them in a bag and started to say the price, he kept interrupting her by yawning really loudly.",2019-08-28 10:43:11,17
comment,President Alger Mishap!,You are in some major trouble. He is the smartest dude at JMU. He is actually required to take every class at JMU before becoming president. There is not place that is safe for you now. Now you can only wait.,2019-08-28 00:44:59,14
comment,President Alger Mishap!,"Yikes... you’re really in a pickle. Remember those tunnels for hiding from the monkeys? I recommend you use those for now to avoid further contact until this whole thing blows over. If you do go out in public, dress up as someone from parking services to ensure no one (including Alger) makes eye contact with you.",2019-08-30 18:40:30,3
comment,President Alger Mishap!,That’s felony assault & battery. Tell the police.,2019-09-02 23:37:16,1
post,Pursue higher education they said,Pursue higher education they said,2021-02-26 07:47:47,102
comment,Pursue higher education they said,"Lol, I recognize this question - Dr. Daniel, PSYC 101? If so, just email him and he''ll fix the issue Edit: The incorrect answer choice was not there last semester, I just recognize the question",2021-02-26 09:03:57,24
comment,Pursue higher education they said,So what’s the actual answer?,2021-02-26 12:12:06,1
comment,Pursue higher education they said,The fact that he knows about it and still hasn't fixed it...,2021-02-26 10:16:35,17
comment,Pursue higher education they said,"Nah, I have Dr. Hendy for PSYC 101. There's also another question that I'm going to contest but these kind of quiz questions are a common occurrence in my gen eds so far.",2021-02-26 14:18:07,1
comment,Pursue higher education they said,"It would either be the answer I put, that introvert tendencies increase with age, or it would be there would be little to no change likely to happen.",2021-02-26 14:16:14,3
comment,Pursue higher education they said,"I should clarify - the incorrect answer choice was not there when I took the course last semester, I just recognized the question being asked. He probably changed the answer choices up and didn't notice this time around, it's not that he knows and didn't fix it - last semester he was great at fixing issues promptly as they came up.",2021-02-26 10:25:09,9
comment,Pursue higher education they said,"The canvas quiz builder tool is kind of annoying and fiddly and can be hard to use. If you have a bunch of questions, it won't let you see the answer choices to mark them. You have to open each one and then there's this arrow you click, but it's not very prominent; it's a darker green compared to a lighter green for the wrong choices. He should be able to fix it by going in and changing it. I have had to regrade several questions this year because I somehow clicked or put in the wrong answer.",2021-02-27 08:31:56,4
post,Everyone’s photos,Everyone’s photos,2021-02-22 13:56:46,101
comment,Everyone’s photos,Never go on campus gang?,2021-02-22 14:51:06,33
comment,Everyone’s photos,lol just pull up the email on outlook,2021-02-22 14:03:48,28
comment,Everyone’s photos,I have in person class and have never done Live safe.,2021-02-22 15:31:28,12
comment,Everyone’s photos,they only check it at dining halls now and even then they barely look. just show them something on your phone and you’re in like honestly i feel like i could show them anything and they wouldn’t notice,2021-02-22 15:52:40,3
comment,Everyone’s photos,Guys go to llvesafe.com The “i” is a lower case L.,2021-02-22 16:49:57,0
comment,Everyone’s photos,"Hey, administrators have to eat, too, and this demonstrates that they're doing *something*, as stupid as what they're doing may be.",2021-02-22 17:20:44,10
comment,Everyone’s photos,Never even downloaded live safe gang?,2021-02-22 22:29:37,12
comment,Everyone’s photos,Moved out of Harrisonburg for the semester gang but have to drive back for 2 hours to go to a 45 min class gang,2021-03-03 13:45:54,2
comment,Everyone’s photos,I can't access my campus email on my phone and have just been forwarding myself the emails lol,2021-02-22 14:08:37,7
comment,Everyone’s photos,"Thats pretty funny. But now you'll have the ""JMU student scientists"" telling you you're part of the problem when in reality LivSafe does absolutely nothing for this disease",2021-02-22 16:27:59,13
comment,Everyone’s photos,"I have never had a professor actually ask for it. At a certain point when my phone got full, Livesafe was on the chopping block, 250 megabytes for an app to let JMU have unfiltered access to my movements just so I can fill out a checklist that can easily be inaccurate feels so pointless when no one’s even asking for it. I mean what if I have confirmation bias? Not even intentional lying, just thinking “I don’t have covid therefore these symptoms don’t apply to me” is enough to ruin any validity of the results. I know the symptoms, if I have any, I won’t be on campus.",2021-02-23 13:56:30,2
comment,Everyone’s photos,Part of the problem 🤨,2021-02-22 16:01:47,-7
comment,Everyone’s photos,"Me neither! Anytime I try to open canvas or outlook, it gets frozen at the Duo Authentication link :(",2021-02-22 23:48:13,2
comment,Everyone’s photos,It's pretty much built that way so if/when it goes terribly wrong they have data to support that it is the students' faults,2021-02-23 01:58:26,5
comment,Everyone’s photos,Yeah it does nothing because you can lie. Doesn't change that fact that he's blatantly ignoring regulations that are supposed to help keep us safe.,2021-02-22 17:25:05,1
comment,Everyone’s photos,If this whole comment section agrees live safe does nothing to protect anyone how is ignoring live safe “part of the problem”,2021-02-22 16:50:44,7
comment,Everyone’s photos,Because LiveSafe helps soooo much 😂,2021-02-22 16:49:56,1
comment,Everyone’s photos,"""How is ignoring safeguards to Covid-19 a problem?"" You a genius or something?",2021-02-22 17:27:16,-3
comment,Everyone’s photos,"That’s my point tho, LiveSafe is by no means a safeguard for Covid. We may as well be walking into d hall, saying “I don’t have Covid” and going on about our business",2021-02-22 19:07:48,6
comment,Everyone’s photos,The only reason it wouldn't work is because people either don't use it or disregard other precautions. No reason to just disregard it anyway. If i ever go on campus i'm 100% going to check in. Because that's what we're responsible for.,2021-02-22 19:50:05,2
comment,Everyone’s photos,"I’m not talking about “disregarding other precautions,” I’m talking about livesafe. Because even if someone does have Covid and they have no symptoms, live safe does nothing. All it does is ask people if they have symptoms",2021-02-22 19:52:29,4
comment,Everyone’s photos,Okay well that has absolutely nothing to do with the original commenter purposely not doing it. Because that excuse only holds water in your highly specific context. edit: Ohhh shit you're on /r/conservative - no point in trying with you. You tried to blame Pelosi and democrats for taking Trump to trial as if you thought it detracted from covid relief... when you forgot about the year where Trump did nothing and you clearly don't even want to follow guidelines. Took me about 30 seconds of scrolling.,2021-02-22 20:15:07,4
comment,Everyone’s photos,Wow the logic is just flying over your head isnt it?,2021-02-22 23:04:46,2
comment,Everyone’s photos,"In august you called people sheep for following social distancing / mask orders. You used the Federalist as a source to try and argue that mask mandates don't work to lessen the spread of Covid. You also pretty much said that because we're all young and Covid doesn't effect us as seriously, so it doesn't matter anyway. Which really highlights the bubble of privilege you must live in. Obviously LiveSafe isn't a great system, but purposely ignoring it invites disregarding the validity of other Covid protective measures. Ipso Facto, part of the problem.",2021-02-23 10:08:03,1
post,Made these tap handles I thought my fellow dukes would enjoy!,Made these tap handles I thought my fellow dukes would enjoy!,2020-10-18 10:36:11,102
post,"jmu’s failure in handling this pandemic, a thread:","jmu’s failure in handling this pandemic, a thread:",2020-08-31 15:55:01,100
comment,"jmu’s failure in handling this pandemic, a thread:","Ryan hits the nail on the head consistently here– it’s a damn shame, but it’s been an inevitable reality for months",2020-08-31 23:08:32,12
comment,"jmu’s failure in handling this pandemic, a thread:",i feel like ive been scammed out of the experience i worked my whole life for,2020-09-01 02:23:22,10
comment,"jmu’s failure in handling this pandemic, a thread:",Perfect! You love to see people taking more effort and responsibility than JMU leadership,2020-08-31 21:55:09,13
post,JMU Professor of Religion Dr. Alan Levinovitz representing on the JRE podcast,JMU Professor of Religion Dr. Alan Levinovitz representing on the JRE podcast,2020-07-14 21:42:31,101
comment,JMU Professor of Religion Dr. Alan Levinovitz representing on the JRE podcast,"it was a good watch, too.",2020-07-14 21:55:53,19
comment,JMU Professor of Religion Dr. Alan Levinovitz representing on the JRE podcast,"Levinovitz was one of the best professors I’ve ever had. Such a down to earth and knowledgeable guy, actually looked forward to his class.",2020-07-14 23:14:08,17
comment,JMU Professor of Religion Dr. Alan Levinovitz representing on the JRE podcast,"I had him, good dude. Challenged your world view without being condescending.",2020-07-14 23:47:54,14
comment,JMU Professor of Religion Dr. Alan Levinovitz representing on the JRE podcast,Took him for REL 200 and hands down was one of my favorite classes/professors my entire time at JMU.,2020-07-15 08:19:00,6
comment,JMU Professor of Religion Dr. Alan Levinovitz representing on the JRE podcast,THIS IS MY FAVORITE PROFESSOR,2020-07-15 12:09:37,4
comment,JMU Professor of Religion Dr. Alan Levinovitz representing on the JRE podcast,Holy shit he was the best,2020-07-15 13:23:04,6
comment,JMU Professor of Religion Dr. Alan Levinovitz representing on the JRE podcast,"If you don’t mind me asking, what are the main topics they focused on? I’m semi interested in watching but don’t want to skim the whole thing if I won’t be interested lol",2020-07-15 01:11:11,8
comment,JMU Professor of Religion Dr. Alan Levinovitz representing on the JRE podcast,It was a lot of talk about naturalism and what it means. They delve into a lot of topics based around that though. Worth the listen IMO.,2020-07-15 09:46:31,5
comment,JMU Professor of Religion Dr. Alan Levinovitz representing on the JRE podcast,"If you go to the YouTube video, the top comment timestamps everything they talk about",2020-07-15 16:25:51,1
post,"JMU will formally rename Ashby, Jackson, and Maury Halls","JMU will formally rename Ashby, Jackson, and Maury Halls",2020-06-22 16:26:41,102
comment,"JMU will formally rename Ashby, Jackson, and Maury Halls","Whenever they ask for public input, I think it would be great to rename one of them after Lucy Simms, the famous and influential educator- we don't have many parts of campus that tie us to the history of the community",2020-06-22 17:33:49,37
comment,"JMU will formally rename Ashby, Jackson, and Maury Halls","They love using Alpha Spitzer's ""JMU is a way of life"" quote -- how about a Spitzer Hall?",2020-06-22 20:06:45,13
comment,"JMU will formally rename Ashby, Jackson, and Maury Halls",Does Trashby count as an official rename?,2020-06-22 18:35:57,19
comment,"JMU will formally rename Ashby, Jackson, and Maury Halls",id rather have them just tear maury down fuck that place .... no but in all seriousness i think to combat the names of the generals they should be replaced with names of notable slaves in history like “(Nat) Turner Hall” or “(Harriet)Tubman Hall”,2020-06-22 23:36:47,7
comment,"JMU will formally rename Ashby, Jackson, and Maury Halls","This is great news. Hopefully the BoV actually goes for it. If so, I'm sure the students, alums, and community can come up with some good names to take their places.",2020-06-22 19:36:19,4
comment,"JMU will formally rename Ashby, Jackson, and Maury Halls","""Based on thoughtful conversations with every board member, I am confident that the board will support this recommendation as well. Accordingly, we are working with the board now to schedule a special session this summer to address this issue."" --Alger",2020-06-22 17:01:42,26
comment,"JMU will formally rename Ashby, Jackson, and Maury Halls",They should name one of the buildings after Ralph Sampson lol. Especially since he literally went to the high school that’s now memorial. Hell as a CoE student I’d much rather be in Sampson hall than Memorial.,2020-06-22 17:40:49,20
comment,"JMU will formally rename Ashby, Jackson, and Maury Halls",overwritten.,2020-06-22 17:43:43,9
comment,"JMU will formally rename Ashby, Jackson, and Maury Halls","I agree. I did a whole semester of study on her and the school downtown, and her story is super influential. She had a major impact on the students who went to the school in Downtown Harrisonburg",2020-06-25 14:03:53,1
comment,"JMU will formally rename Ashby, Jackson, and Maury Halls",General Ashby is part of the history of the community,2020-06-22 20:14:38,-6
comment,"JMU will formally rename Ashby, Jackson, and Maury Halls",I actually like it too! What if that was the new centerpiece of campus with the actual quote?,2020-06-25 14:05:27,2
comment,"JMU will formally rename Ashby, Jackson, and Maury Halls",Upstanding citizen with a local connection. I like it.,2020-06-23 04:32:36,3
comment,"JMU will formally rename Ashby, Jackson, and Maury Halls",I do like this idea. That’s what Jennings (the new dorm on east) is named after. Apparently he was a long time slave of James Madison. And the school wanted to pay respects to him. I agree that it would be nice if they renamed those confederate buildings to some people who made some real change in a positive way like the ones you suggested. Plus Tubman Hall has a nice ring to it ... bahaha!,2020-06-23 00:25:40,7
comment,"JMU will formally rename Ashby, Jackson, and Maury Halls","As a graduated CoE student please do not mention M******l hall to me ever again, thank you. I still have nightmares about the classroom numbering in that godforsaken place Sampson Hall would be awesome though",2020-06-22 17:48:19,20
comment,"JMU will formally rename Ashby, Jackson, and Maury Halls",You all’s suggestions are way better than mine. I recommended “Rocktown Hall” since Harrisonburg used to be called that. Also I’m a geology major and I like the name haha,2020-06-22 18:14:15,10
comment,"JMU will formally rename Ashby, Jackson, and Maury Halls","Yeah, but he fought to preserve slavery",2020-06-22 21:07:36,7
comment,"JMU will formally rename Ashby, Jackson, and Maury Halls","Very true, although I doubt Alger would take the risk of making such a big deal of this request if he weren't mostly sure that it would pass",2020-06-22 20:21:06,8
comment,"JMU will formally rename Ashby, Jackson, and Maury Halls",Old gym/MilScience =1000s Area by baseball fields/forum =2000s Front of building with main academic offices=3000s Auditorium =4000s Upper hallway by mineral museum=5000s Connection between old part of building and newer =6000s Back of building (ETMC/ESC) =7000s,2020-06-23 15:24:50,1
comment,"JMU will formally rename Ashby, Jackson, and Maury Halls","I also remember a time when Festival had a station called ""Rocktown Farms"".",2020-06-22 20:25:56,7
comment,"JMU will formally rename Ashby, Jackson, and Maury Halls",Agreed. I'd say that he's pretty confident that it will go through if he's making such a public announcement out of it.,2020-06-22 20:23:36,4
comment,"JMU will formally rename Ashby, Jackson, and Maury Halls","FWIW I heard from a credible source today that Alger got agreement from the Board of Visitors before making the announcement, so I'm optimistic.",2020-06-23 22:15:06,1
comment,"JMU will formally rename Ashby, Jackson, and Maury Halls",big mad that a single person disagreed with you on the internet,2020-06-23 00:32:12,4
comment,"JMU will formally rename Ashby, Jackson, and Maury Halls","I agree with you. Too many things named for MLK where he had no local connection, when there are many, many local people who could get some time to be honored. I wrote this about the matter a few years ago: https://www.schuminweb.com/2015/07/23/preserve-community-heritage-and-keep-names-local/",2020-06-22 20:25:10,9
comment,"JMU will formally rename Ashby, Jackson, and Maury Halls","Yeah, I think it would be best to name it after somebody with a direct tie JMU or Harrisonburg",2020-06-22 22:29:17,4
comment,"Hey, stop",Virginia Tech here I come,2019-11-20 21:37:16,22
comment,"Hey, stop",that is NOT magically delicious,2019-11-20 21:52:33,10
comment,"Hey, stop",That’s not okay...,2019-11-20 17:48:33,7
comment,"Hey, stop",I’m transferring,2019-11-20 19:34:11,6
comment,"Hey, stop",That is NOT okay.,2019-11-20 19:16:22,6
comment,"Hey, stop",That is not OKAY,2019-11-20 21:25:44,6
comment,"Hey, stop",I’m sickened,2019-11-21 09:28:58,3
comment,"Hey, stop",This is Steve hertzenburgs doings,2019-11-21 17:11:36,1
comment,"Hey, stop",You'll have to change your username,2019-11-20 21:41:12,11
comment,"Hey, stop","It's proscribed, demoniac magic.",2019-11-22 08:00:27,2
post,"This belongs here. Looking at you, ICS","This belongs here. Looking at you, ICS",2019-10-16 19:25:24,100
comment,"This belongs here. Looking at you, ICS","I’ve been walking on the sidewalk and almost been hit by an ICS bus, they dont give any fucks",2019-10-16 22:16:33,15
comment,"This belongs here. Looking at you, ICS","Classic ICS, always full when you need it. I'm actually on it as I type this and if you run out in front of it you kinda deserve to be hit. But anyways, it's an icon.",2019-10-17 10:45:46,13
comment,"This belongs here. Looking at you, ICS",They drive like they’re in the fast and furious when there’s no one on the bus,2019-10-17 18:36:09,4
comment,"This belongs here. Looking at you, ICS",My favorite is when the doors close and they immediately floor it. Or when they take off too hard and everyone standing almost falls. I kind of feel like they enjoy it tbh.,2019-10-17 11:54:58,4
post,Is This Real?,Is This Real?,2018-11-14 07:59:52,100
comment,Is This Real?,OMG YAAASSSSS THE STRUGGLE BUS!!!!! Best bus on campus!!!! The driver is so nice and funny!!!,2018-11-14 08:55:32,36
comment,Is This Real?,Yep. https://www.breezejmu.org/culture/student-driver-creates-the-struggle-bus-for-jmu-riders/article_285fb886-d7a9-11e8-846c-d7f33306e29a.html,2018-11-14 08:19:26,21
comment,Is This Real?,"It is. Lol The Bus driver is a young guy, and often cracks jokes and whatnot during the ride.",2018-11-14 12:17:00,8
comment,Is This Real?,Nothing brightens up the morning like The Struggle Bus!,2018-11-14 11:33:09,8
comment,Is This Real?,I see it all the time,2018-11-14 10:30:33,5
comment,Is This Real?,TIL the Official Tailgate Partner of JMU is Bojangles...,2018-11-14 11:18:36,7
comment,Is This Real?,"Oh sick, I went to BRCC with that goof ball!",2018-11-14 13:56:39,6
post,Tis the season of making schedules you'll never get,Tis the season of making schedules you'll never get,2018-10-29 11:52:00,99
comment,Tis the season of making schedules you'll never get,if we had half as many gen-eds and double the parking spaces this school would be 10/10,2018-10-29 17:57:05,23
comment,Tis the season of making schedules you'll never get,"it’s because recently they’ve taken a good number of commuter and resident lots and turned them into staff parking, which in most cases, the lots are pretty vacant",2018-10-29 20:49:03,7
comment,Tis the season of making schedules you'll never get,Yesterday one of the bus drivers fell asleep at the wheel and crashed in sun chase. No bus for lmao.,2018-11-02 12:54:05,2
comment,Tis the season of making schedules you'll never get,middle six run light dog soup vegetable absorbed distinct entertain *This post was mass deleted and anonymized with [Redact](https://redact.dev/home)*,2018-10-30 10:41:02,3
post,CHAMPIONS,CHAMPIONS JMU say suck dees nuts (do we still say that?),2017-01-07 15:18:42,99
comment,CHAMPIONS,Woooooooooooo,2017-01-07 15:45:35,10
comment,CHAMPIONS,So is there gonna be a parade?,2017-01-08 00:47:38,7
comment,CHAMPIONS,**WE WANT BAMA**,2017-01-07 17:10:54,20
comment,CHAMPIONS,My roomie and I did a cannonball run to get there and back to watch the game and it was amazing. Go dukes. Great way to end my games as a student.,2017-01-08 14:22:51,3
comment,CHAMPIONS,That'd be great!,2017-01-08 14:22:03,3
comment,CHAMPIONS,Roll Dukes Roll,2017-01-08 11:31:03,5
post,PSA TO ALL INCOMING FRESHMAN,"PSA TO ALL INCOMING FRESHMAN The dorm you live in has the least affect on your social life at JMU. A lot of freshman seem concerned that this dorm seems more fun than that dorm or whatever, but there’s literally no way to tell which dorm you’re going to have more fun and it just depends on who lives there that year. And there are so many opportunities to make friends outside of the dorms at this school that it’s really not gonna matter which dorm you live in because no matter what you’re gonna be in walking distance from all the other freshman on campus.",2022-07-18 22:32:13,95
comment,PSA TO ALL INCOMING FRESHMAN,"The best thing you can do is find people with common interests, AKA join some clubs. You will also probably make a few friends in your major without even really trying because you have common things to talk about. It can also be helpful to get a student job on campus; you will earn extra money for only a handful of hours a week, and meet other students in the process.",2022-07-19 07:51:22,23
comment,PSA TO ALL INCOMING FRESHMAN,"Agreed all around. Your on-campus living experience is what you make of it more than anything else. Your dorm's location is kind of whatever. For all this drama over dorm selecton, though, I remember a time when freshmen couldn't choose their dorms at all, and were assigned a dorm randomly.",2022-07-19 10:05:45,7
comment,PSA TO ALL INCOMING FRESHMAN,THIS!! you could live in the village where everyone says is more social compared to other dorms but if the people that are in your section not social then you will not have a strong social life in your dorm,2022-07-18 23:08:21,10
comment,PSA TO ALL INCOMING FRESHMAN,Lived in Eagle. Great times,2022-07-19 00:34:52,5
comment,PSA TO ALL INCOMING FRESHMAN,I really needed to hear this because I was starting to think that the dorm had somewhat an effect but glad that it doesn’t and your right you won’t know which dorm is fun because you will be somewhere else and that it depends on the people,2022-07-23 11:50:52,2
comment,PSA TO ALL INCOMING FRESHMAN,It was simpler times when your dorm was just assigned to you,2022-07-21 11:00:54,2
comment,PSA TO ALL INCOMING FRESHMAN,The dirty bird is elite,2022-07-21 11:01:24,1
comment,PSA TO ALL INCOMING FRESHMAN,Was like living in a big hotel,2022-07-19 22:14:16,1
comment,PSA TO ALL INCOMING FRESHMAN,The dorm has really no effect and the reason you think that probably is because were currently going through the annual “what dorm should I live in” phase of this sub,2022-07-26 17:22:47,1
comment,PSA TO ALL INCOMING FRESHMAN,"Definitely. It was just luck of the draw, which meant that you didn't have to worry. You just saw where you were assigned, and then planned accordingly. About the only way that you could pick your dorm was if you chose smoke-free, which narrowed you down to Eagle, Weaver, or McGraw-Long, or substance-free, which put you in Shorts. I'm kind of glad that we couldn't pick, because while I chose smoke-free housing (weird to think that smoking was allowed in most dorms until 2001), if I had been able to pick between the smoke-free dorms, I probably would have chosen Eagle because I started out as a business major, and was thinking about proximity to Zane Showker Hall. Also, considering the capacities of the three smoke-free dorms, there was a slightly higher than 50% chance that I would have ended up in Eagle. Ultimately, I ended up in McGraw-Long, which surprised me. But I went in with a good attitude, and in the end, I was glad to have gotten McGraw-Long, because it was an overall better dorm than Eagle, being newer and having slightly bigger rooms, even if it was further away from Zane Showker Hall. But being freshman year, where you have gen-ed classes all over the campus, proximity to Showker didn't matter at all, and McGraw-Long, with its relatively central location, worked out quite well for that.",2022-07-21 14:02:50,2
comment,PSA TO ALL INCOMING FRESHMAN,*big motel*,2022-07-19 22:44:17,3
post,Election Day,"Election Day So, if you haven't already voted, make sure to vote, today. Whether you're in your hometown or you've registered here in Harrisonburg or Rockingham County, make your voice heard. Also, don't be an asshole to anyone. There are going to be enough of those out there and there will be a lot of people with high levels of anxiety, already. If you're voting in person, thank a poll worker. Not those folks standing 40ish feet away handing out partisan literature, but the folks inside making everything run as it should. That's a tough job during normal times, and this election is made worse not just because of the contentiousness but the pandemic on top of it. I hope everyone has a safe day, today.",2020-11-03 07:01:35,100
comment,Election Day,Thanks for such a positive political post. This is a refreshing attitude. I appreciate it.,2020-11-03 10:24:43,15
comment,Election Day,"When I was a student at JMU I made sure to vote, even if I didn't vote for local offices. I felt like I didn't really have a stake in local government, but voting is so important. Now more than ever. Older generations will rag on us millennials and iGens, but they're only so loud because they know that they are the minority now. Their thinking is outdated and their ideals need to evolve. Our country should reflect the ideas and forward thinking of its young people. Make it count, you guys.",2020-11-03 12:22:20,8
comment,Election Day,Biden 2020 🥰,2020-11-03 10:09:38,11
comment,Election Day,"If you need a reminder to vote, you probably shouldn't be",2020-11-03 11:44:36,-18
comment,Election Day,"I actually advocate for students to vote in local elections. City council makes decisions that absolutely impact the student body. JMU students, through student fees, pay a sizeable chunk of money to the city budget. They eat in local restaurants, paying the local prepared food tax. The list could go on. I know a lot of locals don't agree with me on this, but students are in the city more time during the years they attend JMU than they are at home.",2020-11-03 12:45:57,13
comment,Election Day,NO MALARKEY,2020-11-03 14:15:34,3
comment,Election Day,A very good point and I agree whole heartedly.,2020-11-03 12:46:59,5
post,You guys are awesome 🤩,"You guys are awesome 🤩 Long time Pat McAfee Show watcher, and seeing how much energy y’all have on campus during his show is awesome. Dukes by a BILLION this weekend",2023-11-17 12:19:10,97
comment,You guys are awesome 🤩,Just wait till tomorrow,2023-11-17 13:06:56,21
comment,You guys are awesome 🤩,You'll hear tomorrow from DC!,2023-11-17 15:51:30,12
post,Spring semester starts in two days and I don’t have a single canvas page.. 😅,Spring semester starts in two days and I don’t have a single canvas page.. 😅,2021-01-17 00:39:17,98
comment,Spring semester starts in two days and I don’t have a single canvas page.. 😅,and you already know they’re gonna be asking on the first day why you don’t have the textbook 😒🙄,2021-01-17 01:53:09,20
comment,Spring semester starts in two days and I don’t have a single canvas page.. 😅,I had none but Mickey Glago just came through. So fucking psyched for concert production.,2021-01-17 15:04:53,5
comment,Spring semester starts in two days and I don’t have a single canvas page.. 😅,You're not the only one in the boat. Sending good vibes!,2021-01-17 14:35:55,4
comment,Spring semester starts in two days and I don’t have a single canvas page.. 😅,"So you all can't find the books by going to the online store? As a prof I always assumed you just got the books through the bookstore, not my syllabus.",2021-01-17 17:01:15,7
comment,Spring semester starts in two days and I don’t have a single canvas page.. 😅,Had all my canvas classes set up for my students and available before cmas. Leave no excuses or hurdles for student success. Life (&my class) is hard enough.,2021-01-17 16:04:38,5
comment,Spring semester starts in two days and I don’t have a single canvas page.. 😅,I just want the syllabus 😫,2021-01-17 10:29:24,8
comment,Spring semester starts in two days and I don’t have a single canvas page.. 😅,Yea we buy from the syllabus and generally not from the bookstore.,2021-01-17 18:14:25,6
comment,Spring semester starts in two days and I don’t have a single canvas page.. 😅,"I personally like to read through my syllabus and write out the dates given in it in my planner as a way of feeling “set up” for the semester. Just a personal preference. Also just feel as though it is nice for a student to have the information available more than 24 hour before the class starts. Sometimes the bookstore recommends a certain book, and then the professor will say in the syllabus that the book is actually not necessary or there is a different book being used. The bookstore is not always correct from experience.",2021-01-17 22:56:16,3
comment,Spring semester starts in two days and I don’t have a single canvas page.. 😅,"They can. Whether or not they want to is a different story. But yes, that information is available through the bookstore if you submitted it.",2021-01-17 18:59:38,3
comment,Spring semester starts in two days and I don’t have a single canvas page.. 😅,I guess I always just assumed students were going to the online bookstore and ordering. No readings on the first day of class for me anymore.,2021-01-17 19:06:20,4
comment,Spring semester starts in two days and I don’t have a single canvas page.. 😅,Yeah I always get my books the week beforehand. It honestly gets me annoyed when we have the info right there and no one cares enough to just get the damn book. We don’t always use them but they’re almost always helpful to have anyways and it helps a lot with testing. Also you can just copy and paste the ISBN number into google and get it from Amazon or sometimes for free online,2021-01-17 21:19:43,3
comment,Spring semester starts in two days and I don’t have a single canvas page.. 😅,"Truth! Gen X'er though, not boomer! Still applies though.",2021-01-17 18:59:38,3
comment,Spring semester starts in two days and I don’t have a single canvas page.. 😅,"I did buy from the bookstore list freshman year however I found a majority of teachers wouldn’t ever use the books they had on the syllabus. Also teachers give us free digital versions sometimes or do pdf uploads but the book listed on the bookstore site is 180 bucks for a rental and 400 to buy. The bookstore is also traditionally +10-20% cost. While some kids who don’t care about the cost will buy from the bookstore, most kids I found don’t.",2021-01-17 19:26:26,2
comment,Spring semester starts in two days and I don’t have a single canvas page.. 😅,"That's true. My books are pretty cheap overall (three for about 90 bucks) but I often point students to cheaper options on Amazon, etc... especially if you want to rent them. For some reason, I just assumed students typically were making their own plans before I got to them on the first day of class. That's good to know moving forward.",2021-01-17 19:29:36,2
comment,Spring semester starts in two days and I don’t have a single canvas page.. 😅,"I work at the bookstore, don’t ever buy from the bookstore. I don’t even buy from there. It’s a scam, they don’t even give us discounts",2021-02-25 22:49:14,1
comment,Spring semester starts in two days and I don’t have a single canvas page.. 😅,Tbh I just pirate a majority of my books at this point. Saves me like 2k a year,2021-02-25 23:21:21,2
comment,Spring semester starts in two days and I don’t have a single canvas page.. 😅,I’m listening👀...,2021-02-26 00:43:23,1
comment,Spring semester starts in two days and I don’t have a single canvas page.. 😅,libgen.is is your friend. As long as it doesn’t have to be this years edition. If the book is like 2-3 years old you have like a 85% chance of finding it on there. It’s always super nicely formatted pdfs,2021-02-26 00:52:03,2
post,Burnout,Burnout Does anyone else feel absolutely burnt out right now? It seems to me that all of my professors have scheduled multiple projects/tests this and next week. I'm really feeling the effects of our spring break being taken away right now.,2021-04-19 12:46:24,96
comment,Burnout,"yes. i have not had 1 single relaxing day in what feels like months. even when i do try to relax, i feel guilty because i know there’s schoolwork i could be doing. on the good side, we only have 2 more weeks left in the semester and we can do it :) good luck",2021-04-19 12:56:58,47
comment,Burnout,lol i'm fucked,2021-04-19 13:40:34,25
comment,Burnout,"Welcome to college. 35% of that diploma is just a statement saying “I got through some bullshit and extremely stressful semesters with unrealistic (or hard to obtain) deadlines, now give me monies!” This is simply part of the college lesson. Personally, after making it through 4 years military and then 5 years college, I feel I can tackle any situation life throws at me, the funny thing is that college was 10x harder (for me) than the military.",2021-04-19 14:02:09,19
comment,Burnout,"Yeup No idea how I’m going to get everything done for finals, but I guess it’ll have to happen somehow",2021-04-19 13:37:53,15
comment,Burnout,"yes. I feel so burnt out and I have three papers due all in the next week lol. but we’re so close to summer, hang in there!",2021-04-19 13:33:03,9
comment,Burnout,This past week has been stupid busy,2021-04-19 13:34:34,9
comment,Burnout,yes. at this point i hate waking up and thinking about needing to grind these papers and studying out,2021-04-19 16:23:48,4
comment,Burnout,Yes but we’re sooo close to the end! We’re almost there!,2021-04-19 15:30:30,3
comment,Burnout,"Lmao, I put a poll on my Instagram story about this issue. All but two JMU students who follow me said they had burnout",2021-04-19 16:15:33,4
comment,Burnout,"My brain is, at the point, completely fried. This past week especially has pushed me past the breaking point. You have no idea how ready I am for summer",2021-04-20 12:41:38,3
comment,Burnout,Yes. I’m so tired. I need a week long nap,2021-04-20 08:28:42,2
comment,Burnout,35% is pretty damn generous,2021-04-20 10:41:05,3
post,GMU: *laughs in commuter school*,GMU: *laughs in commuter school*,2020-09-01 19:01:25,93
post,"With the 231st pick in the 2020 NFL Draft, the Dallas Cowboys select QB Ben DiNucci from James Madison University!","With the 231st pick in the 2020 NFL Draft, the Dallas Cowboys select QB Ben DiNucci from James Madison University!",2020-04-25 18:12:19,96
comment,"With the 231st pick in the 2020 NFL Draft, the Dallas Cowboys select QB Ben DiNucci from James Madison University!",A great day for Dallas. A great day for JMU. A great day for America,2020-04-25 18:32:50,30
comment,"With the 231st pick in the 2020 NFL Draft, the Dallas Cowboys select QB Ben DiNucci from James Madison University!",Riley Stapleton tweeted that Dylan is a Houston Texan but I haven’t seen it posted anywhere.,2020-04-25 18:53:04,11
comment,"With the 231st pick in the 2020 NFL Draft, the Dallas Cowboys select QB Ben DiNucci from James Madison University!","Cheers bro, I'll drink to that!",2020-04-25 19:05:24,9
comment,"With the 231st pick in the 2020 NFL Draft, the Dallas Cowboys select QB Ben DiNucci from James Madison University!",I would have been fine with literally any other team drafting him.,2020-04-26 10:22:31,9
comment,"With the 231st pick in the 2020 NFL Draft, the Dallas Cowboys select QB Ben DiNucci from James Madison University!",Hell yeah! Way to go!,2020-04-26 12:08:41,5
comment,"With the 231st pick in the 2020 NFL Draft, the Dallas Cowboys select QB Ben DiNucci from James Madison University!",lol just try and be happy for the guy,2020-04-26 12:37:08,7
comment,"With the 231st pick in the 2020 NFL Draft, the Dallas Cowboys select QB Ben DiNucci from James Madison University!",I used to see him last year on the quad. Just chillen.,2020-04-29 20:40:10,2
comment,"With the 231st pick in the 2020 NFL Draft, the Dallas Cowboys select QB Ben DiNucci from James Madison University!","Oh I am, but that won't stop me from not liking the team. Even if he was \*only\* picked in the seventh round, even being considered for the NFL draft is seriously impressive.",2020-04-27 16:57:59,2
post,This is one of my favorite things about JMU,This is one of my favorite things about JMU,2019-08-22 21:23:28,100
comment,This is one of my favorite things about JMU,So who on the JMU Reddit plays MTG?,2019-08-23 17:50:42,3
post,"Found this photo of mine on WhoWhatWhy with an editorial cartoon about RFK Jr. superimposed over it. Clearly, whoever put this together wasn't paying too much attention.","Found this photo of mine on WhoWhatWhy with an editorial cartoon about RFK Jr. superimposed over it. Clearly, whoever put this together wasn't paying too much attention. First of all, [here's the article](https://whowhatwhy.org/cartoon/rfk-jr-takes-a-chainsaw-to-the-cdc-to-implement-his-maha-agenda/), and [here's the original photo](https://www.benschumin.com/picture/2469/). For those of you who weren't aware, the building that is now known as the Engineering Geosciences Building was called ""Health and Human Services Building"" when it opened in 2000, and for a number of years after that. I can only assume that the person who put this composite together was in a rush, put ""Health and Human Services Building"" into a search, said, ""looks good,"" and ran with it. I am amused that they ran a JMU building instead of the actual HHS building in DC, but you know what, I needed a good laugh today.",2025-09-06 18:02:20,97
comment,"Found this photo of mine on WhoWhatWhy with an editorial cartoon about RFK Jr. superimposed over it. Clearly, whoever put this together wasn't paying too much attention.",How stupid do you have to be to figure out that is NOT a DC building….😅,2025-09-06 18:48:38,21
comment,"Found this photo of mine on WhoWhatWhy with an editorial cartoon about RFK Jr. superimposed over it. Clearly, whoever put this together wasn't paying too much attention.",I had no idea ENGEO used to be a health building that’s wild. I graduated two years ago and saw this exact view 5000x this is absolutely hilarious.,2025-09-06 23:24:54,10
comment,"Found this photo of mine on WhoWhatWhy with an editorial cartoon about RFK Jr. superimposed over it. Clearly, whoever put this together wasn't paying too much attention.",I appreciate the fact that it says “from Potomac hall” because last time I checked it wasn’t Potomac anymore 😭,2025-09-10 00:28:12,1
comment,"Found this photo of mine on WhoWhatWhy with an editorial cartoon about RFK Jr. superimposed over it. Clearly, whoever put this together wasn't paying too much attention.","Makes perfect sense that the same person who would put something like this together, is the same person that would lack the effort to identify the correct building. Intellectually lazy on all fronts.",2025-09-09 05:06:26,1
comment,"Found this photo of mine on WhoWhatWhy with an editorial cartoon about RFK Jr. superimposed over it. Clearly, whoever put this together wasn't paying too much attention.",It was HHS-ISAT and they started changing that all in like 2016?,2025-09-07 08:01:39,3
comment,"Found this photo of mine on WhoWhatWhy with an editorial cartoon about RFK Jr. superimposed over it. Clearly, whoever put this together wasn't paying too much attention.",Makes sense. I think engineering and geoscience moved into HHS and health stuff moved out to the Bioscience building and phys-chem,2025-09-07 13:04:27,2
post,"Good luck on your first day of classes, Dukes!!","Good luck on your first day of classes, Dukes!! Let’s make this year a good one!! 🍀",2019-08-26 08:09:37,93
comment,"Good luck on your first day of classes, Dukes!!",Good luck everybody 😌😌,2019-08-26 08:49:59,15
comment,"Good luck on your first day of classes, Dukes!!","UR GONNA BE GREAT AND HAVE FUN, GO ENJOY (:",2019-08-26 10:59:40,15
comment,"Good luck on your first day of classes, Dukes!!","And don’t forget how fortunate you are to be there. I graduated in 09 and life is great, but nothing compares to those years at Jmu - little responsibility, total autonomy, making great friends, and getting to plot out the next chapter in your life. Enjoy",2019-08-26 09:21:59,22
comment,"Good luck on your first day of classes, Dukes!!","thanks, mom",2019-08-26 10:18:45,14
comment,"Good luck on your first day of classes, Dukes!!",Don’t tell me what to do,2019-08-26 09:11:41,15
comment,"Good luck on your first day of classes, Dukes!!",*skips first day of classes to go to Philly*,2019-08-26 15:24:22,1
comment,"Good luck on your first day of classes, Dukes!!",but I’m sad,2019-08-26 09:37:16,13
comment,"Good luck on your first day of classes, Dukes!!",It’s my last year :(,2019-08-26 10:11:30,7
comment,"Good luck on your first day of classes, Dukes!!","Fellow 09 grad here as well. My years at JMU were amazing but I regret not being more involved. I should have done more clubs, gone to more games, etc. Get involved, have fun, work hard and enjoy going to one of the best schools. Everyone else wishes they were a Duke dog!",2019-08-26 20:30:00,3
comment,"Good luck on your first day of classes, Dukes!!",Gets admin dropped,2019-08-26 18:53:18,1
post,Okta gets a thumbs down from me👎,"Okta gets a thumbs down from me👎 VENTING: Because why does it require a sign in every time, even though I check the ""keep my signed in"" box. And why does it take so long for the push notification to show up. And why does it take so long to respond after pressing. And why did I press it, and my browser says ""hAveNt ReCeiVed ur nOtif?? OPen tHe aPP"", like I didn't already press it and am waiting for it to respond in the time it takes me to write this post. Also why did they switch to Okta in the middle of a semester? With 8 weeks left? Sorry if ur a senior.",2025-03-26 00:00:05,94
comment,Okta gets a thumbs down from me👎,Sometimes these things have to be done when they are done to conclude a contract that offers no variability in extensions. It will improve with time. The best way to get results sooner is to submit feedback (both positive and negative) in an honest and factual manner.,2025-03-26 05:25:49,22
comment,Okta gets a thumbs down from me👎,"I literally just emailed IT about the remember me because I was getting so annoyed. Apparently it’s to remember you just during that session. So if you close the browser, that’s a new session. So annoying though",2025-03-26 10:15:45,11
comment,Okta gets a thumbs down from me👎,Their Duo contract probably ran out and it was cheaper to go with Okta instead of renewing.,2025-03-26 09:50:21,9
comment,Okta gets a thumbs down from me👎,"Honestly now that you brought it up, I honestly wonder if money was the reason why JMU dropped Duo I wouldn't be surprised if Duo had jacked up their rates and as a result JMU went with a cheaper option (Okta) during the middle of the semester",2025-03-28 22:13:59,2
comment,Okta gets a thumbs down from me👎,that n the rush to get the code in time before time runs out...i hate to be rushed...,2025-08-20 21:34:29,2
comment,Okta gets a thumbs down from me👎,I'd rather have to press a button to log in than call the help desk about my compromised account,2025-03-26 08:10:27,2
comment,Okta gets a thumbs down from me👎,"I mean, we had that with DUO and it worked perfectly fine😭",2025-03-26 23:27:21,2
comment,Okta gets a thumbs down from me👎,Trueee actually we didn't use okta then. I don't remember if DUO made us log in that frequently though.,2025-03-27 00:08:31,1
post,Duke Dog vs Brother Ray,Duke Dog vs Brother Ray,2024-08-22 11:44:56,96
comment,Duke Dog vs Brother Ray,Dude has a sword 🤣,2024-08-22 12:35:08,17
comment,Duke Dog vs Brother Ray,![gif](giphy|7JsEgDMrziuJd9fFY1),2024-08-22 13:34:06,12
comment,Duke Dog vs Brother Ray,"I honestly wonder what the context was behind this, I left before Duke Dog showed up",2024-08-22 13:50:02,3
comment,Duke Dog vs Brother Ray,"I asked him why he had it, and it was so he could ""slay evil spirits"" or something",2024-08-22 14:11:19,4
comment,Duke Dog vs Brother Ray,"I was there! Brother Ray offered Duke dog his sword so he could ""fight the homosexual spirits""",2024-08-22 14:10:34,11
comment,Duke Dog vs Brother Ray,Great theatre. It's all for attention. Dude also had a camera on him the whole time. It's just an act to get a rise out of people and it works sadly,2024-08-22 14:19:30,10
comment,Duke Dog vs Brother Ray,"I saw he had a lady friend with a camera. At one point he sat down to talk one-on-one with someone, and she put the phone right in the guys face. Like maybe 3 inches from his face. You don't need to get every pore man",2024-08-22 14:36:06,3
comment,Duke Dog vs Brother Ray,His whole thing is trying to get someone mad enough that they hit him. That’s what the camera’s for. These guys hit campuses all over the place,2024-08-22 17:10:55,3
comment,Duke Dog vs Brother Ray,Now religious people are taking inspiration from jack doherty I see,2024-08-22 15:30:01,1
post,"Shoutout to the people throwing a big party at Campus View rn, the COVID problem wasn’t big enough yet","Shoutout to the people throwing a big party at Campus View rn, the COVID problem wasn’t big enough yet You selfish fucking idiots",2021-02-06 22:53:45,92
comment,"Shoutout to the people throwing a big party at Campus View rn, the COVID problem wasn’t big enough yet",vase party thumb upbeat adjoining one cheerful tease dam sugar *This post was mass deleted and anonymized with [Redact](https://redact.dev/home)*,2021-02-07 00:21:36,38
comment,"Shoutout to the people throwing a big party at Campus View rn, the COVID problem wasn’t big enough yet",Don’t forget the frat houses and their constant mixers where they’re encouraged to bring as many girls as possible!,2021-02-07 14:56:49,9
comment,"Shoutout to the people throwing a big party at Campus View rn, the COVID problem wasn’t big enough yet",Call the cops. Fuck those guys. Or at least get a video and shame JMU over Twitter.,2021-02-07 15:58:51,11
comment,"Shoutout to the people throwing a big party at Campus View rn, the COVID problem wasn’t big enough yet","Harrisonburg resident here: Well, that's just great. I'm so tired of being stuck inside, and now I'll have to be even more cautious when I go out. Thanks for letting us know, midilo\_9.",2021-02-06 23:08:09,28
comment,"Shoutout to the people throwing a big party at Campus View rn, the COVID problem wasn’t big enough yet",i’m on RA in jennings and this weekend i was on duty both friday and saturday night and the amount of people i saw leaving to go party was so disappointing and frustrating.,2021-02-07 19:32:57,10
comment,"Shoutout to the people throwing a big party at Campus View rn, the COVID problem wasn’t big enough yet",There are a ton of selfish cunts in this area. I hear and see them all the time. You should report it.,2021-02-07 10:33:19,8
comment,"Shoutout to the people throwing a big party at Campus View rn, the COVID problem wasn’t big enough yet",Uber drivers probs made an extra dollar. I don't know how I'd feel about picking up pax from such an event right now.,2021-02-07 06:05:05,2
comment,"Shoutout to the people throwing a big party at Campus View rn, the COVID problem wasn’t big enough yet","Or the youth church group behind my house, massless and all. Wrestling in the snow and sitting in circles.",2021-02-07 10:08:59,2
comment,"Shoutout to the people throwing a big party at Campus View rn, the COVID problem wasn’t big enough yet",It's a free world,2021-02-07 09:09:14,-27
comment,"Shoutout to the people throwing a big party at Campus View rn, the COVID problem wasn’t big enough yet","Let them do what they want. They're adults who can make their own decisions. If they get sick, they get sick. I'm not so sure why everyone has to get into each other's business and control people. If you have such a problem with it, just walk in there and tell them how 'selfish' they are being. Not tryna be rude, just realistic. Solve the problem right at the core if you feel so strongly about it.",2021-02-07 00:23:16,-77
comment,"Shoutout to the people throwing a big party at Campus View rn, the COVID problem wasn’t big enough yet","Reporting it dose nothing, Harrisonburg Police does nothing unless it’s over 50...... I’ve seen the same house with 30+ last semester and this semester continue to throw big events and only once did they come and shut it down.",2021-02-07 10:45:30,6
comment,"Shoutout to the people throwing a big party at Campus View rn, the COVID problem wasn’t big enough yet","Your freedom to swing your fist ends at my nose. People's stupid decision to party possibly endangers more than just the people at the party. Think for like 5 seconds and this shit is fucking obvious. Clearly, even that much thinking is too much for you, though.",2021-02-07 14:55:57,15
comment,"Shoutout to the people throwing a big party at Campus View rn, the COVID problem wasn’t big enough yet","This mentality right here is why we could’ve ended the pandemic earlier but can’t. “Let them do what they want” unless it’s YOUR family being directly affected, right?",2021-02-07 01:27:21,45
comment,"Shoutout to the people throwing a big party at Campus View rn, the COVID problem wasn’t big enough yet",trees worm support tub ink gaze amusing angle ghost distinct *This post was mass deleted and anonymized with [Redact](https://redact.dev/home)*,2021-02-07 03:47:00,41
comment,"Shoutout to the people throwing a big party at Campus View rn, the COVID problem wasn’t big enough yet",You are incredibly stupid,2021-02-07 02:22:42,27
comment,"Shoutout to the people throwing a big party at Campus View rn, the COVID problem wasn’t big enough yet",Grandma must die so students can party,2021-02-07 09:23:59,14
comment,"Shoutout to the people throwing a big party at Campus View rn, the COVID problem wasn’t big enough yet","With ICU capacity full, any severe accident means that an ICU bed has to be taken from someone..... so realistically solve the problem right at the core and distance till this shit is over. We shouldn’t have to “control” people, but apparently there’s a decent amount of people who don’t have the conscience to put there own desires over the health of a community. Harrisonburg isn’t JMU town....",2021-02-07 11:06:43,9
comment,"Shoutout to the people throwing a big party at Campus View rn, the COVID problem wasn’t big enough yet",And because of them my friends who used to work at the movie theater still don’t have their job back because selfish people haven’t took Covid seriously. Because of people like this a coworker of mine doesn’t have a mom. If them being idiots only hurt them—fine. But it doesn’t end with them.,2021-02-07 22:11:08,6
comment,"Shoutout to the people throwing a big party at Campus View rn, the COVID problem wasn’t big enough yet",You're an asshat.,2021-02-07 10:34:04,8
comment,"Shoutout to the people throwing a big party at Campus View rn, the COVID problem wasn’t big enough yet",Report it to JMU as well; You can take it to the dean of office of students or a similar org on campus.,2021-02-07 12:41:09,5
comment,"Shoutout to the people throwing a big party at Campus View rn, the COVID problem wasn’t big enough yet","You actually believe that if we had locked down harder, this would have been over by now? On an unrelated note, the city is getting ready to sell the Talmage R. Cooley Bridge. I could get you a very nice price on it if you'd like...",2021-02-07 13:02:01,-7
comment,"Shoutout to the people throwing a big party at Campus View rn, the COVID problem wasn’t big enough yet","Unfortunately they won't do anything either. Every time I've seen a report of off-campus activity the response is ""Thanks, we've referred this to HPD."" 🙄",2021-02-07 20:26:09,3
comment,"Shoutout to the people throwing a big party at Campus View rn, the COVID problem wasn’t big enough yet","You know that the US isn’t the only country in the world, right? Go look up the COVID lockdown efforts in Asia and Oceania, but I’m guessing you’re physically incapable of processing the fact that America isn’t always first. Sell your Kool-Aid elsewhere.",2021-02-07 14:18:47,13
comment,"Shoutout to the people throwing a big party at Campus View rn, the COVID problem wasn’t big enough yet",That is some fucking bullshit. God dammit JMU sucks more and more each year I attend,2021-02-07 21:04:36,5
post,"still, congrats to Jimmy for having a great game on The Football Team","still, congrats to Jimmy for having a great game on The Football Team",2020-09-14 10:27:58,90
comment,"still, congrats to Jimmy for having a great game on The Football Team","I'm so happy for that dude. He was always a nice guy when I talked to him so even as a Cowboys fan, I'm rooting for him.",2020-09-14 15:55:34,11
post,Dukes with ADD,Dukes with ADD Gd this online classes shit is fucked for us.... Feel like im learning nothing....,2020-09-10 13:30:40,98
comment,Dukes with ADD,lmao its like watching paint dry except its just water in a cup so it never dries,2020-09-10 13:48:36,81
comment,Dukes with ADD,i haven’t retained a single thing since we went online,2020-09-10 13:53:12,63
comment,Dukes with ADD,Brain machine broke,2020-09-10 13:58:25,47
comment,Dukes with ADD,"Online classes are making me crazy, everything is extremely slow and It gives the professor an opportunity to ignore your emails even more",2020-09-10 14:55:29,18
comment,Dukes with ADD,Have you tried reaching out to your professors or ODS? They might be able to help out.,2020-09-10 14:19:49,9
comment,Dukes with ADD,"I have ADD as well, and have been in online classes for about a year and a half now. (Social anxiety reasons, I came to JMU after working hard to overcome it but than COVID) However that was community college where those were already courses they had online anyway and they were structured to handle that in the first place. This is a bit different though and I feel like I’m not learning much as well. I’m going to try to go through all of my syllabi and plan something. But it’s hard not being hands on and in class with this format and I do not know exactly what professors want from me. ( sorry I’m on mobile but I tried writing this out in the easiest way to read 4 u bc ADD brain) Edit: first paragraph",2020-09-10 17:08:18,11
comment,Dukes with ADD,Current senior here with ADD (and un-diagnosed OCD). I can give some suggestions (probably small and maybe have heard before but IDK) if you need help. Right off the bat I'd need to ask: Have you been prescribed anything? Feel free to DM me,2020-09-10 14:36:32,15
comment,Dukes with ADD,"I know exactly how you feel. I took summer online classes and I struggled so hard. There are services at JMU for people that need extra help with organizing, studying, etc. that may help you out. It helped me out a lot!",2020-09-10 15:42:37,6
comment,Dukes with ADD,I've overslept half my classes this week.. It's a struggle,2020-09-10 17:57:44,6
comment,Dukes with ADD,"I took multiple high school and community college courses online and did fine, in fact I did really well.. but this online school at JMU is hell. There’s no structure. I’m paying for college-college and getting less of an education that I could from a community college. I can’t focus on what i’m doing. A few of my classes I haven’t done any work in yet simply because I am getting very confused with what seems to be 83-million different platforms that the professors are using (canvas, piazza, webex, zoom, slido, the never-ending e-mails, I can’t keep them straight!!). I just can’t read the textbook and know what i’m doing all of a sudden. I’m a visual learner with ADD and OCD and I have problems organizing when I don’t have much of a structure or idea what to even do. I find reading in certain subjects hard and unless I have examples, activities to do, and a class that motivates me to pay attention, I literally learn nothing. These online classes just suck and most of my professors honestly don’t know what they’re doing...",2020-09-11 02:06:18,5
comment,Dukes with ADD,I feel that. Try reading the textbooks and talk to professors about getting notes. Also I’ve heard talking to ODS about accommodations doesn’t hurt either. Still I agree this is hell.,2020-09-10 17:59:34,3
comment,Dukes with ADD,"adhd here. yeah i can barely do anything. something that’s worked for me is putting up physical barriers around my space, like hanging a blanket around my desk area. also, professors aren’t good at being captivating over the internet. i feel like they could learn a lot from youtubers",2020-09-10 18:08:53,4
comment,Dukes with ADD,The amount of classes I’ve just played phone games through.... unbelievable,2020-09-10 23:12:55,2
comment,Dukes with ADD,"I got bipolar and just had an awful manic episode and online classes made it impossible to learn. At least with in person classes my support system could force me to go to class, here I can just put the zoom call on and zone out on 20,000 different baking and crochet projects.",2020-09-11 06:49:37,2
comment,Dukes with ADD,Listen to lecture....nah Craigslist,2020-09-11 23:42:55,1
comment,Dukes with ADD,we got cautious-optimism tho,2020-09-10 14:07:53,25
comment,Dukes with ADD,My experience with ODS is that they really don’t take ADD seriously! My other mental things they do. But the ADD seems to be a joke to them,2020-09-10 20:34:57,7
comment,Dukes with ADD,They denied my request cuz my psych eval was “too old” and I didn’t have $2000 to drop on another. I even had legal proof I have adhd but they wanted the couple thousand dollar test 🙄,2020-09-10 23:14:24,6
comment,Dukes with ADD,Hey I’m bipolar too! Let’s go ! ( cheers ? Not cheers? It’s good to see another haha),2020-09-11 09:22:21,2
comment,Dukes with ADD,They denied my request because learning disabilities weren’t ruled out and I didn’t have insurance at the time. 🙃,2020-09-11 06:44:22,3
post,saw this on twitter and thought it was interesting.,saw this on twitter and thought it was interesting.,2020-07-13 22:39:56,93
comment,saw this on twitter and thought it was interesting.,"There are over 300 members in the Marching Royal Dukes, where most members cannot wear a mask (since we have to play instruments). I am not sure how this is going to go",2020-07-14 01:43:37,41
comment,saw this on twitter and thought it was interesting.,Everyone is stressing so hard. There are equally as many questions to be asked ab not opening up,2020-07-14 08:35:03,-4
comment,saw this on twitter and thought it was interesting.,> I am not sure how this is going to go It won't,2020-07-14 08:33:56,12
comment,saw this on twitter and thought it was interesting.,Something tells me we’re gonna have a lot of 8+8+8 this year,2020-07-14 01:54:50,11
comment,saw this on twitter and thought it was interesting.,"The low budget last year was due to an unexpected decrease in freshman enrollment (recruiters from other schools scalping the freshman pool, other school politics type drama) . Of course, I wouldn’t be surprised if they wind up with a drop in returning students next semester.",2020-07-14 01:33:12,7
comment,saw this on twitter and thought it was interesting.,"> All of these are valid points, but they don’t care. Nobody does. As long as the suits up there get their pay, they will try to keep the university open no matter the cost. No, the unstated plan is ""get them here, keep them here until we can keep their money, then send them home sick so we don't face the consequences."" I expect JMU to pooh-pooh the first outbreak on campus for as long as they can. I think the stated goal is to keep everyone until Thanksgiving.",2020-07-14 08:35:16,2
comment,saw this on twitter and thought it was interesting.,Sooo backwards marching,2020-07-14 11:22:24,3
comment,saw this on twitter and thought it was interesting.,What does that mean?,2020-07-14 01:55:47,4
comment,saw this on twitter and thought it was interesting.,"What we're dealing with now isn't just a drop in enrollment. The deal that was struck by Virginia higher ed institutes with the General Assembly was that they would freeze tuition in exchange for an increase in funding from the GA. However, that extra money isn't likely to be coming because of budget shortfalls in Richmond due to the economic squeeze from COVID-19. So now all of these schools are in a position where they had budgeted expenditures based upon that money that isn't coming. You will be seeing far fewer adjuncts on campus in the fall as a result of all this, relying on full-time faculty to pick up the extra course loads because they don't have to pay them extra to do it. There was a concern that no adjuncts would be getting a contract, but I know there are a few here and there. They wouldn't be able to make it all work, otherwise, but even with that the professors will be stretched very thin.",2020-07-14 06:00:51,15
comment,saw this on twitter and thought it was interesting.,I am gladly taking the semester off. I can’t give them my money for that plan and especially if (more like when) they decide to move back online. Manipulative bs. We’re woke enough to change hall names but can’t make smart decisions about a pandemic?,2020-07-14 10:05:01,5
comment,saw this on twitter and thought it was interesting.,Last year we had those 8+8+8 moves in that massive block. Show 2 I think (basically 10 duel commandments part 2 electric boogaloo) and we were spaced out plenty vertically but not horizontally.,2020-07-14 01:58:54,10
comment,saw this on twitter and thought it was interesting.,Thank you for this insight.,2020-07-14 10:05:32,2
post,Let's goooooo,Let's goooooo,2022-09-24 19:01:35,93
post,update on JMU,"update on JMU Heyo, I wanted to make this quick update because I think it’s important for you all to stay in the loop and I want to help clear some stuff before misinformation goes out. Please bear with me as this week is insanely busy (if you have Scherpereel for POSC240 and Teel for GEOG332 pls hmu lol) 1. The proposed capital infrastructure: JMU is going to ask the Virginia General Assembly for a few grants this session; these aren’t loans and these grants won’t affect our tuition. Here are the requests: Carrier: $108,750,000 East Campus Infrastructure-- Phase II: $30,190,000 Johnston Hall: $20,250,000 College of HBS: $79,920,000 They want to expand and renovate Carrier because it’s old. As Mr. Charlie King had explained to me, “the building is so old that they don’t even make the parts that it needs anymore.” The powerplant on East Campus is at a size where it’s too small to function for its demanded energy output. Apparently, it keeps dying and is, “down more than it’s up.” Johnston Hall needs to be updated to include AC and become ADA-compliant. They want to expand the College of HBS because it’s the college with the largest enrollment and they need more space. The way that JMU’s budget works is interesting because there are 2 different types-- the auxiliary and E&G (education and general) budget. E&G is everything that’s related to educational expenses (upkeep of buildings, building educational capital projects, etc.); the auxiliary budget is everything that’s “extracurricular” in college (athletics, dining, counseling services, etc.). The Virginia General Assembly will only cut checks for E&G-related proposals, which is why JMU is asking them for some moola to construct these buildings. Also, they’re proposing to renovate the Village; they’re currently working out the planning process before they get the architects to come in. More details will come out soon. 2. Parking Yes, parking is horrendous. Our University Services chair, Grace Bailey, talked to them and we found out that they sold 1,000 more parking permits than they usually do. They also don’t have a cap on the number of permits that they sell each year. 3. Other things to know AUBC (the Algerdome) is going to be LEED-certified sometime soon. East Campus was supposed to receive a huge solar panel installation this summer but the plans somehow got delayed. JMU is $400M in debt. Aramark’s contract ends sometime in like 2030. The Board of Visitors (the people in charge of President Alger) meeting is this Thursday and Friday; you should be able to watch it on a live stream somewhere; I was told it was going to be on YouTube but don’t quote me on that because I want to double-check this. Environmental Management Club is having a climate strike this Friday and I want you all to be there; my best friend is the President and this is going to be an amazing event! Check out @emcjmu on Instagram.",2021-09-20 18:44:43,92
comment,update on JMU,I really like seeing the Student Body President being active on Reddit. It makes it seem like you really care about engageing with the student body. Thanks. You might want to set your flair to show that you are the Students Body President.,2021-09-21 07:53:46,39
comment,update on JMU,"“JMU is $400 million in debt.” WHO DO WE OWE? THE DECEPTICONS?? In all seriousness, how does our school incur that much debt?",2021-09-20 21:19:28,39
comment,update on JMU,LOL JMU be as deep in debt as we are,2021-09-20 19:30:54,29
comment,update on JMU,Can I get an L for JMU being 400m in debt?,2021-09-21 00:54:56,9
comment,update on JMU,"A renovation to Carrier Library seems about right. The building was expanded in the 1980s (flat-roofed section) and again in the 1990s (third floor on the flat-roofed section), which puts that building solidly in the ""old"" category, with a lot of the building systems at 30-40 years old. Similarly, the east campus power plant probably does need expansion, considering how much more is over there now. When that was built, there were only a few buildings there, but now it's pretty built up.",2021-09-20 21:17:04,14
comment,update on JMU,Some relevant links for the conversation: \- BOV meeting (youtube near the top): [https://www.jmu.edu/news/2021/09/20-bovnotice.shtml](https://www.jmu.edu/news/2021/09/20-bovnotice.shtml) \- Carrier renovation struggles (attached RFQ): [https://mvendor.cgieva.com/Vendor/public/VBODetails.jsp?PageTitle=SO%20Details&DOC\_CD=CMR&Details\_Page=VBOSODetails.jsp&DEPT\_CD=A216&BID\_INTRNL\_NO=170919&BID\_NO=216-18485-000&BID\_VERS\_NO=1](https://mvendor.cgieva.com/Vendor/public/VBODetails.jsp?PageTitle=SO%20Details&DOC_CD=CMR&Details_Page=VBOSODetails.jsp&DEPT_CD=A216&BID_INTRNL_NO=170919&BID_NO=216-18485-000&BID_VERS_NO=1) \- JMU 2020 financial audit: [http://apa.virginia.gov/reports/JamesMadisonUniversityFinancialStatements2020.pdf](http://apa.virginia.gov/reports/JamesMadisonUniversityFinancialStatements2020.pdf) \- Athletics 2020 financial audit: [http://apa.virginia.gov/reports/JamesMadisonUniversityNCAA2020.pdf](http://apa.virginia.gov/reports/JamesMadisonUniversityNCAA2020.pdf),2021-09-21 10:37:35,5
comment,update on JMU,I bought a parking pass my first semester and then started taking the bus. The parking pass is pointless with the current parking situation.,2021-09-21 17:13:42,4
comment,update on JMU,Can we get an L for JMU for fucking over the class of 2026 having us hear for a year and Carrier open and then closing to renovate for 3 or 4 years it doesn’t make sense that we won’t be able to use the new library,2023-09-06 12:35:20,0
comment,update on JMU,I hope someone is upgrading the shithole that is Eagle. Can’t believe I paid for that place while other people lived in luxury for the same price.,2021-09-22 12:34:36,1
comment,update on JMU,Idk how to change my flair but thank you! I genuinely care about this role and the students. I truly fight for my life arguing with admin😭 you should’ve seen me talking about prioritizing mental health in the 2021 strategic plan meeting,2021-09-21 08:07:48,27
comment,update on JMU,Part of it is from losses due to the pandemic. Didnt the athletic program alone cost jmu like $50 million?,2021-09-20 22:04:08,24
comment,update on JMU,We take out loans to build auxiliary infrastructure,2021-09-21 23:27:16,4
comment,update on JMU,">""If you owe the bank $100 that's your problem. If you owe the bank $100 million, that's the bank's problem. "" - J. Paul Getty",2021-09-20 20:13:31,39
comment,update on JMU,East Campus Power Plant was originally built in 82 as a trash combustor. It was added on to in 96 with gas boilers and chillers. The trash combustors were upgraded in 03 then shut down in 14 with the plant being sold to jmu from the city in 15. The current boilers are from the 96 addition.,2021-09-21 08:28:26,5
comment,update on JMU,"To set you flair on desktop you can do it from the About Community sidebar. 1. Click the pencil next to user flair preview 2. Click the pencil next to ""Purple"". The different base flares used to be different colors but the CSS got screwed up for this sub a few years ago. 3. Edit the text to show what you want. &#x200B; You don't have to say you genuinely care about the students given the time you are spending on this sub shows that you genuinely care.",2021-09-21 08:33:45,8
comment,update on JMU,Interesting! I didn't realizde it was that old.,2021-09-21 12:40:39,2
comment,update on JMU,Yes!! And you def should!!!,2021-09-21 16:00:52,3
comment,update on JMU,Up till they decommissioned the trash combustors the heat on east campus was mainly produced by burning trash. The chillers were steam turbine so the cooling was also from trash. Up to 200 tons were burnt a day. Police also used the combustors to dispose of evidence sometimes large quantities of drugs heated the campus.,2021-09-21 13:07:43,8
comment,update on JMU,"If it helps, the student representative for the board of visitors, Xavier Williams is very active in his role on campus and just recently posted updates from his workings! His username on Instagram is @jmusrbov",2021-09-21 22:13:04,5
post,shoutout to not being able to go in Canvas or Zoom,shoutout to not being able to go in Canvas or Zoom,2021-01-26 12:54:13,92
comment,shoutout to not being able to go in Canvas or Zoom,Can't relate tbh. Ethernet gang,2021-01-26 14:40:58,-16
comment,shoutout to not being able to go in Canvas or Zoom,Verizon FIOS died for most of the east coast,2021-01-26 15:40:39,8
post,"Just got an email from Outpost and...wow, just wow","Just got an email from Outpost and...wow, just wow &#x200B; https://preview.redd.it/lgh2mjk2g3u51.png?width=584&format=png&auto=webp&s=5f8e3ad0bfc9b81b6a50026f9869740faedcaca8",2020-10-19 14:21:37,95
comment,"Just got an email from Outpost and...wow, just wow",Pandemic special!,2020-10-19 16:06:30,45
comment,"Just got an email from Outpost and...wow, just wow",Please god tell me this is fake,2020-10-19 15:02:11,57
comment,"Just got an email from Outpost and...wow, just wow",They’re trying to permeate into meme culture at this point...,2020-10-19 16:46:00,13
comment,"Just got an email from Outpost and...wow, just wow",Wait until they learn Covid-19 is *fucking* a lot of people.,2020-10-19 16:06:14,32
comment,"Just got an email from Outpost and...wow, just wow",What the actual fuck lmao,2020-10-19 16:53:45,18
comment,"Just got an email from Outpost and...wow, just wow",Oof this one was not thought out. Yikes.,2020-10-19 17:29:42,17
comment,"Just got an email from Outpost and...wow, just wow","Pretty sure they were just being sarcastic, and they are lowering their prices because everyone's hurting, including them. They should have worded it better. Say ""everyone's hurting, but our prices won't. Here's a discount to help you out"". Done.",2020-10-19 18:01:04,21
comment,"Just got an email from Outpost and...wow, just wow","It's somewhat funny, how are you guys so thin skinned",2020-10-19 18:54:19,-4
comment,"Just got an email from Outpost and...wow, just wow","I wish, it’s 100% real.",2020-10-19 15:02:57,32
comment,"Just got an email from Outpost and...wow, just wow","""This might be a little insensitive"" ""Lol you SJW cuck SNOWFLAKES can't even walk 10 feet without having your thin SKINS and tiny PENISES offended by the real WORLD why don't you grow up like ME and be a big BOY like ME who isn't easily offended by ANYTHING""",2020-10-20 09:11:50,10
comment,"Just got an email from Outpost and...wow, just wow",I was making a joke that your offense over something thinking this is a dumb advertisement is worse than somebody not liking the advertisement in the first place,2020-10-20 09:33:49,6
comment,"Just got an email from Outpost and...wow, just wow","I'm not at all offended, I'm somewhat confused and very concerned for those are offended",2020-10-20 10:42:56,-1
comment,"Just got an email from Outpost and...wow, just wow",People are just looking for a reason to be offended by anything all the time now. Especially at a school like jmu,2020-10-20 12:51:50,0
post,Explosion?,Explosion? Did anyone else here a loud boom around 8:30am this morning? It shook my windows (at CampusView apts),2020-10-17 08:31:16,91
comment,Explosion?,I'll sleep through anything damn,2020-10-17 10:01:23,29
comment,Explosion?,Listening to police scanner- they’re saying it is a confirmed explosion of some kind,2020-10-17 08:35:20,26
comment,Explosion?,"There was a propane explosion; they conducted helicopter transports to RMH. Apparently 2 people are in ICU whereas 1 person is in stable condition. It was *not* a gas station explosion but the vape shop, barbershop, and int'll grocery store did blow up on S. Main (like in front of Funky's) and it's in complete ruins. &#x200B; I really hope that everyone that lives off campus near 1580 S. Main is okay :(",2020-10-17 09:47:11,21
comment,Explosion?,"Yeah, I heard it and felt it at Sunchase, woke me up..now I'm hearing a lot of sirens on the roads",2020-10-17 08:34:59,17
comment,Explosion?,Felt it at Pheasant. Everything shifted for a sec.,2020-10-17 08:36:43,15
comment,Explosion?,https://twitter.com/iamIanMunro/status/1317446157568823299,2020-10-17 08:58:31,14
comment,Explosion?,The Harrisonburg subbreddit has a photo of smoke,2020-10-17 08:45:12,8
comment,Explosion?,"If you go to #jmu on Twitter theres some footage of it, apparently South Main Street is shut down... looks like it was an explosion :(",2020-10-17 08:51:09,8
comment,Explosion?,Shook me awake all the way in north 38,2020-10-17 09:25:57,8
comment,Explosion?,Yeah I thought it was an earthquake. Been in several bad ones in the past. No way I would have thought it was a gas explosion or something. It’s half a mile from where I am and it woke me up and felt like an earthquake. Still don’t know the cause but waiting for more info.,2020-10-17 09:26:09,9
comment,Explosion?,Just saw on the thread in Virginia subreddit that crime unit is being brought in due to reports of gunshots heard before the explosion,2020-10-17 10:39:45,7
comment,Explosion?,injuries reported...,2020-10-17 09:21:32,5
comment,Explosion?,It looks like it was the building with the vape store and hometown music. I thought there was and earthquake or something going on.,2020-10-17 09:22:44,6
comment,Explosion?,Element vape shop supposedly,2020-10-17 09:30:53,6
comment,Explosion?,Apparently people felt it in weyers cave....,2020-10-17 09:31:23,6
comment,Explosion?,Haha it woke me up in Phes but I thought it was the ahressive mailman slinging another 50lb bag of dogfood at the door.,2020-10-17 10:24:14,5
comment,Explosion?,Hi so I live on south main and work at the dominos right next to the building. Shit's fucked lol,2020-10-17 09:13:41,10
comment,Explosion?,I saw it firsthand drove by it,2020-10-17 17:11:22,2
comment,Explosion?,"I slept through it lol, just learned about it after I woke up",2020-10-17 17:23:10,2
comment,Explosion?,It’s at the park behind pheasant I think,2020-10-17 08:35:42,2
comment,Explosion?,Someone’s saying El Charro blew up :/,2020-10-17 08:55:27,1
comment,Explosion?,This is correct per twitter vid,2020-10-17 09:16:18,12
comment,Explosion?,[Link](https://mobile.twitter.com/iamianmunro/status/1317446157568823299),2020-10-17 09:41:14,3
comment,Explosion?,Got a source for the scanner?,2020-10-17 08:38:22,9
comment,Explosion?,Can u drop the link to that,2020-10-17 08:40:27,6
comment,Explosion?,I heard it and I’m in Bridgewater,2020-10-17 08:32:29,13
comment,Explosion?,Watched too much breaking bad.....,2020-10-17 12:00:55,8
comment,Explosion?,Why did you just guess what the exact thing my parents asked after I told them,2020-10-17 16:50:59,2
comment,Explosion?,"Very likely the amount of debris and how it is scarce around could point to some sort of accumulation of gases, the fire was also not much compared to the destruction very similar to gas explosions. Hard to tell but it wasn’t a cigarette fire for sure",2020-10-17 11:27:41,4
comment,Explosion?,"No, it was right near there though.",2020-10-17 09:03:38,9
comment,Explosion?,https://mobile.twitter.com/iamianmunro/status/1317446157568823299,2020-10-17 10:19:29,4
comment,Explosion?,5-0 Radio on app store,2020-10-17 08:47:03,6
comment,Explosion?,I was in skyline and I guess I slept through it,2020-10-20 15:24:05,2
comment,Explosion?,"I was half awake and literally just thought 'earthquake?', listened for a fire alarm, didn't hear one, then rolled back over to try and fall back asleep lol",2020-10-20 15:59:56,1
comment,Explosion?,"IIRC, I woke up, went ""the fuck was that?"" then was out again. I thought it was from my dream!",2020-10-20 17:06:07,2
comment,Explosion?,"My thoughts exactly lol - ""wtf? eh, back to sleep""",2020-10-20 18:05:35,2
post,My EXCLUSIVE opinion on JMU bringing students back come October.,My EXCLUSIVE opinion on JMU bringing students back come October. no,2020-09-22 21:14:18,93
comment,My EXCLUSIVE opinion on JMU bringing students back come October.,Have fun when a decade from now everyone gets COPD from COVID and vaping. Huzzah!,2020-09-23 00:02:21,30
comment,My EXCLUSIVE opinion on JMU bringing students back come October.,bold statement,2020-09-23 12:59:19,3
comment,My EXCLUSIVE opinion on JMU bringing students back come October.,What's up back in here again to reaffirm that jmu admin wouldn't have brought y'all back in the first place if it wasn't for their desire for profit.,2020-09-23 19:03:47,3
comment,My EXCLUSIVE opinion on JMU bringing students back come October.,We are getting a refund on housing and meal though🤔,2020-09-22 22:36:03,11
comment,My EXCLUSIVE opinion on JMU bringing students back come October.,"you do realize that the world doesn’t revolve around you, or me, or any of the university students right? yeah it sucks that we don’t get to have a normal experience this semester or maybe until who knows how long. we might not even have another normal semester until this shit gets under control because of how useless the admin is and how self centered some of our students are there’s no “oh we might as well...” option here. that’s a load of selfish bullshit and we have a civil responsibility to the town of harrisonburg to avoid spreading the goddamn plague and sending people to the hospital or the grave",2020-09-23 06:31:18,31
comment,My EXCLUSIVE opinion on JMU bringing students back come October.,While spreading COVID to the rest of the Harrisonburg/Rockingham County community :),2020-09-22 22:51:43,33
comment,My EXCLUSIVE opinion on JMU bringing students back come October.,"Oh man, you poor thing being cooped up at home whatever will you do",2020-09-23 09:01:43,5
comment,My EXCLUSIVE opinion on JMU bringing students back come October.,That’s not supposed to be the normal college life? Oh no....,2020-09-22 22:22:25,0
comment,My EXCLUSIVE opinion on JMU bringing students back come October.,"And by normal, you mean no masks or other security theater, right?",2020-09-23 01:52:02,-3
comment,My EXCLUSIVE opinion on JMU bringing students back come October.,"Yeah true, being at home is literally like solitary confinement",2020-09-22 22:08:34,-19
comment,My EXCLUSIVE opinion on JMU bringing students back come October.,"COVID is not ebola. If you are unlucky your lungs fill with fluid and then it becomes so hard to breathe you suffocate. Most college students will just spread it like glitter at a glitter party and end up killing someone's parents, grand parents, or immunocompromised friend.",2020-09-23 10:51:41,2
comment,My EXCLUSIVE opinion on JMU bringing students back come October.,Y'all need to get some hobbies. I reccomend crochet and resin pouring.,2020-09-23 12:40:22,6
comment,My EXCLUSIVE opinion on JMU bringing students back come October.,Idk maybe you should’ve withdrawn then.,2020-09-23 09:25:02,-6
post,D hall vibes,D hall vibes,2020-09-01 00:20:40,95
post,Who remembers the frog week hypnotist?,Who remembers the frog week hypnotist?,2020-06-11 14:47:46,92
comment,Who remembers the frog week hypnotist?,"I was one of the people that got hypnotized. I had a horrible panic attack and felt terrible the next day. It was so weird, they had to basically drag me to the hypnotist who said I was fine. It makes for a good story though lol.",2020-06-11 16:09:24,38
comment,Who remembers the frog week hypnotist?,"I was in Chandler Hall at the time looking at the crowd outside festival with some frogs. We were in one of those glass rooms with TVs at the end of the hallway. Since we couldn’t heard anything because we were indoors we didn’t know what was going on. I remember watching a first responder taking care of a student. We kept wondering why they needed a first responder there, it was too early in the night for them to have had too much to drink or something.",2020-06-11 15:02:14,19
comment,Who remembers the frog week hypnotist?,didn’t believe in any of that stuff until that day😳,2020-06-11 21:04:05,15
comment,Who remembers the frog week hypnotist?,What even happened with that? I wasn’t at the demonstration but I heard some vague stories afterwards - what actually happened though?,2020-06-11 20:43:42,12
comment,Who remembers the frog week hypnotist?,The guy that got messed up lived in my hall. He was shaken for a couple days but he seemed fine after that,2020-06-12 01:44:45,7
comment,Who remembers the frog week hypnotist?,Wasn’t at JMU at the time. What happened exactly?,2020-06-13 23:28:39,1
comment,Who remembers the frog week hypnotist?,You got bamboozled my guy 🤣🤣,2020-06-11 16:14:38,14
post,Wilson Hall through the lens of a Gameboy Camera,Wilson Hall through the lens of a Gameboy Camera,2024-04-15 13:47:12,92
comment,Wilson Hall through the lens of a Gameboy Camera,I love this so much. Now you need to track down a Game Boy Printer so you can hang it on the wall proudly.,2024-04-15 16:25:14,8
comment,Wilson Hall through the lens of a Gameboy Camera,This is lowkey cool af. I'm a history grad student at JMU and I think my cohort plus Doctor Borg might like to see this. Kind of a fascinating piece tbh.,2024-04-16 07:19:22,4
comment,Wilson Hall through the lens of a Gameboy Camera,"Literally, the EVERYTHING school. Gamedev, we got you.",2024-04-15 21:26:33,3
comment,Wilson Hall through the lens of a Gameboy Camera,Is that a screen shot of your game boy? I have the printer but it doesn't work very well... extremely light images.,2024-04-16 05:44:17,2
comment,Wilson Hall through the lens of a Gameboy Camera,That's honestly surreal,2024-04-19 13:16:05,1
comment,Wilson Hall through the lens of a Gameboy Camera,"Yeah, the screenshot was taken on my Analogue pocket console. I used an original Gameboy Camera cartridge to take the photo.",2024-04-17 14:02:54,2
post,Burgess Road Walmart has Five Star Notebooks for 10 cents!!!,Burgess Road Walmart has Five Star Notebooks for 10 cents!!!,2021-08-30 15:31:09,92
comment,Burgess Road Walmart has Five Star Notebooks for 10 cents!!!,I love cheap stuff,2021-08-30 18:39:59,10
comment,Burgess Road Walmart has Five Star Notebooks for 10 cents!!!,"They actually 10¢? Sometimes they miss price stuff. Well, a lot of times.",2021-08-30 18:53:33,6
comment,Burgess Road Walmart has Five Star Notebooks for 10 cents!!!,Is this the one behind East Campus?,2021-08-30 18:45:21,5
comment,Burgess Road Walmart has Five Star Notebooks for 10 cents!!!,"As of 11 PM tonight (30 August 2021), they still had a bunch. The ones on the main aisle as you come in the left door are all gone, but if you go around the corner to your left, there is another stack of them. Just be careful: They have a few non-10¢ ones mixed in.",2021-08-30 23:34:37,4
comment,Burgess Road Walmart has Five Star Notebooks for 10 cents!!!,ARGH!! I spent 6 dollars for one today at cvs,2021-08-31 20:52:29,2
comment,Burgess Road Walmart has Five Star Notebooks for 10 cents!!!,Actually .10$. I bought 10 for a dollar.,2021-08-30 18:57:44,12
comment,Burgess Road Walmart has Five Star Notebooks for 10 cents!!!,They had this many as of 4pm and another pallet on the floor. They have crayons and pencils on sale as well!,2021-08-30 21:28:55,3
comment,Burgess Road Walmart has Five Star Notebooks for 10 cents!!!,They are sold out.,2021-08-30 21:38:04,3
comment,Burgess Road Walmart has Five Star Notebooks for 10 cents!!!,Driving to Walmart I go then lol. Thanks,2021-08-30 18:59:41,7
comment,Burgess Road Walmart has Five Star Notebooks for 10 cents!!!,"Cool I’m so going tomorrow, accidentally got wide ruled for this semester lol",2021-08-30 19:31:26,6
comment,Burgess Road Walmart has Five Star Notebooks for 10 cents!!!,I haaaate when that happens! Who even uses them wide ruled shits,2021-08-31 16:20:27,4
post,JMU Student Government Association makes request on making students’ return voluntary,JMU Student Government Association makes request on making students’ return voluntary,2020-09-27 01:36:50,94
post,JMU Snow Pictures February 2025,JMU Snow Pictures February 2025,2025-02-22 23:51:50,91
comment,JMU Snow Pictures February 2025,We were visiting during the snow. Very pretty.,2025-02-23 19:01:30,1
post,Evening flight over JMU,Evening flight over JMU,2023-04-13 20:37:21,91
comment,Evening flight over JMU,"I loved going to school there, and I love Harrisonburg. Thanks for the shots.",2023-04-13 21:32:06,12
comment,Evening flight over JMU,Is that one of those paramotor things? Idk the term but I've seen this guy on YouTube who flies to McDonald's and random shit haha Dope shots,2023-04-14 15:23:34,3
comment,Evening flight over JMU,Thanks for the shot!,2023-04-14 12:24:01,2
comment,Evening flight over JMU,Hey! I think you might’ve flown over one of my MRD rehearsals a few years ago!,2023-04-13 23:25:51,1
comment,Evening flight over JMU,"Oof, I can see myself in the stands. I’m so embarrazzing",2023-04-17 21:56:26,1
comment,Evening flight over JMU,"Very similar. PPC is a two passenger trike that requires a sport pilots license and FAA registration to fly legally, among other things. Paramotors are single seat ultralight aircraft that fall under FAR part 103. Can’t be over 254 lbs dry weight, no more than 5 gallons of fuel, recreational use only, power off stall speed may not exceed 24 knots of airspeed. PPC flies a little faster, more stable, and not a very good glide ratio. Paramotor is the opposite, relatively slow (unless you have a speed bar) long glide slope, geared more towards acro flying. The guy you are referencing is named Tucker Gott. He is well recognized as one of the most famous paramotor pilots in the nation. Also the 4th man on the planet to perform a power loop. Wing-over into a full power back flip all while under canopy. Open cockpit is one of the truest forms of flight. I put in earbuds, goggles, and just go. Weather is the greatest factor for something as light as what we fly but you can get into either side of the sport for under 10 grand. One of the most enjoyable things you can do with your clothes on",2023-04-14 15:46:40,3
comment,Evening flight over JMU,It’s very possible but not necessarily me. There are a few other guys that fly PPC in the valley too,2023-04-14 06:03:41,2
comment,Evening flight over JMU,holy shit you remember that too!!!!!!!!!!!!!!!!,2023-04-17 20:28:51,2
comment,Evening flight over JMU,That's so cool! I remember when I first stumbled across one of his videos a few years ago and thought it looked sick. And then followed up to see training courses down in Florida are about 6k haha. But that's sweet man thanks for the response. When you takeoff in yours do you also need a solid 100 meters of empty space to takeoff and land or since yours is a bit faster do you not need as much space?,2023-04-14 16:25:59,1
comment,Evening flight over JMU,That’s because they are raping people. Sorry but i got sport pilot training for a quarter of that and you don’t need a license for paramotors yet they charge 6k🙄 There are guys that picked up a paramotor and a good wing for about 4 grand and self taught. My brother did that and other than 2 close calls due to sheer self inflicted stupidity he’s been fine ever since. All the Russian cats that fly in this area are self taught and fly in weather they have no business flying in and haven’t died yet. It’s the best training money can buy but 6k is fiscal assault and battery. I can do 100m in perfect conditions but that’s asking for it. I fly from a small private strip west of Harrisonburg that is 1800’ long. Local farmer has a hangar and a few guys fly different planes out of there.,2023-04-14 16:44:24,2
post,how long are they gonna drag this out,how long are they gonna drag this out i’m sure i’m not the only one that is over this.... i feel anxious whenever i have to leave my dorm. this isn’t the school i remember and this isn’t a school i want to be at right now. jmu has really proven to be a business above anything else and that they’d rather risk the lives of everyone in the harrisonburg community than lose a few bucks. i’m still holding onto hope that they will move everything online before things get even worse but i don’t know anymore. sorry if this is a weird thing to post on here but i don’t have anyone to vent to.. Lol. feel free to comment how you feel about whats going on.,2020-08-30 17:32:50,91
comment,how long are they gonna drag this out,Tuition withdrawal deadline + 2/3 days to make it look like it wasn't the tuition withdrawal deadline,2020-08-30 17:47:26,126
comment,how long are they gonna drag this out,I totally understand how you are feeling but please know your faculty are not doing it for the money and we are working hard to make this the best experience for you.,2020-08-30 18:28:00,47
comment,how long are they gonna drag this out,Yeah im already quarantining bc i was exposed by a coworker. Literally two days on campus...,2020-08-30 21:44:11,12
comment,how long are they gonna drag this out,As an alumnus... I am disappointed and ashamed.,2020-08-31 01:43:55,4
comment,how long are they gonna drag this out,this made me laugh,2020-08-30 18:48:50,13
comment,how long are they gonna drag this out,What day is that,2020-08-30 20:23:47,6
comment,how long are they gonna drag this out,Took the words right out of my mouth,2020-08-30 18:29:45,6
comment,how long are they gonna drag this out,With something that blatant I really hope someone files suit. That seems like such an obvious bait and switch.,2020-08-31 11:11:51,2
comment,how long are they gonna drag this out,"im not blaming the faculty im blaming the people who decided moving 20,000+ people back to campus was a good idea :)",2020-08-30 18:31:40,53
comment,how long are they gonna drag this out,"I feel really bad for the faculty too. The argument you should ""take time off"" really doesn't work when your job doesn't allow you to do that. Hopefully after this faculty and students will be united against the administration.",2020-08-31 11:11:07,5
comment,how long are they gonna drag this out,not even gonna bother explaining anything to u cuz clearly all u do on this burner account is shit on people with genuine criticisms and concerns on how jmu runs things. Lmao,2020-08-30 18:22:40,35
comment,how long are they gonna drag this out,Thank you kind sir the thought is what really counts,2020-08-30 18:22:15,14
comment,how long are they gonna drag this out,"I believe it’s September 15th. Wouldn’t be surprised if the 18th (Friday) they told us to have our stuff out over the weekend, and classes would resume on Wednesday the 23rd.",2020-08-30 20:48:17,16
comment,how long are they gonna drag this out,"Ah, yes, people should risk their income during a recession and their healthcare during a pandemic to try and sway an administration who isn't listening to their students, those students' parents, or peer institutions across the nation.",2020-08-30 20:02:19,29
comment,how long are they gonna drag this out,"great idea but (a) we're not unionized so it's a whole different ballgame doing a wildcat strike rather than an official one and (b) it takes a very large majority to agree to walk out in order to be effective and honestly we can't get those numbers of faculty on board right now. another thought on my mind - is the best thing for the public health to just send everyone back to where they came at this point? i think we should not have gone in-person to begin with, but i am scared that we're stuck with it, at least for a few weeks or maybe a couple months (?!). pretty crazy scenario, honestly.",2020-08-30 21:29:22,7
comment,how long are they gonna drag this out,My understanding is that because we are state employees that’s illegal in Virginia.,2020-08-31 00:12:40,3
comment,how long are they gonna drag this out,that's such a long ways away gd. Considering there's already 200 cases after a week and viruses spread exponentially... yikes,2020-08-30 20:52:12,12
comment,how long are they gonna drag this out,I hate to even bring this possibility up. But I think that they may go the route of suspending in person classes for only a mere two weeks first. (Lots of other universities are doing similar). That way they have another ‘buffer’ in order to to further shift the perception of responsibility onto the students. Then they’ll make an announcement about the rest of the semester.,2020-08-30 23:30:00,6
comment,how long are they gonna drag this out,I believe it only goes down hill from here. The best case was we never came back at all but the longer we stay the worse it gets.,2020-08-30 23:19:10,2
comment,how long are they gonna drag this out,If JMU actually cared we wouldn’t be here rn sooo no amount of time is arbitrary 😐,2020-08-30 20:52:52,13
comment,how long are they gonna drag this out,"Same goes for the students, friend.",2020-08-31 00:13:21,5
comment,how long are they gonna drag this out,"Your average faculty member not striking to maintain their paychecks is not ""doing it for the money"" in the way we have been discussing the upper administration ""doing it for the money"" over the past few months. If you don't see that you're either trolling or completely oblivious and I'm not sure which one is worse. Please don't crap on our faculty. They are doing this because despite all the BS in academia they care about connecting with and educating all of our dumb asses. They also have families to support and bills to pay and can't afford to not show up. You know what happens if they don't show up? They get fired, and because the job market is so horrific, they get easily replaced. Your fight is not with the faculty member making $65k a year and showing up each day to try and do their best, your fight is with the people at the top making $300 - $500k AND making all the decisions at very little personal risk. C'mon dude.",2020-08-30 23:18:30,2
comment,how long are they gonna drag this out,Not sure why you’re getting downvoted. You’re absolutely correct.,2020-08-30 21:25:54,-8
post,[Enraged parents have entered the chat],[Enraged parents have entered the chat],2020-08-22 00:06:11,89
comment,[Enraged parents have entered the chat],Wtf were the parents expecting lol you could tell from JMU’s response that they were not going to be doing much while they also place a ton of responsibility on children instead of themselves.,2020-08-22 08:15:06,44
comment,[Enraged parents have entered the chat],"My mom said on a JMU Parents facebook page, some families got into fights because they were reporting parents not wearing masks... &nbsp; It has begun...",2020-08-22 10:44:51,37
comment,[Enraged parents have entered the chat],This whole shits going online in less than a month for sure,2020-08-22 11:53:27,11
comment,[Enraged parents have entered the chat],"JMU dad doesn’t seem to excel at higher mathematical concepts like counting. Also, it looks like they could sit further apart but choose not to",2020-08-22 08:40:48,-23
comment,[Enraged parents have entered the chat],Let us know how long it takes to get your test results!,2020-08-22 09:34:05,6
comment,[Enraged parents have entered the chat],"If you're already starting to feel some symptoms, make sure you start taking over the counter tylenol. It'll help ease some of the symptoms.",2020-08-22 12:19:57,2
comment,[Enraged parents have entered the chat],When did you arrive back in the Burg?,2020-08-22 13:17:18,2
comment,[Enraged parents have entered the chat],"Walks into room knowing you’ll get covid. WHUAA I GOT COVID. Like, what?",2020-08-22 08:48:39,-7
comment,[Enraged parents have entered the chat],"Dude it took larger, better funded, and more prepared schools 1 week to go virtual. If JMU makes it an entire month I’ll eat crow",2020-08-22 13:24:26,15
comment,[Enraged parents have entered the chat],"Yes numb nuts, they could but didn’t. That’s the problem here",2020-08-22 18:57:41,4
comment,[Enraged parents have entered the chat],"Doesn't quite work like that. The app tracks encounters with other app users, but doesn't ask anything about symptoms. If you have a positive test result, you type the case number into the app, and it will alert everyone you were near.",2020-08-22 09:08:39,17
comment,[Enraged parents have entered the chat],"I had to get a test earlier this summer. I got it from the Medexpress by Kroger and though they quoted 3-5 days, it actually came back the next day. So there are places that return results fast in Harrisonburg.",2020-08-22 10:12:14,5
comment,[Enraged parents have entered the chat],Or maybe they’re roommates and they don’t need to.,2020-08-22 21:44:56,0
comment,[Enraged parents have entered the chat],It depends on the test that is ran. For example Quest Diagnostics does pooled testing by having you take a lifestyle survey and give a sample. You sample is pooled with samples from other people with the same demographics as you and then ran together through a test slot. If the test result is negative then everyone in that pool is negative and knows in less than 24 hours. If the pooled test is positive then the samples are each ran in their own slot which takes a few more days.,2020-08-22 16:00:14,5
comment,[Enraged parents have entered the chat],"Brother in Hartford, CT got his results in 30 minutes. I get tested every ten days for work...and my results in Cville have taken anywhere from 48 hours to FOURTEEN DAYS. Maybe I’ll start getting tested in Hburg. 😳",2020-08-22 13:19:21,3
comment,[Enraged parents have entered the chat],Where are people partying? I'm living on campus and I wanna know what places to avoid since i don't want to bring this back to my family since I see them from time to time,2020-08-25 01:44:37,1
comment,[Enraged parents have entered the chat],Absolutely! I'm disappointed COVIDWISE hasn't been promoted more. &#x200B; [https://www.vdh.virginia.gov/covidwise/](https://www.vdh.virginia.gov/covidwise/),2020-08-22 10:52:57,8
comment,[Enraged parents have entered the chat],"I appreciate the explanation! It was done by Quest, and it did come back negative. I was wondering why it came back so fast.",2020-08-23 09:10:47,2
post,Tips for Freshman (Frog Week/Parties),"Tips for Freshman (Frog Week/Parties) * If cops come to a party you're at, drop your drink and walk out with your group. They're not there to bust you, they're gonna deal with/are there for the residents/hosts * Uber/Lyft are expensive as all hell during peak party times, look for sober rides (I'll share the links later) on the various Facebook pages - $5 most of the time, pack people into the car... Just please, please, don't puke in my car * The blue-shirt ""police cadets"" that walk around on campus aren't cops. They're not ""out to get you"" though. They'll call the cops if they think you're doing something illegal, but will hardly talk to you if ever... You *can* run away from them in all honesty. * Your RA is not out to get you. They know that you're probably gonna go out and drink, they just have to make sure you're safe. If you don't want to get in trouble, stay sober enough to make it back to your room. Probably good advice anyway. * If you're having a dorm party, keep the music/noise down and the RA's won't ever question it. * Don't try to smoke in hall style dorms, you'll get caught. Village can be pulled off with a bunch of fans/towels under the doors. * Don't trash the campus because you're drunk and it seems funny. We all go here, we all pay for the maintenance. Don't make it worse. Plus, if you get caught vandalising campus you're gonna be in a lot of trouble. * If you get caught with alcohol on campus (dorm or otherwise) it's really not that big of a deal. I'd bet more than 1/3 of JMU has a strike. You get (at least) 3 strikes before you're suspended. Strikes are given for possession of alcohol or marijuana. In Virginia, your body is considered to be a container, if you've drank alcohol and it's in your body, you're considered to be in possession of it. * If you haven't really drank before, start slow; learn your limits. You're gonna be hungover and it's gonna suck. Drink (at least) one bottle of water/Gatorade before you fall asleep, Tylenol and a shower in the morning, more Gatorade, and brunch if you can stomach it. You'll live. * Fake ID's do not pass at almost any bar in Harrisonburg. They've seen them all before. You're 18, can barely grow a beard, but your brothers ID has a full beard. If you're in a group, not everyone is from Delaware, it's only so big of a state. ABC will not accept your fake, they'll take it and call the cops. Don't risk it, meet someone old enough in one of your classes or find your hallmate/suitemate with an older sibling. * Try to make it to as many of the actual frog week events, you only get to do frog week once. It might seem lame, and you might want to just drink and sleep, but you have (at least) 4 years to do that. Take advantage of the opportunity to meet new people and you won't regret it. You will regret sleeping through all of frog week and missing everything. I met some of my best friends frog week, friends that I'm living with this year, friends that'll be invited to my wedding one day.",2019-08-14 09:25:31,91
comment,Tips for Freshman (Frog Week/Parties),"Would just like to make a suggestion to stick with Ibuprofen INSTEAD OF Tylenol for hangovers. Tylenol, like alcohol, is processed through the liver, and combining the two can, at times, be fatal. You're going to have nights where you drink so much that you're still drunk in the morning. If you pop a Tylenol on those occasions, you're putting yourself at risk. Stick with Ibuprofen and, above all else, hydrate yourself. There are risks with Ibuprofen, as well (it is processed through the kidneys, which comes along with its own set of issues with long-term combination with alcohol), but it's less severe than death (which is on the table when you take Tylenol with alcohol), so that makes it a better choice if you've got to choose.",2019-08-14 14:03:42,26
comment,Tips for Freshman (Frog Week/Parties),"With regards to frog week: You definitely should go out if thats your thing. Those first parties are some of the most memorable and you’ll almost certainly have great time and you’ll meet so many people you’re head will spin. If you don’t have an address or don’t think you can get in anywhere, you’re wrong. Get a group of friends together and head out. Walk around until you find something. It’s frog week so there will be huge groups of people out and about who do actually have somewhere to go. Don’t be afraid to ask. With that being said, if you do your partying right you’re probably not going to want to get out of bed the following morning for breakfast w your frog group. MAKE YOURSELF GET UP. You’ll be hungover and exhausted but if you have a cool floor they’ll get up too and you can all bond together over feeling like shit. I made some of my best friends this year through being miserable through the frog events. They aren’t bad at all and it’s honestly your best way to make some incredible friends who live in your dorm. Give it a shot.",2019-08-14 12:30:00,19
comment,Tips for Freshman (Frog Week/Parties),Solid advice,2019-08-14 09:35:59,15
comment,Tips for Freshman (Frog Week/Parties),"Honestly the last one is a big one for me. I went out every night during Frog Week and I missed out on some cool shit. This tip can also apply during the school year. You don’t need to go out almost every weekend like I decided to, it’s not very fulfilling in the end. Wanna go to a show at Forbes? Do it. Need to do some work for a class? Go ahead and get it done. Just wanna stay in one night but your friends wanna go out? Stay in, and remember, don’t let your friends pressure you do something or go somewhere you don’t want to. I promise you the frats and the booze will still be there the following weekend.",2019-08-14 10:56:48,14
comment,Tips for Freshman (Frog Week/Parties),"Graduated RA here (was RA for two yesrs in the village): I always followed a rule: If you're gonna be stupid, be smart about it. In other words, if you wanna party in your dorm, don't blast music, yell at your friends for another drink, be really obnoxious. That will alert any RA immediately. Especially on the weekends/during frog week. Either keep it chill and lowkey, or party somewhere else. And please, please, *please* do not be a douche. RAs are not out to get you. The last thing they want to do is do their job. They don't want to get you in trouble! They aren't on the prowl to fuck you over. (Unless they're just shitty people in general, but that's not very often from what I know.) They are there to keep you safe and make sure you don't fucking kill yourself. Accept their help if they offer it. Work with them. If you get busted, be courteous and do everything they ask, because they will have to write it all up, but they will also add in that you we nice and apologetic and did everything without arguing. Being nice can work in your favor. Or, they can call the cops. Your choice. And yeah, we can smell when you smoke weed and vape. I once walked into a hall, and it was like walking into a fucking cloud. And fabreeze/air fresheners/dryer sheets don't do anything but make the hall smell like floral weed. If you're gonna toke it up, do it off campus.",2019-08-14 22:49:14,13
comment,Tips for Freshman (Frog Week/Parties),"More specifically, an open container outside gets you ticketed by police. You can legit be ineligible to serve in the military if you get that. Just dump it and leave. Also don’t drink the jungle juice it’s always got way too much alcohol and you can’t taste it.",2019-08-14 17:54:59,6
comment,Tips for Freshman (Frog Week/Parties),What type of strike is it if you get caught with a fake?,2019-08-14 09:48:57,6
comment,Tips for Freshman (Frog Week/Parties),"Thank you for this, I'm super excited! If anyone wants to get to know me before classes just message me",2019-08-14 15:42:25,2
comment,Tips for Freshman (Frog Week/Parties),Fan + Dryer Sheets help clear smell in dorms,2019-08-14 19:13:23,1
comment,Tips for Freshman (Frog Week/Parties),"System for village, worked at all times of day and durations of sessions: 1. Put a towel under the common room door 2. Go into a bedroom and put a towel under that door 3. Two box fans pointing outward on an open window 4. GB/Waterfall with only ONE HOLE on the side of the bottle at the bottom. This works like a shotgun/carb on a bowl. 5. Pull the GB/waterfall near the window with the fans, let all of the water empty out of the bottle and put your finger over the hole/shotgun/carb right away. 6. Take the lid off, put your mouth on the opening, your finger off the shotgun/carb and inhale 7. Exhale into the outwardly pointed fans. 8. Repeat. At the end of the day just don't be stupid or complacent.",2019-08-14 10:31:19,8
comment,Tips for Freshman (Frog Week/Parties),Very true and solid advice.,2019-08-14 10:09:00,8
comment,Tips for Freshman (Frog Week/Parties),Vapings gay,2019-08-14 11:19:26,-4
comment,Tips for Freshman (Frog Week/Parties),You have them mixed up. Ibuprofen is processed by the kidneys and acetaminophen (Tylenol) is processed by the liver.,2019-08-15 22:36:55,4
comment,Tips for Freshman (Frog Week/Parties),"I agree. One of the funniest memories of my freshman year was my entire hall/frog group simultaneously falling asleep early in the morning 8KQ class. It was the morning after the first night, fiji opened up GB to basically anyone. You fill in the gaps. Enjoy frog week and please for the love of JMaddy’s daddy don’t call it 1787",2019-08-14 19:38:13,8
comment,Tips for Freshman (Frog Week/Parties),"I've served on enough OSARP boards to confirm most of this. Just about every time an RA/HD comes before the board, they were just doing their rounds and someone was being stupid about things. The only time I've seen an RA/HD in the room that didn't seem like they'd rather be anywhere else was when the resident had been an ass to them in the process. Another big thing I want to add is that one of the most common issues I have seen is that halls/suites become these open communities where people walk between rooms a lot or maybe a resident has a friend that brings stuff into their room. What is in your room is your responsibility according to JMU policies. So if someone leaves behind anything in your room and it is discovered, you will end up with a strike.",2019-08-15 07:36:39,2
comment,Tips for Freshman (Frog Week/Parties),"Great advice all around with one exception in my opinion. If you don't have a ""safe spot"" off campus (friends apartment or the like), I'd stay on campus but out of the dorm. Plenty of ""safeish"" spots that are still on campus. You're gonna have a much better time running from cadets than you will HBPD/RCSO",2019-08-14 23:26:20,1
comment,Tips for Freshman (Frog Week/Parties),"On campus I don't know how you'd get caught with a fake since nobody on campus sells alcohol. Off campus you don't just get strikes, you get charged criminally. In Virginia it's a misdemeanor charge, drivers license suspension, fees, etc. Plus any alcohol/drug offense in Harrisonburg/Rockingham county is reported to JMU which is then sent to OSARP (the people who assign strikes).",2019-08-14 10:08:19,12
comment,Tips for Freshman (Frog Week/Parties),"One note is that it's quite difficult to get caught with a fake. If a place suspects your ID is fake, they'll likely just turn you away. Even VA ABC will have a lot of trouble telling a good fake from a real ID. As long as you have the information memorized and a second form of ID, you'll almost certainly be fine.",2019-08-14 10:21:33,5
comment,Tips for Freshman (Frog Week/Parties),"I did admit that taking Ibuprofen comes with risks, but I edited my comment above to make it more clear. Ibuprofen still wins out since you're not stampeding your liver with two drugs that can have dangerous interactions (like one would be with Tylenol).",2019-08-15 22:55:25,3
comment,Tips for Freshman (Frog Week/Parties),"Ohhhhh yeah, that is a big one. I actually had to deal with an issue relating to that. I was on a duty tour one night, had just passed a group of residents in my section as they were just coming into the hall. Not even 3 minutes later, I was walking past a room and the door was open, and I saw soooo many empty cans of natty and bud light. The thing is, none of the guys in the room had drank any of it, and none of them actually lived in that specific dorm! It was the biggest clusterfuck ever. The cans belonged to the residents, the guys in there were not the residents, residents were no where to be found because they were all out at frat/sports/class stuff.",2019-08-15 07:53:14,1
comment,Tips for Freshman (Frog Week/Parties),"I miss using my fake ID. No one could ever tell. Even friends who I showed it to and told them what I did could barely spot the change. It was back when NY state licenses were flexible. I sent away for a replacement and used my spare ID and changed the last digit of my birth year from and 9 to a 6 with colored pencils. With it being a legit ID, it passed scanners, passed bouncers in multiple states and was ""brought to the back"" to be check at Walmart(mostly because no one had ever seen the flexible licenses)",2019-08-14 17:36:29,3
comment,Tips for Freshman (Frog Week/Parties),I feel personally attacked,2019-08-14 15:57:44,5
comment,Tips for Freshman (Frog Week/Parties),Is Walmart strict about that stuff?,2019-08-14 20:01:19,2
comment,Tips for Freshman (Frog Week/Parties),I've never had any problems there. It's one of the safest places to go I'd say.,2019-08-15 12:58:57,1
comment,Tips for Freshman (Frog Week/Parties),"Not particularly that I know of, but this one time I guess the cashier was suspicious. Most likely they had never seen that type of NY license.",2019-08-15 19:16:03,1
comment,Tips for Freshman (Frog Week/Parties),Yes... Dont risk it,2019-08-14 22:44:47,1
post,NCAA College Football 25 - JMU Sneak Peak,NCAA College Football 25 - JMU Sneak Peak Behold.,2024-07-02 11:15:55,89
comment,NCAA College Football 25 - JMU Sneak Peak,"I didn’t know seeing Bridgeforth in a video game would make me feel emotional, but here we are",2024-07-02 13:25:37,21
comment,NCAA College Football 25 - JMU Sneak Peak,"Yearly games against VT and UVA would be awesome. But I only want to be in the ACC if we can take App State with us, keep the hate train going.",2024-07-02 12:42:18,16
comment,NCAA College Football 25 - JMU Sneak Peak,What video is this from,2024-07-02 11:54:05,4
comment,NCAA College Football 25 - JMU Sneak Peak,"Just a heads up, I am not a JMU fan, sadly, I never even https://preview.redd.it/hehe1ih6zwxd1.png?width=2790&format=png&auto=webp&s=4a3f8c36bd1a36b34ed59aaf0262ccda452d5831 heard of them until CFB 2025 came out and I used a nice creative team for my local university who is DIV-I but we are relatively new and “small” compared with older clubs (plus the schools Dean / Board) wouldn’t approve of us getting a FB team started because of the cost of a stadium and scholarships etc. Maybe because a majority of our alumni “boosters” are avg 40+ years old 😅. So I am sure you JMU alumni and fans will appreciate this, when I found my school all ready to be downloaded on CFB 2025 XB-SX I guess whomever created FGCU Eagles didn’t take any school out that I know of I just know I changed out JMU and replaced it with FGCU, I have taken the team from 1-1/2\*s to 4 stars in my current 4th year and we are getting ready to play in our 3rd NCG today, where for the first time so far my Eagles are undefeated and are ranked #1! I played all the BIG BOYS this season, barely scraping by (I usually play Heisman, but I knew if I wanted to beat the best, so to hopefully BE the best, I had to lower to All-American, join Big 12 to finally start the CFP ranked 1 instead of 10-12 (Sunbelt as we all know have AWESOME baseball, volleyball, tennis etc. but football falls behind at least in our local paper). So I I played #7 Colorado Univ TWICE (once for BIG-12 Championship, then as fate would have it, my first game of CFP’s QF, I thoroughly enjoyed stomping them out thinking “did I screw up going down a rank?”, turns out that answer was NO! My next opponent in the Semi’s, #2 The U of M was my opponent and they were winning with 8 mins left on the board 3-0! If it wasn’t for a weird (but gladly accepted) back to back interceptions (CPU caught BTW), I was able to run the rock down their throats for a couple of drives. Anyway the scored a couple of back to back TD’s, now they are up 17-14 at the start of the 4th QTR (I don’t play accelerated clocks and I play 15 min qtrs). To end this part quick I was able to keep the rock on the ground for the remainder of the 4th, kicked a FG, INT ball again for a running score and with just under a minute left I got the run play of my life and scored ANOTHER running TD to beat the Canes 37-17! After that game this morning, I decided to take a break because the NCG is against ANOTHER top team in the ACC (Miami #2, Louisville was #3 who just happened to get shanked by their ACC rival #10 FSU! 🤦🏼‍♂️What kind of sick luck puts you on a path to play 3 of the top teams in the ACC (all against themselves except they have to play me!)? I am taking a few hour break from that madness, until later today to bring home the NCG trophy! So I know this is a looong story but it really just helps me show you how I’ve taken care of your Alma Mater and made it into a POWERHOUSE (though even though I’ve just made it to 4*s, my plan is to get them to 5 stars, recruit (hopefully) a 5* QB to start and a WR, then a CB, then I will move the team to BIG 10, then ACC, then SEC where I will finish with a NC while on top of the SE-Friggin-C! Last thing I promise. I didn’t know who JMU’s rivals are, so I finally looked them up today and I have great news for you. So when I brought my sons school to life in the game (FSW Buccaneers), I just haphazardly picked a team to replace them with and the team I chose was Liberty University! FSW has a good baseball team, but alas no football team so as a sign of respect for all of you JMU fans, I will from here on out make them my rival school in the game (which from what I read about JMU this morning, Liberty is kind of a rival to JMU (not like Old D or something close like that), but at least it’s a rivalry, so I will beat the crap out of it and drag the team to every conference I go to 😆. Thank you so very much for letting me blow off all of this crazy steam! Have a Happy Halloween!",2024-10-30 11:43:38,1
comment,NCAA College Football 25 - JMU Sneak Peak,They are showing off the game’s capability to change the conference logo on both the uniform and field.,2024-07-02 11:40:30,29
comment,NCAA College Football 25 - JMU Sneak Peak,JMU App State rivalry is getting legit I love it,2024-07-02 15:01:32,9
comment,NCAA College Football 25 - JMU Sneak Peak,"I've got JMU joining App St and West Virginia in the ACC at the expense of Syracuse (American), Pitt (B1G), and Louisville (SEC). I love the idea of App St and WVU having an Appalachian Trophy or something and JMU just makes too much sense to not put in that little love triangle of hate.",2024-07-03 20:23:12,3
comment,NCAA College Football 25 - JMU Sneak Peak,"And Marshall, Amen.",2024-07-02 13:43:50,1
comment,NCAA College Football 25 - JMU Sneak Peak,It’s from the Dynasty mode Dev Blog.,2024-07-02 11:56:10,3
comment,NCAA College Football 25 - JMU Sneak Peak,Ohhhh I see,2024-07-02 11:40:47,5
comment,NCAA College Football 25 - JMU Sneak Peak,But I love them putting it out there anyways.,2024-07-02 14:04:39,2
comment,NCAA College Football 25 - JMU Sneak Peak,They kicked to scotty. Don't kick it to scotty.,2024-07-20 11:03:20,1
post,Practical Things To Do,"Practical Things To Do Hi guys/girls, We're all hurt, confused, angry, upset, and this just really is , I hate it. I just wanted to drop 2 things below that I think can be massively helpful. 1 - Just be kind to strangers. You never know when someone's at their breaking point. Flipside, saying something nice can absolutely make their day. No matter the person or situation. You never know how much someone might need it. 2 - Reach out to your friends - like actually text them first and check in. If you just give your phone number, the intention is good but people don't want to be perceived as a bother. Keyword perceived! Just take the 2 seconds to text first! :) I think if these higher ups or Tim Miller or wherever won't put the focus on mental health and make it a forefront, then we'll do it tenfold. Feel free to share what's worked for you in the past, etc. I love you all, take care of yourselves and your people ❤️",2022-02-07 18:42:52,91
comment,Practical Things To Do,"I am an alum who lives in Harrisonburg. I take it something distressing has happened at JMU, but I'm unaware of it. If you've suffered a loss, my heart goes out to you. Take care of one another, please. I care about you.",2022-02-07 20:36:57,21
comment,Practical Things To Do,You are all important.. you are all loved.. you matter,2022-02-07 20:53:23,6
comment,Practical Things To Do,Protest tonight at 8pm on the quad.,2022-02-07 18:47:37,-12
comment,Practical Things To Do,i gather somebody jumped off of the parking deck.,2022-02-07 22:35:07,7
comment,Practical Things To Do,"What’s the goal? I broadly agree that something needs to be done, just wondering who’s organizing this and what their agenda is",2022-02-07 19:00:07,14
comment,Practical Things To Do,I'm sorry to hear about this. These are heavy times. Thank you for explaining. Take care.,2022-02-08 07:56:48,7
comment,Practical Things To Do,"Whoever is connected to the petition going around right now, they want jmu to do whatever they need to do in order to hire more mental health professionals",2022-02-07 19:01:16,6
comment,Practical Things To Do,I thought it was a vigil… not a protest. And what petition are you talking about?,2022-02-07 19:26:17,22
comment,Practical Things To Do,"There's a petition on Change.org, someone linked to it in the post with the Grace St picture. (Idk anything about vigil vs. protest, just the petition)",2022-02-07 20:01:27,2
post,If you paid 200$+ on a fake paper square saying you got a free vaccine it is overwhelming evidence you you are a complete dunce please drop out.,If you paid 200$+ on a fake paper square saying you got a free vaccine it is overwhelming evidence you you are a complete dunce please drop out. Bottom text.,2021-08-09 18:06:42,91
comment,If you paid 200$+ on a fake paper square saying you got a free vaccine it is overwhelming evidence you you are a complete dunce please drop out.,Nobody’s paying for that lmao there are literally blank PDFs of the covid card online,2021-08-10 10:38:44,5
comment,If you paid 200$+ on a fake paper square saying you got a free vaccine it is overwhelming evidence you you are a complete dunce please drop out.,Bruh they just printed them onto the card stock at home and filled it out who tf would pay for it when nobody looks at it closely anyway. Shit isn’t a fake ID you’re trynna sneak past an ABC store,2021-08-09 19:32:16,4
comment,If you paid 200$+ on a fake paper square saying you got a free vaccine it is overwhelming evidence you you are a complete dunce please drop out.,"I'd rather pay $200 than take an mRNA gene therapy that doesn't even prevent transmission. But I generally agree that people shouldn't fake their vaccine status, it only makes it easier for JMU or the government to mandate it when there's a smaller percentage of people that are still normal.",2021-08-11 01:56:15,1
comment,If you paid 200$+ on a fake paper square saying you got a free vaccine it is overwhelming evidence you you are a complete dunce please drop out.,"people have, but moreover thats literally my point. if they had a single brain cell they would be able to figure that out.",2021-08-10 10:50:21,0
comment,If you paid 200$+ on a fake paper square saying you got a free vaccine it is overwhelming evidence you you are a complete dunce please drop out.,I had a QR code on mine.... so idk if that would actually work lmao,2021-08-10 12:39:35,1
post,"Was digging through some old photos of mine recently, and turned up this photo of the ISAT/CS building, looking towards the HHS building. This was taken on a snow day in December 2002.","Was digging through some old photos of mine recently, and turned up this photo of the ISAT/CS building, looking towards the HHS building. This was taken on a snow day in December 2002.",2021-02-04 15:41:41,90
comment,"Was digging through some old photos of mine recently, and turned up this photo of the ISAT/CS building, looking towards the HHS building. This was taken on a snow day in December 2002.",19 years later it’s still the same,2021-02-05 01:59:57,13
comment,"Was digging through some old photos of mine recently, and turned up this photo of the ISAT/CS building, looking towards the HHS building. This was taken on a snow day in December 2002.",Great memories from that same place and time period. Thanks for sharing,2021-02-04 16:56:24,12
comment,"Was digging through some old photos of mine recently, and turned up this photo of the ISAT/CS building, looking towards the HHS building. This was taken on a snow day in December 2002.",Wait. Was this before phys/chem was built?,2021-02-04 17:03:28,10
comment,"Was digging through some old photos of mine recently, and turned up this photo of the ISAT/CS building, looking towards the HHS building. This was taken on a snow day in December 2002.","I started a couple of years later, but those super-wide halls bring back good memories. Thanks for the share!",2021-02-04 19:13:05,7
comment,"Was digging through some old photos of mine recently, and turned up this photo of the ISAT/CS building, looking towards the HHS building. This was taken on a snow day in December 2002.",It’s been this empty for almost a year now. I’m one of the few people who is there every day. Eerily quiet...,2021-02-04 20:18:10,7
comment,"Was digging through some old photos of mine recently, and turned up this photo of the ISAT/CS building, looking towards the HHS building. This was taken on a snow day in December 2002.",I was five years old when you took this picture,2021-02-04 21:04:32,5
comment,"Was digging through some old photos of mine recently, and turned up this photo of the ISAT/CS building, looking towards the HHS building. This was taken on a snow day in December 2002.",That was my freshman year!!,2021-02-04 22:35:39,2
comment,"Was digging through some old photos of mine recently, and turned up this photo of the ISAT/CS building, looking towards the HHS building. This was taken on a snow day in December 2002.","Only difference I can spot is a TV on the left now, and a printer on the right. I think the couches are still the same even.",2021-02-05 08:29:43,6
comment,"Was digging through some old photos of mine recently, and turned up this photo of the ISAT/CS building, looking towards the HHS building. This was taken on a snow day in December 2002.",Yep. Phys/chem was built around 2006 or 2007,2021-02-04 17:51:40,8
comment,"Was digging through some old photos of mine recently, and turned up this photo of the ISAT/CS building, looking towards the HHS building. This was taken on a snow day in December 2002.",It was in the early stages of construction at the time.,2021-02-04 21:21:25,3
comment,"Was digging through some old photos of mine recently, and turned up this photo of the ISAT/CS building, looking towards the HHS building. This was taken on a snow day in December 2002.","This would have been the 1st, maybe 2nd year that HHS/EnGeo was open.",2021-02-05 08:30:10,2
comment,"Was digging through some old photos of mine recently, and turned up this photo of the ISAT/CS building, looking towards the HHS building. This was taken on a snow day in December 2002.","Opened 2005, I only remember because I was responsible from transferring my lab from Miller Hall in Summer 2005.",2021-02-05 04:05:17,3
comment,"Was digging through some old photos of mine recently, and turned up this photo of the ISAT/CS building, looking towards the HHS building. This was taken on a snow day in December 2002.",Third year. That building opened for the fall semester in 2000. The dedication event involved Linwood Rose's swinging a sledgehammer through a (fake) wall in order to formally open the space.,2021-02-05 23:29:39,2
post,y'all already know what's up 😳,y'all already know what's up 😳,2020-09-18 17:12:56,94
post,Are we really that surprised?,Are we really that surprised?,2020-03-14 10:14:32,92
comment,Are we really that surprised?,"JMU: we are cancelling classes because it is safest to avoid large crowds (Some) Students: No school, let's gather in large crowds! Woooo!",2020-03-14 11:12:17,39
comment,Are we really that surprised?,That's how you contract the corona,2020-03-14 10:26:27,21
comment,Are we really that surprised?,"Thank you, u/CoronaBoyOk",2020-03-14 12:19:16,6
comment,Are we really that surprised?,"When I was at JMU, it was straight up ritzy to be at a party with Corona. So much Natty...",2020-03-14 11:16:34,7
comment,Are we really that surprised?,But we don't have the resources...? Have you been paying attention at all?,2020-03-14 10:55:05,11
comment,Are we really that surprised?,"By the time it rips through a college campus and everyone is showing symptoms the resources at hand now will be long gone. We don't have 6 weeks, this isn't a grace period before it gets bad, it's already bad.",2020-03-14 10:59:35,15
post,Vintage JMU,Vintage JMU,2020-02-08 22:54:43,93
comment,Vintage JMU,"I'm sure that ""smoking paraphernalia"" has nothing to do with how hard he is napping. Lol",2020-02-09 09:33:25,11
comment,Vintage JMU,"Heck yeah, MRD rep!!!",2020-02-09 01:00:51,8
comment,Vintage JMU,What’s this from?,2020-02-08 23:04:31,6
comment,Vintage JMU,Sums it all up perfectly. Go MRDs!!,2020-02-08 23:37:39,11
comment,Vintage JMU,Top pic looks like a young OJ lmao,2020-02-09 19:18:59,1
comment,Vintage JMU,When are y'all gonna bring the guitars back,2020-02-09 09:34:39,1
comment,Vintage JMU,"I forgot the name, but it was in a book I found at Black Sheep near the red couch",2020-02-08 23:09:48,6
comment,Vintage JMU,Looks like an early 80s edition of the Bluestone. All available at the library and in the yearbook office,2020-02-09 21:13:49,2
comment,Vintage JMU,We’ve had a bassist in front for the past four years I’ve been here?,2020-02-09 10:07:44,2
comment,Vintage JMU,The MRDs have always had a bassist.,2020-02-09 10:53:25,2
comment,Vintage JMU,"I guess I just never noticed, or heard it at the games",2020-02-09 10:54:47,1
post,In case yall didn’t hear,In case yall didn’t hear,2025-08-31 00:09:39,87
comment,In case yall didn’t hear,Downvoting this because you faked me out on swiping,2025-08-31 08:31:25,12
post,Northern Lights in Harrisonburg,Northern Lights in Harrisonburg,2024-10-10 22:49:02,87
comment,Northern Lights in Harrisonburg,https://preview.redd.it/owcmhbqtw4ud1.jpeg?width=4032&format=pjpg&auto=webp&s=5eddd544464ef6989127583e2edcd8f230e4c700 managed to get this one last might!,2024-10-11 10:08:00,5
comment,Northern Lights in Harrisonburg,Here is my view from Harrisonburg. https://preview.redd.it/tb9fm4bz39ud1.jpeg?width=3024&format=pjpg&auto=webp&s=f4fecf7fb3be53cd5826e41be263e1b7a4a7bbcc,2024-10-12 00:15:14,4
comment,Northern Lights in Harrisonburg,Could you see it with a naked eye?,2024-10-11 05:17:29,1
comment,Northern Lights in Harrisonburg,Awesome! Nice pic!,2024-10-11 11:41:23,1
comment,Northern Lights in Harrisonburg,Faintly but it came out better on my camera,2024-10-11 09:25:16,1
post,I hope we never see them again,I hope we never see them again,2022-01-23 12:59:30,87
comment,I hope we never see them again,The average fan doesn’t realize that NDSU doesn’t WANT to go to FBS. Why would a team that is constantly dominating their competition and taking in loads of money move to FBS and lose money?,2022-01-23 13:19:08,17
comment,I hope we never see them again,"NDSU has been pretty vocal that they would accept an invite to the Mountain West. They’re waiting for their perfect scenario, just like JMU did.",2022-01-24 01:42:01,2
comment,I hope we never see them again,"Wouldn't they be too big for D2? I'm fairly certain they would need to have all programs as D1, regardless.",2022-01-24 13:17:30,1
comment,I hope we never see them again,Where have you seen they would accept a bid to the MWC?,2022-01-24 08:33:39,1
comment,I hope we never see them again,Sadly that statement is incorrect especially comparing basketball to JMU. NDSU has made the NCAA tournament 4 times since the last time JMU made it. During the past 8 years NDSU has had the better basketball record. Also the argument that they would make more money in the MAC/MWC is just factually incorrect. 7 different MAC Schools have reported LOSING money while going to a bowl game. In the MWC 3 schools have reported a negative profit. If you’re gonna make that argument at least have some facts to back it up,2022-01-23 18:52:51,2
post,Classes haven’t even started and it’s already a mess,Classes haven’t even started and it’s already a mess Classrooms are already past COVID capacity and no one is social distancing for FROG week. 6 feet buffer between people? It’s impossible in the halls. Chairs that were moved aside and marked with “DO NOT USE” have already been moved around so that people are right next to each other. I’m happy that 95% of students are wearing masks but wearing a mask isn’t a replacement for social distancing. I’m not optimistic about the first day of class tomorrow.,2020-08-25 16:04:49,90
comment,Classes haven’t even started and it’s already a mess,"As an alum that graduated a few years ago, this is the first time I am not at all jealous of the kids going back to school.",2020-08-25 18:32:27,41
comment,Classes haven’t even started and it’s already a mess,"Y'all are fucked. As an alum, I won't be donating anymore to the school. Greedy bastards.",2020-08-25 17:18:38,77
comment,Classes haven’t even started and it’s already a mess,it’s inevitable just accept the virus (defeat),2020-08-25 23:06:38,-8
comment,Classes haven’t even started and it’s already a mess,"so you just want to never touch germs or come in contact with people again? when does this shit end man you just want to wear a mask until everyone on the planet vaccinated?, bc that's not happening.",2020-08-26 01:35:32,-14
comment,Classes haven’t even started and it’s already a mess,Especially the freshmen. Their freshman experience was ruined before they even arrived.,2020-08-25 21:02:55,16
comment,Classes haven’t even started and it’s already a mess,"Make sure they know why. I think that alumni and parents, two major revenue streams, are the only folks who can convince them to change course.",2020-08-25 17:57:19,33
comment,Classes haven’t even started and it’s already a mess,I honestly don’t blame you.,2020-08-25 17:35:37,19
comment,Classes haven’t even started and it’s already a mess,"Yeah, same here. I removed them from my donation rotation. I’m not surprised they handled it this way, but I am disappointed in the administration.",2020-08-25 17:55:04,17
comment,Classes haven’t even started and it’s already a mess,Ok I’ll bite... why exactly? You truly think the administration’s that money hungry? Are the desperate to stay open? I’m sure. Did they have any other choice other than full virtual? No. If they went full virtual enrollment plummets. It’s a numbers game and the gambled wrong thinking people would listen to rules. I am pissed at how things are going down. But clearly there is wrong on both sides and keeping my money seems petty AF.,2020-08-25 19:23:31,-11
comment,Classes haven’t even started and it’s already a mess,They had the end of their high school senior year/graduation ruined too. Double whammy,2020-08-26 08:13:36,1
comment,Classes haven’t even started and it’s already a mess,"> If they went full virtual enrollment plummets. They're going to go full virtual within a few weeks, there's no way they don't.",2020-08-25 20:13:16,9
comment,Classes haven’t even started and it’s already a mess,"I'm not even saying you're wrong, because financially I see how the school had to do this. It's unfortunate that our society functions in this way. I wouldn't have donated before this because it's abundantly clear American higher education is sports in a school's clothing. Maybe op's hope is that if everyone stops donating we'll make some change.",2020-08-25 19:33:35,14
comment,Classes haven’t even started and it’s already a mess,"What is the other side, in relation to the administration? Who else is in the wrong?",2020-08-25 21:00:49,-2
comment,Classes haven’t even started and it’s already a mess,"I don’t disagree. It’s a shit show. There was no winning this. All online from start, enrollment plummets. Open, people act a fool go online.",2020-08-25 20:19:16,3
comment,Classes haven’t even started and it’s already a mess,"If everyone stops donating there is no JMU. With little state funding its tuition or donations. That’s it. If you’re really pissed contact your state rep and tell them how important higher education is and to fund that shit so they don’t play into these dumb opening games, begging alumni to keep them afloat, and entertaining ridiculous sports dreams to bring in sponsorship dollars.",2020-08-25 19:49:05,2
comment,Classes haven’t even started and it’s already a mess,"Students partying after testing positive. People refusing to keep distance or wear a mask. Also, I realize now “both sides” is so Trumpish I want to downvote myself...",2020-08-25 21:03:51,4
comment,Classes haven’t even started and it’s already a mess,> If everyone stops donating there is no JMU If only there was some other form of revenue stream...,2020-08-25 22:58:27,3
comment,Classes haven’t even started and it’s already a mess,Student life is a precedent set by the administration. ie enabling,2020-08-25 21:05:50,2
comment,Classes haven’t even started and it’s already a mess,"I know you’re referring to tuition, but housing contracts play a bigger role than you might think too. $5k/yr for the 6000+ students on campus every year brings in $30,000,000+/yr. On campus housing rates match pretty well what the university’s cost is for financing those very living spaces. JMU has almost $500 Million in debt from capital projects, many of which are dorms, dining halls, and other newer buildings. Not to mention the new convo (not sure if the convo is in that $500M number). Cancelling housing contracts alone means the university has to come up with that extra $30M in operating costs (meaning this is where the layoffs start happening. Can’t default on loans). And before anyone says athletics, ticket sales at JMU only account for about $3M. Think about that. Housing brings in 10 times the amount of ticket sales for all athletic events in any given year (besides 2020). I’m not defending the university for starting in person. I think starting online would have been the right move for safety, but even if enrollment stays the same that is at minimum a $30M problem to solve. Some of the financial figures: http://apa.virginia.gov/reports/JamesMadisonUniversityNCAA2019.pdf https://www.fitchratings.com/research/us-public-finance/fitch-affirms-aa-idr-for-james-madison-university-va-outlook-stable-27-05-2020",2020-08-26 00:59:46,2
comment,Classes haven’t even started and it’s already a mess,"This issue isn't unique to JMU, but every business has a responsibility to never overburden themselves financially to not be able to weather a down turn in revenue. With $500 million in debt, due to stated projects, JMU is unable to manage even a single semester of drop in revenue? That is poor management. As a result of poor management, the institution is forced to put students and the Harrisonburg community at a higher risk than it would be otherwise. Again, this scenario is an issue across the country, world even; and it's disheartening to know the ones that will suffer are the folks at the bottom.",2020-08-26 01:33:25,2
post,JMU Board of Visitors votes to remove Confederate leader names from campus halls,JMU Board of Visitors votes to remove Confederate leader names from campus halls,2020-07-07 14:13:25,86
comment,JMU Board of Visitors votes to remove Confederate leader names from campus halls,"They have already changed the signs on campus. Maury is now Mountain Hall and Ashby is now Valley Hall. Jackson is under construction, so it does not have any visible signs.",2020-07-08 03:36:16,15
comment,JMU Board of Visitors votes to remove Confederate leader names from campus halls,Things like this are what make me proud of my college :),2020-07-07 22:15:13,7
comment,JMU Board of Visitors votes to remove Confederate leader names from campus halls,Decades late but it’s a start.,2020-07-07 19:01:45,19
comment,JMU Board of Visitors votes to remove Confederate leader names from campus halls,But what about my heritage? This was a joke by the way.,2020-07-07 17:44:22,-18
comment,JMU Board of Visitors votes to remove Confederate leader names from campus halls,Is the schools name going to be changed? James Madison owned over 200 slaves. Doesnt he deserved to be cancelled as well?,2020-07-08 01:25:20,-6
comment,JMU Board of Visitors votes to remove Confederate leader names from campus halls,George Washington owned over 300 slaves and he treated them terribly. A few stories claim that his dentures were from those same slaves. Thomas Jefferson fathered over 20 illegitimate half slaves that he allowed to be raised in servitude…,2022-07-02 12:53:18,1
comment,JMU Board of Visitors votes to remove Confederate leader names from campus halls,it’s better than nothing :),2020-07-07 20:15:08,12
comment,JMU Board of Visitors votes to remove Confederate leader names from campus halls,Just to echo what the other commenter said: naming a college or building after George Bush would be a little controversial—some would consider him a war criminal or at the very least a war monger. But at the end of the day naming something after one of our country’s past leaders isn’t that far out. But these men were literally soldiers in a foreign government that attacked the U.S. We might as well have Bin Laden Hall if we’re doing that.,2020-07-08 13:31:07,3
comment,JMU Board of Visitors votes to remove Confederate leader names from campus halls,This is the best argument I've heard on the matter.,2020-07-08 20:07:56,1
comment,JMU Board of Visitors votes to remove Confederate leader names from campus halls,"no, it doesn’t do nothing, it’s something, and more work will be done. it’s a start",2020-07-07 20:19:49,8
comment,JMU Board of Visitors votes to remove Confederate leader names from campus halls,"I am curious how much the name changes actually cost the college, and what the extended costs and benefits are, because if they practice what they preach at the College of Business, there's a cost-benefit analysis somewhere. Even something simple like: $65,000 in facilities costs to relabel the buildings and campus maps, $85,000 to pay a programmer with 60 years of experience to run the punchcard machine to update MyMadison/Oracle with new building names for enrollment, $1500 in outsourced Find/Replace actions on the school website. With extended costs over 5 years of say losing $250,000 in tuition from white supremacist Lost-Cause fans and gaining $450,000 in tuition from fans of virtue signaling.",2020-07-07 22:52:27,4
post,Did anyone else see the paraglider above JMU???,Did anyone else see the paraglider above JMU???,2021-09-03 19:36:42,89
comment,Did anyone else see the paraglider above JMU???,Yesss! I was chilling in D hall and was like wtf. Anyone know the story?,2021-09-03 20:17:15,16
comment,Did anyone else see the paraglider above JMU???,They are local and often go out on really nice evenings like today.,2021-09-03 21:51:12,13
comment,Did anyone else see the paraglider above JMU???,"Yeah I was at band, it was cool to see and I wonder if they enjoyed watching us figure out stuff for the few seconds they flew above bridgeforth",2021-09-03 22:16:32,6
comment,Did anyone else see the paraglider above JMU???,Yeah I saw him too! No clue what’s going on lol,2021-09-03 21:02:47,5
comment,Did anyone else see the paraglider above JMU???,salt attempt wise degree lush ruthless lock historical edge pet *This post was mass deleted and anonymized with [Redact](https://redact.dev/home)*,2021-09-19 23:11:40,2
comment,Did anyone else see the paraglider above JMU???,Lol? So scary right…,2021-09-04 15:59:06,-1
comment,Did anyone else see the paraglider above JMU???,"This guys out here all the time on good days, but he’s normally around the Dayton/Bridgewater area.",2021-09-04 09:29:50,1
comment,Did anyone else see the paraglider above JMU???,HA! This happened my junior year once at bridgeforth with the MRDs.,2021-09-09 19:35:09,1
post,Do you guys like the design I made on my mask for October? :D,Do you guys like the design I made on my mask for October? :D,2020-09-20 10:42:33,85
comment,Do you guys like the design I made on my mask for October? :D,Add a second line saying you need to bend in the nose piece.,2020-09-20 10:56:15,11
comment,Do you guys like the design I made on my mask for October? :D,Good idea but wouldn’t you need to throw those out after a couple after a couple uses?,2020-09-20 11:37:41,3
comment,Do you guys like the design I made on my mask for October? :D,Yessssss I will do that 👌,2020-09-20 10:58:57,3
comment,Do you guys like the design I made on my mask for October? :D,I’m gonna use the washable ones and stitch the message on them soonest,2020-09-20 11:41:58,7
comment,Do you guys like the design I made on my mask for October? :D,[https://www.eventbrite.com/e/face-mask-decoration-pop-up-tickets-120271734997](https://www.eventbrite.com/e/face-mask-decoration-pop-up-tickets-120271734997),2020-09-20 13:23:15,2
post,"JMU reaches 1,000 cases of COVID-19, >4% of student population infected, 59% positivity at UHC","JMU reaches 1,000 cases of COVID-19, >4% of student population infected, 59% positivity at UHC",2020-09-07 10:10:42,84
comment,"JMU reaches 1,000 cases of COVID-19, >4% of student population infected, 59% positivity at UHC",Lmao Does anyone buy that we might be heading back in October,2020-09-07 11:34:51,41
comment,"JMU reaches 1,000 cases of COVID-19, >4% of student population infected, 59% positivity at UHC","And they’re spreading it around town obviously. 2 of my coworkers got it (both of them a students, who were hanging out with people, no masks or anything) and now many of us at work are pretty anxious. JMU really shit the bed this semester.",2020-09-07 10:22:40,54
comment,"JMU reaches 1,000 cases of COVID-19, >4% of student population infected, 59% positivity at UHC",Spring semester is going to be the same. Universities are just going to have to completely change going forward until a successful vaccine is released.,2020-09-07 11:41:32,22
comment,"JMU reaches 1,000 cases of COVID-19, >4% of student population infected, 59% positivity at UHC",Our school is a joke. My brother goes to VCU and its not like they handled it incredibly well but the difference between them and us is stark. We shit the bed.,2020-09-07 13:26:58,19
comment,"JMU reaches 1,000 cases of COVID-19, >4% of student population infected, 59% positivity at UHC","(The 59% positivity rate is the 7-day average, it's the red line on the very bottom bar chart on the dashboard.) https://www.jmu.edu/stop-the-spread/dashboard.shtml",2020-09-07 10:12:03,22
comment,"JMU reaches 1,000 cases of COVID-19, >4% of student population infected, 59% positivity at UHC","Not surprised. When JMU stated they had ""locked down"" on cases, I still saw freshmen cuddling and sitting next to each other while watching a movie in the lounge.",2020-09-07 11:00:21,16
comment,"JMU reaches 1,000 cases of COVID-19, >4% of student population infected, 59% positivity at UHC",I’d imagine the Harrisonburg hospital system will be getting overwhelmed at this point? Is there reliable information for how many of these students have been hospitalized?,2020-09-09 09:52:58,1
comment,"JMU reaches 1,000 cases of COVID-19, >4% of student population infected, 59% positivity at UHC",hey if it just rips right through the population and people keep recovering really quickly we might actually get back in october,2020-09-07 10:21:31,-47
comment,"JMU reaches 1,000 cases of COVID-19, >4% of student population infected, 59% positivity at UHC",Not even a little,2020-09-07 11:54:02,30
comment,"JMU reaches 1,000 cases of COVID-19, >4% of student population infected, 59% positivity at UHC",I'm honestly embarrassed to be a Duke. They had plenty of time to plan and this was the obvious outcome.,2020-09-07 15:48:17,14
comment,"JMU reaches 1,000 cases of COVID-19, >4% of student population infected, 59% positivity at UHC","If you didn't like that, you don't want to know what happens outside of the lounges. Cut the students some slack where appropriate. They're unwilling players in a highly rigged game. I mean, if you're holding massive keggers crammed into an apartment (so the cops don't see), that's another issue altogether. But the issue here isn't that the freshmen were cuddling, but rather that someone decided a lounge was a good place to watch a movie.",2020-09-07 14:15:31,13
comment,"JMU reaches 1,000 cases of COVID-19, >4% of student population infected, 59% positivity at UHC","[It's possible to get it twice.](https://www.webmd.com/lung/news/20200824/study-confirms-its-possible-to-catch-covid-twice) In the article it says each time this person was hospitalized, the genomes were slightly different, suggesting that it's mutated and will make life even more difficult for those who are making a vaccine.",2020-09-07 10:26:38,29
comment,"JMU reaches 1,000 cases of COVID-19, >4% of student population infected, 59% positivity at UHC",You can get it again,2020-09-07 10:26:35,11
comment,"JMU reaches 1,000 cases of COVID-19, >4% of student population infected, 59% positivity at UHC",At what price?,2020-09-07 22:50:56,2
comment,"JMU reaches 1,000 cases of COVID-19, >4% of student population infected, 59% positivity at UHC","he stated an opinion just like everyone else in these comments.... but he has 30 downvotes, seems pretty counter productive and anti logical to any form of intelligent discussion you would expect on reddit.... clowns in this sub lol",2020-09-07 14:18:26,-6
comment,"JMU reaches 1,000 cases of COVID-19, >4% of student population infected, 59% positivity at UHC",I think the person you responded to was joking,2020-09-07 10:38:54,-7
post,JMU to transition to primarily online learning for the foreseeable future,JMU to transition to primarily online learning for the foreseeable future,2020-09-01 19:02:45,87
comment,JMU to transition to primarily online learning for the foreseeable future,"I bet they were planning on doing this the whole time. The schools Zoom license just went online today and it’s also the first of the month, which would be a great day organizationally to make an announcement.",2020-09-01 19:06:01,62
comment,JMU to transition to primarily online learning for the foreseeable future,So what do the kids living in apartments and stuff like that do? Do they have to leave?,2020-09-01 19:18:46,18
comment,JMU to transition to primarily online learning for the foreseeable future,"I’m not a freshmen, but can they get out of paying room and board while still attending online?",2020-09-01 19:34:56,13
comment,JMU to transition to primarily online learning for the foreseeable future,Do students living on-campus get any of their housing expenses back???,2020-09-01 19:28:01,24
comment,JMU to transition to primarily online learning for the foreseeable future,"Since we can only have two sticky posts, I've decided to replace the thread for The Breeze's dashboard; however, I will pin it in a comment on the official dashboard thread so you guys can still easily get to it",2020-09-01 19:05:36,1
comment,JMU to transition to primarily online learning for the foreseeable future,"It should have been online to begin with. I don't have a problem with learning remotely. What I do have a problem with is JMU screwing us over. Most of the COVID cases could of been avoided. Who knows how many are asymptomatic or unreported. I'm not overly concerned about refunds since I live off campus, but I would like the money for the parking permit back.",2020-09-02 08:57:03,7
comment,JMU to transition to primarily online learning for the foreseeable future,The JMU admins are fucking crooks and should have done this a month ago before 500+ students had to catch covid.,2020-09-01 19:10:08,40
comment,JMU to transition to primarily online learning for the foreseeable future,They did not take the steps to contain covid and didnt care. They waited until the day after tuition was due to send everyone home. TOTALLY INTENTIONAL. and they didnt prepare for fully online classes. Criminals who dont care about the students,2020-09-02 07:52:32,8
comment,JMU to transition to primarily online learning for the foreseeable future,I feel bad that the parents in Hampton Roads thinks the COVID figures are JMU are incorrect. Someone asked me how it went from 11 to 500.... and I get it... but they were trying to get money.,2020-09-07 19:52:47,1
comment,JMU to transition to primarily online learning for the foreseeable future,JMU staff here. Zoom negotiations took longer than expected and integration didn't go as smooth as expected. My dept alone spent an extra half mil to make hybrid classes work. I am NOT happy that this went the way it did. 10 years of my salary for a week and a half of classes. Honestly I wish they'd decided fall would be online from the start.,2020-09-01 20:30:01,50
comment,JMU to transition to primarily online learning for the foreseeable future,"If the choice is between incompetence and conspiracy, the answer is almost ways incompetence. Have you talked to the administrators? Do they really strike you as the kind of people who could think that far ahead?",2020-09-01 21:05:04,14
comment,JMU to transition to primarily online learning for the foreseeable future,you might be onto something wtf,2020-09-01 19:33:48,10
comment,JMU to transition to primarily online learning for the foreseeable future,"of course they planned this, they knew exactly what they were doing. funny how JMU also announced that online classes would begin on September 7th... literally the last day you can enroll/withdraw from the university lmao. we knew this is coming",2020-09-01 19:53:33,17
comment,JMU to transition to primarily online learning for the foreseeable future,"They can’t making people living off campus leave. I’m going to at least for a month until the cases drop back down, but if you’re off campus you can stay",2020-09-01 19:23:58,24
comment,JMU to transition to primarily online learning for the foreseeable future,"According to the announcement, no. They can’t make you leave an off campus apartment.",2020-09-01 19:23:10,10
comment,JMU to transition to primarily online learning for the foreseeable future,The off-campus apartments are not run by the university. That's between you and your landlord.,2020-09-01 21:11:25,7
comment,JMU to transition to primarily online learning for the foreseeable future,The JMU Facebook groups are flooded with people trying to sublet their rooms/apartments.,2020-09-02 08:51:58,2
comment,JMU to transition to primarily online learning for the foreseeable future,"Considering that they're sending everyone home unless they have an exemption, I would think so. Otherwise, let the lawsuits begin.",2020-09-01 21:10:57,11
comment,JMU to transition to primarily online learning for the foreseeable future,Go to the Parking Office and turn in your decal for a full refund.,2020-09-03 08:25:10,1
comment,JMU to transition to primarily online learning for the foreseeable future,This is the true issue fr,2020-09-02 00:47:57,7
comment,JMU to transition to primarily online learning for the foreseeable future,"Agreed - if this was the plan, then they should have been online from the outset rather than going through the charade of bringing everyone to campus, just to send them all home a few weeks later. Exceptionally poor planning on the university's part. Though a fully online experience seems preferable to tons and tons of security theater.",2020-09-01 21:09:49,16
comment,JMU to transition to primarily online learning for the foreseeable future,"Yep - two things at play here. Occam's razor, which says that the simplest answer is usually the right one, and Hanlon's razor, i.e. never attribute to malice that which can be adequately explained by stupidity. Those two have never steered me wrong.",2020-09-02 01:53:16,10
comment,JMU to transition to primarily online learning for the foreseeable future,Just to clarify: September 4 is the last day to add/drop classes and September 15 is the last day to withdraw from the university and have tuition refunded. Here are [the details](https://www.jmu.edu/registrar/_files/deadlines-fall.pdf) from the Registrar.,2020-09-02 09:50:47,3
comment,JMU to transition to primarily online learning for the foreseeable future,After everything that has happened to date don’t be surprised when the university drags that out as long as possible. I’m sure the throwaway line of “we will re-evaluate trying to resume in person in October” wasn’t by accident. I’m sure they look for every reason to delay and muddy the waters for the refund process,2020-09-01 23:44:12,9
comment,JMU to transition to primarily online learning for the foreseeable future,"lol. Shouldn’t have bought that pass,...how didn’t you see this happening? That’s just poor planning on your part “dad”",2020-09-02 09:20:32,2
post,"""if you choose to host or attend social gatherings larger than 10 people [...] you are choosing to accept consequences for those actions, which may include suspension or expulsion from JMU.""","""if you choose to host or attend social gatherings larger than 10 people [...] you are choosing to accept consequences for those actions, which may include suspension or expulsion from JMU.""",2020-08-21 17:02:41,89
comment,"""if you choose to host or attend social gatherings larger than 10 people [...] you are choosing to accept consequences for those actions, which may include suspension or expulsion from JMU.""",As they load you into dorms like stuffing sausages.,2020-08-21 18:31:11,74
comment,"""if you choose to host or attend social gatherings larger than 10 people [...] you are choosing to accept consequences for those actions, which may include suspension or expulsion from JMU.""","Okay but I’m legitimately curious about the outdoor mask requirements though - in an official JMU org/class that I’m in (I don’t want to name it in case the staff got the info wrong) but the staff was told by their own sources that the outdoor mask requirement, which affects us, was specifically for only if you can’t social distance, and if you can social distance then you can take it off if you so choose. But on the website it says “in the presence of others” how do they even define that? I’m in the presence of others if I’m on the quad and someone is 20 feet away from me - do I still have to wear my mask? Will I get expelled or suspended for walking down the sidewalk to class without a mask on? (Even if I’m going to put it on when I get to the building) like this stuff’s genuinely worrying me cause I don’t want to get expelled for something as incredibly stupid and unimportant as that, and I wish the University would clarify EXACTLY what they expect from us as students when it comes to being outside (which imo if we’re outside of a building we should be able to make our own decisions but I digress, I just want to know what they expect from us so I don’t get expelled for some rando reporting me or my friends for something minor like that)",2020-08-21 21:38:50,20
comment,"""if you choose to host or attend social gatherings larger than 10 people [...] you are choosing to accept consequences for those actions, which may include suspension or expulsion from JMU.""",We all know that OSARP was a hot mess and pretty useless prior to the pandemic. Will it really be this on top of things now??? Highly doubt that.,2020-08-21 20:48:26,14
comment,"""if you choose to host or attend social gatherings larger than 10 people [...] you are choosing to accept consequences for those actions, which may include suspension or expulsion from JMU.""",Our FROG groups are larger than 10 people and certainly not social distanced.,2020-08-22 22:49:27,6
comment,"""if you choose to host or attend social gatherings larger than 10 people [...] you are choosing to accept consequences for those actions, which may include suspension or expulsion from JMU.""",That is the most dystopian shit ever. I can't blame anyone for taking a gap year.,2020-08-21 19:38:11,9
comment,"""if you choose to host or attend social gatherings larger than 10 people [...] you are choosing to accept consequences for those actions, which may include suspension or expulsion from JMU.""","OSARP is handling prosecuting stuff, so their system is going to be clogged from the typical year to year stuff, increased cheating from online, and parties. Your best bet is to use your best judgement, or play it safe and don’t take it off until your in your car/home. If someone expresses discomfort at the distance you are from them outside, then put it on. But realistically, most you would get is a slap on the wrist on your first offense, definitely not suspension or expulsion. Just don’t be a karen if someone asks you to wear it, ya feel? Clarification: you should be wearing a mask when around people. Everyone should know that. But addressing the above commenters concern over expulsion if they put one toe over the line, there’s not much to worry about. They obviously shouldn’t be taking it off in groups and should avoid bars, but that’s not what their comment was asking. Not trying to address the effectiveness of distancing as opposed to masking, because when it comes down to it, we should be doing both.",2020-08-21 22:51:30,6
comment,"""if you choose to host or attend social gatherings larger than 10 people [...] you are choosing to accept consequences for those actions, which may include suspension or expulsion from JMU.""",Best thing to do is wear your mask outside at all times and of course in class inside buildings entering bathrooms,2020-08-23 16:58:09,2
comment,"""if you choose to host or attend social gatherings larger than 10 people [...] you are choosing to accept consequences for those actions, which may include suspension or expulsion from JMU.""",lmao are they gonna expel half the school? like these empty threats are fucking ridiculous,2020-08-21 19:51:06,18
comment,"""if you choose to host or attend social gatherings larger than 10 people [...] you are choosing to accept consequences for those actions, which may include suspension or expulsion from JMU.""",I knew a dude who said he had 8 strikes and didn’t get suspended,2020-08-22 12:40:30,5
comment,"""if you choose to host or attend social gatherings larger than 10 people [...] you are choosing to accept consequences for those actions, which may include suspension or expulsion from JMU.""","And for fucks sake, if you absolutely have to go to the bar, wear your mask until you get a drink in hand (governors orders) and stop walking around the bar without a mask on. I am literally putting my life on the line to serve you for a $3 tip. Please for the love of god keep your mask on if you want the bars to stay open. If I can wear a mask for a 13 hour shift, you can put yours back on for a 2 minute bathroom trip.",2020-08-22 00:23:19,16
comment,"""if you choose to host or attend social gatherings larger than 10 people [...] you are choosing to accept consequences for those actions, which may include suspension or expulsion from JMU.""","Oh yeah, JMU LOVES having a high retention rate, which means they can brag about the number of people they can graduate. On the other hand, I often wonder how many people would have been kicked out/suspended at other colleges with the same infractions that are forgiven/overlooked at JMU.",2020-08-22 14:28:14,3
post,Karma has struck,"Karma has struck As you may remember, I made a post crying for help as I was stuck in the ehall bathrooms with no toilet paper. Of course, I fabricated the story for my own enjoyment. Yesterday, after one of my classes, I decided to relieve my bowels in the bathrooms of Showker. I finished my business and reached for the toilet paper only to realize it was all gone. I wasn’t even able to spin the thing to get another roll. All three toilet paper rolls were empty. I looked under the stalls to check if anyone was in the bathroom (twas empty, to my relief), then waddled over to the next stall with my bare asscheeks hanging out. Thankfully the next stall was supplied with TP and I was able to carry on with my day. That’s the last time I ever lie on reddit.",2020-01-28 18:27:18,90
comment,Karma has struck,the saga is complete,2020-01-28 18:48:16,48
comment,Karma has struck,I am glad to have been on this journey with you.,2020-01-28 18:59:49,17
comment,Karma has struck,To think you made me walk to ehall just to check,2020-01-28 19:42:45,16
comment,Karma has struck,"Im so happy I opened reddit when I did, a great start to my procrastinating for the day",2020-01-28 22:18:45,5
comment,Karma has struck,"That's why you don't mess with the all seeing Alger. He knew which bathroom, time and stall. He rolls like that.",2020-01-29 08:17:11,5
comment,Karma has struck,why is this happening,2020-01-28 19:02:00,2
comment,Karma has struck,\*evil Palpatine cackle,2020-01-28 18:54:39,10
post,Get tested!,"Get tested! If you partied this weekend with people who were not your roommates or in groups larger than 10 with no masks, go get tested! Make sure our community has the correct number of positive cases and not false information. Don’t put other people in danger just because you don’t want to quarantine. Be responsible. So the right thing. That is all.",2020-11-02 09:48:31,87
comment,Get tested!,Wait a few days before getting tested. The test will indicate you are negative if you are not exhaleing the virus yet.,2020-11-02 10:04:13,39
comment,Get tested!,The best part is all the people I saw on Instagram virtue signaling about wearing masks and social distancing then out partying on their snapchats lol.,2020-11-02 13:03:48,22
comment,Get tested!,I just did the rapid COVID test at the health center. It was not uncomfortable AT ALL and I should have the results within the next hour. Cost is $45 and not billable to insurance but it’s worth the peace of mind to me. Just a heads up to anyone wanting to get tested that it’s definitely bearable and doable,2020-11-02 10:40:50,21
comment,Get tested!,Most of the people who did probably aren’t on reddit.,2020-11-02 09:59:49,50
comment,Get tested!,Half of my family is reliant on the Harrisonburg Heath system (one is currently at RMH) PLEASE PLEASE PLEASE GET TESTED,2020-11-02 17:42:45,3
comment,Get tested!,"This is true, but still get tested! I know of some people who got tested Saturday morning and then partied Saturday night which completely defeats the purpose. 🙄",2020-11-02 10:53:27,14
comment,Get tested!,those fucking insta stories smh,2020-11-02 15:54:31,5
comment,Get tested!,What is the percentage of false negatives from that test?,2020-11-02 17:19:57,3
comment,Get tested!,I’ve had it done twice and it was a breeze. You can ask for a receipt from the front desk and send your receipt to your insurance company for a refund.,2020-11-02 20:21:53,1
comment,Get tested!,"Yeah but they don’t, unfortunately jmu prides itself with a selfish student body",2020-11-02 12:15:45,14
comment,Get tested!,well that way they know they weren't spreading it to anyone,2020-11-02 15:53:42,7
comment,Get tested!,point lush file complete deserve repeat sharp soft practice hat *This post was mass deleted and anonymized with [Redact](https://redact.dev/home)*,2020-11-02 22:15:08,3
post,When the school sends everyone home after not even lasting more than two weeks and still takes our money,When the school sends everyone home after not even lasting more than two weeks and still takes our money,2020-09-03 15:15:28,86
comment,When the school sends everyone home after not even lasting more than two weeks and still takes our money,You can drop now and get your tuition deposit back can’t you?,2020-09-03 23:20:22,2
post,To the big tiddied goth girl who was stoney baloney in E-hall,"To the big tiddied goth girl who was stoney baloney in E-hall We sat in booths across from each other and I wanted to ask for your snap, however I was too nervous to ask. If by some chance this reaches you, whassup.",2019-11-07 19:28:20,89
comment,To the big tiddied goth girl who was stoney baloney in E-hall,Just ask in the future bro. Worst thing she would've said is no,2019-11-07 21:46:13,50
comment,To the big tiddied goth girl who was stoney baloney in E-hall,"Were you the pale, lanky kid who I’m sure has a big ol dick? Yeah pm me hun",2019-11-07 22:26:19,31
comment,To the big tiddied goth girl who was stoney baloney in E-hall,Damn this kid created a reddit account to find his big titty goth GF. I hope you find her bro,2019-11-07 19:34:07,88
comment,To the big tiddied goth girl who was stoney baloney in E-hall,Good luck bro. Next time just walk up and ask if that doesn't work try airdropping dick picks,2019-11-08 14:44:36,9
comment,To the big tiddied goth girl who was stoney baloney in E-hall,We’re all rooting for ya bud.,2019-11-08 10:32:25,3
post,The Perfect Crime,"The Perfect Crime What’s the perfect crime? I break into Top Dog at 2 AM. Do I go for the pan-fried dumplings? No. I go for the free water cups and fill it with soda; it’s priceless. As I’m filling it up, a lady catches me - she tells me to stop! It’s her fathers campus. She’s Stephanie Alger. I say no. We make passionate love all night. In the morning, campus police come and I escape in one of their uniforms. I tell her to meet me at Carrier. I go to TDU, I don’t trust her. Plus, I like playing pool and being underground. Three years pass and I get a postcard. I have a son. He’s the chief of police for HArrisonburg Police Department. I tell Stephanie to meet me by James Maddy statue where all the high schoolers are taking pics on tours. She’s been there all these years, waiting. I don’t care, I go to the top floor at carrier, in the quiet section: that’s where I stashed the soda.",2018-08-15 18:10:54,83
comment,The Perfect Crime,> I break into Top Dog at 2 AM. I've got some bad news for ya buddy,2018-08-15 19:32:58,22
comment,The Perfect Crime,That was beautiful :'),2018-08-15 21:34:38,6
comment,The Perfect Crime,Your two year old son is chief of police?,2018-08-16 08:59:08,6
comment,The Perfect Crime,"I'm a bot, *bleep*, *bloop*. Someone has linked to this thread from another place on reddit: - [/r/unexpectedoffice] [She’s been waiting for me all these years](https://www.reddit.com/r/unexpectedoffice/comments/97nstg/shes_been_waiting_for_me_all_these_years/) &nbsp;*^(If you follow any of the above links, please respect the rules of reddit and don't vote in the other threads.) ^\([Info](/r/TotesMessenger) ^/ ^[Contact](/message/compose?to=/r/TotesMessenger))*",2018-08-15 21:00:46,3
comment,The Perfect Crime,"Hahaha this is hilarious, is this part of a weekly series or something?",2018-08-16 02:08:45,1
comment,The Perfect Crime,That’s where I stashed the chandelier,2018-11-23 15:43:37,0
comment,The Perfect Crime,No...it can’t be...,2018-08-15 22:59:54,5
comment,The Perfect Crime,Best god damn chief this towns ever seen,2018-08-16 12:54:10,7
comment,The Perfect Crime,It’s a take on Dwight Schrute’s perfect crime description from the office.,2018-08-16 17:39:55,1
comment,👏👏👏,We want Georgia,2022-10-09 17:10:36,5
comment,👏👏👏,Then schedule them!,2022-10-09 17:31:27,1
comment,👏👏👏,Who said anything about logic? 😏,2022-10-09 18:08:18,3
post,We did it! Come check out JMU's spot on r/place,We did it! Come check out JMU's spot on r/place,2022-04-02 22:31:06,87
comment,We did it! Come check out JMU's spot on r/place,"Coordinates: 1801, 543. HUGE SHOUTOUT to r/guiltygear and r/batman for helping us out. Also shoutout to people from the ACC Discord (including tech).",2022-04-02 22:32:40,20
comment,We did it! Come check out JMU's spot on r/place,"Hell yeah, long live JMU! - GG community",2022-04-02 22:34:21,17
comment,We did it! Come check out JMU's spot on r/place,"[Eternal alliance with our neighbors r/guiltygear, they provided a ton of manpower for us](https://imgur.com/a/w9cGxtS)",2022-04-02 23:52:16,9
comment,We did it! Come check out JMU's spot on r/place,we did it reddit!,2022-04-02 22:35:10,6
comment,We did it! Come check out JMU's spot on r/place,I have no idea what this is or what it means. 😭 Someone please explain!,2022-04-03 00:26:55,6
comment,We did it! Come check out JMU's spot on r/place,Aaaaaaand now we’re Kirby,2022-04-03 13:01:15,5
comment,We did it! Come check out JMU's spot on r/place,Shoutout to UVA as well! A UVA student helped pixelate the logo,2022-04-02 22:34:36,18
comment,We did it! Come check out JMU's spot on r/place,Love from r/guiltygear <3,2022-04-02 23:59:48,10
comment,We did it! Come check out JMU's spot on r/place,"Go to r/Place. That should answer your question. It's basically a site-wide event where every user can place a single pixel (which can be one of like 20 colors) every 5 minutes on a 2000x1000 canvas. Because everyone shares the same canvas, communities are working together to build large pieces of art. The flipside though is that other communities/individuals can and will draw over your own drawings, so these groups are forced to ""defend"" their art. It's cool stuff.",2022-04-03 02:17:20,4
comment,We did it! Come check out JMU's spot on r/place,wtf I love JMU now,2022-04-03 01:54:24,10
comment,We did it! Come check out JMU's spot on r/place,"Here's a sneak peek of /r/place using the [top posts](https://np.reddit.com/r/place/top/?sort=top&t=year) of the year! \#1: [A serious battle between the Germans and the gays](https://i.redd.it/edvrshcydxq81.png) | [2522 comments](https://np.reddit.com/r/place/comments/ttrosj/a_serious_battle_between_the_germans_and_the_gays/) \#2: [The ultimate ongoing battle - What side are you on?](https://v.redd.it/cf4jolatvyq81) | [2127 comments](https://np.reddit.com/r/place/comments/ttyzgr/the_ultimate_ongoing_battle_what_side_are_you_on/) \#3: [12 hours of r/Place in 12 seconds](https://v.redd.it/3j88wg3hn0r81) | [4294 comments](https://np.reddit.com/r/place/comments/tu6r8i/12_hours_of_rplace_in_12_seconds/) ---- ^^I'm ^^a ^^bot, ^^beep ^^boop ^^| ^^Downvote ^^to ^^remove ^^| ^^[Contact](https://www.reddit.com/message/compose/?to=sneakpeekbot) ^^| ^^[Info](https://np.reddit.com/r/sneakpeekbot/) ^^| ^^[Opt-out](https://np.reddit.com/r/sneakpeekbot/comments/o8wk1r/blacklist_ix/) ^^| ^^[GitHub](https://github.com/ghnr/sneakpeekbot)",2022-04-03 02:17:34,1
post,What’s this hidden passage in Keezell Hall hiding? Treasure?,What’s this hidden passage in Keezell Hall hiding? Treasure?,2022-02-12 12:50:28,86
comment,What’s this hidden passage in Keezell Hall hiding? Treasure?,Keezell used to have the pool in it so I'm guessing some kind of entrance to that? There's a sheer drop into a classroom (where the pool was) on the other side of that wall,2022-02-12 13:52:32,52
comment,What’s this hidden passage in Keezell Hall hiding? Treasure?,Probably one of the patched underground tunnel entrances https://thinkyouknowjmu.wordpress.com/2011/03/31/does-jmu-really-have-an-underground-tunnel-system/ https://www.jmu.edu/centennialcelebration/tunnels.shtml,2022-02-12 13:03:53,29
comment,What’s this hidden passage in Keezell Hall hiding? Treasure?,it's where Tim hides the bodies,2022-02-12 15:12:31,26
comment,What’s this hidden passage in Keezell Hall hiding? Treasure?,"One of Alger’s old sex dungeons. They had to close it after the incident of ‘17… poor Ricky, may he Rest In Peace.",2022-02-12 14:12:39,61
comment,What’s this hidden passage in Keezell Hall hiding? Treasure?,It reminds me of Harry Potter and the 9 3/4’s entrance lol,2022-02-12 13:34:32,23
comment,What’s this hidden passage in Keezell Hall hiding? Treasure?,"Speak Roll Dukes, and Enter!",2022-02-12 18:37:52,7
comment,What’s this hidden passage in Keezell Hall hiding? Treasure?,It used to be the entrance to the in8 meeting place in the tunnels. But now they meet in the basement of Burruss. Or so I've heard,2022-02-12 19:03:28,4
comment,What’s this hidden passage in Keezell Hall hiding? Treasure?,The wheel chair ramp,2022-02-12 14:07:57,5
comment,What’s this hidden passage in Keezell Hall hiding? Treasure?,I have absolutely no idea where this entrance is,2022-02-12 15:33:23,1
comment,What’s this hidden passage in Keezell Hall hiding? Treasure?,"This is the correct answer. Keezell was the original athletic facility, and that back section was a swimming pool and a gymnasium. The space has since been converted to other uses, but vestiges of the space's original use remain.",2022-02-12 13:58:27,26
comment,What’s this hidden passage in Keezell Hall hiding? Treasure?,Entrance to Diagon Alley,2022-02-19 22:17:26,1
comment,What’s this hidden passage in Keezell Hall hiding? Treasure?,Its right next to the main entrance of carrier library,2022-02-12 16:07:03,3
post,"YSK AVA Care in Harrisonburg is a crisis pregnancy center (aka fake reproductive health centers). There are other, judgement free options available.","YSK AVA Care in Harrisonburg is a crisis pregnancy center (aka fake reproductive health centers). There are other, judgement free options available. AVA Care acts as a crisis pregnancy center in Harrisonburg but their primary mission is to convince people to not have abortions. CPC’s commonly use false medical claims to bolster their misleading arguments. Virginia CPC’s have made outrageously false claims like “condoms are naturally porous and do not protect against STI’s”, “women who have taken the birth control pill for four years prior to their first pregnancy have a 46% increased risk of breast cancer” or “if you have an abortion, you will see that child’s soul again in the future.” AVA Care’s mission is actively harmful to reproductive and mental health. In spite of those dangers, JMU has included them as a vendor for their Wellness Fair on October 5th. JMU’s tacit endorsement of this fake health center poses a danger to the JMU community. If you need access to judgement free reproductive healthcare, visit the [New River Abortion Fund](http://newriverabortionfund.org). They will be able to help connect you to the nearest provider and can even help with funding. Know that you are not alone and you have protected legal options available.",2021-09-27 09:04:55,86
comment,"YSK AVA Care in Harrisonburg is a crisis pregnancy center (aka fake reproductive health centers). There are other, judgement free options available.","Fuck CPCs. I thought lying was a sin, but these fuckers are lying to and manipulating vulnerable women into thinking that they are safe, non-judgemental spaces to recieve healthcare in order to lure them in. Then, once the woman is in an appointment, they gaslight them-about their options, about how far along they are, about developmental factors. I have heard many stories of 'providers' (if you can even call them that) across the country physically blocking women from leaving until they agree to not seek termination. Disgusting that JMU is allowing them anywhere near campus.",2021-09-27 10:19:19,25
comment,"YSK AVA Care in Harrisonburg is a crisis pregnancy center (aka fake reproductive health centers). There are other, judgement free options available.","Thanks for the heads up about Ava Care! Now I know exactly which clinic to support, Ava Care sounds like the do really good work! Thank you!",2021-10-15 16:07:35,2
comment,"YSK AVA Care in Harrisonburg is a crisis pregnancy center (aka fake reproductive health centers). There are other, judgement free options available.","Please confine your accusations to ones you know are true about AVA Care, not things you have heard happen at CPCs generally. Some of them are shit; AVA Care is not. Literally nobody who works there will say any of the examples you have given. They are up front about what they offer and truly create a nonjudgemental space.",2021-09-27 17:06:28,-15
comment,"YSK AVA Care in Harrisonburg is a crisis pregnancy center (aka fake reproductive health centers). There are other, judgement free options available.","It would be disgusting if JMU was allowing an organization perpetrating the kinds of immoral and illegal behavior that you describe onto campus. Fortunately, they aren't.",2021-09-27 17:08:42,-3
comment,"YSK AVA Care in Harrisonburg is a crisis pregnancy center (aka fake reproductive health centers). There are other, judgement free options available.","If you google “abortion Harrisonburg”, the first several links go to AVA Care sites. None of those links tell you how to access abortion and the phone number listed there also doesn’t lead you to anywhere that gives information on abortion access. In fact, AVA Care’s site does tell you about abortion pills and claims that the abortion pill can be reversed. This claim has been rejected by the American College of Obstetricians and Gynecologists as it is not supported by science nor does it meet clinical standards. Nothing I said was incorrect.",2021-09-27 18:14:57,7
comment,"YSK AVA Care in Harrisonburg is a crisis pregnancy center (aka fake reproductive health centers). There are other, judgement free options available.","So now your objection is that Google's algorithm offers their website first and that the information you are looking for isn't there. That seems fair. It's clear you have no actual experience with the place you are smearing, and the overt and implied accusations your OP made are just plain wrong. That's the sum total of my objection - that you don't actually know what you're talking about.",2021-09-27 19:00:25,-6
comment,"YSK AVA Care in Harrisonburg is a crisis pregnancy center (aka fake reproductive health centers). There are other, judgement free options available.","You have no right to assume what experience my friends, family, and I have had with them. I said what I said and people can form their own conclusions.",2021-09-27 19:15:01,2
post,JMU COVID-19 Dashboard (Updated Weekdays at 5pm),JMU COVID-19 Dashboard (Updated Weekdays at 5pm),2020-08-25 13:58:07,88
comment,JMU COVID-19 Dashboard (Updated Weekdays at 5pm),"Keep in mind that in order to get the total number of positives in the JMU community, you must look at both the self-reported *and* the positive UHC tests.",2020-08-25 14:55:49,38
comment,JMU COVID-19 Dashboard (Updated Weekdays at 5pm),It’s interesting that they’d leave out all the positive reports since August 17th....,2020-08-25 15:49:57,34
comment,JMU COVID-19 Dashboard (Updated Weekdays at 5pm),"I work in analytics and have built a few COVID related dashboards for my employer. Jeez, they have a pie chart and call it a dashboard? Lol!",2020-08-25 19:15:00,22
comment,JMU COVID-19 Dashboard (Updated Weekdays at 5pm),Requiring students to self-report is not a great method for “stopping the spread.”,2020-08-25 16:06:31,17
comment,JMU COVID-19 Dashboard (Updated Weekdays at 5pm),lol it's at 390 now,2020-08-31 10:22:04,6
comment,JMU COVID-19 Dashboard (Updated Weekdays at 5pm),"[The Breeze's Dashboard, updates by 11am on weekdays](https://www.breezejmu.org/news/coronavirus/)",2020-09-01 19:06:28,1
comment,JMU COVID-19 Dashboard (Updated Weekdays at 5pm),"How many were hospitalized, or even showed major symptoms? Vs just “tested positive”",2020-09-07 07:38:05,2
comment,JMU COVID-19 Dashboard (Updated Weekdays at 5pm),I wonder why Virginia Department of Health is not showing JMU's outbreak (see by locality) [https://www.vdh.virginia.gov/coronavirus/coronavirus/covid-19-in-virginia-outbreaks/](https://www.vdh.virginia.gov/coronavirus/coronavirus/covid-19-in-virginia-outbreaks/),2020-09-02 14:03:47,1
comment,JMU COVID-19 Dashboard (Updated Weekdays at 5pm),"Which is not a great way to publish the data. Eventually (or already) there will be students who have been tested more than once, and then you can't simply add the number of UHC *tests* to the number of self-reported *cases* to get one number. It should be UHC *cases* + self-reported *cases* = total *cases*. One number. Every other Virginia school is tracking tests or cases, but not mixing and matching like this.",2020-08-25 15:42:59,26
comment,JMU COVID-19 Dashboard (Updated Weekdays at 5pm),"I found that interesting too. Do you think that’s the last day someone reported a positive case? Because they say it’s updated everyday, Mon-Fri.",2020-08-25 16:19:46,14
comment,JMU COVID-19 Dashboard (Updated Weekdays at 5pm),It seems misleading and... is it just a screenshot of an excel file?,2020-08-25 21:39:04,13
comment,JMU COVID-19 Dashboard (Updated Weekdays at 5pm),"There is no other choice due to privacy laws. If the test wasn't administered at UHC, JMU has no way of knowing unless the student self-reports it to the university.",2020-08-25 16:30:27,21
comment,JMU COVID-19 Dashboard (Updated Weekdays at 5pm),"500+ now, just made the local nbc news",2020-09-02 13:57:37,1
comment,JMU COVID-19 Dashboard (Updated Weekdays at 5pm),"Not entirely correct: tests performed off-campus will be reported on the dashboard *if (and only if)* the student self-reports it to JMU. It's tracked on the left bottom under ""self-reported cases.""",2020-08-25 14:07:24,6
comment,JMU COVID-19 Dashboard (Updated Weekdays at 5pm),I’ve looked into this question many times and can’t find any information. I’m guessing if there were any significant hospitalizations there would be some reporting of it.,2020-10-15 06:20:17,3
comment,JMU COVID-19 Dashboard (Updated Weekdays at 5pm),"I would guess it's harder to guarantee privacy if you asked UHC to report on positive cases. Or at least, puts a greater burden on their end for reporting. Reporting the number of positive tests is much easier, though definitely less useful info.",2020-08-25 17:32:08,5
comment,JMU COVID-19 Dashboard (Updated Weekdays at 5pm),"I think it shows they either don’t know how many students are positive, or don’t want to say the real number.",2020-08-25 20:34:41,14
comment,JMU COVID-19 Dashboard (Updated Weekdays at 5pm),"Honestly it looks like something you could do via excel. Seeing as how they used this as an excuse to not give the data to the Breeze, I expected more. Honestly if I were working on something like this, I’d pull in JMU results with the asterisks indicating it’s self-reported, but I’d include the data coming out of Harrisonburg proper that you can get from VDOH, which is probably telling the full story. I’d have stuff where you can filter between the two online.",2020-08-26 00:09:32,8
comment,JMU COVID-19 Dashboard (Updated Weekdays at 5pm),you're right my bad,2020-08-25 14:07:59,2
comment,JMU COVID-19 Dashboard (Updated Weekdays at 5pm),context matters with this virus to accurately assess it,2020-10-15 21:58:29,2
comment,JMU COVID-19 Dashboard (Updated Weekdays at 5pm),I mean the reason they draw the data like that is to make it harder to visualize the # of cases. Oh wow look only 4 cases and look how small that little pie chart is! (ignore the 30 cases hidden at the bottom) It's embarrassing.,2020-08-25 19:15:50,8
comment,JMU COVID-19 Dashboard (Updated Weekdays at 5pm),"VCU, Longwood, and the Virginia Department of Health all track cases. I don't think it's a privacy issue.",2020-08-25 20:06:56,8
post,JMU places first at national collegiate wind energy competition GO DUKES!,JMU places first at national collegiate wind energy competition GO DUKES!,2020-06-24 15:02:15,85
comment,JMU places first at national collegiate wind energy competition GO DUKES!,Who hasn’t seen the MRDs!?!? We had this in the bag!,2020-06-24 15:21:43,5
comment,JMU places first at national collegiate wind energy competition GO DUKES!,Especially with those tuba players... mmm yes.,2020-06-24 16:35:41,1
post,Which one of you is this?,Which one of you is this?,2018-12-11 13:02:51,85
comment,Which one of you is this?,Jesus I've seen this a million times but I never saw the JMU emblem on the right before.,2018-12-11 13:39:47,57
comment,Which one of you is this?,H o l y f u c k,2018-12-11 15:57:43,20
comment,Which one of you is this?,J! M! U! dukes...,2018-12-11 21:48:57,16
comment,Which one of you is this?,Things like this make me regret transferring out,2018-12-11 22:01:09,9
comment,Which one of you is this?,We had a good run! Time to run away now.,2018-12-11 22:14:42,7
comment,Which one of you is this?,"Good emblem-spotting, man.",2018-12-11 17:10:33,7
comment,Which one of you is this?,"Oof, I feel so bad for everyone who had to sit through that.",2018-12-11 21:10:17,11
comment,Which one of you is this?,"😦 I once had a public speaking class there in which my class was told to pick an aspect of our personalities and make a jokingly self-deprecating presentation around it. Some people chose being single, being a cheerleader, etc. stuff you could stereotype. I chose being an anime nerd, but even jokingly, I wouldn’t have done something like this.",2018-12-12 10:09:49,4
comment,Which one of you is this?,"I looked up this meme because I didn't think it was legit, but I stand corrected.",2018-12-12 12:44:20,2
comment,Which one of you is this?,"Same, guess it’s time to transfer",2018-12-11 14:26:22,26
comment,Which one of you is this?,Oh man I was hoping that story was going in a different direction where this was you 😤,2018-12-12 12:02:45,3
comment,Which one of you is this?,I don’t have no waifus. I have hasubandosu XD,2018-12-12 13:15:33,1
post,when bae messages you,when bae messages you,2018-11-15 11:49:49,86
comment,when bae messages you,And then when your professor emails you at 6:30 am saying that the 9:00-11:30 am class she teaches is *not* cancelled & will be starting at 10. People in that class drive from as far as Williamsburg. Guess who's still required to be there?,2018-11-16 07:55:47,1
post,So I just made some hats... What do y'all think? :),So I just made some hats... What do y'all think? :),2021-04-02 09:48:58,85
comment,So I just made some hats... What do y'all think? :),Ok OP so..... you selling?,2021-04-02 13:36:55,9
comment,So I just made some hats... What do y'all think? :),Aren’t you tie-dye Dan?,2021-04-02 14:00:08,13
comment,So I just made some hats... What do y'all think? :),"Don’t buy from tie dye dan, he’s an anti-democratic creep who uses the n-word and pretends it’s all a “conservative viewpoint”",2021-04-02 23:18:16,18
comment,So I just made some hats... What do y'all think? :),this the dude who argues with his mom via his facebook comments,2021-04-03 19:29:08,5
comment,So I just made some hats... What do y'all think? :),Not a fan of tie dye dan,2021-04-02 19:31:16,10
comment,So I just made some hats... What do y'all think? :),"Kids have been saying “big duke energy” since last year. Honestly, make your own design and make a patch in the makery using their machine. You’re not stealing his idea. Don’t buy from him, he’s racist and anti-democratic, all under the guise of being “conservative.”",2021-04-02 23:41:35,11
comment,So I just made some hats... What do y'all think? :),"Hell yeah I am. Shoot me a message if you want one. They're $25 and I take cash, venmo, cashapp and card if you don't have any of those. I can drop it off to you for free if you're local too :)",2021-04-02 14:26:22,-5
comment,So I just made some hats... What do y'all think? :),"That's a Texas sized 10-4, my friend",2021-04-02 14:24:53,-11
comment,So I just made some hats... What do y'all think? :),"If you dislike someone purely because of the fact that they hold conservative viewpoints, you need to reevaluate yourself. It's likely you have an opinion based upon limited information. I'm happy to answer any of the questions you may have for me. You have the right to say and do whatever you feel is right, just know I wish you nothing but peace and blessings 😊✌️",2021-04-02 19:41:26,-13
comment,So I just made some hats... What do y'all think? :),How does this prove that?,2021-04-02 12:20:14,-2
comment,So I just made some hats... What do y'all think? :),"Good looking out boss, I just got caught up!",2021-04-02 23:56:53,3
comment,So I just made some hats... What do y'all think? :),No the problem is that you supported insurrection. Get over yourself.,2021-04-02 20:58:33,16
comment,So I just made some hats... What do y'all think? :),Conservative viewpoints doesn’t equate to absolute disrespect for the democratic system my friend. Grow up.,2021-04-03 00:38:05,8
comment,So I just made some hats... What do y'all think? :),"> I wish you nothing but peace and blessings Lol, would you leave this sub peacefully if we voted you out?",2021-04-03 08:59:00,6
comment,So I just made some hats... What do y'all think? :),😂😂😂 thank you,2021-04-02 12:38:33,-4
comment,So I just made some hats... What do y'all think? :),"Why does my existence bother you? Have you ever spoken to me? Have you ever met me? It seems as though you are forming an opinion based upon the opinion of others. You and I both understand that reddit is a large circle jerk. That's fine, but it's a good habit to reserve judgment until you get information from the source. I'm happy to answer any and all questions you have for me... but if you want to continue to blindly hate me, that's your prerogative :)",2021-04-03 09:43:26,-3
comment,So I just made some hats... What do y'all think? :),"And considering that the person deleted their comment, I think that they know that they're busted.",2021-04-02 12:42:54,-1
comment,So I just made some hats... What do y'all think? :),"I didn't get to read the whole comment since they deleted it so quickly, but I'm going to assume they said something politically charged about me being a bigot or something? Lol.",2021-04-02 12:44:04,-2
comment,So I just made some hats... What do y'all think? :),Yep - they claimed that it was something related to the January 6 incident at the Capitol. Here is what that fool wrote: https://www.removeddit.com/r/jmu/comments/mikr36/so_i_just_made_some_hats_what_do_yall_think/,2021-04-02 15:18:42,-1
post,The Athletics Portion of Our Comprehensive Fee is the Only Thing Keeping the Athletics Program Alive,"The Athletics Portion of Our Comprehensive Fee is the Only Thing Keeping the Athletics Program Alive This is a bit of a messy topic, but I wanted to know the general consensus around this and at the very least, raise some awareness about this. [2019 Athletics Financial Report](http://www.apa.virginia.gov/reports/JamesMadisonUniversityNCAA2019.pdf) | [2020 - 2021 Comprehensive Fee Breakdown](https://www.jmu.edu/ubo/rates-breakdown.shtml) In 2019, the JMU athletics program was able to generate $11,127,938 in operating revenues. The five largest revenue producers were: 1. Contributions - $3,102,975 2. Ticket Sales - $2,992,676 3. NCAA distributions - $1,671,937 4. Royalties/licensing/ads/sponsors - $1,027,268 5. Other revenue - $819,984 On the opposite side of the coin, in 2019, the JMU athletics program incurred $52,704,654 in operating expenses. The five largest costs were: 1. Athletic student aid - $9,321,388 2. Staff/administration - $8,468,210 3. Athletic facility debt service - $6,543,220 4. Coaching salaries/bonuses - $6,497,229 5. Overhead and admin expenses - $5,340,529 This incurs a **debt of $41,576,716** for the 2019 fiscal year. You might be asking yourself how the school could possibly afford to continue running athletic programs if they're hemorrhaging tens of millions of dollars a year. The answer? Your wallet. **In 2019, JMU student fees accounted for $41,576,716, or 78.8% of our athletics program's operating revenue.** The JMU Schedule of Revenues and Expenses allocates student fees to cover **ANY athletic operating deficit.** I guess it's worth mentioning that if revenues ever exceed expenses, fees are reduced and excess is given to the school's general auxiliary reserve. So if our athletic program ever turns a profit, we get the privilege of paying less and the leftover goes straight to the school's piggy bank. What does this mean for you however? Almost half of your comprehensive fee this year is paying for a program that would bankrupt the school if you didn't pay $2,159 a year. A couple takeaways from me: 1. I don't blame student athletes for this. I believe that offering scholarships for outstanding performance, in any area is a great way to promote higher education while simultaneously allowing students to follow their dreams. 2. I think it's incredibly scummy for the school to list our fees as an operating revenue, when in actuality it's only purpose is to cover the insane debt this produces. 3. [When 37% of our undergrads take on an average of $6,120 in loans to pay for an education here](https://www.collegefactual.com/colleges/james-madison-university/paying-for-college/student-loan-debt/#:~:text=The%20Average%20Loan%20Amount%20for,education%2C%20averaging%20%246%2C210%20per%20year), it's absurd to me that a third of the loans they're taking on just goes to cover more debt.",2021-02-03 12:16:50,84
comment,The Athletics Portion of Our Comprehensive Fee is the Only Thing Keeping the Athletics Program Alive,I am of the belief that we should not be paying for athletics that students A. Can't normally participate in and B. Students can't attend the sport events,2021-02-03 12:58:09,45
comment,The Athletics Portion of Our Comprehensive Fee is the Only Thing Keeping the Athletics Program Alive,"Here's my take. We (JMU) are an institution of higher learning. We're not a gym. We're not a sports club. The vast majority of my academic fees should be going to faculty and staff. It's literally in the name. I have a problem being told that I have to cover debt for a sports program that's hemorrhaging money, just as I had a problem being told that part of the room/board money I was due was going to instead be used to cover debt for the construction on D-Hall and Jennings. That's gross mismanagement on the part of JMU's finance team and it's not my fault that they messed up. Same deal. It's not my fault that the athletics team doesn't know how to manage money, so I shouldn't have to cover their butts. JMU, and a bunch of other schools, keep saying football is going to make them money. It sounds to me like they stand to gain a lot more money if college conferences were to start operating teams out of local gyms or sports clubs. Not just football, either -- basketball, volleyball, baseball, the whole gamut. I'm so sick of higher education institutions being made into sports clubs. That's not what we are, and I hate that it's gotten to a point where a school gets the spotlight through the sports teams and is so adamant about their sports that they decide it's okay to make students cover the money they lose. If I have to take out a bunch of student loans, I'd rather be paying for a beloved professor's retirement pension. We need to put the focus back on education, and research, and opportunities for both students and faculty. That's the whole point of higher education, and that's what we need to get back to. (I apologize for the rant, everyone. I've felt a lot a ways about the emphasis higher ed institutions put on college sports for years.)",2021-02-03 14:27:08,32
comment,The Athletics Portion of Our Comprehensive Fee is the Only Thing Keeping the Athletics Program Alive,"So, interestingly enough, There was a law passed back in 2015 that will force JMU to reduce the funding of athletics from student fees, though only down to 70%. [https://www.pilotonline.com/sports/article\_337e7bec-d46e-5e15-bba6-6fc8de3a5f01.html](https://www.pilotonline.com/sports/article_337e7bec-d46e-5e15-bba6-6fc8de3a5f01.html) This goal is supposed to be met by July 1 of this year. I'm unsure of any developments on this since then, or if there will be grace given because of COVID, but this issue definitely is not a new one. JLARC did a study on student fees and we got legislation out of it. How much that legislation will do is up for debate. In case anyone is interested in the report: [http://jlarc.virginia.gov/pdfs/reports/Rpt461.pdf](http://jlarc.virginia.gov/pdfs/reports/Rpt461.pdf)",2021-02-03 14:24:54,13
comment,The Athletics Portion of Our Comprehensive Fee is the Only Thing Keeping the Athletics Program Alive,So what can we do about this? Its infuriating honestly do we all do a collective strike or like???,2021-02-03 21:52:24,2
comment,The Athletics Portion of Our Comprehensive Fee is the Only Thing Keeping the Athletics Program Alive,"Ok, I'm going to play devils advocate here. Assuming you want to stop funding all sports activities: Have you considered that sports count as advertising for a school? Or that our sports programs have produced professionals which often times means them paying back ten fold. Not to mention there'd be a significant loss of spirit, which is something I enjoy thoroughly. Assuming you are suggesting a cutback in spending: Gotta spend money to make money...? Idk",2021-02-03 22:44:01,-8
comment,The Athletics Portion of Our Comprehensive Fee is the Only Thing Keeping the Athletics Program Alive,I especially agree with B - it’s absurd that we’re still paying for all these costs while there should be no reason to be incurring such a debt during a pandemic - while usually the only payoff we as students gets comes from being able to attend events.,2021-02-03 13:03:37,17
comment,The Athletics Portion of Our Comprehensive Fee is the Only Thing Keeping the Athletics Program Alive,"I stopped reading after you said ""we are an institution of higher learning, not a gym"" because thats what having sports teams implies? My fault, I guess all those Ivy League schools don't have sports teams then right?",2021-02-03 22:48:12,-14
comment,The Athletics Portion of Our Comprehensive Fee is the Only Thing Keeping the Athletics Program Alive,How would we strike? I'm so curious now.,2021-02-03 22:55:56,5
comment,The Athletics Portion of Our Comprehensive Fee is the Only Thing Keeping the Athletics Program Alive,"First of all, don't claim you're playing devils advocate if you actually hold the belief that you're arguing. 1. Advertising for a school - Even if JMU athletics were enough to sway someone in the college decision process to come here I'd argue that that is irrelevant. I'd so much rather have our school become known for academics and research prestige than our football teams. 2. Producing professionals - JMU has a list of all our athletes that have gone pro [here](https://jmusports.com/sports/2020/6/29/dukes-in-the-pros.aspx). Just quickly counting I see less than 50 names there mostly across 7 major sports, with one athlete in two others. ""Paying them back tenfold"" - Considering the school is investing $52,000,000 in our athletes, if it actually paid us back by any considerable margin, this post probably wouldn't have to exist. 3. Significant loss of spirit - This is a fair claim and I never called for the abolition of college sports. If ""spirit"" is costing me $2,000 every year on top of paying tuition and all other fees - call me spiritless. 4. ""Spend money to make money"" - Check this [post](https://www.reddit.com/r/jmu/comments/lbsld0/the_athletics_portion_of_our_comprehensive_fee_is/?utm_source=share&utm_medium=web2x&context=3) out to know how much money we're ""making""",2021-02-03 23:16:14,11
comment,The Athletics Portion of Our Comprehensive Fee is the Only Thing Keeping the Athletics Program Alive,"I do wonder what % of the athletics fees are actually facilities maintenance, security, and property taxes. Probably 10% of Harrisonburg is JMU sports facilities.",2021-02-04 09:40:20,3
comment,The Athletics Portion of Our Comprehensive Fee is the Only Thing Keeping the Athletics Program Alive,"Ivy League schools depend on the research they produce to advertise their merits as a school, not their sports teams. I don't hear squat about Yale football unless I'm watching Gilmore Girls.",2021-02-03 22:54:31,10
comment,The Athletics Portion of Our Comprehensive Fee is the Only Thing Keeping the Athletics Program Alive,You're my hero. Thank you SO MUCH.,2021-02-03 23:30:44,6
comment,The Athletics Portion of Our Comprehensive Fee is the Only Thing Keeping the Athletics Program Alive,">1. Advertising for a school - Even if JMU athletics were enough to sway someone in the college decision process to come here I'd argue that that is irrelevant. I'd so much rather have our school become known for academics and research prestige than our football teams. I'd argue that athletics have the *potential* to significantly improve academics and research prestige at schools, since we've seen it happen at other places and arguably, at JMU. Obviously it depends on how those funds are ultimately distributed but take for instance, to use a local example. Tech was a marginal school academically until their football team gave them a national profile, and now they are considered a national destination as a research school. >2. Producing professionals - JMU has a list of all our athletes that have gone pro here. Just quickly counting I see less than 50 names there mostly across 7 major sports, with one athlete in two others. ""Paying them back tenfold"" - Considering the school is investing $52,000,000 in our athletes, if it actually paid us back by any considerable margin, this post probably wouldn't have to exist. I don't think relying on donations from professional athletes is a very convincing argument given how few JMU athletes go pro, although I also don't think it can be ignored that JMU affords some student athletes academic opportunities that might not otherwise have been available to them if not for sports. >3. Significant loss of spirit - This is a fair claim and I never called for the abolition of college sports. If ""spirit"" is costing me $2,000 every year on top of paying tuition and all other fees - call me spiritless. I'm with you here. ""Spirit"" is worth something but I'm not sure it's worth what students have to pay in athletic fees. >4. ""Spend money to make money"" - Check this post out to know how much money we're ""making"" The vast majority of athletic departments don't make a profit so this doesn't seem like a great argument. Having said all that I know that many students, on this sub in particular, have a hate boner for athletics so it always seems to be a bit of a loaded discussion on this topic, although when I think more about it athletics fees seem more to be more of a symptom of the larger racket that is higher education to begin with. I think athletics is often a convenient scapegoat because it frankly is weird that so much money at schools is used on sports and most students aren't also athletes, but it's part of a larger problem associated with the cost of college in general. I think most students would prefer not to think about that though and I can't blame them Edit: TL;DR I think there's some value to athletics, albeit significant problems which could also be attributed to higher ed in general",2021-02-04 11:07:07,2
comment,The Athletics Portion of Our Comprehensive Fee is the Only Thing Keeping the Athletics Program Alive,"Didn't come here to argue, and truly am playing devils advocate... but go ahead, tell me what I believe.",2021-02-03 23:19:21,-7
comment,The Athletics Portion of Our Comprehensive Fee is the Only Thing Keeping the Athletics Program Alive,If I’ve misunderstood where you stand here that’s on me - I was going based off the tone of your other reply on this post. So you are in favor of cutting spending and taking the financial burden off the student’s shoulders?,2021-02-04 01:03:18,1
comment,The Athletics Portion of Our Comprehensive Fee is the Only Thing Keeping the Athletics Program Alive,"Lmao y'all are out here tryna gang up on me. 1. Yes, hence me saying I'm playing devils advocate and telling you not to tell me my opinion. 2. I replied to the other comment that way because regardless of what you believe comparing a university to a gym because it has sports is dumb. 3. I hope you think i would come up with better arguments then ""Gotta spend money to make money..."" and would spend the time. 4. I saw a post that was largely one-sided rants and thought that putting some arguments for the otherside would make sense, but clearly opposing arguments are not welcome here even when the person starts off by saying they're playing devils advocate. I'll show myself out.",2021-02-04 07:31:48,6
post,Frog Week 2: Pandemic Boogaloo,Frog Week 2: Pandemic Boogaloo,2020-03-13 16:54:44,84
comment,Frog Week 2: Pandemic Boogaloo,"But in all seriousness, no party is worth endangering the greater community of Harrisonburg. You might be fine, but the impoverished, sick, and old might not be.",2020-03-13 17:24:40,88
comment,Frog Week 2: Pandemic Boogaloo,Hey I get that reference,2020-03-13 23:21:05,4
comment,Frog Week 2: Pandemic Boogaloo,"Shut up narc, it’s darty szn 😎",2020-03-13 17:36:12,9
comment,Frog Week 2: Pandemic Boogaloo,corona = boomer remover lez get it,2020-03-13 17:42:44,-24
post,"Frat house throwing up nazi salutes, using hate speech, etc?","Frat house throwing up nazi salutes, using hate speech, etc? I saw this on the Harrisonburg subreddit. Does anyone know if this is true, and if so, does anyone have proof? If so I’d like to notify JMU officials immediately. https://www.reddit.com/r/harrisonburg/s/1QTpj52CHt",2025-03-15 19:58:24,85
comment,"Frat house throwing up nazi salutes, using hate speech, etc?",Pike has been acting like that for a while now. I graduated in 2016 and they were known as the frat that always roofies girls and known for being the racist frat. All of my friends were told freshmen year by the frogs to not go to pike parties. There were many instances of girls getting roofied and it being ignored by the school.,2025-03-15 20:47:36,75
comment,"Frat house throwing up nazi salutes, using hate speech, etc?",The videos are going directly to Administration as to be cautious of people who just happen to be there is my understanding. I actually appreciate that as a person who has been around idiots and doesn’t want to be associated with the idiots.,2025-03-16 20:47:18,6
comment,"Frat house throwing up nazi salutes, using hate speech, etc?","Pike barely lasted a year at my university, because they hazed guys by shooting baseballs at high speeds into their chest and stomach. Their recruitment video was embarrassingly hilarious and can still be found on youtube, but they've always been pieces of shit. Not surprised by this info at all",2025-03-17 10:59:35,6
comment,"Frat house throwing up nazi salutes, using hate speech, etc?",I think people do this to get a rise out of people,2025-03-15 20:30:21,8
comment,"Frat house throwing up nazi salutes, using hate speech, etc?",Stumbled across this but we had Pike at UMD while I was there. Known for slipping roofies into girls’ drinks. We always said “can’t spell spike without Pike.” Doesn’t surprise me.,2025-03-18 15:14:33,2
comment,"Frat house throwing up nazi salutes, using hate speech, etc?","JMU frat boys being nazis, is this news?",2025-03-16 01:04:27,2
comment,"Frat house throwing up nazi salutes, using hate speech, etc?",Pike? Or PBX? I know PBX isn’t recognized but sounds right up their alley.,2025-03-16 19:43:44,1
comment,"Frat house throwing up nazi salutes, using hate speech, etc?","Report them immediately, tell your friends who are anti-nazi and if they try it. Well.... you know what to do.",2025-03-18 21:26:26,1
comment,"Frat house throwing up nazi salutes, using hate speech, etc?","That doesn’t surprise me at all, it’s a social frat, what do you expect?",2025-03-15 20:03:16,-44
comment,"Frat house throwing up nazi salutes, using hate speech, etc?",I bet you’re fun at parties,2025-03-16 22:41:32,-11
comment,"Frat house throwing up nazi salutes, using hate speech, etc?",Still?!? I’ve been out of college for many moons and Pikes were know as the rapey frat. I’ve met people from many other states and it seemed to be a nationwide phenomenon.,2025-03-20 00:40:17,2
comment,"Frat house throwing up nazi salutes, using hate speech, etc?","You let one nazi into your frat, before you know it you have a nazi frat. You let one nazi frat into your university, before you know it you have a nazi university.",2025-03-15 22:40:20,5
comment,"Frat house throwing up nazi salutes, using hate speech, etc?",They were trash in 2000 also.,2025-03-19 14:06:28,1
comment,"Frat house throwing up nazi salutes, using hate speech, etc?",They were trash in 2000 also.,2025-03-19 14:06:33,1
comment,"Frat house throwing up nazi salutes, using hate speech, etc?",Yeah that’s good to hear and I totally understand that.,2025-03-16 22:59:22,1
comment,"Frat house throwing up nazi salutes, using hate speech, etc?",Permission accepted,2025-03-16 00:00:20,0
comment,"Frat house throwing up nazi salutes, using hate speech, etc?",Ironic Nazis are still Nazis,2025-03-16 08:03:56,54
comment,"Frat house throwing up nazi salutes, using hate speech, etc?",...and they should be thrown out of school for it. How's that for a rise?,2025-03-17 17:24:19,5
comment,"Frat house throwing up nazi salutes, using hate speech, etc?",Exactly. Some people are too focused on hate themselves to see it.,2025-03-16 12:04:06,3
comment,"Frat house throwing up nazi salutes, using hate speech, etc?",I don’t think it should be normalized,2025-03-16 01:18:19,41
comment,"Frat house throwing up nazi salutes, using hate speech, etc?",I’ve heard of frats doing worse things than throwing up Nazi salutes,2025-03-15 20:30:38,7
comment,"Frat house throwing up nazi salutes, using hate speech, etc?","https://preview.redd.it/cj68f0pus4pe1.jpeg?width=447&format=pjpg&auto=webp&s=29b06cac3ad573e517795acdc8ebc37f20743fd8 Gotta be members of the frat down voting this, right? No fathomable reason besides that, to me",2025-03-16 18:53:44,8
comment,"Frat house throwing up nazi salutes, using hate speech, etc?","Most frats are basically nazi frats. All of these groups of young white men “brothers” living together, most are all Trump supporters and that by default makes them at least supporters of fascism and probably nazis since Trump is so accepting of Elon Musk.",2025-03-15 23:59:09,-21
comment,"Frat house throwing up nazi salutes, using hate speech, etc?",This text was edited using Ereddicator.,2025-03-18 04:29:27,2
comment,"Frat house throwing up nazi salutes, using hate speech, etc?","People like attention, this is giving it to them",2025-03-17 18:15:37,1
comment,"Frat house throwing up nazi salutes, using hate speech, etc?","No it shouldn’t. And I wish something would be done about it but as a student here I know nothing will, which really sucks",2025-03-16 01:28:51,9
comment,"Frat house throwing up nazi salutes, using hate speech, etc?","you need psychiatric help. we cannot be living in the same reality. nazis hate trump, and especially elon. they are not ethnonationalists, they want to bring a bunch of h1b indians here. to equate trump or elon to nazis is profoundly ignorant, and profoundly offensive to both parties. please start getting your information about the far right from the actual far right, and stop echoing the deranged and delusional narrative of reddit leftists on r/politics.",2025-03-16 18:59:47,-8
comment,"Frat house throwing up nazi salutes, using hate speech, etc?","I’m trying to do something. The first step is making sure it’s true, which is why I was asking for proof.",2025-03-16 07:35:59,15
comment,"Frat house throwing up nazi salutes, using hate speech, etc?","Cognitive dissonance at its finest. All the signs are right in front of you and yet the mental gymnastics is in full swing to justify what we’re all seeing in real time. As a basic econ lesson: Migrating immigrants to bring up the supply of labor, is simply to lower the demand of many specialized skills and the cost of paying for said labor. Economically suppressing immigrants ability to mobilize is quite in the same vain with these disgusting nazis. They move here, but still live as second class citizens. There is nothing altruistic about bringing in immigrants to short the cost of labor, and pay said immigrants a fraction of the price for work Americans have been doing for decades. You are actively being screwed over by your own faction, and can’t even admit it.",2025-03-17 11:32:15,4
comment,"Frat house throwing up nazi salutes, using hate speech, etc?","i'm confused. you just made a lot of anti-immigration arguments. so you're arguing against immigration? but also saying that to be against immigration is akin to ""disgusting"" naziism? what? also, i don't need an econ lesson. i have a business degree and i am already aware of the points you made... they are a large part of the reason why i don't support third world immigration. how am i being screwed over by my own faction? how do you know what faction i belong to? my faction is against ALL immigration. you don't need to convince me lol",2025-03-17 12:38:37,0
comment,"Frat house throwing up nazi salutes, using hate speech, etc?","Your ideology is based on pushing an agenda so I can understand why you’re confused. There is nothing anti-immigration about wanting immigrants to have the equitable opportunities for economic mobilization as Americans. Permanently stagnated opportunities for income growth in a sector and then bringing in immigrants to do those jobs is NOT advantageous to them. The immigration system needs so much work, in order to make it more efficient and more accessible for people to actually get visas and green cards into the United States. Rather than investing in THAT the current administration is promoting a program that simply drives down the cost of labor in the tech industry specifically…. This is obviously a strategy being used to benefit a very specific type of American. Who was also just throwing up nazi salutes on a very public stage, but I guess that was just a sneeze or whatever to you weirdos who see what you want to see. Like I said: cognitive dissonance.",2025-03-17 12:53:55,2
comment,"Frat house throwing up nazi salutes, using hate speech, etc?","Don't all ideologies aim to push an agenda...? Still, I think I understand now. You think I oppose illegal immigration but support H1Bs. You think I support what Elon is up to. This is where you are wrong: I do not support H1Bs, and I do not like Elon. Though I never said anything that suggested my position on this at all, so I don't know why you wasted so much time trying to convince me out of a belief I didn't hold in the first place? That said, Elon is obviously not a Nazi, nor do his politics lie anywhere close to the NSDAP. I don't know if he was actually doing a Roman salute or not (I'm personally leaning towards no), but even if he was I'm sure he had some strange, autistic reason to do so. What I know for sure is that Elon is 100% a normie, boomer conservative. He vehemently opposes Nazis. His beliefs are in complete contradiction to those of Nazis. Calling people Nazis when there is nothing but a small amount of subjective evidence that points in that direction, and so much evidence that suggests otherwise, is extremely ignorant, and totally diminishes the gravity of such an accusation. And the funny thing is, you have something in common with him: Elon calls people Nazis (/neg) when they disagree with him, too! You and I oppose flooding the job market with third worlders for partially the same reason, except I solely care about how it affects American workers, and you care more about how it affects migrants (whose interests are obviously in conflict with ours; you cannot support both sides). Elon supports legal immigration because he cares more about the interests of BigTech than he does American workers. Trump is a politician and must cater to several conflicting interest groups, often riding the fence, and always trying to appear somewhat moderate. Personally, I don't care what's advantageous or harmful to working class migrants OR highly skilled migrants. I only care what's advantageous to the American working class. Likewise, I don't care what is advantageous or harmful to American corporations– because they tend to prey on the American working class, which is my primary interest group. I don't know if you decided your interest group was immigrants>Americans on purpose because you yourself are not a heritage American, but if this is not the case I strongly suggest you make a clear decision about who you are fighting for. Lastly, I want to say that although I don't share the MAGA position of the anti-illegal immigration pro-legal immigration duality, I think it's obvious that they did not align themselves with those beliefs for the sake of American corporations the way Elon (or perhaps even Trump) has. They identify that way because they care about law and order, so the illegal vs. legal distinction is a big deal to them. It is disrespectful to cross our border without permission, and it's dangerous for the United States to have such weak border security that they have been able to do so in the numbers they have. Conversely, they don't oppose legal immigration, because they see value in immigration for diplomatic and economic reasons, so long that the United States maintains strict control over who is coming in: the process should be long, difficult, restrictive, and each individual should be thoroughly vetted. So, they like H1Bs because it appears to promise to bring in only the most talented people, and they believe this to be a small pool of individuals who are of good character. It makes sense from a shallow perspective, and most people don't care about politics enough to really think about the nuances or shortcomings of such a system. There is no cognitive dissonance, they just care more about the big picture and their priorities do not lie with specific interest groups (still, I find this to be a flaw).",2025-03-17 15:42:53,-2
comment,"Frat house throwing up nazi salutes, using hate speech, etc?",This is a whole lot of nothing,2025-03-20 05:45:46,0
post,Hundreds of students gathering on the JMU Quad for a candlelight vigil following the past two weeks’ events.,Hundreds of students gathering on the JMU Quad for a candlelight vigil following the past two weeks’ events.,2022-02-07 21:01:31,84
comment,Hundreds of students gathering on the JMU Quad for a candlelight vigil following the past two weeks’ events.,"Forgive me, but apparently, I've been out of the loop. What happened over the last two weeks?",2022-02-08 02:27:54,10
comment,Hundreds of students gathering on the JMU Quad for a candlelight vigil following the past two weeks’ events.,"one duke passed away by suicide, another suicide on campus, VT shooting at a bar near campus and two bridgewater campus police were shot",2022-02-08 02:37:02,22
comment,Hundreds of students gathering on the JMU Quad for a candlelight vigil following the past two weeks’ events.,two JMU student suicides? I know there was an attempt on campus but what’s the context of the other one?,2022-02-08 16:31:48,-4
post,PSA: don't live in the Mill,"PSA: don't live in the Mill The mill has become exceptionally worse as time has gone on. I have lived there for 3 years and I'm so glad I'm escaping this year. I personally had enough from their constant attempts to scam their residents, but now I found out that they are having people write fake reviews and now boast that they are the ""highest rated off-campus community at JMU"" and it's frankly disgusting. This now warrants a warning to anyone else who might fall for it. Mold, leaks, generally falling apart Scams they have tried on me: Cashing my rent check late, then charging me a $75 late fee without telling me, then considering that fee an ""unresolved balance"", therefore charging an extra late fee at the end of the next month. Luckily I was able to prove that I sent the rent on time, or I would have been charged $300 over 4 months. They also tried to claim that one of our chairs that was damaged by a cat was our fault, even though there has never been a cat in our apartment. They knew that this was the case as well, because my roommate's form at the beginning listing damages said ""damaged chair"". They still tried to fight it though, claiming that ""damaged chair wasn't specific enough and therefore we still *may* be charged. They kept it vague because they didn't want us to fight it too hard. I knew that I had listed more specifics on my own form, so we made them find mine. My wording was better, so they at least couldn't take advantage of us this time. There was also a failure to inform anyone on changes to guest parking policy. My girlfriend had been parking there on a semi-regular basis, and at the time the rule was that you had to have a piece of paper listing name, date, guest of apt #, and time parked. One day she randomly got towed, and we had no idea why because she had a pass. It turns out the Mill had changed her parking pass policy and now you had to have a *printed* pass with all the same info on it. The Mill claimed they had a towing grace period, but during this time they didn't inform anyone that their policy had changed and that they would have been towed. It's almost like they wanted people to be towed 🤔 After finding out that I'd be signing an as-is agreement, it seemed as though broken furniture magically appeared in my apartment, including a box frame that had boards snapped in half all down the middle and a desk with nails sticking out. I never could get them to replace the bed all year, and it sank 6 inches down in the middle every time I laid in it. I'm still scared that they are going to ""lose"" my damages sheet and try and charge me. Tl;Dr they absolutely try to prey on college students who don't have other options, and have tried to scam their residents left and right. DO NOT live here, and warn your friends.",2021-06-21 23:53:22,84
comment,PSA: don't live in the Mill,"Agreed.. I won't miss this place and am so sorry you've dealt with so much. Can we talk about the fact that they are requiring residents to get their apartments carpet professionally cleaned before move out this year? (Please don't tell me it's just us..) Apparently it's new, they used to do it between residents but decided to dump that cost on us and require a receipt for proof. How nice. EDIT: I ended up contacting the office and they let me know that the carpet cleaning is not mandatory. They emailed us move-out checklist documents that were for a different property but didn't bother to let anyone know. In case anyone was wondering!",2021-06-22 03:45:18,15
comment,PSA: don't live in the Mill,Lived there back in 2015 and it was exactly the same. Total shithole. My suggestion is to wander your way up south main another half mile and live in Pheasant Run. It’s the same cost (or very close) to the Mill.,2021-06-22 08:19:54,14
comment,PSA: don't live in the Mill,"Damn, between The Mill and Riner, I don't know who's worse. Very sorry to hear about this, but hoping they don't screw you over as you move out. The City of Harrisonburg has some good resources and you can contact those in housing and development or those in charge of tenants and renters if you have further issues. They helped me when I had issues with Riner and one of their shitty student dwellings.",2021-06-22 10:32:56,8
comment,PSA: don't live in the Mill,You forgot to mention the piles of dog shit everywhere. I’m not sure I had a single shitless pair of shoes after living there.,2021-06-22 12:11:30,10
comment,PSA: don't live in the Mill,Don’t live at any of the hills either (especially Southview). If your apartment goes up in flames on the 28th of the month they’ll still ask you for rent on the 1st.,2021-06-22 16:50:54,9
comment,PSA: don't live in the Mill,The retreat also is not the best place to live at all they will take as much money as they can from you ESPECIALLY if you sign as is. The smallest things you could be charged for even if it’s a small mark on the wall. Happy that you’re getting out of it OP!,2021-06-22 12:40:32,7
comment,PSA: don't live in the Mill,I'm so sorry to hear this. I lived there way back when I was at JMU and had a positive experience. That's a shame.,2021-06-22 14:52:56,4
comment,PSA: don't live in the Mill,"Yea, the apartment above ours has leaking and floor integrity issues. They had to fight for MONTHS to get moved to a safe apartment. Were we not friends with our neighbors, we wouldn't have known our ceiling was unsafe.",2021-06-26 12:36:37,3
comment,PSA: don't live in the Mill,It's considered normal wear and tear. If you have detailed photos when you moved in I'm sure you can fight it.,2021-06-22 05:51:21,4
comment,PSA: don't live in the Mill,"I pay 399$ including utilities in Pheasant, it's a much quieter neighborhood, and management is on top of most of their shit.",2021-06-22 09:46:52,10
comment,PSA: don't live in the Mill,"Agreed. Not saying you get tons of extra amenities, but the houses are WAY nicer than the crappy apartments in the Mill and management isn’t horrible",2021-06-22 10:06:11,5
post,Welp good morning everyone,Welp good morning everyone,2020-10-17 09:44:39,84
comment,Welp good morning everyone,Idk man it might be too soon for this kind of poor quality meme...maybe take a second to reflect on what happened instead of trying to come up with some quirky meme on other peoples tragedies. I don't think there's even been an update on the two people who were medevaced to UVA.,2020-10-17 15:42:55,12
comment,Welp good morning everyone,Probably about 0% chance you were less than a mile and thought it might be loud sound from your games.,2020-10-17 10:48:59,-15
comment,Welp good morning everyone,"No there's not. Latest report is 3 people injured, 2 in serious condition.",2020-10-17 10:22:43,7
comment,Welp good morning everyone,"Who’s reporting that???? As of 31 minutes ago it says that three people were transported to the hospital with 2 in serious condition. Terrible thing to happen, but “mass casualties”???",2020-10-17 10:21:37,5
comment,Welp good morning everyone,Pheasant run apartments are about .2-.4 miles away from that shopping complex soo..,2020-10-17 16:37:27,8
comment,Welp good morning everyone,"No, 3 jmu students to the hospital for minor injuries. 2 non students to UVA in critical condition. 5 total",2020-10-20 11:35:54,1
comment,Welp good morning everyone,"I live in pheasant and it woke all of my townhouse up and knocked a couple things over. Poorly balanced things, but still.",2020-10-17 17:29:07,4
post,A better COVID Dashboard from The Breeze. Includes VDH numbers for the 22807 zip code (JMU only zip),A better COVID Dashboard from The Breeze. Includes VDH numbers for the 22807 zip code (JMU only zip),2020-08-26 19:36:18,82
comment,A better COVID Dashboard from The Breeze. Includes VDH numbers for the 22807 zip code (JMU only zip),"I like that they show the stats and concisely and specifically describe what is there and what the limitations are to the dashboard, instead of the lengthy and vague lather-rinse-repeat explanations on JMU’s dashboard. Well done, Breeze.",2020-08-26 22:17:06,23
post,Virginia just decriminalized marijuana,Virginia just decriminalized marijuana,2020-04-13 13:37:59,83
comment,Virginia just decriminalized marijuana,"Just a heads up, while it was signed now, it goes into effect July 1st. Up to 1 ounce will be punishable by a $25 civil penalty.",2020-04-13 14:53:53,39
comment,Virginia just decriminalized marijuana,"Damn, Northam has been on a *tear* lately. Good.",2020-04-13 17:52:55,12
comment,Virginia just decriminalized marijuana,"Wow I never thought I would see the day VA went this way. Good job Virginia, congrats!!!",2020-04-13 16:01:51,14
comment,Virginia just decriminalized marijuana,it’s about time.,2020-04-13 14:00:38,18
comment,Virginia just decriminalized marijuana,"Great, but let’s legalize it already.",2020-04-13 17:07:37,15
comment,Virginia just decriminalized marijuana,"Just remember, while possession is decriminalized, you can still get arrested under ""with intent to distribute"" whether you actually are or aren't. This isn't carte blanche to light up in front of Billy Jack's.",2020-04-14 09:24:37,7
comment,Virginia just decriminalized marijuana,This is the first step towards legalized pruple drank. This is the future Demorons want.,2020-04-13 16:21:01,-21
comment,Virginia just decriminalized marijuana,"Yes, if you get caught in the act of selling. The bill says if you are caught with an ounce or less the state sees that as a personal amount and is a $25 fine. This also means if you get caught smoking outside it’s only a $25 fine",2020-04-14 13:35:40,3
comment,Virginia just decriminalized marijuana,People don't even know when they're in the presence of a meme god,2020-04-13 17:13:48,-7
comment,Virginia just decriminalized marijuana,"Trust me, whether you are actually distributing or not, you can still be arrested on any charges. It is very common for someone to be charged with ""intent to distribute"" even if they aren't. You can try to argue about it with an LEO but at the end of the day, you're still going in the back of a cop car if the officer wants to put you there.",2020-04-14 13:43:45,3
comment,Virginia just decriminalized marijuana,How do people not see this?,2020-04-13 17:35:40,2
comment,Virginia just decriminalized marijuana,"Read the bill. Unless you get caught with a scale or in the act of selling the bill made it specifically clear that if you are caught with an ounce or less than the State WILL ASSUME that it’s for personal consumption and has to give you the $25 ticket only. There may be some dick cops out there that try to trick you into saying you’re a seller and arrest you but this bill made it very clear the state of Virginia will no longer be able to arrest people for an ounce or less. Edit: Also, I worked with VA Norml and a few legislators to implement and amend this decrim bill. I was even at the committee/floor votes so I know what I’m talking about",2020-04-14 13:48:12,1
comment,Virginia just decriminalized marijuana,Frickin lib-rarians,2020-04-13 17:36:47,-1
comment,Virginia just decriminalized marijuana,"I'm telling you the reality of the situation is that there are LEO's and prosecutors out there that will 100% charge you with intent even if there is none. I know this from personal experience. This isn't legalization. North Carolina has had decriminalization for decades but people still get busted all the time for intent and possession of paraphernalia. The bill does not change how we address distribution laws and it is up to prosecutorial discretion. What's written into law is different from what people will experience on the ground. Prosecutors and Sheriff's across the state will need to instruct their officers on how to approach marijuana arrests and that's going to vary widely. Until distribution is decriminalized/legalized, people could still be put into legal jeopardy. All I'm saying is to not throw caution to the wind. This isn't legalization.",2020-04-14 13:56:28,2
comment,Virginia just decriminalized marijuana,"Even once it’s legalized fully, people that are distributing will be going to prison. It won’t be made legal just like selling homemade alcohol isn’t legal now. I understand your point but coming from someone that works with these groups, law makers and etc that your situation is the absolute worst case scenario and will not be the norm here in Virginia. Unless you are literally caught selling or having a scale... the state can no longer prosecute you AT ALL. Just like they can’t arrest you for a parking ticket now. Also, Virginia’s decrim and North Carolina’s are a worlds different. Virginia’s decrim is a $25 ticket for all offenses and includes any and all types of cannabis (bud, oil, edibles, etc). You pay the $25 fine and the record is sealed in your civil records. North Carolina on the other hand only decriminalized the first offense, any other offenses you get a misdemeanor, and only includes bud and does not seal the fine from your records. In North Carolina edibles and oil are also felonies and not a part of the decrim.",2020-04-14 14:06:09,1
post,"At last, we will have more time to procrastinate.","At last, we will have more time to procrastinate.",2020-03-11 23:06:46,83
comment,"At last, we will have more time to procrastinate.",Can’t wait to hang out in harrisonburg and work 🤡,2020-03-12 02:02:56,6
comment,"At last, we will have more time to procrastinate.",Too bad I am a GA! 😢,2020-03-12 13:40:41,0
post,College GameDay is officially coming to Harrisonburg!,College GameDay is officially coming to Harrisonburg!,2015-10-18 11:37:30,85
comment,College GameDay is officially coming to Harrisonburg!,HOKY MOTHERF*CK THIS IS HUGE FOR US,2015-10-18 11:54:58,16
comment,College GameDay is officially coming to Harrisonburg!,"[**@CollegeGameDay**](https://twitter.com/CollegeGameDay): >[2015-10-18 15:22:28 UTC](https://twitter.com/CollegeGameDay/status/655765898167472128) >Harrisonburg, we're coming to your city. > >[@SpiderFootball](https://twitter.com/SpiderFootball) at [@JMUFootball](https://twitter.com/JMUFootball). > >Let's do this. [*pic.twitter.com*](http://pbs.twimg.com/ext_tw_video_thumb/655765805196414977/pu/img/k6kTmsdeOp_SbvyT.jpg) [^[Imgur]](http://i.imgur.com/gI5sN4U.jpg) ---- [^[Mistake?]](/message/compose/?to=TweetPoster&subject=Error%20Report&message=/3p8irj%0A%0APlease leave above link unaltered.) [^[Suggestion]](/message/compose/?to=TweetPoster&subject=Suggestion) [^[FAQ]](/r/TweetPoster/comments/13relk/) [^[Code]](https://github.com/buttscicles/TweetPoster) [^[Issues]](https://github.com/buttscicles/TweetPoster/issues)",2015-10-18 11:38:52,3
comment,College GameDay is officially coming to Harrisonburg!,Backstage passes to College GameDay up for grabs at this Home Depot event on Friday. Know any creative sign makers? Good at cornhole? https://www.facebook.com/events/1508495172801557,2015-10-20 17:58:25,1
comment,College GameDay is officially coming to Harrisonburg!,I'm a little worried about this. I know its a huge opportunity for us and we can probably make it look good when they come but I was always fairly embarrassed with the lack of support that we get for football. It was almost comical how many people leave during the middle of the hc games when I was there (myself included). Hopefully it will be better and make us look good but I was a little worried when they announced this.,2015-10-18 23:10:41,1
comment,College GameDay is officially coming to Harrisonburg!,"I think a lot of the early leaving has to do with how boring/terrible the end of the Matthews era was and is still a carry over. I mean I would leave early because you could see Matthews would just run it up the middle most of the time and that it wouldn't succeed. I think Withers, Gameday, and how amazing the team is this year will change attitudes especially with further incoming classes.",2015-10-19 08:49:44,1
comment,College GameDay is officially coming to Harrisonburg!,"You seem awfully optimistic about people actually staying the course of the game though, which, to remind everyone, won't actually be nationally televised. Have you actually seen the attendance through the games this season so far? The season opener was honestly pretty good..... until halftime. The Stony Brook game in the cold rain/drizzle? Oh man, that was absolutely pathetic.",2015-10-20 15:52:31,2
comment,College GameDay is officially coming to Harrisonburg!,This will be the first game vs. a worthy opponent. Games vs in-state schools pull more attendance than the one's out. Most packed game I can remember going to was against ODU when JMU blew the lead in the 2nd half. Richmond usually always draws a crowd.,2015-10-20 22:50:02,2
post,Go dukes I guess,Go dukes I guess,2020-09-02 11:41:33,83
comment,Go dukes I guess,Have they said anything about refunds yet? What’s the standard procedure for them?,2020-09-02 17:33:00,3
comment,Go dukes I guess,"But no, they have not said anything about refunds. Said they will let us know what’s going to happen.",2020-09-02 18:43:39,3
comment,Go dukes I guess,Standard procedure is to steal our money,2020-09-02 18:42:50,2
post,The vibe I’m getting from JMU,The vibe I’m getting from JMU,2020-08-22 14:01:49,87
comment,The vibe I’m getting from JMU,Ralphie voice: I’m in danger!,2020-08-22 14:38:05,19
comment,The vibe I’m getting from JMU,Honestly why I left that screening of Knives Out on hillside early last night,2020-08-24 16:04:32,5
comment,The vibe I’m getting from JMU,Haven’t seen any large groupings on campus and people are wearing masks,2020-08-23 08:50:46,0
comment,The vibe I’m getting from JMU,I feel like you're not wrong. It seems like a lot of Dukes are afraid of everyone around them for fear that they will die from human contact. It's a sad state of affairs.,2020-08-22 19:54:10,-23
comment,The vibe I’m getting from JMU,That is the literal opposite of what I’ve been seeing. No masks and groups of 5-8 students walking around.,2020-08-24 06:57:13,3
comment,The vibe I’m getting from JMU,Happy 🍰 day!,2020-08-22 20:40:15,3
comment,The vibe I’m getting from JMU,"I can’t believe you got downvoted for thanking someone for saying happy cake day 😂 I know things are tense right now with all the overly-alarmist posts but y’all seriously need to chill out, let him enjoy his cake day On that note, happy cake day :)",2020-08-23 03:44:34,0
comment,The vibe I’m getting from JMU,"I know, right? Clearly, having a differing opinion is grounds for being downvoted on *everything*. And thank you.",2020-08-23 03:52:42,1
comment,The vibe I’m getting from JMU,"Yeah! Like I mean I feel that, it’s fun to go on the defensive for stuff you care about, but I mean come on - this sub is almost getting kinda absurd in some ways imo (especially with the seeming pattern of misrepresenting headlines and news to seem worse than it is, like honestly guys)",2020-08-23 03:54:29,1
post,The faculty aren't happy either,"The faculty aren't happy either Students aren't the only ones upset about the way JMU has been handling the coronavirus pandemic. Faculty don't want to be forced into classrooms, risking their health and lives. We have had to fill out lengthy paperwork to ""justify"" teaching specific courses online, while the university has not felt the need to justify forcing faculty to work in unsafe conditions, has no comprehensive testing strategy, and has ""safety"" protocols that amount to little more than hoping people will do the right things. JMU should go 100% online for the 2020-21 academic year, and tuition and fees should be adjusted accordingly. But the unfortunate truth is that tuition and fees cannot be adjusted down without getting rid of a large fraction of the faculty. Adjunct faculty, who make no more than a Walmart cashier, with no benefits, have been cut by 25% or more already, because with no contract and no labor protections, they can be. Faculty near retirement age have been bought out, with no replacements. Yes, administrators' inflated salaries and the bloat of admin positions, with senior VPs sprouting like mushrooms, are a problem. Yes, continually rising tuition and fees are a problem. Yes, faculty salaries, which often remain frozen for years at a time and are still way below the state-mandated level, are a problem. But these problems are not caused by the ""greed"" of the university. They are caused by structural issues at the state level. If you care about them and want JMU to survive and thrive, you should lobby your state representatives to: 1. increase funding for higher education on a per-student basis 2. change the makeup of the Board of Visitors to one that primarily includes education experts, students, and former students, not business people who are cozy with the governor 3. allow faculty and staff to unionize And while you're at it, you can lobby your parents to stop opposing tax increases for education. When taxes go down, your tuition goes up and our salaries don't. Organize, write your reps, get yourselves to Richmond for the next Lobby Day on Jan. 20. The state needs to fund state schools and stop shifting the burden to families and students, pay the teachers and scholars who make JMU what it is a salary commensurate with their expertise, pay adjunct faculty more, rely on them less by expanding full-time faculty, and pay the staff who keep the place running a living wage rather than the poverty wages they are paid right now. We're all in this together. We on the faculty are on your side and want you succeed and be healthy. We want the cost burden of higher ed to be where it belongs, on the commonwealth as a whole, and not on you and your families.",2020-07-14 13:37:27,85
comment,The faculty aren't happy either,"> allow faculty and staff to unionize That should really go so far as to repeal the prohibition in Virginia on collective bargaining by public employees, and allow them to strike. That would balance the scales pretty well.",2020-07-14 18:36:12,13
comment,The faculty aren't happy either,"I don't think anyone faults the faculty. I don't think anyone would disagree that faculty deserve more. In my experience, JMU faculty are wonderful and caring. It may be the difference of a ""teaching"" vs ""research"" school. JMU is a teaching school. Having been to both, I'd have to say my JMU experience was excellent. The professors were attentive and seemed to actually care about you and your future, at least in GS. That being said, welcome to the politics of academia. It's mostly thankless and rife with corruption and nepotism....just like every other aspect of life. I personally didn't like academia so I went into... government. Don't I look foolish now",2020-07-14 18:27:39,12
comment,The faculty aren't happy either,"For anyone who is curious, you can view Faculty and Staff salaries and count here: https://www.breezejmu.org/salary_database/ The FY21 Budget has $272m for Salaries, Wages & Benefits. There are ~3,175 Faculty and Staff. That averages to $85k per person. Budget here: https://www.jmu.edu/budgetmgmt/university-budget-info.shtml Most Assistant Professors and nearly all Associate Professors are making more than a JMU graduate can expect to make after 10 years in their career. Source: https://www.collegesimply.com/colleges/virginia/james-madison-university/outcomes/",2020-07-14 22:57:20,5
comment,The faculty aren't happy either,But at the same time students shouldn’t have to pay full tuition to take online classes and learn nothing.,2020-07-14 14:30:00,14
comment,The faculty aren't happy either,this is just one of the many problems with capitalism,2020-07-14 19:16:41,8
comment,The faculty aren't happy either,"I hear you, but temporarily setting health issues aside, what about freshmen? 100% online is fine for upper class men but isn’t exactly the experience freshmen are looking for.",2020-07-14 17:37:46,3
comment,The faculty aren't happy either,Thank you for posting your insight and some actionable information. I was just thinking about what students can do/what organization looks like.,2020-07-15 18:23:41,1
comment,The faculty aren't happy either,You said it very well.,2020-07-21 09:19:49,1
comment,The faculty aren't happy either,"This isn't just a problem at JMU, it's statewide. The Commonwealth of Virginia does not compensate government employees very well.",2020-07-14 14:21:54,16
comment,The faculty aren't happy either,Solidarity!,2020-07-17 21:22:24,2
comment,The faculty aren't happy either,"I can relate to that. I just graduated with a GS degree, so I can say the faculty there are incredibly helpful and actually want to help you learn and acquire new skills. I really wish that sentiment were more widespread but you do get the feeling that those near the top think they’re running a business, not trying to teach.",2020-07-17 21:22:14,2
comment,The faculty aren't happy either,"The money that goes to athletics can't be used to academics, and vice versa. That is the nature of fund accounting. They are separate pots of money that can't be intermixed.",2020-07-14 14:21:11,11
comment,The faculty aren't happy either,"I’m not faculty but I do work in education. I’ll say this; There is good online education and bad online education. Not being able to prepare, create intentional curriculum leads to essentially film/dump classes that are just Udacity repackaged. There are really good, synchronous courses out there. And those cost way more than in person due to “man hours”, technology, planning etc. those are worth it. If you have an online class do your homework on if it’s Synchronous/asynchronous, activity based etc. Edit: an educator who can’t spell apparently",2020-07-14 15:35:47,15
comment,The faculty aren't happy either,"In all fairness, the number 1 reason for going to college is to get an education. The experiences are just an added benefit. It sucks for incoming students to lose that “freshman experience,” but in the end it’s their education they should be worried about. If things go well they will still have 3 years left to party, meet people and have fun experiences.",2020-07-14 18:33:07,12
comment,The faculty aren't happy either,"I would imagine that for entering freshmen in 2020, the freshman experience is already ruined with all of the ""precautions"" that they plan to take. So at this point, the hell with it. Another experience lost, just like the class of 2020's graduation ceremony.",2020-07-14 18:34:44,9
comment,The faculty aren't happy either,">, the number 1 reason for going to college is to get an education. The experiences are just an added benefit. It sucks for incoming students to lose that “freshman experience,” but in the end it’s their education they should be worried about. If things go well they will still have 3 years left to party, meet people and have fun experiences. being forced to go to in-person classes during a global pandemic with the ""lol i hope students make good choices"" as a primary line of defense is NOT the ""freshman experience."" I am truly sorry to all incoming students, and those who don't realize that they have to hang up the beer bong for a year- things are a little different right now.",2020-07-15 18:22:12,3
comment,The faculty aren't happy either,"I’ve told my little brother, an incoming freshman, that for the sake of his memories I hope JMU holds classes in person, but for the sake of his health I hope it’s all online. Yes, it does suck for new students to not get to experience JMU like the rest of us have. But it would suck more to get a disease that could potentially permanently damage their lungs or even kill them. It’s a lose-lose situation, but in this case I’d suggest going for the loss that prioritizes the health of the students and faculty.",2020-07-14 18:28:45,4
comment,The faculty aren't happy either,It's the mean. Point still stands that funding for decent wages exists. Allocation is the issue. That $85k is generous since the head count includes both full and part time. I was unable to find an accurate break down of the distribution so I assumed all were full time in my calculation. If anything the mean should be higher.,2020-07-15 08:03:51,1
comment,The faculty aren't happy either,I know that STEM majors and professors make more on average than the arts. But you can't choose the high value cases and ignore the low value ones. That's why I chose an average in the first place as it encompasses all cases without bias.,2020-07-15 14:51:41,1
comment,The faculty aren't happy either,"If you're going to count 6+ years for a PhD as part of their career timeline shouldn't we also count the 4 years for a BA/BS? So then we'd be comparing to the 6 year figure of $43,500. I believe my point still stands.",2020-07-15 14:48:21,1
comment,The faculty aren't happy either,"echoing this- this last semester was an emergency move, with faculty (who are experiencing the same twisted world that students are) having to make sudden adjustments. and at the OP- what you learn is ultimately up to you. You're paying for access to information and instruction at a university, not a painless transfer of knowledge and experience.",2020-07-15 18:36:51,2
comment,The faculty aren't happy either,"Understandable. I just try to help people understand what is a JMU issue, because there are plenty, and what is a Virginia problem. I see a lot of things in this subreddit that people misplace that blame on things, so it is almost kneejerk for me to make comments like that.",2020-07-15 07:04:54,3
comment,The faculty aren't happy either,"Indeed, but that still can't go to academics. The money from the comprehensive fee has to go towards non-academic expenditures. If it goes to academics, then it is tuition. The General Assembly but constraints on universities and colleges when it comes to how much they can increase tuition. So while there certainly could be, and should be, a conversation about priorities within the auxiliary services (what the comprehensive fee pays for), academics has to be left out of that because those pots of money cannot be mixed.",2020-07-16 07:43:30,1
comment,The faculty aren't happy either,"I'm just saying that the money can't be moved from the comprehensive fee to academics; that's all. I'm not saying that the ever growing comprehensive fee is good or that I like how much goes to athletics. In fact, I explicitly stated there could, and should, be a conversation about the auxiliary services. So I'm not sure where you are getting that I am saying things ""can't change or we shouldn't advocate for that change.""",2020-07-16 17:39:38,1
post,JMU is spending less than $20 a student on safety for the fall.,"JMU is spending less than $20 a student on safety for the fall. The headline here should have been ""Charlie King says JMU is spending less than $20 per student on safety in advance of COVID-19"". Seriously, claiming $400,000 is ""herculean"" for 20,000 students and all the faculty and staff is ridiculous. Give me a break. That is nothing at all. That's 20 students worth of tuition/fees. 20. Out of 20,000. The annual budget is somewhere around $600,000,000. This is 1/15th of 1 percent of the budget. 0.067% of the budget is being spent on keeping students, faculty, and staff safe. Meanwhile 40% of the budget is going to dining, parking, and athletics. Do the math The Breeze. Other schools, like VT, are instituting vast testing programs with carefully thought out fall plans. And every other school in the country will end at Thanksgiving break so people aren't going home, getting infected, and coming back for two weeks that aren't really necessary and can be done online. What is going on? [https://www.breezejmu.org/news/board-of-visitors-briefed-on-herculean-jmu-reopening-plans/article\_c54c43a2-c173-11ea-b839-d7351be0c6b5.html](https://www.breezejmu.org/news/board-of-visitors-briefed-on-herculean-jmu-reopening-plans/article_c54c43a2-c173-11ea-b839-d7351be0c6b5.html)",2020-07-13 16:22:16,83
comment,JMU is spending less than $20 a student on safety for the fall.,"You guys are all fucked, glad I got outta there when I did PSA if you have a lot of geneds to take, take a semester off and do them at community college, especially if you know a community college offering courses online. Honestly outside of this covid madness, geneds at jmu are a waste of money anyway",2020-07-13 17:10:43,31
comment,JMU is spending less than $20 a student on safety for the fall.,"The fact that it’s such a half assed plan makes me think they have no intention of holding class in person this semester - like if I can see that there’s no shot in hell it works, there’s no way they don’t know that",2020-07-13 19:14:10,13
comment,JMU is spending less than $20 a student on safety for the fall.,2020 is such a shitshow.,2020-07-14 10:06:28,4
comment,JMU is spending less than $20 a student on safety for the fall.,light spectacular paltry complete cooing aromatic gray fearless bag hard-to-find *This post was mass deleted and anonymized with [Redact](https://redact.dev/home)*,2020-07-13 21:12:06,23
comment,JMU is spending less than $20 a student on safety for the fall.,> especially if you know a community college offering courses online A few CCs in Virginia are going almost all online,2020-07-13 17:19:04,7
comment,JMU is spending less than $20 a student on safety for the fall.,You should note you can only transfer 3 gen eds tho,2020-07-13 21:31:54,3
comment,JMU is spending less than $20 a student on safety for the fall.,I emailed my professor to catch up and she said that she’s been told to prepare for online classes again.,2020-07-13 21:33:52,11
comment,JMU is spending less than $20 a student on safety for the fall.,Make America Great Again by voteing Trump out!,2020-07-15 11:42:46,5
comment,JMU is spending less than $20 a student on safety for the fall.,"Unfortunately I am not naive, just even more cynical than you think. The university has a lot at stake in being on campus in the fall and those pressures have in no way been alleviated by the state legislature. While I think there is a chance the situation in Virginia will be so bad by September that school will be moved online, I think the more likely scenario is we all come back onto campus and then 3-4 weeks into school have a massive local COVID-19 outbreak hospitalizing many faculty and staff, and some students. Then the university will shut everything down and send everyone home thus sending COVID-19 back into other parts of Virginia. Also, in response to some of the comments about administrators above, they really aren't being greedy. Honestly, they aren't. Their job is to steer and protect the institution and COVID-19 is an existential threat to any college or university right now. Many colleges and universities are going to close their doors for good over the next year or two as a result of this pandemic. I don't personally believe the choice to open up for the fall is at all wise or balancing student/faculty/staff health with institutional needs, but I do know that they are doing it because they believe it's best for JMU, not because they believe it will line their pockets.",2020-07-14 10:01:55,5
comment,JMU is spending less than $20 a student on safety for the fall.,its a lot of work deciding which bribes to accept.,2020-07-13 23:10:42,17
comment,JMU is spending less than $20 a student on safety for the fall.,"Didn’t know that, my bad. If that’s the case, unfortunately it sounds like a way for JMU to squeeze as much money out of you as possible",2020-07-13 22:15:37,4
comment,JMU is spending less than $20 a student on safety for the fall.,If you get a associate's degree from a approved list then you are exempt from geneds and can transfer most of your classes in.,2020-07-15 11:41:11,3
comment,JMU is spending less than $20 a student on safety for the fall.,Can I ask what class that was? (Like is it gen ed or stem etc... or something in the arts?) cause I’m an art major and literally all my classes in the fall are either a studio art class or some kind of music ensemble - I can literally only complete 2 of them in an online form really. I’m just trynna get a feel for what may happen :/,2020-07-13 23:41:55,1
comment,JMU is spending less than $20 a student on safety for the fall.,I kind of agree with you here. They must know the same things the rest of us do but assume they need to get students back for at least a while for the school to stay afloat.,2020-07-14 10:11:02,3
comment,JMU is spending less than $20 a student on safety for the fall.,Health Sciences which I believe is pretty easily translatable online. I’d like to think that they would do better in trying to keep the more hands-on classes available in person by having more precautions. Good luck!,2020-07-13 23:46:52,3
comment,JMU is spending less than $20 a student on safety for the fall.,"Ahh okay, yeah that’s my hope too! I had 2 studio classes transfer to online in the spring and they were okay but there were things we couldn’t do/didn’t have access too which made it way more watered down :( Plus studio classes generally have way less students so I’m hoping they can allow us to do in-person",2020-07-14 00:47:00,2
post,I made JMU's president's list!,"I made JMU's president's list! I did it! I did the impossible. I'm a Computer Science sophomore and I got above a 3.9 gpa! I don't think anyone really cares except for my parents and maybe 2 of my friends, but I just want to let yall know!!",2019-12-17 14:44:28,81
comment,I made JMU's president's list!,Alger's List*,2019-12-17 16:53:25,24
comment,I made JMU's president's list!,Congratulations!!!,2019-12-18 07:27:42,3
comment,I made JMU's president's list!,that’s awesome!!! congratulations,2019-12-17 14:50:20,2
comment,I made JMU's president's list!,I did so poorly early on that my last three semesters I was on the Dean's List once and the President's List twice and I still didn't have a 3.0 when I graduated. Well done! Software Engineering was one of the most challenging classes I ever took. Maybe the.,2019-12-17 17:41:28,2
comment,I made JMU's president's list!,Damn. I’m a freshman cs major and thought it was hard to get my 3.38. Way to go!,2019-12-17 14:53:12,2
comment,I made JMU's president's list!,is that a Schindler’s List sequel?,2019-12-17 17:48:04,15
comment,I made JMU's president's list!,He's such a shitty president ruining JMU,2020-01-03 18:11:05,0
comment,I made JMU's president's list!,"cs261,cs345 and 3 geneds",2019-12-17 15:22:11,5
comment,I made JMU's president's list!,"cs261, cs345 and 3 geneds",2019-12-17 15:22:18,2
comment,I made JMU's president's list!,Thanks man!,2019-12-17 14:52:31,3
comment,I made JMU's president's list!,"A 3.38 is still awesome, do you have any advice for an incoming cs major?",2019-12-23 11:07:30,1
comment,I made JMU's president's list!,Same timeline but not directly related,2019-12-17 18:13:50,5
comment,I made JMU's president's list!,"Dang bro, who pissed in your Dhall",2020-01-03 18:37:01,3
comment,I made JMU's president's list!,"Well done, 261's a tough cookie",2019-12-17 21:41:48,5
comment,I made JMU's president's list!,"Lolwut you did do the impossible, grats",2019-12-18 06:58:54,2
comment,I made JMU's president's list!,Just make sure you stay on top of hw’s and readings. 149 Isn’t to bad as long as you don’t fall behind. My class pry had about a 30-40% drop out/retake rate because if you get below an 80 you can’t move on to 159.,2019-12-23 11:22:31,1
comment,I made JMU's president's list!,"Is there a text book that is used in the class, and if so did you have to teach yourself a good amount of the material?",2019-12-23 11:24:21,2
comment,I made JMU's president's list!,Yeah. The textbook was free. It was called “how to think like a computer scientist” and it was really well written. A lot of the learning did take place from reading the chapter then implementing what you learned in the hw. If you don’t understand certain concepts there’s TA hours 5 days a week plus your professors office hours to help you out.,2019-12-23 11:33:22,1
comment,I made JMU's president's list!,"Thanks a lot for the info, I’ll make sure to be mindful of all of this. 🎅🏿",2019-12-23 11:40:21,1
post,Props to the Mad Lad who was swimming in Newman Lake who got ticketed by the cops and taken away in an ambulance. Go dukes!!!!,Props to the Mad Lad who was swimming in Newman Lake who got ticketed by the cops and taken away in an ambulance. Go dukes!!!!,2021-05-06 21:24:32,86
comment,Props to the Mad Lad who was swimming in Newman Lake who got ticketed by the cops and taken away in an ambulance. Go dukes!!!!,Free my mans Kyle💯 he ain’t even do nothin,2021-05-06 22:26:28,25
comment,Props to the Mad Lad who was swimming in Newman Lake who got ticketed by the cops and taken away in an ambulance. Go dukes!!!!,It seems there is more to this story based on the floating truck,2021-05-06 23:53:44,20
comment,Props to the Mad Lad who was swimming in Newman Lake who got ticketed by the cops and taken away in an ambulance. Go dukes!!!!,"Definitely better places to have a swim in the area, but you do you",2021-05-07 05:19:32,7
comment,Props to the Mad Lad who was swimming in Newman Lake who got ticketed by the cops and taken away in an ambulance. Go dukes!!!!,Everyone doesn't do that anymore?,2021-05-07 06:51:35,5
comment,Props to the Mad Lad who was swimming in Newman Lake who got ticketed by the cops and taken away in an ambulance. Go dukes!!!!,Does he have spider legs yet?,2021-05-07 07:04:06,5
comment,Props to the Mad Lad who was swimming in Newman Lake who got ticketed by the cops and taken away in an ambulance. Go dukes!!!!,"why does a place like this exist to begin with??? I heard there were a lot of fish in there, idk why it's so dangerous to swim in it",2021-05-09 04:18:19,2
comment,Props to the Mad Lad who was swimming in Newman Lake who got ticketed by the cops and taken away in an ambulance. Go dukes!!!!,is that a vehicle in the water?,2021-05-06 23:32:03,2
comment,Props to the Mad Lad who was swimming in Newman Lake who got ticketed by the cops and taken away in an ambulance. Go dukes!!!!,Done it. 2010. Is this still a tradition ?,2021-05-11 14:53:05,1
comment,Props to the Mad Lad who was swimming in Newman Lake who got ticketed by the cops and taken away in an ambulance. Go dukes!!!!,That lake is used to process gray water. It is literally filled with sewage minus the poop.,2021-05-07 07:51:20,13
comment,Props to the Mad Lad who was swimming in Newman Lake who got ticketed by the cops and taken away in an ambulance. Go dukes!!!!,Why do you think he got taken away in an ambulance??,2021-05-07 07:06:15,9
comment,Props to the Mad Lad who was swimming in Newman Lake who got ticketed by the cops and taken away in an ambulance. Go dukes!!!!,There used to be fish like 8 years ago. Now it's grewater sludge.,2021-05-09 07:55:04,2
comment,Props to the Mad Lad who was swimming in Newman Lake who got ticketed by the cops and taken away in an ambulance. Go dukes!!!!,No it's some rocks,2021-05-07 09:25:49,2
comment,Props to the Mad Lad who was swimming in Newman Lake who got ticketed by the cops and taken away in an ambulance. Go dukes!!!!,>minus the poop. \#optimism,2021-05-07 12:32:15,8
comment,Props to the Mad Lad who was swimming in Newman Lake who got ticketed by the cops and taken away in an ambulance. Go dukes!!!!,That lake is basically drainage and sewage. He is probably going to get sick.,2021-05-07 13:49:59,1
comment,Props to the Mad Lad who was swimming in Newman Lake who got ticketed by the cops and taken away in an ambulance. Go dukes!!!!,where'd the fish go?,2021-05-09 09:41:52,1
comment,Props to the Mad Lad who was swimming in Newman Lake who got ticketed by the cops and taken away in an ambulance. Go dukes!!!!,They fuckin dead bruh,2021-05-09 10:17:25,3
comment,Props to the Mad Lad who was swimming in Newman Lake who got ticketed by the cops and taken away in an ambulance. Go dukes!!!!,"Not true, there are plenty of fish that live there. Pay attention next time you walk by and you might be surprised by the number of fish you see",2021-10-09 22:20:14,1
comment,Props to the Mad Lad who was swimming in Newman Lake who got ticketed by the cops and taken away in an ambulance. Go dukes!!!!,No man those fish are robots that president alger put in there to distract us.,2021-10-09 22:21:42,1
post,"1 Year Ago, we thought it would only be 2 weeks tops...","1 Year Ago, we thought it would only be 2 weeks tops...",2021-03-11 21:43:58,82
comment,"1 Year Ago, we thought it would only be 2 weeks tops...",RIP to all the seniors who didn't get to enjoy end of the year traditions or say a proper goodbye to their friends.,2021-03-11 22:39:44,35
comment,"1 Year Ago, we thought it would only be 2 weeks tops...",Wow we really were naive werent we.,2021-03-11 22:35:51,17
comment,"1 Year Ago, we thought it would only be 2 weeks tops...",Don't remind me.,2021-03-11 22:12:23,7
comment,"1 Year Ago, we thought it would only be 2 weeks tops...",Rip to all of us honestly,2021-03-11 23:25:51,29
comment,"1 Year Ago, we thought it would only be 2 weeks tops...",You're right. Hope things turn around soon.,2021-03-12 00:43:11,2
post,That email was...something,That email was...something,2020-08-28 15:02:42,85
comment,That email was...something,The fact that he wanted to make counting the number of new cases/understanding the positivity rate sound like rocket science is HILARIOUS. An 8th grader could tell you that the numbers we're currently seeing are not a good sign.,2020-08-28 15:11:53,37
post,Which one of yall is this,Which one of yall is this,2020-10-22 12:29:18,82
comment,Which one of yall is this,Autobots... ROLLOUT!,2020-10-22 12:40:24,12
comment,Which one of yall is this,Autothots... ROLLOUT!,2020-10-22 13:00:05,10
post,VCU reports 25 confirmed student COVID-19 cases and 11 employee cases in the first week of classes | Richmond Local News | richmond.com,VCU reports 25 confirmed student COVID-19 cases and 11 employee cases in the first week of classes | Richmond Local News | richmond.com,2020-08-20 15:24:42,84
comment,VCU reports 25 confirmed student COVID-19 cases and 11 employee cases in the first week of classes | Richmond Local News | richmond.com,"VCU required students living on-campus to get tested before they arrived, and this *still* happened. JMU is screwed.",2020-08-20 17:59:41,29
comment,VCU reports 25 confirmed student COVID-19 cases and 11 employee cases in the first week of classes | Richmond Local News | richmond.com,"The scary part is that about half are from dorms. &#x200B; ""Of the 25 student cases, 11 are students who live on-campus and are in isolation, VCU spokesman Mike Porter said in an email.""",2020-08-20 17:54:05,11
comment,VCU reports 25 confirmed student COVID-19 cases and 11 employee cases in the first week of classes | Richmond Local News | richmond.com,"11 EMPLOYEE cases is a lot, but 25 student cases isn’t that bad comparatively to the amount of tests administered. Consider Tech’s 5 positive cases after 3700+ tests. Still scary for everyone to have to deal with regardless! Stay safe everyone!",2020-08-20 16:03:57,25
comment,VCU reports 25 confirmed student COVID-19 cases and 11 employee cases in the first week of classes | Richmond Local News | richmond.com,Was expecting it to be much much higher based off how my brother who goes to vcu described the first week. He said freshmen were partying unchecked and lots of people were getting away with no masks. Maybe next week’s numbers might reflect that.,2020-08-20 16:06:46,15
comment,VCU reports 25 confirmed student COVID-19 cases and 11 employee cases in the first week of classes | Richmond Local News | richmond.com,A townie here. They were just getting students on campus for a wallet biopsy...they'll be sending you home poorer in a few weeks to continue online.,2020-08-20 19:04:48,16
comment,VCU reports 25 confirmed student COVID-19 cases and 11 employee cases in the first week of classes | Richmond Local News | richmond.com,"Absolutely shocking that COVID could spread quickly in buildings that are designed to fit as many people as possible into a small, confined space",2020-08-20 20:09:35,10
comment,VCU reports 25 confirmed student COVID-19 cases and 11 employee cases in the first week of classes | Richmond Local News | richmond.com,"Confirmed positives don't tell the whole story. The people who got tested likely had reason to–either they had symptoms or had another reason to believe they were exposed. The actual number of positives is likely higher and growing as we speak. Mark my words. This will spiral out of control very quickly. In fact, it likely already has. COVID grows exponentially. We're just seeing the beginning of it now.",2020-08-21 01:07:36,3
comment,VCU reports 25 confirmed student COVID-19 cases and 11 employee cases in the first week of classes | Richmond Local News | richmond.com,It tends to go up exponentially so I’d be really worried to see where they’re at in a week,2020-08-20 16:14:06,15
comment,VCU reports 25 confirmed student COVID-19 cases and 11 employee cases in the first week of classes | Richmond Local News | richmond.com,People also might be deliberately not getting tested to not add to the numbers.,2020-08-20 17:34:26,12
comment,VCU reports 25 confirmed student COVID-19 cases and 11 employee cases in the first week of classes | Richmond Local News | richmond.com,The article says nothing about how many tests are pending. It's probably a lot.,2020-08-20 18:01:24,8
post,Model of east campus that was on the third floor of the ISAT/CS Building when I was a student. I find it interesting to look at this concept for the campus and compare to what actually got built.,Model of east campus that was on the third floor of the ISAT/CS Building when I was a student. I find it interesting to look at this concept for the campus and compare to what actually got built.,2020-04-28 03:46:09,85
comment,Model of east campus that was on the third floor of the ISAT/CS Building when I was a student. I find it interesting to look at this concept for the campus and compare to what actually got built.,"This kinda dope ngl, thanks for sharing",2020-04-28 10:20:21,10
comment,Model of east campus that was on the third floor of the ISAT/CS Building when I was a student. I find it interesting to look at this concept for the campus and compare to what actually got built.,I worked in the development office (PR & fundraising) as a student ‘88-‘92 and this model was featured in the office.,2020-04-29 00:47:50,3
post,JMU giving out $38 refunds for a $300 parking pass,JMU giving out $38 refunds for a $300 parking pass,2020-04-01 18:13:02,78
comment,JMU giving out $38 refunds for a $300 parking pass,Depends on which end you’re on though.,2020-04-01 18:31:08,3
comment,JMU giving out $38 refunds for a $300 parking pass,Yeah I have no idea how they seriously expect us to give more.,2020-04-01 21:20:16,4
post,let’s gooooo,let’s gooooo,2020-03-04 14:38:04,83
comment,let’s gooooo,Congratulations!,2020-03-04 15:13:27,6
comment,let’s gooooo,"Congrats on getting into SMAD! I just graduated with a journalism degree from there in December 2018. I'm a passionate person, so let this be the gospel everybody should know if they're going into SMAD. I'll help with some mistakes/ lessons learned in the program that nobody told me. I feel like I need to pass this stuff on to help a fellow Smaddie! It's a brotherhood, a community, an awesome place to be. Loved every day I came to class. Never a dull day! Cried on my last day. Getting choked up just thinking about it. There's different specialties in SMAD; Journalism, Digital Video and Cinema (DVC), Integrative Advertising, and another one I can't think of. You'll know since you had to choose to apply to get in, but I'll give you the journalism rundown. They train you in all of them in two years (electives in and out of SMAD to graduate) and then you'll specialize the last two in your concentration. Not too bad. I'd suggest writing classes and/or art classes outside of the major to broaden your scope of ideas and hone them to make your SMAD life easier. Grammar and creative nonfiction writing are good ones! Basic story structure and details helped me a lot. Look for anything art/design too that seems like it could cross over like photography or graphic design or something. Anything to make you get better grades and get different points of view. Big lifesaver for me. I was a director for Breeze TV and got it off the ground in 2017. Best time of my life! Night and day difference to when we started to where it is now. If you want to work in a newsroom or the news studio, that's the place to be. Look for Professor Parkhurst and tell him Ethan Pelino sent you. He should know me still. That should get your foot in the door. They are looking for people every semester, but as long as you're around and showing interest, you may get in. It is competitive and space is limited, but it's always worth a shot. It's how I got the Director job. Not a guarantee, but a damn good shot at it. Take risks, even if you think they won't work. The results could change your life. It did for me, and it can for you. There's The Breeze, the newspaper. They're based off campus, but are a constant presence on campus. Talk to Brad Jenkins or get in touch with any Professor in SMAD to get to him. Cool guy, and loves his journalists to death. Fun to work for! Not necessarily SMAD related, but there is a radio station that students operate off campus. Don't know much, but ask enough people and you may find your way in. If there is an Org Night coming up, I'd go to it or look for one on the school calendar coming up. Easy way to find the Orgs I mentioned. Get used to working in Harrison Hall. 98% of SMAD classes are there. Classes are manageable as long as you start on top of them and stay there. Stress is a common occurrence in SMAD. Staying ahead will save your bacon and make your mental state and grades better in the long run. Give yourself more time than you think on journalism assignments is my biggest advice. Like a 3-4 day window. 1 week is even better. There were more than a few times where a source for a story fell through in my intro to journalism class and it went sideways quick. If you tell your professor what happened and it's reasonable explanation is within a few days of the deadline, they'll give extensions. Usually a couple days or a week depending on how important the source to the story is. It's happened to me before on more than one occasion. Just ask! Don't go up the night before and beg for help. Give a couple days of heads up so it's not too late. If I wasnt almost finished with the first draft with three or four days left to turn it in, I would be stressed out and the story could suffer. It doesn't have to be perfect the first and your can get new sources until you're turning it in. The quicker you act, the easier the reporting is and the better your story will be. Also need to give sources time to respond. Be the most delightful pain in the ass and you will get far in the major. Persistence is your best weapon! I would also advise meeting with your adviser regularly (freshman and SMAD) to be a familiar face with them. I knew lots of people that never saw their advisers and suffered for it. They're good for networking and general stuff. I saved a semester or two of headaches with scheduling my classes the right way to graduate on time. ALWAYS ASK FOR OVERRIDES to get into a class if enrollment is full. I feel like I was lucky, but it usually works more often than not. SMAD classes are small--16-25 people usually. Since rooms often have 30-40 chairs in some cases, it increases your odds of slipping in are decent. If it's in a lab that's not in the basement, probably less likely. I had to do this three times in two semesters, and it saved me from SO MUCH suffering. In the end, just be persistent, ask lots of questions, do everything necessary to help yourself succeed and be a person to count on, and you'll be set. Best of luck to you and your endeavors! It was and still is the best decision I ever made to apply to SMAD. You'll love it as much as I did. Keep your head up high, nose to the ground, and an open mind and nothing can stop you. Go Dukes!",2020-03-05 04:50:59,5
comment,let’s gooooo,Congrats! I remember how excited I was when I got that email too lmao,2020-03-04 17:42:40,3
comment,let’s gooooo,the BEST feeling. i remember it very well - congrats my friend!,2020-03-04 20:07:01,3
comment,let’s gooooo,Good work mate congrats!,2020-03-04 17:40:30,2
comment,let’s gooooo,"Congratulations! I remember the same excitement when I got accepted back 15ish years ago. I'm sure the program's evolved a lot since then, but get involved, stay on top of that work, get to know not only your fellow SMAD majors but the professors too, since you'll be working with all of them repeatedly for the next few years. SMAD was an incredible time for me, and it seems like based on this thread, there's no doubt it was for others too. Be excited, have fun, and have fun getting creative!",2020-03-05 06:52:30,1
comment,let’s gooooo,"i got so hype haha, i was not expecting that email today!",2020-03-04 18:24:43,2
comment,let’s gooooo,"for sure it was, thank you!",2020-03-04 20:42:28,2
post,Campus life,Campus life,2020-01-31 19:31:14,78
comment,Campus life,close the door right before they get there to assert dominance,2020-01-31 22:37:20,17
comment,Campus life,"I just hold the door open with my hand as I walk until my arm is fully extended. Some people are caught off guard assuming I'm gonna stop and hold it open for longer and almost get hit by a door. Like guys, c'mon. I've got places to be and classes to fail.",2020-01-31 22:42:42,11
comment,Campus life,I don’t believe in doors.,2020-02-01 19:16:38,1
comment,Campus life,Then getting in the elevator with them,2020-02-01 19:20:56,1
comment,Campus life,Assert your d o m m a n c e,2020-02-01 19:11:59,1
post,D-Hall snapshot taken earlier today - gone but never forgotten...,D-Hall snapshot taken earlier today - gone but never forgotten...,2016-05-09 22:45:48,83
comment,D-Hall snapshot taken earlier today - gone but never forgotten...,"The end of an era. As an alum, I'll certainly miss D-Hall.",2016-05-09 23:08:38,14
comment,D-Hall snapshot taken earlier today - gone but never forgotten...,"For reference, here's the concept for the new D-Hall: http://media.graytvinc.com/images/New+Bluestone+Dining_View+From+East+NIGHT.jpg",2016-05-10 11:34:40,7
comment,D-Hall snapshot taken earlier today - gone but never forgotten...,"I made a special pilgrimage down to campus to have one last meal at D-Hall on Friday with my girlfriend. The lunch was just as mediocre as we expected, and absolutely everything we wanted it to be. I reminisced about coke products, forged a lifeless burger, and ate softserve with whatever cereal they had left, poured on top. So-long old D-hall, we'll hold you in our hearts, and when we think about you...",2016-05-10 12:33:59,6
comment,D-Hall snapshot taken earlier today - gone but never forgotten...,"FYI, I heard today at the Admin and Finance divisional meeting that Phillips Hall (Top Dog/PC Dukes) is next. When they are done rebuilding Gibbons they will tear down Phillips and keep D-Hub for another two years.",2016-05-10 19:58:07,5
comment,D-Hall snapshot taken earlier today - gone but never forgotten...,"RIP, D-Hall. Thanks for the good times, the grilled cheese, the cheesecake, the soft serve, the boundless quantities of fries, the chicken and veggies, the mashed potatoes, the blackberry cobbler, the pounds and pounds of spinach, the pork loin, more food for one punch than anyone could ever deem reasonable, and the memories. And always, always the Buffalo Mash.",2016-05-10 18:43:37,1
comment,D-Hall snapshot taken earlier today - gone but never forgotten...,I don't think I ever truly appreciated how great it was until after graduating. Man I miss that place.,2016-05-10 08:33:15,3
comment,D-Hall snapshot taken earlier today - gone but never forgotten...,Does anyone know when this version should be complete?,2016-05-10 21:48:19,1
comment,D-Hall snapshot taken earlier today - gone but never forgotten...,"They're demolishing it and putting a new, larger dining hall building in its place. Unlike in 2001, when D-Hall was rebuilt in the same space, this time the entire building is getting torn down.",2016-05-10 05:27:18,6
comment,D-Hall snapshot taken earlier today - gone but never forgotten...,"D-Hub will likely be around for at least five years, since Phillips will be a bit after the Gibbons demo. Plus, now that they have that space, I'm sure they'll want to keep it rather than give it up as parking again",2016-05-10 22:42:12,2
comment,D-Hall snapshot taken earlier today - gone but never forgotten...,End of an era for sure. R.I.P. Grilled cheese Thursday's ⚰,2016-05-10 10:20:08,6
comment,D-Hall snapshot taken earlier today - gone but never forgotten...,"Gibbons begins demolition in the next few weeks. DHub, or the temp dining tent, will handle things until new DHall is completed summer of 2018",2016-05-10 22:27:46,2
comment,D-Hall snapshot taken earlier today - gone but never forgotten...,"This is true, I was just going by what was said, but that is more likely the reality. Charlie did say that he felt it was likely there would be a movement to keep it after they were done with the new Phillips due to its convenience to the Village. Of course, if they go forward with the plans for the Village, it would have to go at that point.",2016-05-11 06:34:48,1
post,They're really about to bring us back aren't they...,They're really about to bring us back aren't they... I'm honestly really surprised and can't see this going well...,2020-09-18 16:11:18,78
comment,They're really about to bring us back aren't they...,Just be cautiously optimistic yall! 🤪,2020-09-18 16:40:17,69
comment,They're really about to bring us back aren't they...,"just got the email.... 😆 i guess the word is ""stubborn""....?",2020-09-18 16:38:01,39
comment,They're really about to bring us back aren't they...,They are bringing us back and then making all classes online after thanksgiving. I feel sorry for all the people who have to spend all this money traveling back and forth.,2020-09-18 16:42:48,55
comment,They're really about to bring us back aren't they...,why didn't they just let people stay on campus in the first place if they were planning on moving classes back in person? I think we should stay online but this has just exposed more people. I guess to try to stop people from partying in hburg so the daily cases went down?,2020-09-18 17:05:44,22
comment,They're really about to bring us back aren't they...,"I won’t be going back to campus for any classes that went online fully. Nope. Go fuck yourself and your greed, JMU 🖕🏼",2020-09-18 17:39:47,11
comment,They're really about to bring us back aren't they...,"I mean with the amount of flack they got after they sent us home the first time, we’re here to stay 🙌🏼",2020-09-18 17:49:21,0
comment,They're really about to bring us back aren't they...,Im emailing my professor about staying online...,2020-09-18 16:45:49,25
comment,They're really about to bring us back aren't they...,Was that announced or just a guess? Either way i agree,2020-09-18 16:44:15,5
comment,They're really about to bring us back aren't they...,They sent people home to reduce the number of cases so they could use the whole “since there’s less people here there’s less cases” argument as a way to get people back on campus. It’s a giant money grab to not have to issue as big of a housing refund to freshman as well as meal plans. We will all be sent home by the end of October if not earlier.,2020-09-18 17:08:00,17
comment,They're really about to bring us back aren't they...,Less greed more absurd over leveraging and bad managment,2020-09-18 18:46:38,4
comment,They're really about to bring us back aren't they...,Unfortunately all the decisions to make a class online are not really in the profs hands. The higher ups make that call.,2020-09-18 19:38:11,7
comment,They're really about to bring us back aren't they...,that's not really true. I had all online classes even before they sent everyone home because my professors opted for online instruction.,2020-09-18 19:47:44,14
comment,They're really about to bring us back aren't they...,"a lot of professors could choose if they wanted to be online, my professor is staying online.",2020-09-18 20:10:28,6
comment,They're really about to bring us back aren't they...,They have to request it and many were denied,2020-09-18 22:03:17,6
comment,They're really about to bring us back aren't they...,"I teach at JMU. ""Choose"" is not exactly the right word - we could ""apply"" to stay online - response not yet known....",2020-09-18 23:14:26,8
comment,They're really about to bring us back aren't they...,I teach at JMU - trust me when I say that professors have most definitely NOT made the call the entire time.,2020-09-18 20:26:33,16
post,"I spent many hours painting Wilson for my cap! Vote for my grad cap design! If you follow the link, I am on page 3. Thank you! https://1.shortstack.com/qZWqM6","I spent many hours painting Wilson for my cap! Vote for my grad cap design! If you follow the link, I am on page 3. Thank you! https://1.shortstack.com/qZWqM6",2019-04-15 18:09:32,78
comment,"I spent many hours painting Wilson for my cap! Vote for my grad cap design! If you follow the link, I am on page 3. Thank you! https://1.shortstack.com/qZWqM6",Beautiful I’m a sophomore and I can’t wait to do this for mine,2019-04-15 18:13:12,6
comment,"I spent many hours painting Wilson for my cap! Vote for my grad cap design! If you follow the link, I am on page 3. Thank you! https://1.shortstack.com/qZWqM6",https://1.shortstack.com/qZWqM6,2019-04-15 18:10:24,4
comment,"I spent many hours painting Wilson for my cap! Vote for my grad cap design! If you follow the link, I am on page 3. Thank you! https://1.shortstack.com/qZWqM6",Best cap design I’ve ever seen! This is so cool,2019-04-15 20:00:04,3
comment,"I spent many hours painting Wilson for my cap! Vote for my grad cap design! If you follow the link, I am on page 3. Thank you! https://1.shortstack.com/qZWqM6","so not going to lie, I'm graduating and have no idea where to even get the cap and gown if you could point me in the right direction",2019-04-16 11:46:34,2
comment,"I spent many hours painting Wilson for my cap! Vote for my grad cap design! If you follow the link, I am on page 3. Thank you! https://1.shortstack.com/qZWqM6",Thank you!!,2019-04-15 21:50:52,2
comment,"I spent many hours painting Wilson for my cap! Vote for my grad cap design! If you follow the link, I am on page 3. Thank you! https://1.shortstack.com/qZWqM6",You can get it at the bookstore!,2019-04-16 11:47:06,2
