type,date,score,sentences,year_month,place,latitude,longitude,feature_type,admin1_name,admin2_name,country_name,school,place_type,action,corrected_name,corrected_latlon,corrected_place_type,reviewer,place_count
comment,2025-01-24,1,"From other countries’ cultures and people to the military’s own social structures (enlisted and commissioned kids had very different backgrounds but we all went to the same schools), when I landed in America for college I was shocked at the de facto economic and racial segregation in our country.",2025-01,United States,39.76,-98.5,independent political entity,,,United States,GMU,Country,,,,,,41
comment,2025-01-24,6,"Around 40% of US employees are hybrid or WFH - same as the federal government, doofus",2025-01,United States,39.76,-98.5,independent political entity,,,United States,GMU,Country,,,,,,41
comment,2025-01-24,19,"I work in the Student DEI office at George Mason, it’s literally just supporting people from different back ground.",2025-01,George Mason University Fairfax Campus,38.83088,-77.30794,school,Virginia,Fairfax County,United States,GMU,Building,,,,,,2
comment,2025-01-24,19,I work there because I am a first generation student with high school drop out parents from rural Virginia who didn’t know the first thing about college.,2025-01,Virginia,37.54812,-77.44675,first-order administrative division,Virginia,,United States,GMU,State,,,,,,45
comment,2025-01-25,2,Like why are white men overrepresented in congress versus the actual US population?,2025-01,United States,39.76,-98.5,independent political entity,,,United States,GMU,Country,,,,,,41
comment,2025-02-15,1,Is this in the USA?,2025-02,United States,39.76,-98.5,independent political entity,,,United States,GMU,Country,,,,,,41
comment,2023-02-22,23,Pretty sure this girl I used to talk to worked in Crystal City and had to pay for parking.. not the first time I’ve heard of it either.,2023-02,Crystal City,28.67748,-99.82811,seat of a second-order administrative division,Texas,Zavala County,United States,GMU,City,,,,,,1
comment,2023-02-23,4,A lot of people go to GMU and there isn't exactly a lot of land to go around in the DC area.,2023-02,District of Columbia,38.91706,-77.00025,first-order administrative division,District of Columbia,,United States,GMU,State,,,,,,17
comment,2023-02-23,3,The other big joke is the gates they installed in Rapp deck.,2023-02,Rapp,47.3961,7.84103,house(s),Basel-Landschaft,Bezirk Sissach,Switzerland,GMU,,,,,,,1
comment,2023-02-22,14,"I'm going to get mass downvoted for this, but parking costs money to maintain and America has coddled drivers to make them think they are entitled to a parking spot for owning a car.",2023-02,United States,39.76,-98.5,independent political entity,,,United States,GMU,Country,,,,,,41
comment,2023-02-22,2," Based, bring this to osu",2023-02,Ōzu,33.5,132.55,seat of a second-order administrative division,Ehime,Ōzu-shi,Japan,GMU,City,,,,,,1
comment,2026-04-13,1,I the Netherlands this would even be covered by the “liability insurance” that only cost around €4-10 a month.,2026-04,The Netherlands,52.25,5.75,independent political entity,,,The Netherlands,GMU,Country,,,,,,1
comment,2026-04-13,1,(Don’t know how this is in the USA),2026-04,United States,39.76,-98.5,independent political entity,,,United States,GMU,Country,,,,,,41
comment,2026-04-09,1,The Navy Yard kids in 10 years.,2026-04,Navy Yard,40.69891,-73.97114,section of populated place,New York,Kings County,United States,GMU,Neighborhood,,,,,,1
comment,2025-12-15,1,I don’t know why I’m on the GMU subreddit since I’ve been graduated for 7 years from Tennessee but this same thing happened to me where the professor increased my score by .3 points so I could graduate cum laude.,2025-12,Tennessee,35.75035,-86.25027,first-order administrative division,Tennessee,,United States,GMU,State,,,,,,2
comment,2024-09-25,5,"[gif](giphy|10bCgkbPzuKQog)

There is definitely a dolphins-taking-over-Springfield vibe here.",2024-09,Springfield,42.10148,-72.58981,populated place,Massachusetts,Hampden County,United States,GMU,City,,,,,,2
comment,2022-12-07,4,The Southside one got me,2022-12,Southside,39.78121,-76.39468,populated place,Pennsylvania,York County,United States,GMU,City,,,,,,27
comment,2022-12-09,2,I can't help but feel like the Rappahannock parking deck one is targeted toward me...,2022-12,Rappahannock County,38.68471,-78.15925,second-order administrative division,Virginia,Rappahannock County,United States,GMU,State,,,,,,1
comment,2022-12-07,-10,I-66  are you from Cali?,2022-12,Chali,40.88208,44.10553,canyon,Lori,,Armenia,GMU,Natural Feature,,,,,,1
comment,2023-03-30,1,"As an employee, the I-66 part got me.",2023-03,Super 8 Manassas / I- 66,38.7993,-77.5212,hotel,Virginia,,United States,GMU,Building,,,,,,2
comment,2025-10-01,2,"But gooning is Ohio so get on God.""",2025-10,Ohio,40.25034,-83.00018,first-order administrative division,Ohio,,United States,GMU,State,,,,,,4
comment,2025-10-04,2,He’s the Iglesias Pentacostal Church Vans you see around Fairfax and Springfield,2025-10,Fairfax,40.33861,-95.39331,populated place,Missouri,Atchison County,United States,GMU,City,,,,,,1
comment,2025-10-04,2,He’s the Iglesias Pentacostal Church Vans you see around Fairfax and Springfield,2025-10,Springfield,42.10148,-72.58981,populated place,Massachusetts,Hampden County,United States,GMU,City,,,,,,2
comment,2025-10-02,1,tell me you're not from nova from without telling me,2025-10,Nova,65.65053,12.65206,point,Nordland,Vevelstad,Norway,GMU,Natural Feature,,,,,,4
comment,2025-10-03,1,"Pastor Jorge and Sister Cindy (""Ho No Mo"") -- a slut shamer, have free reign to minister on college campuses paid for with Virginia tax dollars... GMU is a state school, not a private one.",2025-10,Virginia,37.54812,-77.44675,first-order administrative division,Virginia,,United States,GMU,State,,,,,,45
comment,2025-10-03,1,"They are not employed by the school, or the state of Virginia and they are not students!",2025-10,Virginia,37.54812,-77.44675,first-order administrative division,Virginia,,United States,GMU,State,,,,,,45
post,2020-04-04,602,Dolphins have returned to Mason Pond,2020-04,Mason Pond,41.64506,-72.80084,lake,Connecticut,Capitol Planning Region,United States,GMU,Natural Feature,,,,,,15
comment,2020-04-04,-21,Mason Pond is clearly manmade.,2020-04,Mason Pond,41.64506,-72.80084,lake,Connecticut,Capitol Planning Region,United States,GMU,Natural Feature,,,,,,15
comment,2023-10-20,-3,"Run over to Giant for some raw calamari rings, and hand pieces to them.",2023-10,Giant,37.99048,-122.35719,section of populated place,California,Contra Costa County,United States,GMU,Neighborhood,,,,,,1
comment,2025-02-12,32,"The snow ball fights are so fun, I wasn’t in this particular one, but I was in a few snow ball fights close to Southside and The Ridge.",2025-02,Southside,39.78121,-76.39468,populated place,Pennsylvania,York County,United States,GMU,City,,,,,,27
comment,2025-02-12,32,"The snow ball fights are so fun, I wasn’t in this particular one, but I was in a few snow ball fights close to Southside and The Ridge.",2025-02,The Ridge,44.13342,-76.4327,ridge(s),Ontario,,Canada,GMU,,,,,,,1
comment,2025-02-12,7,"We had a snowball fight in the commons outside Dickenson hall, too.",2025-02,Dickenson Hall,38.83167,-77.30472,building(s),Virginia,City of Fairfax,United States,GMU,Building,,,,,,1
comment,2025-02-13,1,Is that Presidents Park?,2025-02,Presidents Park,38.89562,-77.03651,park,District of Columbia,,United States,GMU,Neighborhood,,,,,,3
comment,2023-11-17,25,They stopped at the stop sign near Lot A and I was crossing then all of a sudden they drive directly at me then stop right in front of me and there’s two girls just laughing at me then they drive off.,2023-11,Altamaha River,31.31578,-81.28482,stream,Georgia,McIntosh County,United States,GMU,Natural Feature,,,,,,1
comment,2025-02-15,4,The amount of social climbers at Mason is absurd.,2025-02,Mason County,43.95625,-86.42258,second-order administrative division,Michigan,Mason County,United States,GMU,State,,,,,,28
post,2025-03-06,526,Graffiti at exploratory this morning,2025-03,Miles Exploratory Learning Center,32.22101,-110.95023,school,Arizona,Pima County,United States,GMU,Building,,,,,,2
comment,2025-03-13,3,The Virginia flag goes so hard.,2025-03,Virginia,37.54812,-77.44675,first-order administrative division,Virginia,,United States,GMU,State,,,,,,45
comment,2025-03-07,-2,"Unless that is your building u r defacing then u should be arrested for vandalism

I saw the same thing in cali 4 yrs ago

PS   If u vandalized i hope this post is used as evidence of a crime.",2025-03,Derbent,42.06622,48.28759,seat of a second-order administrative division,Dagestan,,Russia,GMU,City,,,,,,2
comment,2025-03-07,0,I think they meant president of the United States.,2025-03,Territories of the United States,35.27766,-102.35403,region,,,United States,GMU,Region,,,,,,4
comment,2020-10-15,10,Only picture where GMU actually looks nice ...nice job!,2020-10,Gauriyamau,26.75703,81.79366,railroad station,Uttar Pradesh,Ayodhya,India,GMU,Road,,,,,,9
comment,2020-10-15,18,"You can see the through the end of the first pic, that’s the whole new glass building constructed beside the Fenwick!",2020-10,Fenwick,41.27093,-72.35369,populated place,Connecticut,Lower Connecticut River Valley Planning Region,United States,GMU,City,,,,,,7
comment,2026-02-06,22,is this arlington or fairfax?,2026-02,Arlington,40.4259,-79.9745,section of populated place,Pennsylvania,Allegheny County,United States,GMU,Neighborhood,,,,,,2
comment,2026-02-06,22,"If Fairfax, I haven't been there in ages.. looks so new and modern lol",2026-02,Fairfax,38.84622,-77.30637,seat of a second-order administrative division,Virginia,City of Fairfax,United States,GMU,City,,,,,,20
comment,2026-01-26,18,Pic was taken by the entrance to planetary,2026-01,Mannheim Planetary,49.47728,8.49287,building(s),Baden-Wurttemberg,Karlsruhe Region,Germany,GMU,Building,,,,,,5
comment,2025-09-06,21,what did washington do?,2025-09,Washington,47.50012,-120.50147,first-order administrative division,Washington,,United States,GMU,State,,,,,,4
comment,2025-09-08,3,Both are menaces to NY!,2025-09,New York City,40.71427,-74.00597,populated place,New York,,United States,GMU,City,,,,,,6
comment,2020-10-19,15,Lol I got called out for not citing the Gettysburg address,2020-10,Gettysburg,39.83093,-77.2311,seat of a second-order administrative division,Pennsylvania,Adams County,United States,GMU,City,,,,,,1
comment,2026-01-13,3,"""King, whose father was a policeman, attended The Duke Ellington High School of Performing Arts in Washington, D.C. and later attended Towson University in Baltimore, Maryland. """,2026-01,Reisterstown,39.46976,-76.8319,populated place,Maryland,Baltimore County,United States,GMU,City,,,,,,1
comment,2026-01-13,3,"""King, whose father was a policeman, attended The Duke Ellington High School of Performing Arts in Washington, D.C. and later attended Towson University in Baltimore, Maryland. """,2026-01,District of Columbia,38.91706,-77.00025,first-order administrative division,District of Columbia,,United States,GMU,State,,,,,,17
comment,2026-01-13,3,"""King, whose father was a policeman, attended The Duke Ellington High School of Performing Arts in Washington, D.C. and later attended Towson University in Baltimore, Maryland. """,2026-01,Baltimore,39.29038,-76.61219,seat of a second-order administrative division,Maryland,City of Baltimore,United States,GMU,City,,,,,,1
comment,2026-01-13,3,"""King, whose father was a policeman, attended The Duke Ellington High School of Performing Arts in Washington, D.C. and later attended Towson University in Baltimore, Maryland. """,2026-01,Maryland,39.00039,-76.74997,first-order administrative division,Maryland,,United States,GMU,State,,,,,,8
comment,2019-03-26,1,I thought he was teaching in London tho,2019-03,London,51.50853,-0.12574,capital of a political entity,England,Greater London,United Kingdom,GMU,City,,,,,,2
comment,2019-03-25,-10,facts are facts america,2019-03,United States,39.76,-98.5,independent political entity,,,United States,GMU,Country,,,,,,41
comment,2019-03-25,2,Yeah a two week seminar in London for the summer and ne gorsuch for the same but in Padua Italy.,2019-03,London,51.50853,-0.12574,capital of a political entity,England,Greater London,United Kingdom,GMU,City,,,,,,2
comment,2019-03-25,2,Yeah a two week seminar in London for the summer and ne gorsuch for the same but in Padua Italy.,2019-03,Padua,45.40797,11.88586,seat of a second-order administrative division,Veneto,Provincia di Padova,Italy,GMU,City,,,,,,1
comment,2019-03-25,2,Yeah a two week seminar in London for the summer and ne gorsuch for the same but in Padua Italy.,2019-03,Italian Republic,42.83333,12.83333,independent political entity,,,Italy,GMU,Country,,,,,,3
comment,2019-03-26,4,They still probably think Russia & Venezuela are communist anyway.,2019-03,Russian Federation,60.0,100.0,independent political entity,,,Russia,GMU,Country,,,,,,1
comment,2019-03-26,4,They still probably think Russia & Venezuela are communist anyway.,2019-03,Bolivarian Republic of Venezuela,8.0,-66.0,independent political entity,,,Venezuela,GMU,Country,,,,,,1
post,2026-01-31,430,President Washington alongside Virginia’s New Governor Spanberger,2026-01,Virginia,37.54812,-77.44675,first-order administrative division,Virginia,,United States,GMU,State,,,,,,45
comment,2026-02-01,6,Ah yes he’s so happy to be in the presence of the worst governor in Virginia history.,2026-02,Virginia,37.54812,-77.44675,first-order administrative division,Virginia,,United States,GMU,State,,,,,,45
comment,2026-02-04,1,In Williamsburg.,2026-02,City of Williamsburg,37.2707,-76.70746,second-order administrative division,Virginia,City of Williamsburg,United States,GMU,State,,,,,,1
post,2025-03-09,426,"#HERstory made today in Henrico, VA!",2025-03,Henrico County,37.45771,-77.29646,second-order administrative division,Virginia,Henrico County,United States,GMU,State,,,,,,1
post,2025-03-09,426,"#HERstory made today in Henrico, VA!",2025-03,Virginia,37.54812,-77.44675,first-order administrative division,Virginia,,United States,GMU,State,,,,,,45
comment,2025-03-10,3,High point just did it today in the Big South tournament,2025-03,Big South Windmill,30.24797,-99.5995,,Texas,Kerr County,United States,GMU,,,,,,,1
post,2021-01-06,424,A very kind soul slipped this under the door for me as I was sobbing in a bathroom stall in Exploratory my sophomore year of college.,2021-01,Vista PEAK Exploratory School,39.7192,-104.70111,school,Colorado,Arapahoe County,United States,GMU,Building,,,,,,3
comment,2022-12-02,14,Wait so non-Mason students can get away with getting parking tickets at Mason?,2022-12,Mason County,30.71772,-99.22613,second-order administrative division,Texas,Mason County,United States,GMU,State,,,,,,2
comment,2022-12-02,8,"Same thing if you get a **parking, red light, or speed camera ticket** in DC or MD.",2022-12,District of Columbia,38.91706,-77.00025,first-order administrative division,District of Columbia,,United States,GMU,State,,,,,,17
comment,2022-12-02,8,"Same thing if you get a **parking, red light, or speed camera ticket** in DC or MD.",2022-12,Maryland,39.00039,-76.74997,first-order administrative division,Maryland,,United States,GMU,State,,,,,,8
comment,2022-12-02,5,I need more context i worked in DC for few months and got three speeding ticket in the same place and time each time.,2022-12,District of Columbia,38.91706,-77.00025,first-order administrative division,District of Columbia,,United States,GMU,State,,,,,,17
comment,2022-12-03,1,I've gotten 3 speed camera tickets in Maryland and paid them all off; the car isn't registered to me either,2022-12,Maryland,39.00039,-76.74997,first-order administrative division,Maryland,,United States,GMU,State,,,,,,8
comment,2026-02-04,4,Who actually cares about mason sports,2026-02,Mason County,43.95625,-86.42258,second-order administrative division,Michigan,Mason County,United States,GMU,State,,,,,,28
comment,2025-08-26,63,"I've always found Washington pretty milquetoast, I'm extremely glad to see this.",2025-08,Washington,47.50012,-120.50147,first-order administrative division,Washington,,United States,GMU,State,,,,,,4
comment,2020-09-20,18,"Having taken a class in Krug, I'd be surprised if it's not one of the original buildings.",2020-09,Krug,43.71917,17.10278,cliff(s),Federation of B&H,,Bosnia and Herzegovina,GMU,,,,,,,1
comment,2020-09-20,3,"I feel like there has been construction there for decades now, similar to UMCP.",2020-09,University of Maryland - College Park,38.98861,-76.9397,school,Maryland,Prince George's County,United States,GMU,Building,,,,,,1
comment,2020-09-20,3,The growth in DC metropolitan area is just huge.,2020-09,District of Columbia,38.91706,-77.00025,first-order administrative division,District of Columbia,,United States,GMU,State,,,,,,17
comment,2020-09-20,22,"West, East, Krug, and Finley are the original 4 Fairfax Campus buildings (Krug and Finley may have originally been named ""South"" and ""North"").",2020-09,West Village,42.56676,-71.112,populated place,Massachusetts,Middlesex County,United States,GMU,City,,,,,,1
comment,2020-09-20,22,"West, East, Krug, and Finley are the original 4 Fairfax Campus buildings (Krug and Finley may have originally been named ""South"" and ""North"").",2020-09,Austurland,65.0,-15.0,first-order administrative division,East,,Iceland,GMU,State,,,,,,3
comment,2020-09-20,22,"West, East, Krug, and Finley are the original 4 Fairfax Campus buildings (Krug and Finley may have originally been named ""South"" and ""North"").",2020-09,Krug,38.51796,-122.48165,populated place,California,Napa County,United States,GMU,City,,,,,,2
comment,2020-09-20,22,"West, East, Krug, and Finley are the original 4 Fairfax Campus buildings (Krug and Finley may have originally been named ""South"" and ""North"").",2020-09,Finley,33.74621,-96.18609,populated place,Texas,Fannin County,United States,GMU,City,,,,,,2
comment,2020-09-20,22,"West, East, Krug, and Finley are the original 4 Fairfax Campus buildings (Krug and Finley may have originally been named ""South"" and ""North"").",2020-09,Fairfax Learning Center,39.14029,-94.63265,school,Kansas,Wyandotte County,United States,GMU,Building,,,,,,2
comment,2020-09-20,22,"West, East, Krug, and Finley are the original 4 Fairfax Campus buildings (Krug and Finley may have originally been named ""South"" and ""North"").",2020-09,Krug,38.51796,-122.48165,populated place,California,Napa County,United States,GMU,City,,,,,,2
comment,2020-09-20,22,"West, East, Krug, and Finley are the original 4 Fairfax Campus buildings (Krug and Finley may have originally been named ""South"" and ""North"").",2020-09,Finley,33.74621,-96.18609,populated place,Texas,Fannin County,United States,GMU,City,,,,,,2
comment,2020-09-20,22,"West, East, Krug, and Finley are the original 4 Fairfax Campus buildings (Krug and Finley may have originally been named ""South"" and ""North"").",2020-09,Suðurland,64.0,-19.0,first-order administrative division,South,,Iceland,GMU,State,,,,,,1
comment,2020-09-20,22,"Classes were first held in an [old school near Bailey's Crossroads](http://ahistoryofmason.gmu.edu/exhibits/show/schoolhouse/contents/schoolhouse), but this was temporary while Fairfax campus was planned and built.",2020-09,Fairfax,38.84622,-77.30637,seat of a second-order administrative division,Virginia,City of Fairfax,United States,GMU,City,,,,,,20
comment,2020-09-20,3,I believe that's the Inova Emergency room and Sunrise at George Mason (Senior Living facility).,2020-09,Inova,-19.51667,28.6,hill,Matabeleland North,,Zimbabwe,GMU,Natural Feature,,,,,,1
comment,2020-09-20,3,I believe that's the Inova Emergency room and Sunrise at George Mason (Senior Living facility).,2020-09,Sunrise,36.07314,-83.79129,populated place,Tennessee,Knox County,United States,GMU,City,,,,,,1
comment,2026-02-11,9,"Reminds me of the sign in Horizon last week that said ""Please be quite""",2026-02,Horizon,39.68575,20.88265,hotel,Epirus,Nomós Ioannínon,Greece,GMU,Building,,,,,,2
comment,2026-02-10,38,Nah GMU is the MIT of Fairfax,2026-02,Fairfax,38.84622,-77.30637,seat of a second-order administrative division,Virginia,City of Fairfax,United States,GMU,City,,,,,,20
comment,2020-09-30,2,"nature is healing, the bears are coming back to gmu",2020-09,Greenville Downtown Airport,34.85031,-82.3509,airport,South Carolina,Greenville County,United States,GMU,Building,,,,,,11
comment,2020-10-01,1,Between 1900 and 2009 there have only been 63 people killed by black bears in the US and Canada.,2020-10,United States,39.76,-98.5,independent political entity,,,United States,GMU,Country,,,,,,41
comment,2020-10-01,1,Between 1900 and 2009 there have only been 63 people killed by black bears in the US and Canada.,2020-10,Canada,60.10867,-113.64258,independent political entity,,,Canada,GMU,Country,,,,,,2
comment,2020-10-01,1,"https://www.smithsonianmag.com/science-nature/how-to-avoid-being-eaten-by-a-black-bear-179225111/ 

None of which were in Virginia.",2020-10,Virginia,37.54812,-77.44675,first-order administrative division,Virginia,,United States,GMU,State,,,,,,45
comment,2020-09-11,1,Most nights I’d go to Mason Pond until I felt like leaving.,2020-09,Mason Pond,41.64506,-72.80084,lake,Connecticut,Capitol Planning Region,United States,GMU,Natural Feature,,,,,,15
comment,2025-12-18,5,"Edit: I might also add I first started community college in California around 2004, and again went to community college for a year in Arizona circa 2007.",2025-12,California,37.25022,-119.75126,first-order administrative division,California,,United States,GMU,State,,,,,,1
comment,2025-12-18,5,"Edit: I might also add I first started community college in California around 2004, and again went to community college for a year in Arizona circa 2007.",2025-12,Arizona,34.5003,-111.50098,first-order administrative division,Arizona,,United States,GMU,State,,,,,,1
comment,2020-07-21,6,"We were pretty chill, and luckily had a house (might still) literally 2 blocks north of campus on University Dr.",2020-07,Hampton Inn & Suites Salt Lake City University-Foothill Dr.,40.74048,-111.82554,hotel,Utah,Salt Lake County,United States,GMU,Building,,,,,,1
comment,2020-07-21,-3,"Now, the U.S. was fundamentally founded on capitalism so if that something that you don’t agree with that’s your choice, but in this case it is fair to say why not go elsewhere then?",2020-07,United States,39.76,-98.5,independent political entity,,,United States,GMU,Country,,,,,,41
comment,2020-07-21,1,"There’s a reason why Amazon, Microsoft, Netflix, Apple, Google, Twitter, hell even the very platform we’re having this discussion on right now, and pretty much any other major revolutionary company, all originated in the U.S. There’s a reason why our top universities are more prestigious than those of other Western countries even though their top institutions have been around a lot longer.",2020-07,United States,39.76,-98.5,independent political entity,,,United States,GMU,Country,,,,,,41
comment,2020-07-21,1,"And finally, there is a reason why people from all over the world want to immigrate to “America”.",2020-07,United States,39.76,-98.5,independent political entity,,,United States,GMU,Country,,,,,,41
comment,2020-07-21,1,"I’m neither white, even remotely wealthy, nor a natural-born American; I immigrated here with my family, leaving our relatively well-off life and coming here where we were essentially poor for the first decade plus, so to be clear this is not some patriotism-blinded view of the U.S.",2020-07,United States,39.76,-98.5,independent political entity,,,United States,GMU,Country,,,,,,41
comment,2020-07-21,1,"So that said, we have our fair share of problems like any other country, and constructively critiquing specifics of where you think capitalism or any aspects of the U.S. fall short, in order to improve it (as every engaged citizen should do), is one thing, but completely trashing it as a concept altogether (what you basically did about capitalism, and what many do regarding the U.S. as a whole) is another.",2020-07,United States,39.76,-98.5,independent political entity,,,United States,GMU,Country,,,,,,41
comment,2020-07-21,1,"So that said, we have our fair share of problems like any other country, and constructively critiquing specifics of where you think capitalism or any aspects of the U.S. fall short, in order to improve it (as every engaged citizen should do), is one thing, but completely trashing it as a concept altogether (what you basically did about capitalism, and what many do regarding the U.S. as a whole) is another.",2020-07,United States,39.76,-98.5,independent political entity,,,United States,GMU,Country,,,,,,41
comment,2022-12-13,1,"In addition, if you’re coming here to the Fairfax campus, Fairfax City not half a mile north is an excellent place for food and errands.",2022-12,Fairfax,38.84622,-77.30637,seat of a second-order administrative division,Virginia,City of Fairfax,United States,GMU,City,,,,,,20
comment,2022-12-13,1,"In addition, if you’re coming here to the Fairfax campus, Fairfax City not half a mile north is an excellent place for food and errands.",2022-12,Fairfax,38.84622,-77.30637,seat of a second-order administrative division,Virginia,City of Fairfax,United States,GMU,City,,,,,,20
comment,2022-12-13,3,North Carolina,2022-12,North Carolina,35.50069,-80.00032,first-order administrative division,North Carolina,,United States,GMU,State,,,,,,1
post,2024-10-04,361,Average JC hallway flier,2024-10,Jc Contemporary,41.79959,12.47982,hotel,Lazio,Città metropolitana di Roma Capitale,Italy,GMU,Building,,,,,,4
comment,2020-08-26,14,I'm on the Arlington campus.,2020-08,Arlington,32.73569,-97.10807,populated place,Texas,Tarrant County,United States,GMU,City,,,,,,12
comment,2020-08-27,3,I know its normal in Spain.,2020-08,Kingdom of Spain,40.0,-4.0,independent political entity,,,Spain,GMU,Country,,,,,,2
comment,2020-08-26,1,"Can't think of any place on Mason like this - but if this isn't Mason, we need it here!",2020-08,Mason County,43.95625,-86.42258,second-order administrative division,Michigan,Mason County,United States,GMU,State,,,,,,28
comment,2023-09-03,1,"The protesters at Southside or the Johnson Center, they just show up and bother everyone.",2023-09,Southside,17.96569,-76.78624,second-order administrative division,Kingston,Southside,Jamaica,GMU,State,,,,,,1
comment,2023-09-03,1,"The protesters at Southside or the Johnson Center, they just show up and bother everyone.",2023-09,Johnson Center for The Arts,39.47806,-86.0475,building(s),Indiana,Johnson County,United States,GMU,Building,,,,,,6
comment,2025-01-21,1,"This was at The Grove, but I also went around campus this morning and found fox prints in a lot of grassy/wooded areas",2025-01,The Grove,51.67708,-0.43825,golf course,England,Hertfordshire,United Kingdom,GMU,Building,,,,,,1
comment,2020-03-17,3,"Shit I'll send them an email too and I don't even go to Mason anymore, I just want to bother the devil-on-earth that is Mason parking",2020-03,Mason County,43.95625,-86.42258,second-order administrative division,Michigan,Mason County,United States,GMU,State,,,,,,28
comment,2020-03-17,3,"Shit I'll send them an email too and I don't even go to Mason anymore, I just want to bother the devil-on-earth that is Mason parking",2020-03,Mason County,43.95625,-86.42258,second-order administrative division,Michigan,Mason County,United States,GMU,State,,,,,,28
comment,2025-10-16,3,"""Shibboleth"" is actually the name of the open-source single sign-on infrastructure they have been using for a long time.",2025-10,Shibboleth,38.00561,-90.70541,populated place,Missouri,Washington County,United States,GMU,City,,,,,,1
comment,2022-04-26,152,GMU where the G stands for Gnowledge,2022-04,Greenville Downtown Airport,34.85031,-82.3509,airport,South Carolina,Greenville County,United States,GMU,Building,,,,,,11
comment,2022-04-26,41,They’ve gone to Eastern Shore and Hampton Roads,2022-04,Eastern Shore,38.50012,-75.49964,area,Delaware,Sussex County,United States,GMU,Building,,,,,,1
comment,2022-04-26,41,They’ve gone to Eastern Shore and Hampton Roads,2022-04,Hampton Roads,36.97515,-76.34967,harbor(s),Virginia,City of Hampton,United States,GMU,Road,,,,,,3
comment,2025-11-26,1,in hs,2025-11,Kfar Hess,32.24714,34.93562,populated place,Central District,,Israel,GMU,City,,,,,,1
comment,2025-03-07,-15,Feel free to move to the middle east,2025-03,Al Bank al Brīţānī lish Sharq al Awsaţ,25.2643,55.29326,bank,Dubai,,United Arab Emirates,GMU,Natural Feature,,,,,,3
comment,2025-03-07,12,"No thanks, don't want to get bombed by the US",2025-03,United States,39.76,-98.5,independent political entity,,,United States,GMU,Country,,,,,,41
comment,2025-03-07,10,"Just above this post I had this … https://www.reddit.com/r/washingtondc/s/cmcG5VNgB0 and another post about Warren County, VA closing the Front Royal Public Library because they have LGBTQ books.",2025-03,Warren County,38.90878,-78.20746,second-order administrative division,Virginia,Warren County,United States,GMU,State,,,,,,1
comment,2025-03-07,10,"Just above this post I had this … https://www.reddit.com/r/washingtondc/s/cmcG5VNgB0 and another post about Warren County, VA closing the Front Royal Public Library because they have LGBTQ books.",2025-03,Virginia,37.54812,-77.44675,first-order administrative division,Virginia,,United States,GMU,State,,,,,,45
comment,2025-03-07,10,That’s a bit closer than the Middle East.,2025-03,Al Bank al Brīţānī lish Sharq al Awsaţ,25.2643,55.29326,bank,Dubai,,United Arab Emirates,GMU,Natural Feature,,,,,,3
comment,2019-05-12,3,I thought George Masons campus was just a Starbucks parking lot in Nova,2019-05,Nova,64.48632,11.0805,valley,Trøndelag,Namsos,Norway,GMU,Natural Feature,,,,,,4
comment,2019-05-09,4,"Before that was Exploratory, before that was all the other newish dorms and Merten Hall",2019-05,Vista PEAK Exploratory School,39.7192,-104.70111,school,Colorado,Arapahoe County,United States,GMU,Building,,,,,,3
post,2022-03-25,333,This is for the dudes racing their loud cars in the middle of the night on Braddock,2022-03,Braddock Hills,40.41729,-79.86505,populated place,Pennsylvania,Allegheny County,United States,GMU,City,,,,,,1
comment,2022-04-23,2,this happens constantly at the shenandoah parking deck,2022-04,Shenandoah,40.82037,-76.20077,populated place,Pennsylvania,Schuylkill County,United States,GMU,City,,,,,,1
comment,2018-11-10,77,"It wasn’t our fault but now we have to do extra work, because if eagle bank arena….",2018-11,Eagle Bank,-30.25118,139.91602,stream bank,South Australia,,Australia,GMU,Natural Feature,,,,,,8
comment,2018-11-10,18,if eagle bank arena what????,2018-11,Eagle Bank,-30.25118,139.91602,stream bank,South Australia,,Australia,GMU,Natural Feature,,,,,,8
comment,2020-06-21,28,I thought you said West!,2020-06,West,42.77268,-116.9579,region,,,United States,GMU,Region,,,,,,1
comment,2025-10-04,30,I've never seen a bird like that in VA,2025-10,Virginia,37.54812,-77.44675,first-order administrative division,Virginia,,United States,GMU,State,,,,,,45
comment,2025-10-06,3,It was by the long wooden bridge in the wooded area past the mason pond parking deck,2025-10,Mason Pond,41.64506,-72.80084,lake,Connecticut,Capitol Planning Region,United States,GMU,Natural Feature,,,,,,15
comment,2025-10-05,1,"Some species experience strong natural selection for rapidly increased fertility when population drops significantly, that's why big cities like New York City can never get rid of all their rats or other rodents.",2025-10,New York City,40.71427,-74.00597,populated place,New York,,United States,GMU,City,,,,,,6
comment,2025-10-04,6,They're EVERYWHERE if you check my profile I posted a picture of a tree outside of Southside I found on my way back to my hall yesterday,2025-10,Southside,39.78121,-76.39468,populated place,Pennsylvania,York County,United States,GMU,City,,,,,,27
comment,2025-10-04,7,"they were introduced to the US in the mid 2010s, only have been in VA for a couple years",2025-10,United States,39.76,-98.5,independent political entity,,,United States,GMU,Country,,,,,,41
comment,2025-10-04,7,"they were introduced to the US in the mid 2010s, only have been in VA for a couple years",2025-10,Virginia,37.54812,-77.44675,first-order administrative division,Virginia,,United States,GMU,State,,,,,,45
comment,2025-10-04,21,"You actually should, as they're invasive - they've multiplied in such large numbers due to having no natural predators here in the US, and have been consuming resources normally used by other insects

So by not killing you're allowing non invasive species to die, which will then limit food for birds, killing birds, etc.- you kill a lot more creatures by not killing lanternflies than by killing them",2025-10,United States,39.76,-98.5,independent political entity,,,United States,GMU,Country,,,,,,41
comment,2020-07-29,52,"Use the “search by Officer name” option and input his name: “John Spivey”

- When you search the New Orleans address (5414 Constance street) listed on the website above its actually a run down looking house.",2020-07,New Orleans,29.95465,-90.07507,seat of a second-order administrative division,Louisiana,Orleans Parish,United States,GMU,City,,,,,,2
comment,2020-07-30,7,"I wouldn't trust a lawn service with a web site like this to mow my lawn, much less handle medical testing for the largest university in the state of Virginia.",2020-07,Virginia,37.54812,-77.44675,first-order administrative division,Virginia,,United States,GMU,State,,,,,,45
comment,2020-07-31,6,So now we have no idea if we're actually clear or not and might have just exposed each other and may be the start of an outbreak in Richmond.,2020-07,Richmond,37.55376,-77.46026,seat of a first-order administrative division,Virginia,City of Richmond,United States,GMU,City,,,,,,6
comment,2024-12-01,1,Please converse with other students with respect and keep in mind that Mason is an academic environment.,2024-12,Mason County,43.95625,-86.42258,second-order administrative division,Michigan,Mason County,United States,GMU,State,,,,,,28
comment,2024-12-01,-3,Please converse with other students with respect and keep in mind that Mason is an academic environment.,2024-12,Mason County,43.95625,-86.42258,second-order administrative division,Michigan,Mason County,United States,GMU,State,,,,,,28
post,2026-03-08,329,Here’s the Wilkin’s Plaza clock tower speeding up on Daylight Savings Time,2026-03,Plaza,60.38637,23.12412,mall,Southwest Finland,,Finland,GMU,Building,,,,,,1
comment,2025-08-25,1,Idk why this reminded of Bing Bong from Peak… I might be cooked in the head.,2025-08,Peak,-39.22824,175.09021,hill,Wellington Region,,New Zealand,GMU,Natural Feature,,,,,,1
comment,2020-03-21,30,But I bet it won’t because...GMU,2020-03,Gauriyamau,26.75703,81.79366,railroad station,Uttar Pradesh,Ayodhya,India,GMU,Road,,,,,,9
comment,2021-04-25,19,And Mason Pond was looking so beautiful lately...,2021-04,Mason Pond,41.64506,-72.80084,lake,Connecticut,Capitol Planning Region,United States,GMU,Natural Feature,,,,,,15
comment,2026-01-26,36,I’m a grad student in Arlington.,2026-01,Arlington,32.73569,-97.10807,populated place,Texas,Tarrant County,United States,GMU,City,,,,,,12
comment,2026-01-27,12,Literally everyone from (at least) Central VA all the way to Maryland is closed and Mason just has to be that special?,2026-01,VA Central Western Massachusetts Healthcare System,45.05313,-69.88199,populated place,Maine,Somerset County,United States,GMU,City,,,,,,1
comment,2026-01-27,12,Literally everyone from (at least) Central VA all the way to Maryland is closed and Mason just has to be that special?,2026-01,Maryland,39.00039,-76.74997,first-order administrative division,Maryland,,United States,GMU,State,,,,,,8
comment,2026-01-26,9,"Considering I can’t open my door in Maryland, nope.",2026-01,Maryland,39.00039,-76.74997,first-order administrative division,Maryland,,United States,GMU,State,,,,,,8
comment,2026-01-26,5,Wait should I just stay in DC?,2026-01,District of Columbia,38.91706,-77.00025,first-order administrative division,District of Columbia,,United States,GMU,State,,,,,,17
comment,2026-01-27,1,Literally ALL Washington DC government and FCPS are closed.,2026-01,District of Columbia,38.91706,-77.00025,first-order administrative division,District of Columbia,,United States,GMU,State,,,,,,17
post,2020-08-10,304,The new brick path to Southside,2020-08,Southside,37.86747,-122.25281,section of populated place,California,Alameda County,United States,GMU,Neighborhood,,,,,,1
comment,2020-08-11,2,"Mason construction: 1 

General inconveniences caused by the construction:",2020-08,Mason County,30.71772,-99.22613,second-order administrative division,Texas,Mason County,United States,GMU,State,,,,,,2
comment,2020-08-12,0,I'm still not going to Southside.,2020-08,Southside,39.78121,-76.39468,populated place,Pennsylvania,York County,United States,GMU,City,,,,,,27
comment,2020-08-10,8,In fact they also moved the statue in between Music Theater and Mason Hall.,2020-08,Comcast Theatre,41.77984,-72.66934,building(s),Connecticut,Capitol Planning Region,United States,GMU,Building,,,,,,1
comment,2020-08-10,8,In fact they also moved the statue in between Music Theater and Mason Hall.,2020-08,Mason Hall,38.82861,-77.30889,building(s),Virginia,City of Fairfax,United States,GMU,Building,,,,,,1
comment,2020-08-11,6,The only other photo I took today is of the new Horizon Building which I can say is almost complete.,2020-08,Horizon Building,46.82389,-100.81306,building(s),North Dakota,Burleigh County,United States,GMU,Building,,,,,,2
comment,2020-08-11,1,Then you can finish the walk by stopping at mason pond and looking at the lake paid for with the tears of grad students forced into near slavery ahhh i love that smell in the morning,2020-08,Mason Pond,41.64506,-72.80084,lake,Connecticut,Capitol Planning Region,United States,GMU,Natural Feature,,,,,,15
comment,2026-02-08,4,Japan has really been showing up!,2026-02,Japan,35.68536,139.75309,independent political entity,,,Japan,GMU,Country,,,,,,3
comment,2026-02-08,8,And as a team Japan places second and all team members will get silver medals.,2026-02,Japan,35.68536,139.75309,independent political entity,,,Japan,GMU,Country,,,,,,3
comment,2025-02-26,4,Seeing all of the posts about parking on Fairfax campus I'm perfectly happy to never have to go there.,2025-02,Fairfax,38.84622,-77.30637,seat of a second-order administrative division,Virginia,City of Fairfax,United States,GMU,City,,,,,,20
comment,2020-07-22,55,"God, I miss waking up from temporary death in Rogers, ordering a Dunkin’ Donuts starship, knocking out for another 40 mins, and then starting my day RIGHT",2020-07,Rogers,45.18889,-93.55556,,Minnesota,Hennepin County,United States,GMU,,,,,,,2
comment,2020-07-12,42,"Ya know, they may have wanted to get GMU to be less of a commuter school... but they have now taken the commute out of school entirely",2020-07,Greenville Downtown Airport,34.85031,-82.3509,airport,South Carolina,Greenville County,United States,GMU,Building,,,,,,11
comment,2020-12-10,28,I think this post and others similar goes to show how people’s experiences at Mason don’t foreshadow others.,2020-12,Mason County,43.95625,-86.42258,second-order administrative division,Michigan,Mason County,United States,GMU,State,,,,,,28
post,2020-09-10,285,Spain with s silent,2020-09,Kingdom of Spain,40.0,-4.0,independent political entity,,,Spain,GMU,Country,,,,,,2
comment,2022-12-11,5,"I once was already failing a Calc class and my parents still demanded I go to the final because “it’s the principle of the thing”, missed Green Day at a club in DC for $30, got like 40%, and transferred majors",2022-12,District of Columbia,38.91706,-77.00025,first-order administrative division,District of Columbia,,United States,GMU,State,,,,,,17
post,2021-03-28,277,"The officers’ complaint alleges retaliation for reporting a use of excessive force by a GMU police officer against a handcuffed arrestee, who was taken into custody for a non-violent offense on January 28, 2018, at the EagleBank Arena on the Fairfax GMU campus.",2021-03,Fairfax,38.84622,-77.30637,seat of a second-order administrative division,Virginia,City of Fairfax,United States,GMU,City,,,,,,20
post,2021-03-28,277,"As a result of the plaintiffs’ attempts to have these allegations of excessive force and false police report properly investigated, GMU has removed the plaintiffs from job duties, demoted or transferred them, and even defamed an officer before the Fairfax County Commonwealth’s Attorney, claiming that he was found to be guilty of dishonesty in his role at the department.",2021-03,Commonwealth,38.07486,-78.48723,populated place,Virginia,Albemarle County,United States,GMU,City,,,,,,1
post,2021-03-28,277,"Due to the impossibility of finding relief through ordinary internal channels, the officers have filed a complaint in the Circuit Court of Fairfax County, through their attorneys at Simms Showers, LLP, in Leesburg, Virginia.",2021-03,Leesburg,39.11566,-77.5636,seat of a second-order administrative division,Virginia,Loudoun County,United States,GMU,City,,,,,,3
post,2021-03-28,277,"Due to the impossibility of finding relief through ordinary internal channels, the officers have filed a complaint in the Circuit Court of Fairfax County, through their attorneys at Simms Showers, LLP, in Leesburg, Virginia.",2021-03,Virginia,37.54812,-77.44675,first-order administrative division,Virginia,,United States,GMU,State,,,,,,45
comment,2021-03-28,25,I had to deal with the gmu police back in 2016.,2021-03,Greenville Downtown Airport,34.85031,-82.3509,airport,South Carolina,Greenville County,United States,GMU,Building,,,,,,11
comment,2021-04-09,1,"And if you think that you've been the victim of an illegal action by GMU, I'm sure there's a good looking attorney somewhere in Leesburg Virginia who may be able to help.",2021-04,Leesburg,39.11566,-77.5636,seat of a second-order administrative division,Virginia,Loudoun County,United States,GMU,City,,,,,,3
comment,2021-04-09,1,"And if you think that you've been the victim of an illegal action by GMU, I'm sure there's a good looking attorney somewhere in Leesburg Virginia who may be able to help.",2021-04,Virginia,37.54812,-77.44675,first-order administrative division,Virginia,,United States,GMU,State,,,,,,45
comment,2021-03-28,6,"Despite failing to get relief and despite his punishment being left in place, about 6 months after the conclusion of the matter, the GMU PD gave him notice that he was placed on the ""Brady List"" at Fairfax County PD.",2021-03,Fairfax County,38.83469,-77.27622,second-order administrative division,Virginia,Fairfax County,United States,GMU,State,,,,,,14
comment,2021-03-28,2,The auditor’s final report showed wide-spread violations of Virginia policy and law among the senior leadership command at the GMU Police Department.,2021-03,Virginia,37.54812,-77.44675,first-order administrative division,Virginia,,United States,GMU,State,,,,,,45
comment,2021-03-28,2,"Through a hearing before the Office of Employment Dispute Resolution in 2014, it was found that GMU wrongfully failed to promote \[plaintiff 1\] from Sergeant to Lieutenant and wrongfully moved him away from the main GMU campus of Fairfax to the Prince William County satellite campus in retaliation for reporting and participating in the investigator’s 2012 investigation.",2021-03,Fairfax,38.84622,-77.30637,seat of a second-order administrative division,Virginia,City of Fairfax,United States,GMU,City,,,,,,20
comment,2021-03-28,2,"Through a hearing before the Office of Employment Dispute Resolution in 2014, it was found that GMU wrongfully failed to promote \[plaintiff 1\] from Sergeant to Lieutenant and wrongfully moved him away from the main GMU campus of Fairfax to the Prince William County satellite campus in retaliation for reporting and participating in the investigator’s 2012 investigation.",2021-03,Prince William County,38.70167,-77.47766,second-order administrative division,Virginia,Prince William County,United States,GMU,State,,,,,,1
comment,2025-10-09,26,"Can't do much as they harass every student trying to make it to class on time near Mason Pond, but it felt different having them walk up and knock on my window while I was eating lunch and trying to enjoy my short break.",2025-10,Mason Pond,41.64506,-72.80084,lake,Connecticut,Capitol Planning Region,United States,GMU,Natural Feature,,,,,,15
comment,2025-10-10,-2,Liberals would ruin the United States if we would let them and remove God from every aspec of day to day life.,2025-10,Territories of the United States,35.27766,-102.35403,region,,,United States,GMU,Region,,,,,,4
comment,2025-03-18,15,"I thought we had it bad, but my gf went to Northeastern in Boston and their parking was 2,000 dollars a year with an even lower chance of getting a spot since a ton of it was street parking",2025-03,Boston,42.35843,-71.05977,seat of a first-order administrative division,Massachusetts,Suffolk County,United States,GMU,City,,,,,,2
comment,2025-03-18,8,"should have got west campus pass, never full",2025-03,West Campus,34.67943,-82.8396,building(s),South Carolina,Pickens County,United States,GMU,Building,,,,,,5
comment,2025-03-18,2,"dog its like a 15 minute walk

I had west campus all 4 years, never once used the bus",2025-03,West Campus,34.67943,-82.8396,building(s),South Carolina,Pickens County,United States,GMU,Building,,,,,,5
comment,2024-11-20,74,"Even if GMU doesn’t have a social life (it does) you’re right next to DC, can get on the shuttle for free, and ride the metro in for ten bucks.",2024-11,Greenville Downtown Airport,34.85031,-82.3509,airport,South Carolina,Greenville County,United States,GMU,Building,,,,,,11
comment,2024-11-20,74,"Even if GMU doesn’t have a social life (it does) you’re right next to DC, can get on the shuttle for free, and ride the metro in for ten bucks.",2024-11,District of Columbia,38.91706,-77.00025,first-order administrative division,District of Columbia,,United States,GMU,State,,,,,,17
comment,2024-11-20,74,Plus walk right into downtown Fairfax.,2024-11,Fairfax,38.84622,-77.30637,seat of a second-order administrative division,Virginia,City of Fairfax,United States,GMU,City,,,,,,20
comment,2024-11-20,71,Manassas Campus is expanding also in high-demand science sectors.,2024-11,Strayer University - Manassas Campus,38.80509,-77.50914,school,Virginia,Prince William County,United States,GMU,Building,,,,,,1
comment,2024-11-21,12,"I'm out of state dude, I came down from Massachusetts!",2024-11,Massachusetts,42.36565,-71.10832,first-order administrative division,Massachusetts,,United States,GMU,State,,,,,,1
comment,2024-11-22,6,"I’ve lived near George Mason my whole life and even though I go to Georgetown, I can confirm George Mason is a good school.",2024-11,George Mason University Fairfax Campus,38.83088,-77.30794,school,Virginia,Fairfax County,United States,GMU,Building,,,,,,2
comment,2024-11-22,6,"People don’t realize how good it is until you travel outside of North Virginia and see colleges like University of New Haven, Radford, ODU or even University of Delaware to some extent.",2024-11,North Virginia Beach,36.90404,-75.99243,populated place,Virginia,City of Virginia Beach,United States,GMU,City,,,,,,1
comment,2024-11-22,3,"It is what you make out of it, and tbh, the best part about Mason is the location.",2024-11,Mason County,43.95625,-86.42258,second-order administrative division,Michigan,Mason County,United States,GMU,State,,,,,,28
comment,2024-11-24,3,"I had friends at ""party"" schools like WVU and I'm from Charlottesville so I've spent a lot of my life living in UVA's backyard,  and I spent time with friends at other schools in the District proper.",2024-11,Charlottesville,38.02931,-78.47668,seat of a second-order administrative division,Virginia,City of Charlottesville,United States,GMU,City,,,,,,1
comment,2024-11-24,3,"I had friends at ""party"" schools like WVU and I'm from Charlottesville so I've spent a lot of my life living in UVA's backyard,  and I spent time with friends at other schools in the District proper.",2024-11,District 1,40.10481,-80.60424,administrative division,West Virginia,Ohio County,United States,GMU,Neighborhood,,,,,,1
comment,2024-11-21,1,They're doing this on purpose btw to drive revenue which is what Richmond told Washington to do so.,2024-11,Richmond,37.55376,-77.46026,seat of a first-order administrative division,Virginia,City of Richmond,United States,GMU,City,,,,,,6
comment,2024-11-21,1,They're doing this on purpose btw to drive revenue which is what Richmond told Washington to do so.,2024-11,Washington,47.50012,-120.50147,first-order administrative division,Washington,,United States,GMU,State,,,,,,4
comment,2024-11-20,1,"The bureaucracy in Mason is so bad, you trynna get some simple things done here you will have to talk to 3 different departments until you can finally talk to someone that’s able to help you.",2024-11,Mason,30.74879,-99.23061,seat of a second-order administrative division,Texas,Mason County,United States,GMU,City,,,,,,3
comment,2024-11-21,5,Exactly I love being near DC,2024-11,District of Columbia,38.91706,-77.00025,first-order administrative division,District of Columbia,,United States,GMU,State,,,,,,17
comment,2024-11-20,41,"Here you can easily get a summer job, and if you can’t, you can get a job during the school year since all the people living in nova went down to their jmu, uva, tech schools (granted some people don’t work during school).",2024-11,Nova,39.73176,-77.81944,populated place,Pennsylvania,Franklin County,United States,GMU,City,,,,,,5
comment,2024-11-20,41,"Here you can easily get a summer job, and if you can’t, you can get a job during the school year since all the people living in nova went down to their jmu, uva, tech schools (granted some people don’t work during school).",2024-11,Jiamusi,46.79711,130.31118,seat of a second-order administrative division,Heilongjiang,Jiamusi Shi,China,GMU,City,,,,,,1
comment,2024-11-20,41,"Here you can easily get a summer job, and if you can’t, you can get a job during the school year since all the people living in nova went down to their jmu, uva, tech schools (granted some people don’t work during school).",2024-11,Uvalde,29.20968,-99.78617,seat of a second-order administrative division,Texas,Uvalde County,United States,GMU,City,,,,,,1
comment,2020-08-29,6,Lol I did shit like this for indigenous peoples day at gmu and some highways,2020-08,Gauriyamau,26.75703,81.79366,railroad station,Uttar Pradesh,Ayodhya,India,GMU,Road,,,,,,9
post,2024-12-13,264,"I am a commuter, but Mason became an escape from my life and a vibrant place where I felt like I could totally be myself; amidst the cold winters and the beckoning springs.",2024-12,Mason,42.5792,-84.44358,populated place,Michigan,Ingham County,United States,GMU,City,,,,,,2
comment,2024-12-13,15,But when I decided to change careers and came to Mason....,2024-12,Mason County,43.95625,-86.42258,second-order administrative division,Michigan,Mason County,United States,GMU,State,,,,,,28
comment,2022-04-21,119,Every currently enrolled GMU student in the U.S. got this email.,2022-04,United States,39.76,-98.5,independent political entity,,,United States,GMU,Country,,,,,,41
comment,2022-04-22,8,"oh my god this school is in virginia, why am i here….WELL HI EVERYONE mcmaster is in ontario and we say hi to you all :))))",2022-04,Virginia,44.31639,-79.28444,populated place,Ontario,York,Canada,GMU,City,,,,,,1
comment,2022-04-22,8,"oh my god this school is in virginia, why am i here….WELL HI EVERYONE mcmaster is in ontario and we say hi to you all :))))",2022-04,Ontario,49.25014,-84.49983,first-order administrative division,Ontario,,Canada,GMU,State,,,,,,1
comment,2025-11-24,12,"Its great to know otherwise that these people share the same classes as us, and we never know people for their true-selves—Just like the werewolf killer a couple years ago, or the student last year who had plans to commit a terror attack in New York.",2025-11,New York,43.00035,-75.4999,first-order administrative division,New York,,United States,GMU,State,,,,,,1
post,2023-10-05,261,"George Mason’s Observatory I don’t see too much posted here about our Observatory that’s on campus, wanted to make a quick post about it!",2023-10,Observatory,40.59529,-98.36923,,Nebraska,Adams County,United States,GMU,,,,,,,6
comment,2023-10-05,56,Biggest in Virginia?,2023-10,Virginia,37.54812,-77.44675,first-order administrative division,Virginia,,United States,GMU,State,,,,,,45
comment,2023-10-06,2,"I’d pass by it every day when I lived at Potomac Heights or was going to the Engineering building, and everytime I said I’ll go in this week.",2023-10,Potomac Heights,38.92761,-77.10776,populated place,District of Columbia,,United States,GMU,City,,,,,,1
comment,2023-10-05,15,Our smaller astronomers really enjoy seeing Saturns rings and Jupiter’s moons on clear nights.,2023-10,Jupiter,-20.91598,55.57914,populated place,,,Reunion,GMU,City,,,,,,1
comment,2023-10-05,6,I’ve noticed a lot of Mason students don’t even know we have an Observatory - I’ve heard people assume that it was a grain silo or water tower.,2023-10,Observatory,40.59529,-98.36923,,Nebraska,Adams County,United States,GMU,,,,,,,6
comment,2023-10-06,6,Our greatest enemy at the Observatory is Enterprise Hall lol.,2023-10,Observatory,40.59529,-98.36923,,Nebraska,Adams County,United States,GMU,,,,,,,6
comment,2023-10-06,6,Our greatest enemy at the Observatory is Enterprise Hall lol.,2023-10,Enterprise Hall,38.82889,-77.30611,building(s),Virginia,City of Fairfax,United States,GMU,Building,,,,,,1
comment,2023-10-05,12,"To attend, head to the lobby of Research Hall, the building connected to the Observatory.",2023-10,Harvey Monroe Hall Research Natural Area,37.9602,-119.29849,area,California,Mono County,United States,GMU,Building,,,,,,2
comment,2023-10-05,12,"To attend, head to the lobby of Research Hall, the building connected to the Observatory.",2023-10,Observatory,40.59529,-98.36923,,Nebraska,Adams County,United States,GMU,,,,,,,6
comment,2023-10-05,4,Come by Research Hall at 7:15pm!,2023-10,Harvey Monroe Hall Research Natural Area,37.9602,-119.29849,area,California,Mono County,United States,GMU,Building,,,,,,2
comment,2023-10-05,4,"Yep, during other night of the week, the Observatory is used for Research and Astrophotography Projects.",2023-10,Observatory,40.59529,-98.36923,,Nebraska,Adams County,United States,GMU,,,,,,,6
comment,2024-10-07,12,Most of the foxes in Fairfax are pretty chill around people.,2024-10,Fairfax,38.84622,-77.30637,seat of a second-order administrative division,Virginia,City of Fairfax,United States,GMU,City,,,,,,20
comment,2022-08-22,52,As an ibs sufferer 5th floor fenwick is a peak shitting location.,2022-08,Fenwick,53.63868,-1.0976,seat of a third-order administrative division,England,Doncaster,United Kingdom,GMU,City,,,,,,13
comment,2022-08-22,14,Krug Hall bathrooms are so nasty man.,2022-08,Krug Hall,38.8325,-77.30889,building(s),Virginia,City of Fairfax,United States,GMU,Building,,,,,,1
comment,2022-08-22,11,There is a one toilet bathroom on the roof of planetary near the telescope.,2022-08,Mannheim Planetary,49.47728,8.49287,building(s),Baden-Wurttemberg,Karlsruhe Region,Germany,GMU,Building,,,,,,5
comment,2022-08-22,7,"Aquia building is the best, always empty bathrooms and there’s a microwave",2022-08,Aquia,-10.0745,-77.14475,seat of a third-order administrative division,Ancash,Provincia de Bolognesi,Peru,GMU,City,,,,,,2
comment,2022-08-22,5,Personally I would rate Horizon Hall as yellow.,2022-08,Horizon City Town Hall,31.68359,-106.20183,building(s),Texas,El Paso County,United States,GMU,Building,,,,,,8
comment,2022-08-23,5,Remember I almost shit myself on the way from Johnson Center to West Campus at 10:30pm after my last class all the facility bathrooms were closed the softball and baseball bathrooms were also locked I had to shit in the woods off of west campus drive,2022-08,Johnson Center,42.2703,-89.0176,building(s),Illinois,Winnebago County,United States,GMU,Building,,,,,,1
comment,2022-08-23,5,Remember I almost shit myself on the way from Johnson Center to West Campus at 10:30pm after my last class all the facility bathrooms were closed the softball and baseball bathrooms were also locked I had to shit in the woods off of west campus drive,2022-08,West Campus,34.67943,-82.8396,building(s),South Carolina,Pickens County,United States,GMU,Building,,,,,,5
comment,2022-08-23,3,I shat at building 44 near rogers hall and it was exquisite,2022-08,Rogers Hall,40.67566,-74.23376,building(s),New Jersey,Union County,United States,GMU,Building,,,,,,1
comment,2022-08-22,2,Why is Hanover hall the only dorm with green rating?,2022-08,Hanover,41.6426,-72.06535,populated place,Connecticut,Southeastern Connecticut Planning Region,United States,GMU,City,,,,,,3
comment,2022-08-22,2,Carow Hall can be put in the yellow category.,2022-08,Carow Hall,38.83139,-77.30111,building(s),Virginia,City of Fairfax,United States,GMU,Building,,,,,,1
comment,2022-08-23,16,"I'm gonna be so mad if someone's in my secret Fenwick bathroom next time, I swear.",2022-08,Fenwick,41.27093,-72.35369,populated place,Connecticut,Lower Connecticut River Valley Planning Region,United States,GMU,City,,,,,,7
comment,2022-08-22,11,Hanover is not truly a housing space.,2022-08,Hanover,41.6426,-72.06535,populated place,Connecticut,Southeastern Connecticut Planning Region,United States,GMU,City,,,,,,3
comment,2022-08-22,4,Hanover is not technically a dorm building.,2022-08,Hanover,41.6426,-72.06535,populated place,Connecticut,Southeastern Connecticut Planning Region,United States,GMU,City,,,,,,3
comment,2022-08-23,2,Well regardless I thiink the top floor study room in horizon has a small bathroom.,2022-08,Horizon,39.68575,20.88265,hotel,Epirus,Nomós Ioannínon,Greece,GMU,Building,,,,,,2
comment,2020-03-13,4,"If VT and VCU closed when all of the cases in VA are centered around NOVA, then GMU will close too.",2020-03,Nova,39.73176,-77.81944,populated place,Pennsylvania,Franklin County,United States,GMU,City,,,,,,5
comment,2020-06-20,10,Earth is healing,2020-06,Earth,0.0,0.0,area,,,,GMU,Building,,,,,,4
comment,2020-06-21,1,They're now delivering food to Atlantis,2020-06,Atlantis,44.72142,13.23705,province,,,,GMU,State,,,,,,1
comment,2023-10-17,16,Not as safe as [Legacy Park in Ashburn](https://maps.app.goo.gl/QyDmPnbby64j4myq8),2023-10,Legacy Park,27.9209,-82.3468,populated place,Florida,Hillsborough County,United States,GMU,City,,,,,,1
comment,2020-05-14,24,", because if eagle bank arena....",2020-05,Eagle Bank,-30.25118,139.91602,stream bank,South Australia,,Australia,GMU,Natural Feature,,,,,,8
comment,2022-02-04,1,Driving back from a shopping trip in Fair Lakes wasn't fun!,2022-02,Hyatt Fair Lakes,38.8588,-77.3867,hotel,Virginia,,United States,GMU,Building,,,,,,2
comment,2025-02-11,24,it’s like a Virginian on the shore of the Potomac river looking out at Maryland,2025-02,South Fork South Branch Potomac River,39.06761,-78.97308,stream,West Virginia,Hardy County,United States,GMU,Natural Feature,,,,,,1
comment,2025-02-11,24,it’s like a Virginian on the shore of the Potomac river looking out at Maryland,2025-02,Maryland,39.00039,-76.74997,first-order administrative division,Maryland,,United States,GMU,State,,,,,,8
comment,2025-02-12,3,"(points to MD) and what about that part over there

you must never go there,",2025-02,Maryland,39.00039,-76.74997,first-order administrative division,Maryland,,United States,GMU,State,,,,,,8
comment,2024-10-28,10,"Saw one of them chilling near the JC a week or two ago, with a crowd filming.",2024-10,Farrell Building,45.58569,-122.40498,building(s),Washington,Clark County,United States,GMU,Building,,,,,,1
comment,2025-10-07,71,They've been doing this crap since I went to Mason way back in 2011.,2025-10,Mason County,43.95625,-86.42258,second-order administrative division,Michigan,Mason County,United States,GMU,State,,,,,,28
comment,2025-10-07,3,Ya I saw it when I was going to southside made me loose my appetite.,2025-10,Southside,39.78121,-76.39468,populated place,Pennsylvania,York County,United States,GMU,City,,,,,,27
comment,2025-10-07,2,There used to be a bus covered in this stuff that drove all over in DC.,2025-10,District of Columbia,38.91706,-77.00025,first-order administrative division,District of Columbia,,United States,GMU,State,,,,,,17
comment,2025-10-07,1,I saw them setting up in front of the Dunkies and thought it was for the construction at Fenwick :(,2025-10,Fenwick,53.63868,-1.0976,seat of a third-order administrative division,England,Doncaster,United Kingdom,GMU,City,,,,,,13
comment,2025-10-07,2,Right in front of Southside,2025-10,Southside,39.78121,-76.39468,populated place,Pennsylvania,York County,United States,GMU,City,,,,,,27
post,2023-10-08,240,"It's probably rare for them to be graced with the presence of a student at the top cs/engineering school in the U.S., the MIT of Fairfax County.",2023-10,United States,39.76,-98.5,independent political entity,,,United States,GMU,Country,,,,,,41
post,2023-10-08,240,"It's probably rare for them to be graced with the presence of a student at the top cs/engineering school in the U.S., the MIT of Fairfax County.",2023-10,Fairfax County,38.83469,-77.27622,second-order administrative division,Virginia,Fairfax County,United States,GMU,State,,,,,,14
comment,2023-10-08,115,"[gif](giphy|12msOFU8oL1eww)

The MIT of Fairfax county LOL",2023-10,Fairfax County,38.83469,-77.27622,second-order administrative division,Virginia,Fairfax County,United States,GMU,State,,,,,,14
comment,2023-10-12,1,"Can’t even say the MIT of Fairfax County cause if you ever move to Silicon Valley once you graduate and you tell people you’re from Fairfax, VA they’ll just assume you went to Thomas Jefferson .",2023-10,Fairfax County,38.83469,-77.27622,second-order administrative division,Virginia,Fairfax County,United States,GMU,State,,,,,,14
comment,2023-10-12,1,"Can’t even say the MIT of Fairfax County cause if you ever move to Silicon Valley once you graduate and you tell people you’re from Fairfax, VA they’ll just assume you went to Thomas Jefferson .",2023-10,Santa Clara Valley,37.24883,-121.83995,valley,California,Santa Clara County,United States,GMU,Natural Feature,,,,,,1
comment,2023-10-12,1,"Can’t even say the MIT of Fairfax County cause if you ever move to Silicon Valley once you graduate and you tell people you’re from Fairfax, VA they’ll just assume you went to Thomas Jefferson .",2023-10,Fairfax,38.84622,-77.30637,seat of a second-order administrative division,Virginia,City of Fairfax,United States,GMU,City,,,,,,20
comment,2023-10-12,1,"Can’t even say the MIT of Fairfax County cause if you ever move to Silicon Valley once you graduate and you tell people you’re from Fairfax, VA they’ll just assume you went to Thomas Jefferson .",2023-10,Virginia,37.54812,-77.44675,first-order administrative division,Virginia,,United States,GMU,State,,,,,,45
comment,2024-08-30,2,I wouldn’t expect them to have morals at the Raytheon pipeline,2024-08,Raytheon Heliport,42.43065,-71.252,heliport,Massachusetts,Middlesex County,United States,GMU,Building,,,,,,1
comment,2021-02-03,1,It's between President's Park and the Hub.,2021-02,President's Park,39.01111,-84.57306,park,Kentucky,Kenton County,United States,GMU,Neighborhood,,,,,,1
comment,2021-02-03,1,It's between President's Park and the Hub.,2021-02,Hub,36.40217,-119.80903,populated place,California,Kings County,United States,GMU,City,,,,,,2
comment,2020-11-30,-5,GMU is one of the cheapest and best value colleges in Virginia and the USA can’t really complain,2020-11,Virginia,37.54812,-77.44675,first-order administrative division,Virginia,,United States,GMU,State,,,,,,45
comment,2020-11-30,-5,GMU is one of the cheapest and best value colleges in Virginia and the USA can’t really complain,2020-11,United States,39.76,-98.5,independent political entity,,,United States,GMU,Country,,,,,,41
comment,2020-12-01,2,"I think about transfering out too, but I don't really know any other schools in Virginia.",2020-12,Virginia,37.54812,-77.44675,first-order administrative division,Virginia,,United States,GMU,State,,,,,,45
comment,2026-02-11,7,you mean north?,2026-02,North,22.49471,114.13812,first-order administrative division,North District,,Hong Kong,GMU,State,,,,,,1
comment,2020-05-29,2,I graduated in 2018 and I’ll still talk about Robinson and probably refer to the new building as Robinson,2020-05,Robinson,39.00532,-87.73919,seat of a second-order administrative division,Illinois,Crawford County,United States,GMU,City,,,,,,2
comment,2020-05-29,2,I graduated in 2018 and I’ll still talk about Robinson and probably refer to the new building as Robinson,2020-05,Robinson,39.00532,-87.73919,seat of a second-order administrative division,Illinois,Crawford County,United States,GMU,City,,,,,,2
post,2026-03-15,236,"Yo guys, I heard it is snowing in Antarctica and it's really cold.",2026-03,Antarctica,-78.15856,16.40626,continent,,,,GMU,Country,,,,,,1
comment,2020-07-02,-9,"Why is it that you hate how the American government has handled this pandemic, yet you blindly trust them that masks work, when it runs contrary to the common consensus in Europe?",2020-07,Europe,48.69096,9.14062,continent,,,,GMU,Country,,,,,,2
comment,2024-04-27,3,I know you can drown in a bathtub but you'd have to really screw up to drown in the Mason pond.,2024-04,Mason County,43.95625,-86.42258,second-order administrative division,Michigan,Mason County,United States,GMU,State,,,,,,28
comment,2024-04-27,3,Hell I had to take a behavior class because I took my mask down to sip water in the kitchen room of Taylor hall.,2024-04,Taylor Hall,41.68639,-73.89778,building(s),New York,Dutchess County,United States,GMU,Building,,,,,,1
post,2026-03-05,234,If you have worked with a personal injury attorney in VA that you liked please share their info.,2026-03,Virginia,37.54812,-77.44675,first-order administrative division,Virginia,,United States,GMU,State,,,,,,45
comment,2026-03-05,47,Damn bro I was walking next to planetary almost right when that happened but didn’t see it hope you get compensated or something though,2026-03,Mannheim Planetary,49.47728,8.49287,building(s),Baden-Wurttemberg,Karlsruhe Region,Germany,GMU,Building,,,,,,5
comment,2023-01-31,7,"Bro you’re in cyse, don’t you know how email works ?",2023-01,Squamish Airport,49.78279,-123.16185,airport,British Columbia,Squamish-Lillooet Regional District,Canada,GMU,Building,,,,,,1
comment,2020-08-29,57,"Somebody please remind me why the heck GMU being the largest university in Virginia contracted with a new and shady company that popped out of nowhere for an emergency that involves the life of students, faculty and a good chunk of Fairfax county",2020-08,Virginia,37.54812,-77.44675,first-order administrative division,Virginia,,United States,GMU,State,,,,,,45
comment,2020-08-29,57,"Somebody please remind me why the heck GMU being the largest university in Virginia contracted with a new and shady company that popped out of nowhere for an emergency that involves the life of students, faculty and a good chunk of Fairfax county",2020-08,Fairfax County,38.83469,-77.27622,second-order administrative division,Virginia,Fairfax County,United States,GMU,State,,,,,,14
comment,2020-08-29,18,Now I wonder why three of the biggest and most important universities of Virginia did that decision.,2020-08,Virginia,37.54812,-77.44675,first-order administrative division,Virginia,,United States,GMU,State,,,,,,45
comment,2020-08-31,1,"The registration information for Kallaco resolves to a residential neighborhood in New Orleans, it is also designated as the Principle Business Office.",2020-08,New Orleans,29.95465,-90.07507,seat of a second-order administrative division,Louisiana,Orleans Parish,United States,GMU,City,,,,,,2
comment,2020-08-31,1,"The Registration Domicile Address resolves to 1209 Orange Street, Wilmington, Delaware.",2020-08,Wilmington,39.74595,-75.54659,seat of a second-order administrative division,Delaware,New Castle County,United States,GMU,City,,,,,,1
comment,2020-08-31,1,"The Registration Domicile Address resolves to 1209 Orange Street, Wilmington, Delaware.",2020-08,Delaware,39.00039,-75.49992,first-order administrative division,Delaware,,United States,GMU,State,,,,,,4
comment,2020-08-31,1,"This is the the same address as the Corporation Trust Company and that address has thousands of companies registered to the same address, due to Delaware's laws regarding incorporation and state taxes.",2020-08,Delaware,39.00039,-75.49992,first-order administrative division,Delaware,,United States,GMU,State,,,,,,4
comment,2020-08-31,2,Some states (ahem LA and DE) also make it difficult by not showing members of a company.,2020-08,Los Angeles,34.05223,-118.24368,seat of a second-order administrative division,California,Los Angeles County,United States,GMU,City,,,,,,2
comment,2020-08-31,2,Some states (ahem LA and DE) also make it difficult by not showing members of a company.,2020-08,Delaware,39.00039,-75.49992,first-order administrative division,Delaware,,United States,GMU,State,,,,,,4
comment,2020-08-31,2,"One case is my company: I’m the registered agent and the registered office is my house, but the business office is another member’s house, meanwhile (bc it’s Texas) all members are listed publicly.",2020-08,Texas,31.25044,-99.25061,first-order administrative division,Texas,,United States,GMU,State,,,,,,1
comment,2020-08-31,2,Kallaco is also violating Virginia law.,2020-08,Virginia,37.54812,-77.44675,first-order administrative division,Virginia,,United States,GMU,State,,,,,,45
comment,2020-08-31,2,"Their HIPPA privacy office is in Glen Allen, which is considered transacting business in the state, and the law requires registration with the VA SCC before transacting business - but they’re not registered.",2020-08,Glen Allen,37.66598,-77.50637,populated place,Virginia,Henrico County,United States,GMU,City,,,,,,1
comment,2020-03-20,41,I have to stay on campus for the remainder of the semester so I’m practically in Potomac by myself.,2020-03,Potomac,40.15285,-80.52924,populated place,West Virginia,Ohio County,United States,GMU,City,,,,,,2
post,2024-11-15,230,bring back the fountain in the jc!,2024-11,JC Tank,33.81574,-109.14594,water tank,Arizona,Apache County,United States,GMU,Building,,,,,,1
comment,2024-11-22,1,that could've been a cool tradition at mason,2024-11,Mason County,43.95625,-86.42258,second-order administrative division,Michigan,Mason County,United States,GMU,State,,,,,,28
comment,2024-11-16,11,I remember the fountain back when the Johnson Center was new.,2024-11,Johnson Center for The Arts,39.47806,-86.0475,building(s),Indiana,Johnson County,United States,GMU,Building,,,,,,6
comment,2024-11-17,3,"The Johnson Center was dedicated in 96, which tracks with my recollection.",2024-11,Johnson Center for The Arts,39.47806,-86.0475,building(s),Indiana,Johnson County,United States,GMU,Building,,,,,,6
comment,2025-12-07,91,"Initially it was reported that there was stabbing and cars fleeing to George Mason, but later a witness reported that the victim was pushed into a glass door and the glass cut him.",2025-12,George Mason Statue,38.83056,-77.30833,park,Virginia,City of Fairfax,United States,GMU,Neighborhood,,,,,,1
comment,2025-12-07,91,This happened on the 3rd floor in the Mains at around 2AM.,2025-12,Mains,31.30674,76.89512,populated place,Himachal Pradesh,Bilāspur,India,GMU,City,,,,,,1
comment,2025-12-10,2,Mason cops wet dream.,2025-12,Mason County,43.95625,-86.42258,second-order administrative division,Michigan,Mason County,United States,GMU,State,,,,,,28
comment,2024-11-13,13,Worse than East Building and David King Hall?,2024-11,East Building,38.83278,-77.30861,building(s),Virginia,City of Fairfax,United States,GMU,Building,,,,,,1
comment,2024-11-13,13,Worse than East Building and David King Hall?,2024-11,David King Hall,38.83056,-77.30694,building(s),Virginia,City of Fairfax,United States,GMU,Building,,,,,,1
comment,2025-03-20,8,"see you at skyline man, keep your chin up",2025-03,Skyline,45.36327,-75.72732,populated place,Ontario,Ottawa,Canada,GMU,City,,,,,,1
comment,2025-10-03,-17,Tyler Cowan is a respected member of the GMU faculty and is a responsible contributing member of the Fairfax community.,2025-10,Fairfax,38.84622,-77.30637,seat of a second-order administrative division,Virginia,City of Fairfax,United States,GMU,City,,,,,,20
comment,2025-10-03,15,Your reply reads like a cookie cutter defense from the Vatican.,2025-10,State of the Vatican City,41.90225,12.4533,independent political entity,,,Vatican,GMU,Country,,,,,,1
comment,2026-04-22,2,I usually expect this from Southside lol,2026-04,Southside,39.78121,-76.39468,populated place,Pennsylvania,York County,United States,GMU,City,,,,,,27
post,2022-09-19,225,Found this little guy swimming into mason pond,2022-09,Mason Pond,41.64506,-72.80084,lake,Connecticut,Capitol Planning Region,United States,GMU,Natural Feature,,,,,,15
comment,2022-09-19,16,Such a rare site to see in mason,2022-09,Mason,46.05008,-80.48299,area,Ontario,,Canada,GMU,Building,,,,,,1
comment,2022-09-19,6,A few years back I once saw a turtle or a tortoise swimming around by the bridge in the Mason pond area.,2022-09,Masonville,45.91274,-86.98736,populated place,Michigan,Delta County,United States,GMU,City,,,,,,3
comment,2020-12-01,3,For off campus students I’m sure even if you’re all the way in Delaware they want you to do it.,2020-12,Delaware,39.00039,-75.49992,first-order administrative division,Delaware,,United States,GMU,State,,,,,,4
comment,2025-02-04,133,Once went to southside and got a turkey melt… they forgot to take the plastic off the cheese…,2025-02,Southside,39.78121,-76.39468,populated place,Pennsylvania,York County,United States,GMU,City,,,,,,27
comment,2025-02-04,24,I went to Southside once... and they forgot to add the sauce to the pizza...,2025-02,Southside,39.78121,-76.39468,populated place,Pennsylvania,York County,United States,GMU,City,,,,,,27
comment,2025-02-04,2,I go to Southside occasionally when I’m feeling picky and just want random stuff on my plate (or a whole lot of cereal) but I don’t find it worth it for the meal plans.,2025-02,Southside,39.78121,-76.39468,populated place,Pennsylvania,York County,United States,GMU,City,,,,,,27
comment,2025-02-05,1,southside has given me food poisoning a couple times too!,2025-02,Southside,39.78121,-76.39468,populated place,Pennsylvania,York County,United States,GMU,City,,,,,,27
comment,2025-02-06,1,"I will tell you, they're still not like... Great all the time, but ikes on its worst days is as good or better than Southside on its best days.",2025-02,Southside,39.78121,-76.39468,populated place,Pennsylvania,York County,United States,GMU,City,,,,,,27
comment,2025-02-06,1,Southside being central is so much more convenient.,2025-02,Southside,39.78121,-76.39468,populated place,Pennsylvania,York County,United States,GMU,City,,,,,,27
comment,2025-02-06,1,Average southside meal tbh globe neg diffs (though you have to go on an expedition to get there),2025-02,Southside,39.78121,-76.39468,populated place,Pennsylvania,York County,United States,GMU,City,,,,,,27
comment,2024-05-02,9,It's northern Virginia.,2024-05,Virginia,37.54812,-77.44675,first-order administrative division,Virginia,,United States,GMU,State,,,,,,45
comment,2020-02-09,3,I lived in NoVA from 1993 until last year.,2020-02,Nova,64.48632,11.0805,valley,Trøndelag,Namsos,Norway,GMU,Natural Feature,,,,,,4
post,2025-02-03,220,I was watching this YouTube Short and realized the Johnson Center was the background,2025-02,Johnson Center for The Arts,39.47806,-86.0475,building(s),Indiana,Johnson County,United States,GMU,Building,,,,,,6
comment,2025-02-03,19,"What was the video about, Norway?",2025-02,Kingdom of Norway,62.0,10.0,independent political entity,,,Norway,GMU,Country,,,,,,1
post,2019-01-23,219,Mason student attempts to get to class amongst campus construction (2019 colorized),2019-01,Mason County,43.95625,-86.42258,second-order administrative division,Michigan,Mason County,United States,GMU,State,,,,,,28
post,2018-11-10,220,"So, on Wednesday on my way to Fairfax for my 7:10 class, I checked google maps to see how bad traffic is and if I need to use a different road to get into campus.",2018-11,Fairfax,38.84622,-77.30637,seat of a second-order administrative division,Virginia,City of Fairfax,United States,GMU,City,,,,,,20
post,2018-11-10,220,"The campus being at a standstill was a given, but all the roads outside of mason were also backed up, some of them for about a mile (worst I had seen).",2018-11,Mason County,43.95625,-86.42258,second-order administrative division,Michigan,Mason County,United States,GMU,State,,,,,,28
post,2018-11-10,220,"&#x200B;

>A power line was cut accidentally due to construction calm down 

  

>i dont even have class on Fairfax but i agree with you bud.",2018-11,Fairfax,38.84622,-77.30637,seat of a second-order administrative division,Virginia,City of Fairfax,United States,GMU,City,,,,,,20
post,2018-11-10,220,"It wasn’t our fault but now we have to do extra work, because if eagle bank arena….",2018-11,Eagle Bank,-30.25118,139.91602,stream bank,South Australia,,Australia,GMU,Natural Feature,,,,,,8
post,2018-11-10,220,>if eagle bank arena what?,2018-11,Eagle Bank,-30.25118,139.91602,stream bank,South Australia,,Australia,GMU,Natural Feature,,,,,,8
post,2018-11-10,220,"It wasn’t our fault but now we have to do extra work, because if eagle bank arena….",2018-11,Eagle Bank,-30.25118,139.91602,stream bank,South Australia,,Australia,GMU,Natural Feature,,,,,,8
comment,2025-05-16,12,At least some other countries get cool things like swords when you get a PhD in Sweden.,2025-05,Kingdom of Sweden,62.0,15.0,independent political entity,,,Sweden,GMU,Country,,,,,,1
post,2025-01-28,219,"I saw some people standing in the frozen over Mason pond (Please do not do this, you could fall into freezing water)",2025-01,Masonville,45.91274,-86.98736,populated place,Michigan,Delta County,United States,GMU,City,,,,,,3
comment,2025-01-28,40,There's been more than a dozen hospitalizations in Fairfax County within the last month for similar results from standing on lakes that appear to be frozen over.,2025-01,Fairfax County,38.83469,-77.27622,second-order administrative division,Virginia,Fairfax County,United States,GMU,State,,,,,,14
comment,2025-01-28,40,"While the Mason pond is rather shallow, it can still be fairly dangerous.",2025-01,Måsön,58.86667,16.75,island,Södermanland,,Sweden,GMU,Natural Feature,,,,,,1
comment,2023-11-15,-3,"And as someone who works at a business in the Johnson Center, maybe it was a *little* disruptive, but when there is a genocide happening, people have the right to be disruptive?",2023-11,Johnson Center for The Arts,39.47806,-86.0475,building(s),Indiana,Johnson County,United States,GMU,Building,,,,,,6
comment,2023-11-16,4,He makes more than the President of the United States!,2023-11,Territories of the United States,35.27766,-102.35403,region,,,United States,GMU,Region,,,,,,4
comment,2023-10-07,10,I graduated with a BA in Human Development and Family Science in spring of 2023 and now I work an Child Protective Investigator for the state of Florida making 50k a year starting,2023-10,Florida,28.75054,-82.5001,first-order administrative division,Florida,,United States,GMU,State,,,,,,1
comment,2021-02-11,19,As someone who just transferred home from a school in ohio i can say unequivocally that northern va is not cold.,2021-02,Ohio,40.25034,-83.00018,first-order administrative division,Ohio,,United States,GMU,State,,,,,,4
comment,2021-02-11,5,"I have never stayed in Ohio long enough (only drove through and it was cold af), but I don't know if it gets as humid there.",2021-02,Ohio,40.25034,-83.00018,first-order administrative division,Ohio,,United States,GMU,State,,,,,,4
comment,2021-02-11,6,"It's not that cold, but I've noticed when I've driven from Richmond up to DC that it's consistently colder in DC than it is in Richmond.",2021-02,Richmond,37.55376,-77.46026,seat of a first-order administrative division,Virginia,City of Richmond,United States,GMU,City,,,,,,6
comment,2021-02-11,6,"It's not that cold, but I've noticed when I've driven from Richmond up to DC that it's consistently colder in DC than it is in Richmond.",2021-02,District of Columbia,38.91706,-77.00025,first-order administrative division,District of Columbia,,United States,GMU,State,,,,,,17
comment,2021-02-11,6,"It's not that cold, but I've noticed when I've driven from Richmond up to DC that it's consistently colder in DC than it is in Richmond.",2021-02,District of Columbia,38.91706,-77.00025,first-order administrative division,District of Columbia,,United States,GMU,State,,,,,,17
comment,2021-02-11,6,"It's not that cold, but I've noticed when I've driven from Richmond up to DC that it's consistently colder in DC than it is in Richmond.",2021-02,Richmond,37.55376,-77.46026,seat of a first-order administrative division,Virginia,City of Richmond,United States,GMU,City,,,,,,6
comment,2024-11-23,2,Man I’m so glad I took 207 back when we were still using PHP so I wouldn’t have to go through all this bs,2024-11,Interchange 207,41.68949,-83.53466,road junction,Ohio,Lucas County,United States,GMU,Road,,,,,,1
comment,2022-01-30,3,I see it all the time in the jc building,2022-01,Jc Contemporary,41.79959,12.47982,hotel,Lazio,Città metropolitana di Roma Capitale,Italy,GMU,Building,,,,,,4
comment,2019-09-11,4,I think educators as a whole are fucked simply because in the USA they are underpaid.,2019-09,United States,39.76,-98.5,independent political entity,,,United States,GMU,Country,,,,,,41
comment,2019-09-11,4,"Fairfax county pays  their teachers well too, at about $60k/yr... but you need a masters degree.",2019-09,Fairfax County,38.83469,-77.27622,second-order administrative division,Virginia,Fairfax County,United States,GMU,State,,,,,,14
comment,2019-05-31,7,"I definitely agree that we need an unsubscribe option, because I will never have to, or have any desire to, go to any campuses besides the Fairfax one.",2019-05,Fairfax,38.84622,-77.30637,seat of a second-order administrative division,Virginia,City of Fairfax,United States,GMU,City,,,,,,20
comment,2019-05-31,5,"RAVE Guardian: Hey, the power's out in Arlington.",2019-05,Arlington,32.73569,-97.10807,populated place,Texas,Tarrant County,United States,GMU,City,,,,,,12
comment,2019-05-31,5,"Personal Email: Hey, the power's out in Arlington.",2019-05,Arlington,32.73569,-97.10807,populated place,Texas,Tarrant County,United States,GMU,City,,,,,,12
comment,2019-05-31,5,"Mason Email: Hey, the power's out in Arlington.",2019-05,Arlington,32.73569,-97.10807,populated place,Texas,Tarrant County,United States,GMU,City,,,,,,12
comment,2019-05-31,5,"SMS: Hey, the power's out in Arlington.",2019-05,Arlington,32.73569,-97.10807,populated place,Texas,Tarrant County,United States,GMU,City,,,,,,12
comment,2019-05-31,5,"Mobile Mason: Hey, the power's out in Arlington.",2019-05,Arlington,32.73569,-97.10807,populated place,Texas,Tarrant County,United States,GMU,City,,,,,,12
comment,2019-05-31,5,"RAVE Guardian: Hey, the power's back on in Arlington.",2019-05,Arlington,32.73569,-97.10807,populated place,Texas,Tarrant County,United States,GMU,City,,,,,,12
comment,2019-05-31,5,"Mason Email: Hey, the power's back on in Arlington.",2019-05,Arlington,32.73569,-97.10807,populated place,Texas,Tarrant County,United States,GMU,City,,,,,,12
comment,2019-05-31,5,"Personal Email: Hey, the power's back on in Arlington.",2019-05,Arlington,32.73569,-97.10807,populated place,Texas,Tarrant County,United States,GMU,City,,,,,,12
comment,2019-05-31,5,"SMS: Hey, the power's back on in Arlington.",2019-05,Arlington,32.73569,-97.10807,populated place,Texas,Tarrant County,United States,GMU,City,,,,,,12
comment,2019-05-31,5,"Mobile Mason: Hey, the power's back on in Arlington.",2019-05,Arlington,32.73569,-97.10807,populated place,Texas,Tarrant County,United States,GMU,City,,,,,,12
comment,2019-05-31,5,"just have an online page where people can have settings for masonalert, checkboxes to enable/disable alerts for the fairfax, prince william, and arlington campuses so we don't have to receive all three if we only go to one or two",2019-05,Prince William,45.91681,-67.04889,populated place,New Brunswick,York County,Canada,GMU,City,,,,,,1
comment,2019-05-31,5,"just have an online page where people can have settings for masonalert, checkboxes to enable/disable alerts for the fairfax, prince william, and arlington campuses so we don't have to receive all three if we only go to one or two",2019-05,Arlington,40.4259,-79.9745,section of populated place,Pennsylvania,Allegheny County,United States,GMU,Neighborhood,,,,,,2
comment,2019-02-25,2,I nearly got blown over on my way to Peterson today.,2019-02,West Tarentum,40.59646,-79.77033,populated place,Pennsylvania,Allegheny County,United States,GMU,City,,,,,,1
comment,2019-02-22,3,same thing happened to me (last semester i think) when someone posted a video recording of some guy walking barefoot in jc.,2019-02,Jc Contemporary,41.79959,12.47982,hotel,Lazio,Città metropolitana di Roma Capitale,Italy,GMU,Building,,,,,,4
comment,2025-09-16,7,"Yesterday, I got on the West Campus shuttle and there were two guys that probably bathed in cologne rather than showered.",2025-09,West Campus,34.67943,-82.8396,building(s),South Carolina,Pickens County,United States,GMU,Building,,,,,,5
comment,2025-09-20,1,"At Old Dominion is the same, most of the students smell like dirty ass, disgusting.",2025-09,Virginia,37.54812,-77.44675,first-order administrative division,Virginia,,United States,GMU,State,,,,,,45
comment,2021-03-01,6,It should be all done by the 2022 I believe with the rest of Horizon Hall being built.,2021-03,Horizon City Town Hall,31.68359,-106.20183,building(s),Texas,El Paso County,United States,GMU,Building,,,,,,8
comment,2024-09-24,22,he even brought it to southside  memories,2024-09,Southside,39.78121,-76.39468,populated place,Pennsylvania,York County,United States,GMU,City,,,,,,27
comment,2021-01-16,26,"So, there's a big ass shuttle with a big ass gmu logo on it driving around nova?",2021-01,Nova,65.65053,12.65206,point,Nordland,Vevelstad,Norway,GMU,Natural Feature,,,,,,4
comment,2019-09-21,-14,"Like who cares if it's GPS tracked, it's at the bottom of Mason pond",2019-09,Mason Pond,41.64506,-72.80084,lake,Connecticut,Capitol Planning Region,United States,GMU,Natural Feature,,,,,,15
comment,2019-09-20,7,I thought all the buildings in GMU would be handicap accessible,2019-09,Greenville Downtown Airport,34.85031,-82.3509,airport,South Carolina,Greenville County,United States,GMU,Building,,,,,,11
comment,2022-03-04,2,Must be from Miami,2022-03,Miami,25.77427,-80.19366,seat of a second-order administrative division,Florida,Miami-Dade County,United States,GMU,City,,,,,,2
comment,2022-03-04,1,Gmu parking still gives me ptsd,2022-03,Greenville Downtown Airport,34.85031,-82.3509,airport,South Carolina,Greenville County,United States,GMU,Building,,,,,,11
comment,2019-02-27,3,I saw Chow Hall be shut down and the opening of South Side.,2019-02,South Side,41.74855,-87.64417,region,Illinois,Cook County,United States,GMU,Region,,,,,,2
comment,2019-02-27,3,"During finals we would go to South Side, get a booth, and study and eat for hours.",2019-02,South Side,41.74855,-87.64417,region,Illinois,Cook County,United States,GMU,Region,,,,,,2
comment,2019-02-26,9,"There's Robinson, the path from Skyline to the JC, the area near Mason/Buchanan, and the area near the theater building.",2019-02,Robinson Crossroads,35.94925,-84.15881,populated place,Tennessee,Knox County,United States,GMU,City,,,,,,1
comment,2019-02-26,9,"There's Robinson, the path from Skyline to the JC, the area near Mason/Buchanan, and the area near the theater building.",2019-02,Skyline,44.14219,-94.03079,populated place,Minnesota,Blue Earth County,United States,GMU,City,,,,,,1
comment,2019-02-26,9,"There's Robinson, the path from Skyline to the JC, the area near Mason/Buchanan, and the area near the theater building.",2019-02,Hagik Junction,37.43678,126.65198,intersection,Incheon,Michuhol,South Korea,GMU,Road,,,,,,3
comment,2019-02-26,8,"I graduated 2015, but I remember they were starting to force on campus students to buy unlimited plans for Southside/the other buffet place near presidents park.",2019-02,Southside,39.78121,-76.39468,populated place,Pennsylvania,York County,United States,GMU,City,,,,,,27
comment,2019-02-26,8,"I graduated 2015, but I remember they were starting to force on campus students to buy unlimited plans for Southside/the other buffet place near presidents park.",2019-02,Presidents Park,38.89562,-77.03651,park,District of Columbia,,United States,GMU,Neighborhood,,,,,,3
comment,2019-02-27,2,"The area around Buchanan was supposed to be down earlier but they ran into problems with subterranean shit, I think",2019-02,Buchanan,46.00012,-77.39948,area,Ontario,,Canada,GMU,Building,,,,,,1
post,2025-01-19,212,"Meredith Ashley Drottar (‘10), 03/04/1988-01/15/2025 It is with deep sorrow that we announce  that our beloved partner, sister, aunt, friend, and Phan, Meredith Ashley “Doc Otter”  Drottar stepped through the portal at 6:02 pm January 15 at St. Mary’s Hosptial in Grand Junction.",2025-01,Grand Junction,42.4042,-86.07308,populated place,Michigan,Van Buren County,United States,GMU,City,,,,,,1
post,2025-01-19,212,"Meredith lived a life out of movie and it started when she was born at home on March 4, 1988 in Leesburg, VA.",2025-01,Leesburg,39.11566,-77.5636,seat of a second-order administrative division,Virginia,Loudoun County,United States,GMU,City,,,,,,3
post,2025-01-19,212,"Meredith lived a life out of movie and it started when she was born at home on March 4, 1988 in Leesburg, VA.",2025-01,Virginia,37.54812,-77.44675,first-order administrative division,Virginia,,United States,GMU,State,,,,,,45
post,2025-01-19,212,"Her adventure really ramped up 5 days laters when the family packed up and moved cross country to Fort Collins, CO. Meredith would spend her entire childhood in Fort Collins and would go on to graduate from Rocky Mountain High School.",2025-01,Fort Collins,40.58526,-105.08442,seat of a second-order administrative division,Colorado,Larimer County,United States,GMU,City,,,,,,3
post,2025-01-19,212,"Her adventure really ramped up 5 days laters when the family packed up and moved cross country to Fort Collins, CO. Meredith would spend her entire childhood in Fort Collins and would go on to graduate from Rocky Mountain High School.",2025-01,Colorado,39.00027,-105.50083,first-order administrative division,Colorado,,United States,GMU,State,,,,,,4
post,2025-01-19,212,"Her adventure really ramped up 5 days laters when the family packed up and moved cross country to Fort Collins, CO. Meredith would spend her entire childhood in Fort Collins and would go on to graduate from Rocky Mountain High School.",2025-01,Fort Collins,40.58526,-105.08442,seat of a second-order administrative division,Colorado,Larimer County,United States,GMU,City,,,,,,3
post,2025-01-19,212,"Her adventure really ramped up 5 days laters when the family packed up and moved cross country to Fort Collins, CO. Meredith would spend her entire childhood in Fort Collins and would go on to graduate from Rocky Mountain High School.",2025-01,Rocky Mountain High School,44.79634,-108.50651,school,Wyoming,Big Horn County,United States,GMU,Building,,,,,,1
post,2025-01-19,212,"She worked for 15 years at Trader Joe’s in stores from Reston, VA to Denver, CO with stops in Albuquerque and Salt Lake City in between, leaving a litany of lasting lifelong friendships.",2025-01,Reston,43.13011,-123.62008,populated place,Oregon,Douglas County,United States,GMU,City,,,,,,1
post,2025-01-19,212,"She worked for 15 years at Trader Joe’s in stores from Reston, VA to Denver, CO with stops in Albuquerque and Salt Lake City in between, leaving a litany of lasting lifelong friendships.",2025-01,Virginia,37.54812,-77.44675,first-order administrative division,Virginia,,United States,GMU,State,,,,,,45
post,2025-01-19,212,"She worked for 15 years at Trader Joe’s in stores from Reston, VA to Denver, CO with stops in Albuquerque and Salt Lake City in between, leaving a litany of lasting lifelong friendships.",2025-01,Denver,39.73915,-104.9847,seat of a first-order administrative division,Colorado,Denver County,United States,GMU,City,,,,,,1
post,2025-01-19,212,"She worked for 15 years at Trader Joe’s in stores from Reston, VA to Denver, CO with stops in Albuquerque and Salt Lake City in between, leaving a litany of lasting lifelong friendships.",2025-01,Colorado,39.00027,-105.50083,first-order administrative division,Colorado,,United States,GMU,State,,,,,,4
post,2025-01-19,212,"She worked for 15 years at Trader Joe’s in stores from Reston, VA to Denver, CO with stops in Albuquerque and Salt Lake City in between, leaving a litany of lasting lifelong friendships.",2025-01,Albuquerque,35.08449,-106.65114,seat of a second-order administrative division,New Mexico,Bernalillo County,United States,GMU,City,,,,,,2
post,2025-01-19,212,"She worked for 15 years at Trader Joe’s in stores from Reston, VA to Denver, CO with stops in Albuquerque and Salt Lake City in between, leaving a litany of lasting lifelong friendships.",2025-01,Salt Lake City,40.76078,-111.89105,seat of a first-order administrative division,Utah,Salt Lake County,United States,GMU,City,,,,,,1
post,2025-01-19,212,"While living in Albuquerque, she met Timothy, a crusty, 1.0 veteran, who would become her companion and partner for the rest of her life.",2025-01,Albuquerque,35.08449,-106.65114,seat of a second-order administrative division,New Mexico,Bernalillo County,United States,GMU,City,,,,,,2
post,2025-01-19,212,"Her counseling practice was flourishing and she purchased her first house in Cortez, CO.

Meredith attended her first Phish concert on September 5, 2021.",2025-01,Cortez,37.34888,-108.58593,seat of a second-order administrative division,Colorado,Montezuma County,United States,GMU,City,,,,,,1
post,2025-01-19,212,"Her counseling practice was flourishing and she purchased her first house in Cortez, CO.

Meredith attended her first Phish concert on September 5, 2021.",2025-01,Colorado,39.00027,-105.50083,first-order administrative division,Colorado,,United States,GMU,State,,,,,,4
post,2025-01-19,212,"A private service for family will be held on January 23 at Goes Funeral Home in Fort Collins, CO and will be followed by a public viewing.",2025-01,Fort Collins,40.58526,-105.08442,seat of a second-order administrative division,Colorado,Larimer County,United States,GMU,City,,,,,,3
post,2025-01-19,212,"A private service for family will be held on January 23 at Goes Funeral Home in Fort Collins, CO and will be followed by a public viewing.",2025-01,Colorado,39.00027,-105.50083,first-order administrative division,Colorado,,United States,GMU,State,,,,,,4
comment,2025-02-10,1,I worked with Meredith at Trader Joe's in Reston a lifetime ago.,2025-02,Reston,38.96872,-77.3411,populated place,Virginia,Fairfax County,United States,GMU,City,,,,,,2
comment,2024-10-10,1,Why hike the Virginian Appalachias when we got nature right here?,2024-10,Virginia Beach,36.85293,-75.97799,seat of a second-order administrative division,Virginia,City of Virginia Beach,United States,GMU,City,,,,,,1
comment,2022-10-24,4,I remember back in 2011 they'd have a huge booth set up outside Robinson with graphic imagery.,2022-10,North Robinson,40.79256,-82.85713,populated place,Ohio,Crawford County,United States,GMU,City,,,,,,1
comment,2022-10-24,15,"This is the US, Mason is public property.",2022-10,United States,39.76,-98.5,independent political entity,,,United States,GMU,Country,,,,,,41
comment,2022-10-24,15,"This is the US, Mason is public property.",2022-10,Mason County,43.95625,-86.42258,second-order administrative division,Michigan,Mason County,United States,GMU,State,,,,,,28
comment,2022-10-24,22,One of the guys from the group outside Southside last week was singling people out to yell at so yes they’re harassing peopt,2022-10,Southside,39.78121,-76.39468,populated place,Pennsylvania,York County,United States,GMU,City,,,,,,27
comment,2022-10-24,-4,God purposefully has plans for every life on Earth.,2022-10,Earth,0.0,0.0,area,,,,GMU,Building,,,,,,4
comment,2021-04-14,7,"A is already gone, replaced by Horizon hall, I might be wrong though since I joined GMU as Horizon Hall was being made",2021-04,Horizon,15.54248,73.7625,hotel,Goa,North Goa,India,GMU,Building,,,,,,1
comment,2021-04-14,7,"A is already gone, replaced by Horizon hall, I might be wrong though since I joined GMU as Horizon Hall was being made",2021-04,Horizon City Town Hall,31.68359,-106.20183,building(s),Texas,El Paso County,United States,GMU,Building,,,,,,8
comment,2020-09-13,8,I literally am looking for online jobs so I can move out (somewhere cheap like RVA).,2020-09,Farafangana,-22.82223,47.82615,seat of a first-order administrative division,Atsimo-Atsinanana,Farafangana District,Madagascar,GMU,City,,,,,,1
comment,2020-09-13,4,"I used to go to Richmond often and its a pretty cool place, much more fun than this area when it comes to social life.",2020-09,Richmond,37.55376,-77.46026,seat of a first-order administrative division,Virginia,City of Richmond,United States,GMU,City,,,,,,6
comment,2020-03-05,8,*the US army wanting to draft me for ww3* (yes ik it’s a dead meme),2020-03,United States,39.76,-98.5,independent political entity,,,United States,GMU,Country,,,,,,41
comment,2019-09-21,-6,Shenandoah speedsters represent,2019-09,Shenandoah County,38.85839,-78.5706,second-order administrative division,Virginia,Shenandoah County,United States,GMU,State,,,,,,2
post,2026-03-07,206,I came across a random house near Mason pond but I never knew the lore of this place.,2026-03,Mason Pond,41.64506,-72.80084,lake,Connecticut,Capitol Planning Region,United States,GMU,Natural Feature,,,,,,15
comment,2026-03-08,4,Average home for $3500/month in NY,2026-03,New York City,40.71427,-74.00597,populated place,New York,,United States,GMU,City,,,,,,6
comment,2026-03-10,1,They bought the house on temu,2026-03,Temù,46.25022,10.46592,seat of a third-order administrative division,Lombardy,Provincia di Brescia,Italy,GMU,City,,,,,,1
comment,2026-03-07,55,He’s currently in Canada for a family emergency.,2026-03,Canada,60.10867,-113.64258,independent political entity,,,Canada,GMU,Country,,,,,,2
comment,2026-02-06,204,"ilia malinin, a figure skater for USA currently at the olympics, attends gmu",2026-02,United States,39.76,-98.5,independent political entity,,,United States,GMU,Country,,,,,,41
comment,2026-02-06,78,"Figure Skater at the Olympics for USA, and he's a gmu student.",2026-02,United States,39.76,-98.5,independent political entity,,,United States,GMU,Country,,,,,,41
comment,2026-02-06,7,How’s he gonna keep up with classes if he’s in Italy for the Olympics?,2026-02,Italian Republic,42.83333,12.83333,independent political entity,,,Italy,GMU,Country,,,,,,3
comment,2026-02-10,1,Went to South Lakes High in Reston.,2026-02,South Lakes High School,38.93205,-77.33951,school,Virginia,Fairfax County,United States,GMU,Building,,,,,,1
comment,2026-02-10,1,Went to South Lakes High in Reston.,2026-02,South Reston,53.32746,0.10472,populated place,England,Lincolnshire,United Kingdom,GMU,City,,,,,,1
comment,2026-02-07,15,GO ILIA!,2026-02,Ilia,45.93333,22.65,seat of a second-order administrative division,Hunedoara County,Comuna Ilia,Romania,GMU,City,,,,,,1
comment,2025-09-01,14,"I biked the w&od to Purcellville last weekend and kept seeing these walking on the trail and were wondering what they were, next time I will run them over lol",2025-09,Purcellville,39.13677,-77.71472,populated place,Virginia,Loudoun County,United States,GMU,City,,,,,,1
comment,2025-09-02,16,On a boat shipment filled with stone from Asia.,2025-09,Asia,29.84064,89.29688,continent,,,,GMU,Country,,,,,,3
comment,2025-09-02,16,The stone had their eggs on them which eventually made land fall in Pennsylvania.,2025-09,Pennsylvania,40.8,-77.7,first-order administrative division,Pennsylvania,,United States,GMU,State,,,,,,1
comment,2025-09-02,16,They have been killing farmers crops and wineries grape vines here in virginia at wine makers.,2025-09,Virginia,37.54812,-77.44675,first-order administrative division,Virginia,,United States,GMU,State,,,,,,45
post,2025-06-27,204,I got all the emails from tassel and the university congratulating me on graduating!,2025-06,Lac Tassel,46.32639,-76.53,lake,Quebec,Outaouais,Canada,GMU,Natural Feature,,,,,,1
comment,2025-06-30,1,It happened to me too in TN.,2025-06,Tennessee,35.75035,-86.25027,first-order administrative division,Tennessee,,United States,GMU,State,,,,,,2
comment,2025-02-28,35,"In my accounting class, the first exam had a question about which US president was on the homepage of the class.",2025-02,United States,39.76,-98.5,independent political entity,,,United States,GMU,Country,,,,,,41
comment,2021-05-26,53,Students with approved extensions must get vaccinated when they arrive in the United States.,2021-05,Territories of the United States,35.27766,-102.35403,region,,,United States,GMU,Region,,,,,,4
comment,2021-06-10,2,Can we get vaccinated when we reach GMU?,2021-06,Gauriyamau,26.75703,81.79366,railroad station,Uttar Pradesh,Ayodhya,India,GMU,Road,,,,,,9
comment,2021-06-10,2,I’m from India and the government is currently giving vaccines for  people aged 18 and above .,2021-06,Republic of India,22.0,79.0,independent political entity,,,India,GMU,Country,,,,,,2
comment,2020-05-20,9,"Go to community college I transferred from nova and I saved over $30,000.",2020-05,Nõva,59.21639,23.6725,populated place,Lääne,Lääne-Nigula vald,Estonia,GMU,City,,,,,,1
comment,2020-05-21,2,"That won't happen in the next decade though, just like GW and Georgetown.",2020-05,Golshanābād,36.6512,59.09081,populated place,Razavi Khorasan,,Iran,GMU,City,,,,,,1
comment,2020-05-21,2,"That won't happen in the next decade though, just like GW and Georgetown.",2020-05,Georgetown,31.88461,-85.10743,seat of a second-order administrative division,Georgia,Quitman County,United States,GMU,City,,,,,,1
comment,2020-03-31,6,Im in a class where we have to create a policy... A freaking government policy... for Fairfax County.,2020-03,Fairfax County,38.83469,-77.27622,second-order administrative division,Virginia,Fairfax County,United States,GMU,State,,,,,,14
comment,2020-03-30,14,Here in NJ it's been that way for awhile.,2020-03,New Jersey,40.16706,-74.49987,first-order administrative division,New Jersey,,United States,GMU,State,,,,,,1
comment,2020-03-31,6,"We really do need it, I've been more than willing to try to do my stuff, but it's kind of hard to do that when just across the Lincoln Tunnel, 30 minutes from me, Manhattan is having to use refrigerators as temporary mortuaries.",2020-03,New York City,40.71427,-74.00597,populated place,New York,,United States,GMU,City,,,,,,6
comment,2020-03-31,6,I'm honestly scared of that coming over here in Jersey.,2020-03,Bailiwick of Jersey,49.21667,-2.11667,political entity,,,Jersey,GMU,Country,,,,,,1
comment,2024-10-30,1,Please converse with other students with respect and keep in mind that Mason is an academic environment.,2024-10,Mason County,43.95625,-86.42258,second-order administrative division,Michigan,Mason County,United States,GMU,State,,,,,,28
comment,2026-03-13,28,"Out of all the schools to bomb, you choose the one that’s more ethnic than NOVA’s busiest Costco on a Saturday afternoon?",2026-03,Nova,39.73176,-77.81944,populated place,Pennsylvania,Franklin County,United States,GMU,City,,,,,,5
comment,2026-03-13,28,")***

""university officials reported receiving a suspicious email claiming a bomb would detonate at the Fenwick building at 2:00 p.m. Officers were dispatched, and evacuation measures were discussed.",2026-03,Fenwick,41.27093,-72.35369,populated place,Connecticut,Lower Connecticut River Valley Planning Region,United States,GMU,City,,,,,,7
comment,2026-03-13,56,The way i would run to fenwick library area… had enough of this life,2026-03,Fenwick Library,38.83234,-77.30721,library,Virginia,Fairfax County,United States,GMU,Building,,,,,,1
comment,2026-03-13,2,Quick someone tell mike pence there's ice cream in fenwick,2026-03,Fenwick,53.63868,-1.0976,seat of a third-order administrative division,England,Doncaster,United Kingdom,GMU,City,,,,,,13
comment,2026-03-14,1,who tf would attempt a bombing at fenwick during spring break?,2026-03,Fenwick,53.63868,-1.0976,seat of a third-order administrative division,England,Doncaster,United Kingdom,GMU,City,,,,,,13
comment,2026-03-13,47,Plenty of terror warnings with the situation with Iran.,2026-03,Islamic Republic of Iran,32.0,53.0,independent political entity,,,Iran,GMU,Country,,,,,,1
comment,2026-03-13,47,Also near DC.,2026-03,District of Columbia,38.91706,-77.00025,first-order administrative division,District of Columbia,,United States,GMU,State,,,,,,17
comment,2026-03-13,9,"planned a final interview in Fenwick, and had to run to another building 5 min before interview",2026-03,Fenwick,53.63868,-1.0976,seat of a third-order administrative division,England,Doncaster,United Kingdom,GMU,City,,,,,,13
comment,2026-03-13,8,"Between this, the attack at ODU (shout out my spy mains that stabbed the fucker to death), and a similar threat at UVA as well as the failed attack on Gracie Manor and the “Shaheed Drone Threat” in Cali, I think you’re spot on.",2026-03,Derbent,42.06622,48.28759,seat of a second-order administrative division,Dagestan,,Russia,GMU,City,,,,,,2
comment,2026-03-02,1,Holy shit I live in Rogers but I guess I was at work in Mosaic when this happened,2026-03,Rogers,45.18889,-93.55556,,Minnesota,Hennepin County,United States,GMU,,,,,,,2
comment,2026-03-02,1,Holy shit I live in Rogers but I guess I was at work in Mosaic when this happened,2026-03,Mosaic,40.87668,-73.17008,restaurant,New York,Suffolk County,United States,GMU,Building,,,,,,1
comment,2025-09-14,30,One of my group partner went to Miami,2025-09,Miami,25.77427,-80.19366,seat of a second-order administrative division,Florida,Miami-Dade County,United States,GMU,City,,,,,,2
comment,2021-01-31,1,The Merrifield Garden center(10 mins from GMU) has plastic trays for 3-5$!,2021-01,Greenville Downtown Airport,34.85031,-82.3509,airport,South Carolina,Greenville County,United States,GMU,Building,,,,,,11
comment,2021-01-30,6,"One of the commons buildings, the tiles in Grayson looked exactly the same",2021-01,Grayson County,33.62681,-96.67772,second-order administrative division,Texas,Grayson County,United States,GMU,State,,,,,,1
comment,2022-09-18,3,I believe you’re in front of horizon hall.,2022-09,Horizon City Town Hall,31.68359,-106.20183,building(s),Texas,El Paso County,United States,GMU,Building,,,,,,8
comment,2022-09-18,3,Enterprise is all the way next to exploratory and the shuttle next to Shenandoah.,2022-09,Vista PEAK Exploratory School,39.7192,-104.70111,school,Colorado,Arapahoe County,United States,GMU,Building,,,,,,3
comment,2022-09-18,3,Enterprise is all the way next to exploratory and the shuttle next to Shenandoah.,2022-09,Shenandoah County,38.85839,-78.5706,second-order administrative division,Virginia,Shenandoah County,United States,GMU,State,,,,,,2
comment,2022-09-18,3,It's a nice photo but I believe this was taken near Horizon Hall.,2022-09,Horizon City Town Hall,31.68359,-106.20183,building(s),Texas,El Paso County,United States,GMU,Building,,,,,,8
comment,2020-08-09,31,[Insert any college in the US],2020-08,United States,39.76,-98.5,independent political entity,,,United States,GMU,Country,,,,,,41
comment,2019-08-21,-1,There’s plenty of other colleges in Virginia at similar cost.,2019-08,Virginia,37.54812,-77.44675,first-order administrative division,Virginia,,United States,GMU,State,,,,,,45
comment,2019-08-21,17,Id rather make out with a dog than go to cnu,2019-08,Chanute,37.67921,-95.4572,populated place,Kansas,Neosho County,United States,GMU,City,,,,,,1
comment,2019-08-21,11,"To put into perspective, Virginia Tech has a student body population of 34k with a campus size nearly 3x larger than the Fairfax campus, *but George Mason still has more students*.",2019-08,Fairfax,38.84622,-77.30637,seat of a second-order administrative division,Virginia,City of Fairfax,United States,GMU,City,,,,,,20
comment,2025-02-18,6,Can someone get a normal coffee shop in the jc instead of this horribly priced garbage.,2025-02,Jc Contemporary,41.79959,12.47982,hotel,Lazio,Città metropolitana di Roma Capitale,Italy,GMU,Building,,,,,,4
comment,2025-02-17,9,"Yeah I figured that out at this one  and I try to never go to it, the one in Northern Neck is just so far lol.",2025-02,Northern Neck,44.33897,-68.36696,cape,Maine,Hancock County,United States,GMU,Natural Feature,,,,,,1
comment,2025-02-18,3,Probably more than the US Spending Budget,2025-02,United States,39.76,-98.5,independent political entity,,,United States,GMU,Country,,,,,,41
comment,2025-02-17,3,Wow these mods may be the only people at Mason trying to keep people safe.,2025-02,Mason County,43.95625,-86.42258,second-order administrative division,Michigan,Mason County,United States,GMU,State,,,,,,28
comment,2024-08-30,21,The same birds that somehow get inside the Johnson Center!??,2024-08,Johnson Center for The Arts,39.47806,-86.0475,building(s),Indiana,Johnson County,United States,GMU,Building,,,,,,6
post,2024-04-08,197,Youngkin to get rid of disabled veteran education benefits in Virginia,2024-04,Virginia,37.54812,-77.44675,first-order administrative division,Virginia,,United States,GMU,State,,,,,,45
comment,2024-04-09,0,Someone mentioned this on the virginia subreddit which is in the post I had cross-posted.,2024-04,Virginia,37.54812,-77.44675,first-order administrative division,Virginia,,United States,GMU,State,,,,,,45
post,2021-05-07,201,"To whoever put this on the chair in Horizon Hall, u funny af fam",2021-05,Horizon City Town Hall,31.68359,-106.20183,building(s),Texas,El Paso County,United States,GMU,Building,,,,,,8
comment,2019-10-16,26,Is that the fucking bus driver from Sky High?,2019-10,Sky High,38.91184,-122.5122,mountain,California,Lake County,United States,GMU,Natural Feature,,,,,,1
comment,2019-10-16,8,Clearly the armed suspect realized GMU was a gun free zone and promtpy got on a bus away from campus.,2019-10,Greenville Downtown Airport,34.85031,-82.3509,airport,South Carolina,Greenville County,United States,GMU,Building,,,,,,11
comment,2019-02-09,11,He is still the biggest Chad in gmu,2019-02,Gauriyamau,26.75703,81.79366,railroad station,Uttar Pradesh,Ayodhya,India,GMU,Road,,,,,,9
comment,2019-02-09,4,And all because if eagle bank arena,2019-02,Eagle Bank,-30.25118,139.91602,stream bank,South Australia,,Australia,GMU,Natural Feature,,,,,,8
comment,2024-05-17,-3,What’s GMU,2024-05,Gauriyamau,26.75703,81.79366,railroad station,Uttar Pradesh,Ayodhya,India,GMU,Road,,,,,,9
comment,2024-05-18,-2,A private college based in Somalia,2024-05,Somalia,6.0,48.0,independent political entity,,,Somalia,GMU,Country,,,,,,1
comment,2019-02-17,37,Its also disgusting for people who treat the benches/chairs in Fenwick as a freaking Marriott hotel.,2019-02,Fenwick,41.27093,-72.35369,populated place,Connecticut,Lower Connecticut River Valley Planning Region,United States,GMU,City,,,,,,7
comment,2019-02-18,-11,Someone with a weeb screen name should know that they don’t use deodorant in Japan,2019-02,Japan,35.68536,139.75309,independent political entity,,,Japan,GMU,Country,,,,,,3
comment,2024-04-25,3,This is trying to bury Virginia history from the woke (but mostly sleepwalking) prez.,2024-04,Virginia,37.54812,-77.44675,first-order administrative division,Virginia,,United States,GMU,State,,,,,,45
comment,2024-04-25,1,Looks like GT with the lettering style of Temple,2024-04,Paris 03 Temple,48.8637,2.3615,populated place,Île-de-France,Paris,France,GMU,City,,,,,,1
comment,2020-02-19,24,It’s so bad like everywhere in JC it smells like armpit that didn’t shower for days.,2020-02,Hagik Junction,37.43678,126.65198,intersection,Incheon,Michuhol,South Korea,GMU,Road,,,,,,3
post,2025-05-17,196,Mason rail association is now official!,2025-05,Mason,37.52366,-89.25425,populated place,Illinois,Union County,United States,GMU,City,,,,,,1
comment,2025-05-17,15,I heard metro is supposed to be free for students next year supposedly,2025-05,Metro,48.19431,17.24585,market,Bratislava Region,Okres Senec,Slovakia,GMU,Building,,,,,,2
comment,2025-05-17,4,"I can send you guys stuff about the trams and rail here in Prague, I’m an alumni.",2025-05,Prague,50.08804,14.42076,capital of a political entity,Prague,,Czechia,GMU,City,,,,,,1
comment,2025-05-17,4,Do Metro nerds/enthusiasts count?,2025-05,Metro,48.19431,17.24585,market,Bratislava Region,Okres Senec,Slovakia,GMU,Building,,,,,,2
comment,2025-05-18,1,I love the metro system and I think DC metro is the best metro in the U.S.,2025-05,District of Columbia,38.91706,-77.00025,first-order administrative division,District of Columbia,,United States,GMU,State,,,,,,17
comment,2025-05-18,1,I love the metro system and I think DC metro is the best metro in the U.S.,2025-05,United States,39.76,-98.5,independent political entity,,,United States,GMU,Country,,,,,,41
comment,2025-05-20,1,"Hope the club takes off, I took Amtrak once to VT for a hackathon and again to Connecticut.",2025-05,Vermont,44.00034,-72.74983,first-order administrative division,Vermont,,United States,GMU,State,,,,,,1
comment,2025-05-20,1,"Hope the club takes off, I took Amtrak once to VT for a hackathon and again to Connecticut.",2025-05,Connecticut,41.66704,-72.66648,first-order administrative division,Connecticut,,United States,GMU,State,,,,,,1
comment,2025-05-20,1,I knew someone that worked at the MIX who didn't know about the Fairfax City CUE Bus lines that connect the City and GMU (and is free btw) the entire time he was here until he graduated.,2025-05,City Railroad Station,25.43939,81.84985,railroad station,Uttar Pradesh,Prayagraj,India,GMU,Road,,,,,,1
comment,2025-05-20,1,I knew someone that worked at the MIX who didn't know about the Fairfax City CUE Bus lines that connect the City and GMU (and is free btw) the entire time he was here until he graduated.,2025-05,Gauriyamau,26.75703,81.79366,railroad station,Uttar Pradesh,Ayodhya,India,GMU,Road,,,,,,9
comment,2023-03-25,3,This is not a matter of ‘differing views.’ This is a matter of a man who does not recognize the diverse population of GMU as human.,2023-03,Gauriyamau,26.75703,81.79366,railroad station,Uttar Pradesh,Ayodhya,India,GMU,Road,,,,,,9
comment,2023-03-25,1,"If Mason is celebrated for its diversity, than wouldn’t this be in line with the practice in having a conservative speak in a liberal venue?",2023-03,Mason,30.74879,-99.23061,seat of a second-order administrative division,Texas,Mason County,United States,GMU,City,,,,,,3
comment,2023-03-25,3,like all of nova is defense contractors already.,2023-03,Nova,65.65053,12.65206,point,Nordland,Vevelstad,Norway,GMU,Natural Feature,,,,,,4
comment,2026-04-08,15,"i was using one of the study rooms in fenwick and there were these 2 girls in the study room next door literally cackling laughing, talking obnoxiously, and blasting music.",2026-04,Fenwick,53.63868,-1.0976,seat of a third-order administrative division,England,Doncaster,United Kingdom,GMU,City,,,,,,13
post,2026-02-13,196,Let’s go ILlA!!,2026-02,Ila,7.66904,4.66819,populated place,Osun State,Ilesha West,Nigeria,GMU,City,,,,,,1
comment,2026-02-08,1,You can see Pete at “Church” on Sundays on Capitol Hill.,2026-02,Church,37.91522,-122.32112,religious center,California,,United States,GMU,Building,,,,,,1
comment,2026-02-07,10,The United States secretary of war,2026-02,United States,39.76,-98.5,independent political entity,,,United States,GMU,Country,,,,,,41
comment,2026-02-07,5,Yesterday big Benjamin deployed a Kia soul to cut me off on I-66,2026-02,Super 8 Manassas / I- 66,38.7993,-77.5212,hotel,Virginia,,United States,GMU,Building,,,,,,2
comment,2024-12-22,1,MIT is in Boston.,2024-12,Boston,42.35843,-71.05977,seat of a first-order administrative division,Massachusetts,Suffolk County,United States,GMU,City,,,,,,2
post,2023-03-23,192,Planetary  Hall: Probably one of the better buildings for bathrooms.,2023-03,Mannheim Planetary,49.47728,8.49287,building(s),Baden-Wurttemberg,Karlsruhe Region,Germany,GMU,Building,,,,,,5
post,2023-03-23,192,Planetary  Hall: Probably one of the better buildings for bathrooms.,2023-03,Hall,40.43368,-79.80199,,Pennsylvania,Allegheny County,United States,GMU,,,,,,,2
post,2023-03-23,192,"The LL, 2nd,  and 3rd floors are always empty, and I have never really had a bad  experience there.",2023-03,Ll'inskiy,44.34472,42.83389,populated place,Stavropol Kray,,Russia,GMU,City,,,,,,1
post,2023-03-23,192,Performing Arts Building: 0/10 I got yelled at for being there.,2023-03,Performing Arts Building,38.82972,-77.30889,building(s),Virginia,City of Fairfax,United States,GMU,Building,,,,,,1
post,2023-03-23,192,"For some reason when I went to East a few semesters ago the water  pressure was crazy high and hot, but that seems to be fixed.",2023-03,Austurland,65.0,-15.0,first-order administrative division,East,,Iceland,GMU,State,,,,,,3
post,2023-03-23,192,Fenwick  Library: Fenwick has the most variation floor by floor and between old  and new Fenwick.,2023-03,Fenwick,53.63868,-1.0976,seat of a third-order administrative division,England,Doncaster,United Kingdom,GMU,City,,,,,,13
post,2023-03-23,192,Fenwick  Library: Fenwick has the most variation floor by floor and between old  and new Fenwick.,2023-03,Fenwick,53.63868,-1.0976,seat of a third-order administrative division,England,Doncaster,United Kingdom,GMU,City,,,,,,13
post,2023-03-23,192,I would say the worst one is definitely the ground  floor of new Fenwick.,2023-03,Fenwick,41.27093,-72.35369,populated place,Connecticut,Lower Connecticut River Valley Planning Region,United States,GMU,City,,,,,,7
post,2023-03-23,192,2nd is way too busy.,2023-03,2nd Arrondissement,6.3871,2.45946,third-order administrative division,Littoral,Cotonou,Benin,GMU,City,,,,,,1
post,2023-03-23,192,Old  Fenwick: Old Fenwick has by far my favorite bathrooms.,2023-03,Borough of Oldham,53.55,-2.08333,second-order administrative division,England,Borough of Oldham,United Kingdom,GMU,State,,,,,,1
post,2023-03-23,192,Old  Fenwick: Old Fenwick has by far my favorite bathrooms.,2023-03,Fenwick,41.27093,-72.35369,populated place,Connecticut,Lower Connecticut River Valley Planning Region,United States,GMU,City,,,,,,7
post,2023-03-23,192,Innovation Hall: One of the better halls for size and cleanliness.,2023-03,Innovation Hall,38.82833,-77.30778,building(s),Virginia,City of Fairfax,United States,GMU,Building,,,,,,3
post,2023-03-23,192,College  Hall (and all of the buildings connected to it + Aquia building):  Similar to East and Krug.,2023-03,College,51.43599,-0.07712,section of populated place,England,Greater London,United Kingdom,GMU,Neighborhood,,,,,,1
post,2023-03-23,192,College  Hall (and all of the buildings connected to it + Aquia building):  Similar to East and Krug.,2023-03,Hall,40.43368,-79.80199,,Pennsylvania,Allegheny County,United States,GMU,,,,,,,2
post,2023-03-23,192,College  Hall (and all of the buildings connected to it + Aquia building):  Similar to East and Krug.,2023-03,Aquia,-10.0745,-77.14475,seat of a third-order administrative division,Ancash,Provincia de Bolognesi,Peru,GMU,City,,,,,,2
post,2023-03-23,192,College  Hall (and all of the buildings connected to it + Aquia building):  Similar to East and Krug.,2023-03,Austurland,65.0,-15.0,first-order administrative division,East,,Iceland,GMU,State,,,,,,3
post,2023-03-23,192,College  Hall (and all of the buildings connected to it + Aquia building):  Similar to East and Krug.,2023-03,Krug,59.24041,32.06292,populated place,Novgorod Oblast,,Russia,GMU,City,,,,,,1
post,2023-03-23,192,"Not really where I’d want to be, but I think  the second floor of mason?",2023-03,Mason County,43.95625,-86.42258,second-order administrative division,Michigan,Mason County,United States,GMU,State,,,,,,28
post,2023-03-23,192,"I haven’t been to Findley hall, the Hub, or  most dorms.",2023-03,Findley,41.89422,-85.37165,populated place,Michigan,Saint Joseph County,United States,GMU,City,,,,,,1
post,2023-03-23,192,"I haven’t been to Findley hall, the Hub, or  most dorms.",2023-03,Hub,36.40217,-119.80903,populated place,California,Kings County,United States,GMU,City,,,,,,2
comment,2023-03-23,3,Ik its not a hall technically but the globe will always have s tier bathrooms,2023-03,Earth,0.0,0.0,area,,,,GMU,Building,,,,,,4
comment,2023-09-07,1,You missed the upscale bathrooms in Merten.,2023-09,Meerten,51.93917,5.52222,populated place,Gelderland,Gemeente Buren,The Netherlands,GMU,City,,,,,,2
comment,2023-03-24,1,Are you referring to the one near CAPS?,2023-03,Caps,32.37318,-99.84704,populated place,Texas,Taylor County,United States,GMU,City,,,,,,1
comment,2022-09-25,3,"If it’s near Horizon, I’m all for it.",2022-09,Horizon,51.08896,-113.99189,section of populated place,Alberta,Calgary,Canada,GMU,Neighborhood,,,,,,3
comment,2020-08-29,-2,Are you in Pike?,2020-08,Bethel,39.00952,-83.12379,populated place,Ohio,Pike County,United States,GMU,City,,,,,,1
post,2021-10-06,195,"Dude jacking off at the urinal So there i was, in the Southside first floor bathroom, at around 11 am today.",2021-10,Southside,39.78121,-76.39468,populated place,Pennsylvania,York County,United States,GMU,City,,,,,,27
post,2019-10-31,191,BANANA PEOPLE TAKEOVER,2019-10,Banana River,18.17369,-76.42142,stream,Portland Parish,,Jamaica,GMU,Natural Feature,,,,,,1
comment,2019-11-01,2,Just saw a video on r/funny with these guys running through the JC haha.,2019-11,Hagik Junction,37.43678,126.65198,intersection,Incheon,Michuhol,South Korea,GMU,Road,,,,,,3
comment,2024-09-14,19,In a way I’m glad that GMU has more of a commuter culture bc I personally would feel so out of place going somewhere like VCU or JMU where there’s an expectation to be super social.,2024-09,VCU Massey Cancer Center,37.53926,-77.42868,hospital,Virginia,City of Richmond,United States,GMU,Building,,,,,,1
comment,2021-09-28,38,Secret Service also bamboozled the shit out of everyone in Fenwick.,2021-09,Fenwick,53.63868,-1.0976,seat of a third-order administrative division,England,Doncaster,United Kingdom,GMU,City,,,,,,13
comment,2021-09-28,7,"We waited in Fenwick in enormous crowds and went through secret service, taking over an hour for her to just not show up there.",2021-09,Fenwick,53.63868,-1.0976,seat of a third-order administrative division,England,Doncaster,United Kingdom,GMU,City,,,,,,13
comment,2021-09-29,2,What more can you expect from anyone in DC with their Billionaire Donors and PACs,2021-09,District of Columbia,38.91706,-77.00025,first-order administrative division,District of Columbia,,United States,GMU,State,,,,,,17
comment,2021-09-28,26,"She was talking to a class on the first floor of Fenwick, but she left out of one of the back entrances.",2021-09,Fenwick,53.63868,-1.0976,seat of a third-order administrative division,England,Doncaster,United Kingdom,GMU,City,,,,,,13
comment,2021-10-01,2,I waited in fenwick from 11:40 until they kicked us out 2 hours later….,2021-10,Fenwick,53.63868,-1.0976,seat of a third-order administrative division,England,Doncaster,United Kingdom,GMU,City,,,,,,13
comment,2021-09-29,6,I think Mason only receives about 20% of its funding from the commonwealth.,2021-09,Glendale,34.14251,-118.25508,populated place,California,Los Angeles County,United States,GMU,City,,,,,,1
comment,2021-09-29,3,"I take my longboard down southside hill everyday to class, there were signs at the top that said it was closed to traffic, but they've done that before for random reasons and it has never closed it to pedestrian traffic.",2021-09,Southside Hill,47.41659,-53.18138,hill,Newfoundland and Labrador,Harbour Main-Chapel's Cove-Lakeview,Canada,GMU,Natural Feature,,,,,,1
comment,2020-05-01,11,"When there's only one professor for a class with over a 3.0 RMP rating and they only teach one section, and that section happens to be in Fairfax instead of Prince William Campus.",2020-05,Fairfax,38.84622,-77.30637,seat of a second-order administrative division,Virginia,City of Fairfax,United States,GMU,City,,,,,,20
comment,2020-05-01,11,"When there's only one professor for a class with over a 3.0 RMP rating and they only teach one section, and that section happens to be in Fairfax instead of Prince William Campus.",2020-05,Prince William Campus Library,38.75484,-77.52221,library,Virginia,Prince William County,United States,GMU,Building,,,,,,1
post,2026-01-16,191,"2 people harassing people on campus with meta glasses Hey I was just walking around campus hoping to get with an advisor, and these 2 Bengali guys from Bangladesh and the other from India start harassing me.",2026-01,Bangladesh,24.0,90.0,independent political entity,,,Bangladesh,GMU,Country,,,,,,1
post,2026-01-16,191,"2 people harassing people on campus with meta glasses Hey I was just walking around campus hoping to get with an advisor, and these 2 Bengali guys from Bangladesh and the other from India start harassing me.",2026-01,Republic of India,22.0,79.0,independent political entity,,,India,GMU,Country,,,,,,2
comment,2026-01-17,12,"He I’m so sorry that happened to you I reported them to mason police for harassment over the phone I’ll probably go in person some time next week, if you want lmk you can also come in  to give your side.",2026-01,Mason,30.74879,-99.23061,seat of a second-order administrative division,Texas,Mason County,United States,GMU,City,,,,,,3
comment,2025-09-26,42,There is a deer that lives near Mason pond you can pet (don’t pet it),2025-09,Mason Pond,41.64506,-72.80084,lake,Connecticut,Capitol Planning Region,United States,GMU,Natural Feature,,,,,,15
comment,2025-10-02,1,i have pet the deer near mason pond last semester.,2025-10,Mason Pond,41.64506,-72.80084,lake,Connecticut,Capitol Planning Region,United States,GMU,Natural Feature,,,,,,15
comment,2025-09-27,2,"Not often, but sometimes the goslings are literally right by or on the mason pond path and neither them nor the adults pay attention to passersby",2025-09,Mason Pond,41.64506,-72.80084,lake,Connecticut,Capitol Planning Region,United States,GMU,Natural Feature,,,,,,15
post,2021-01-25,192,Photos of the new Horizon Building,2021-01,Horizon Building,46.82389,-100.81306,building(s),North Dakota,Burleigh County,United States,GMU,Building,,,,,,2
comment,2021-01-26,3,Looks like an upside photo of east asia and the pacific.,2021-01,South East Asia,11.0059,109.16,populated place,,,Vietnam,GMU,City,,,,,,1
comment,2021-01-26,3,Looks like an upside photo of east asia and the pacific.,2021-01,Pacific,54.76638,-128.25349,area,British Columbia,,Canada,GMU,Building,,,,,,1
comment,2021-01-26,3,You can see Australia and the Indies pretty clearly.,2021-01,Commonwealth of Australia,-25.0,135.0,independent political entity,,,Australia,GMU,Country,,,,,,1
comment,2021-01-26,3,You can see Australia and the Indies pretty clearly.,2021-01,Republic of Indonesia,-5.0,120.0,independent political entity,,,Indonesia,GMU,Country,,,,,,1
comment,2021-01-26,9,I think there's something refreshing about it compared to the major facelifts done to other buildings like the RAC or Fenwick.,2021-01,Fenwick,41.27093,-72.35369,populated place,Connecticut,Lower Connecticut River Valley Planning Region,United States,GMU,City,,,,,,7
comment,2020-02-04,44,thank you for this...as far as i’ve read there isn’t a single positive case so far in virginia or at least in nova.,2020-02,Virginia,37.54812,-77.44675,first-order administrative division,Virginia,,United States,GMU,State,,,,,,45
comment,2020-02-04,44,thank you for this...as far as i’ve read there isn’t a single positive case so far in virginia or at least in nova.,2020-02,Nova,64.48632,11.0805,valley,Trøndelag,Namsos,Norway,GMU,Natural Feature,,,,,,4
comment,2020-02-04,6,What does SF mean?,2020-02,San Francisco,37.77493,-122.41942,seat of a second-order administrative division,California,City and County of San Francisco,United States,GMU,City,,,,,,1
comment,2020-03-11,33,I'm in Mexico.,2020-03,Estado de México,19.36667,-99.66667,first-order administrative division,México,,Mexico,GMU,State,,,,,,1
comment,2025-09-21,31,America is great again.,2025-09,United States,39.76,-98.5,independent political entity,,,United States,GMU,Country,,,,,,41
comment,2025-09-22,3,Omg this is so maga make America not a ho again,2025-09,United States,39.76,-98.5,independent political entity,,,United States,GMU,Country,,,,,,41
post,2021-02-18,183,Inside Horizon Hall,2021-02,Horizon City Town Hall,31.68359,-106.20183,building(s),Texas,El Paso County,United States,GMU,Building,,,,,,8
comment,2021-02-19,5,Down the stairs and to the left is an entrance that is in between Robinson b and sub 1.,2021-02,Robinson Hall B,38.83083,-77.30833,building(s),Virginia,City of Fairfax,United States,GMU,Building,,,,,,1
comment,2021-02-19,5,Down the stairs and to the left is an entrance that is in between Robinson b and sub 1.,2021-02,Amuathi 1 Sub-Location,0.45,38.01667,administrative division,Isiolo County,,Kenya,GMU,Neighborhood,,,,,,1
comment,2026-02-16,7,"community college will help a lot: if you're an in-state Virginia student and get your AA from a Virginia community college with a certain minimum GPA (I think it's a 3.0), you get guaranteed admission to a list of Virginia colleges which includes GMU and also $1000 tuition grant per year.",2026-02,Virginia,37.54812,-77.44675,first-order administrative division,Virginia,,United States,GMU,State,,,,,,45
comment,2026-02-16,7,"community college will help a lot: if you're an in-state Virginia student and get your AA from a Virginia community college with a certain minimum GPA (I think it's a 3.0), you get guaranteed admission to a list of Virginia colleges which includes GMU and also $1000 tuition grant per year.",2026-02,Virginia,37.54812,-77.44675,first-order administrative division,Virginia,,United States,GMU,State,,,,,,45
comment,2026-02-16,7,"community college will help a lot: if you're an in-state Virginia student and get your AA from a Virginia community college with a certain minimum GPA (I think it's a 3.0), you get guaranteed admission to a list of Virginia colleges which includes GMU and also $1000 tuition grant per year.",2026-02,Virginia,37.54812,-77.44675,first-order administrative division,Virginia,,United States,GMU,State,,,,,,45
comment,2026-02-16,3,I was also homeschooled and took the nvcc to gmu route!,2026-02,Greenville Downtown Airport,34.85031,-82.3509,airport,South Carolina,Greenville County,United States,GMU,Building,,,,,,11
comment,2026-02-17,3,I taught at the Alexandria campus for a decade.,2026-02,Alexandria,38.80484,-77.04692,seat of a second-order administrative division,Virginia,City of Alexandria,United States,GMU,City,,,,,,1
comment,2026-02-16,1,Go to nova and transfer.,2026-02,Nova,64.48632,11.0805,valley,Trøndelag,Namsos,Norway,GMU,Natural Feature,,,,,,4
comment,2026-02-16,1,Just go to Nova.,2026-02,Nova,65.65053,12.65206,point,Nordland,Vevelstad,Norway,GMU,Natural Feature,,,,,,4
comment,2026-02-16,1,"University of Mary Washington, Longwood, VA State, and UVA Wise all look like they have March 1 deadlines or rolling admissions if you are looking to stay in-state.",2026-02,Longwood,39.11927,-77.87611,populated place,Virginia,Clarke County,United States,GMU,City,,,,,,1
comment,2026-02-16,1,"If you really want to go to Mason, go to NOVAA and do the ADVANCE Program.",2026-02,Mason,39.02175,-82.02903,populated place,West Virginia,Mason County,United States,GMU,City,,,,,,1
comment,2026-02-17,1,I went to a college (Baruch) with a 10% acceptance rate I applied before and got rejected and went to community school for two years re applied to the college (Baruch) and was accepted.,2026-02,Baurci,46.65769,28.95022,populated place,Căuşeni,,Moldova,GMU,City,,,,,,2
comment,2026-02-17,1,I went to a college (Baruch) with a 10% acceptance rate I applied before and got rejected and went to community school for two years re applied to the college (Baruch) and was accepted.,2026-02,Baurci,46.65769,28.95022,populated place,Căuşeni,,Moldova,GMU,City,,,,,,2
comment,2026-02-17,1,"It's ok, it's ok. Go to NOVA.",2026-02,Nova,52.371,4.89,hotel,North Holland,Gemeente Amsterdam,The Netherlands,GMU,Building,,,,,,1
comment,2026-02-17,1,Also if u do cc u could try to transfer to vt or uva which are the top two schools in Va,2026-02,Virginia,37.54812,-77.44675,first-order administrative division,Virginia,,United States,GMU,State,,,,,,45
post,2022-12-16,185,Took this picture over Mason Pond Tuesday night before I went back home.,2022-12,Mason Pond,41.64506,-72.80084,lake,Connecticut,Capitol Planning Region,United States,GMU,Natural Feature,,,,,,15
comment,2022-12-16,3,"It sucks that Mason isn’t a very picturesque campus, but nevertheless nice photo",2022-12,Masone,44.50162,8.71891,seat of a third-order administrative division,Liguria,Provincia di Genova,Italy,GMU,City,,,,,,1
comment,2020-08-08,45,They do that every single flu season - that's something I never understood about America.,2020-08,United States,39.76,-98.5,independent political entity,,,United States,GMU,Country,,,,,,41
comment,2020-08-10,1,I honestly thought only folks that recently came from Asia do that (wear a mask when they are sick thing) since they had to battle SARS not too long ago.,2020-08,Asia,29.84064,89.29688,continent,,,,GMU,Country,,,,,,3
comment,2020-08-08,10,"For a developed country, the US is laughably far behind in terms of basic sanitation.",2020-08,United States,39.76,-98.5,independent political entity,,,United States,GMU,Country,,,,,,41
comment,2020-08-08,-2,I mean your username made him think you were from the Middle East lol,2020-08,Al Bank al Brīţānī lish Sharq al Awsaţ,25.2643,55.29326,bank,Dubai,,United Arab Emirates,GMU,Natural Feature,,,,,,3
comment,2020-03-19,3,isn’t the whole “spew back to me what i said” how US public education went down the drain?,2020-03,United States,39.76,-98.5,independent political entity,,,United States,GMU,Country,,,,,,41
comment,2022-04-19,1,This was 3 years ago- but I still remember the little one that fell down in front of Sandbridge to this day.,2022-04,Sandbridge Beach,36.74598,-75.94409,populated place,Virginia,City of Virginia Beach,United States,GMU,City,,,,,,2
comment,2024-01-17,4,"Everyone was out playing in Presidents Park; building snowmen, snowballs, etc.",2024-01,Presidents Park,38.89562,-77.03651,park,District of Columbia,,United States,GMU,Neighborhood,,,,,,3
comment,2023-12-03,1,Merten pretty quiet.,2023-12,Meerten,51.93917,5.52222,populated place,Gelderland,Gemeente Buren,The Netherlands,GMU,City,,,,,,2
comment,2023-12-03,1,Horizon hall is always quiet.,2023-12,Horizon City Town Hall,31.68359,-106.20183,building(s),Texas,El Paso County,United States,GMU,Building,,,,,,8
comment,2022-06-12,1,average mason student,2022-06,Mason County,43.95625,-86.42258,second-order administrative division,Michigan,Mason County,United States,GMU,State,,,,,,28
comment,2019-09-17,1,HQ meme right here,2019-09,Haq,36.9818,45.0423,populated place,West Azerbaijan,,Iran,GMU,City,,,,,,1
post,2025-04-22,180,"Not to mention it’s proximity to DC, as someone who grew up in a poor rural area it feels so incredible to have the center of US government and politics right at my door step.",2025-04,District of Columbia,38.91706,-77.00025,first-order administrative division,District of Columbia,,United States,GMU,State,,,,,,17
post,2025-04-22,180,"Not to mention it’s proximity to DC, as someone who grew up in a poor rural area it feels so incredible to have the center of US government and politics right at my door step.",2025-04,United States,39.76,-98.5,independent political entity,,,United States,GMU,Country,,,,,,41
comment,2025-04-24,1,"It definitely got an unwarranted bad rep, but most of the time it was with comparisons to other colleges in VA. Everyone was kind, the campus was so great, professors really helped me think critically and changed my life, etc.",2025-04,Virginia,37.54812,-77.44675,first-order administrative division,Virginia,,United States,GMU,State,,,,,,45
comment,2025-03-22,39,If not available Mason police.,2025-03,Mason County,43.95625,-86.42258,second-order administrative division,Michigan,Mason County,United States,GMU,State,,,,,,28
comment,2024-04-26,2,First one reminds me of me of the Washington wizards for some reason,2024-04,Washington,47.50012,-120.50147,first-order administrative division,Washington,,United States,GMU,State,,,,,,4
comment,2024-02-03,2,"Grey herons are in Europe, Asia, and Africa.",2024-02,Europe,48.69096,9.14062,continent,,,,GMU,Country,,,,,,2
comment,2024-02-03,2,"Grey herons are in Europe, Asia, and Africa.",2024-02,Asia,29.84064,89.29688,continent,,,,GMU,Country,,,,,,3
comment,2024-02-03,2,"Grey herons are in Europe, Asia, and Africa.",2024-02,Africa,7.1881,21.09375,continent,,,,GMU,Country,,,,,,1
comment,2024-02-03,2,Great Blue Herons can be found in ponds/lakes/rivers year round in the US.,2024-02,United States,39.76,-98.5,independent political entity,,,United States,GMU,Country,,,,,,41
comment,2020-11-24,7,"Dr. Jones, the LA coordinator, teaches the engineering gen chem and the senior bioinorganic chemistry class.",2020-11,Los Angeles,34.05223,-118.24368,seat of a second-order administrative division,California,Los Angeles County,United States,GMU,City,,,,,,2
comment,2020-08-22,44,I “live” a half hour away in Reston.,2020-08,Reston,38.96872,-77.3411,populated place,Virginia,Fairfax County,United States,GMU,City,,,,,,2
comment,2020-08-22,3,I have a forced triple turned back into a double in Hampton Roads and it’s the same situation but with three of everything.,2020-08,Hampton Roads,36.97515,-76.34967,harbor(s),Virginia,City of Hampton,United States,GMU,Road,,,,,,3
comment,2020-08-22,5,what is going on in taylor?,2020-08,Taylor County,32.30147,-99.89012,second-order administrative division,Texas,Taylor County,United States,GMU,State,,,,,,1
comment,2020-08-22,8,I live in lower Loudoun and was committed to driving the 45 mins there and back twice a week but thankfully my program assigned all classes online.,2020-08,Sterling,39.00622,-77.4286,populated place,Virginia,Loudoun County,United States,GMU,City,,,,,,1
post,2020-02-03,179,I'm in fact a Brazilian university student who lives thousands of miles away from anywhere in the United States.,2020-02,Embassy of the United States,-35.30653,149.11623,diplomatic facility,Australian Capital Territory,,Australia,GMU,Building,,,,,,1
post,2025-01-30,176,"I saw some people standing in the frozen over Mason pond (Please do not do this, you could fall into freezing water)",2025-01,Masonville,45.91274,-86.98736,populated place,Michigan,Delta County,United States,GMU,City,,,,,,3
post,2023-04-25,178,"Got all four of the remaining ones down, and once everyone was on the ground, the whole group of geese started to leave, seemed to be heading to Mason Pond.",2023-04,Mason Pond,41.64506,-72.80084,lake,Connecticut,Capitol Planning Region,United States,GMU,Natural Feature,,,,,,15
comment,2023-04-26,7,"Also, the roof of Horizon is terrifying.",2023-04,Horizon,51.08896,-113.99189,section of populated place,Alberta,Calgary,Canada,GMU,Neighborhood,,,,,,3
comment,2023-04-26,2,"Also, the roof of Horizon is terrifying.",2023-04,Horizon,51.08896,-113.99189,section of populated place,Alberta,Calgary,Canada,GMU,Neighborhood,,,,,,3
comment,2022-12-06,9,Add a few zeros if you want prime lakefront property at Mason.,2022-12,Mason County,43.95625,-86.42258,second-order administrative division,Michigan,Mason County,United States,GMU,State,,,,,,28
comment,2026-02-27,3,It’s Virginia.,2026-02,Virginia,37.54812,-77.44675,first-order administrative division,Virginia,,United States,GMU,State,,,,,,45
comment,2026-02-27,3,Its Fairfax.,2026-02,Fairfax,38.84622,-77.30637,seat of a second-order administrative division,Virginia,City of Fairfax,United States,GMU,City,,,,,,20
comment,2026-02-11,13,"Pictures of him carrying his skates have the laces, and he told Ovi he'll wear them the entire time he's in Italy.",2026-02,Italian Republic,42.83333,12.83333,independent political entity,,,Italy,GMU,Country,,,,,,3
comment,2020-07-01,2,"I didn’t even attach the schedule, I just told the housing people that I only got class twice a week and I already have a job in NoVA anyway, so I’ll be commuting.",2020-07,Nova,39.73176,-77.81944,populated place,Pennsylvania,Franklin County,United States,GMU,City,,,,,,5
comment,2020-07-01,3,so you drove to richmond from fairfax twice a week?,2020-07,Richmond,37.55376,-77.46026,seat of a first-order administrative division,Virginia,City of Richmond,United States,GMU,City,,,,,,6
comment,2020-07-01,3,so you drove to richmond from fairfax twice a week?,2020-07,Fairfax County,38.83469,-77.27622,second-order administrative division,Virginia,Fairfax County,United States,GMU,State,,,,,,14
comment,2020-07-01,1,It took an hour 45 with like half of that journey just trying to get down to I-95 because I’m in Gainesville.,2020-07,Foglietta Plaza,39.94478,-75.14307,park,Pennsylvania,Philadelphia County,United States,GMU,Neighborhood,,,,,,1
comment,2020-07-01,1,It took an hour 45 with like half of that journey just trying to get down to I-95 because I’m in Gainesville.,2020-07,Gainesville,29.65163,-82.32483,seat of a second-order administrative division,Florida,Alachua County,United States,GMU,City,,,,,,1
comment,2018-10-31,3,"I was walking from fenwick to engineering and when I saw the crowd I was like here we go again and when I got closer I heard Stevie wonder playing and I stayed for a while, really admire what you do and I respect that.",2018-10,Fenwick,53.63868,-1.0976,seat of a third-order administrative division,England,Doncaster,United Kingdom,GMU,City,,,,,,13
comment,2018-10-31,3,"I was walking from fenwick to engineering and when I saw the crowd I was like here we go again and when I got closer I heard Stevie wonder playing and I stayed for a while, really admire what you do and I respect that.",2018-10,Engineering,29.98671,31.43876,library,Cairo,,Egypt,GMU,Building,,,,,,1
comment,2018-10-31,2,I went to oakton too!,2018-10,Oakton,42.0267,-87.67117,populated place,Illinois,Cook County,United States,GMU,City,,,,,,4
comment,2018-10-30,10,"Saket, I think u went to Oakton right?",2018-10,Oakton,42.0267,-87.67117,populated place,Illinois,Cook County,United States,GMU,City,,,,,,4
comment,2018-10-31,10,Y’all went to Oakton?,2018-10,Oakton,42.0267,-87.67117,populated place,Illinois,Cook County,United States,GMU,City,,,,,,4
comment,2018-10-31,10,"Shit, I went to Oakton",2018-10,Oakton,42.0267,-87.67117,populated place,Illinois,Cook County,United States,GMU,City,,,,,,4
comment,2025-06-23,46,"(a)  
No dog shall run unrestricted, as defined in Section 41.1-1-1, in the County.",2025-06,Kilcoo River,54.4067,-8.09783,stream,,,United Kingdom,GMU,Natural Feature,,,,,,1
comment,2025-06-23,46,"This Section shall not apply to any person who uses a dog under his direct supervision while lawfully hunting, while engaged in a supervised formal obedience training class or show, during formally sanctioned field trials, while a dog is in an area owned, leased, controlled, or operated by Fairfax County designated by resolution of the Board of Supervisors as an off-leash dog exercise area, or while a dog is in an area owned, leased, controlled, or operated by the Fairfax County Park Authority and designated by resolution of the Fairfax County Park Authority as an off-leash or dog exercise area, or while a dog is in an area, leased, controlled, or operated by the Northern Virginia Regional Park Authority and designated by resolution of the Northern Virginia Regional Park Authority Board as an off-leash or dog exercise area, or if a dog is a service animal whose handler is unable because of a disability to use a harness, leash, or other tether, or the use of a harness, leash, or other tether would interfere with the service animal's safe effective performance of work or tasks, in which case the service animal must be other wise under the handler's control (e.g., voice control, signals, or other effective means).",2025-06,Fairfax County,38.83469,-77.27622,second-order administrative division,Virginia,Fairfax County,United States,GMU,State,,,,,,14
comment,2025-06-23,21,The most important point is probably that Fairfax county has a leash law…,2025-06,Fairfax County,38.83469,-77.27622,second-order administrative division,Virginia,Fairfax County,United States,GMU,State,,,,,,14
comment,2024-10-16,5,I live in Springfield and we have several that frequent our neighborhood!,2024-10,Springfield,37.21533,-93.29824,seat of a second-order administrative division,Missouri,Greene County,United States,GMU,City,,,,,,1
comment,2024-10-17,1,I nearly ran past a fox this morning near exploratory.,2024-10,Miles Exploratory Learning Center,32.22101,-110.95023,school,Arizona,Pima County,United States,GMU,Building,,,,,,2
comment,2022-12-09,4,Typical average night in Ohio,2022-12,Ohio,40.25034,-83.00018,first-order administrative division,Ohio,,United States,GMU,State,,,,,,4
comment,2022-11-21,3,"All the ones owned by Sodexo are Einstein, Steak and shake, blaze, akeno, express, one stop, dunkin, chik-fil-a, and both starbucks and ofc the dining halls :/ which really only leaves Chipotle and Panda Express, manhattan pizza, panera unfortunately.",2022-11,New York City,40.71427,-74.00597,populated place,New York,,United States,GMU,City,,,,,,6
comment,2022-11-21,5,"It's easy to say ""Well since nobody is gonna do it then I guess it's not worth the effort to not go to Sodexo places.""",2022-11,Residence Sodexo,31.67932,6.07283,hotel,Ouargla,Hassi Messaoud,Algeria,GMU,Building,,,,,,1
comment,2022-11-21,5,"I'm glad to hear that, at least by the information you stated, the places I already frequent (which isn't The Globe because fuuuuUCK South Side) are not owned by Sodexo.",2022-11,South Side,18.44095,-64.74733,populated locality,,,British Virgin Islands,GMU,City,,,,,,1
comment,2020-11-03,5,"Pretty sure that's voter intimidation and illegal in va, someone posted in /r/Virginia a factsheet from Georgetown law and it'd probably fall under harassment if they are loitering and spitting at ppl",2020-11,Virginia,37.54812,-77.44675,first-order administrative division,Virginia,,United States,GMU,State,,,,,,45
comment,2020-11-03,5,"Pretty sure that's voter intimidation and illegal in va, someone posted in /r/Virginia a factsheet from Georgetown law and it'd probably fall under harassment if they are loitering and spitting at ppl",2020-11,Virginia,37.54812,-77.44675,first-order administrative division,Virginia,,United States,GMU,State,,,,,,45
post,2020-03-11,178,When every school surrounding Mason starts to close down.,2020-03,Mason County,43.95625,-86.42258,second-order administrative division,Michigan,Mason County,United States,GMU,State,,,,,,28
post,2021-03-22,171,Southside had an eventful day yesterday,2021-03,Southside,39.78121,-76.39468,populated place,Pennsylvania,York County,United States,GMU,City,,,,,,27
comment,2020-10-24,11,I think they’ve might’ve spread all of these hateful messages across campus (there’s one that’s super blurred out by Southside that we think says mason say no to gayzzz?),2020-10,Southside,39.78121,-76.39468,populated place,Pennsylvania,York County,United States,GMU,City,,,,,,27
comment,2020-10-24,6,Yeah there’s so many by Southside and they’re so blurred that I didn’t see that one!,2020-10,Southside,39.78121,-76.39468,populated place,Pennsylvania,York County,United States,GMU,City,,,,,,27
comment,2019-12-06,11,Never knew we had such savages at Mason.,2019-12,Mason County,43.95625,-86.42258,second-order administrative division,Michigan,Mason County,United States,GMU,State,,,,,,28
comment,2020-08-25,4,Now it’s a hike for me to get food since Globe is closed and the limited options are shit and I don’t have a kitchen.,2020-08,Globe,41.59754,-87.55949,populated place,Illinois,Cook County,United States,GMU,City,,,,,,1
comment,2020-08-25,6,Dear God traditional UK food is so unappetizing,2020-08,United Kingdom of Great Britain and Northern Ireland,54.75844,-2.69531,independent political entity,,,United Kingdom,GMU,Country,,,,,,3
comment,2020-08-25,8,"To be fair this isn't really traditional UK food, it's food the Victorian government tried to popularize to keep the lower classes (and ""invalids"" as the cookbook comes from calls them) from starving or to save money.",2020-08,United Kingdom of Great Britain and Northern Ireland,54.75844,-2.69531,independent political entity,,,United Kingdom,GMU,Country,,,,,,3
comment,2020-08-25,8,I dont think people in the UK go out to a fancy traditional restaurant and get themselves some toast sandwiches.,2020-08,United Kingdom of Great Britain and Northern Ireland,54.75844,-2.69531,independent political entity,,,United Kingdom,GMU,Country,,,,,,3
comment,2020-06-07,12,Fortunately my parents live relatively close to GMU I just didnt want to drive everyday so I just went home a lot.,2020-06,Greenville Downtown Airport,34.85031,-82.3509,airport,South Carolina,Greenville County,United States,GMU,Building,,,,,,11
comment,2020-07-18,1,They done with construction on Robinson yet?,2020-07,Robinson,45.68683,-116.36014,,Idaho,Idaho County,United States,GMU,,,,,,,1
comment,2020-07-17,8,"A few years ago, I darn near walked INTO one on the sidewalk between Sub 2 and Planetary.",2020-07,Casilla 2 - Sub Urbano,-25.15582,-55.50641,third-order administrative division,Caaguazú Department,Raul Arsenio Oviedo,Paraguay,GMU,City,,,,,,1
comment,2020-07-17,8,"A few years ago, I darn near walked INTO one on the sidewalk between Sub 2 and Planetary.",2020-07,Mannheim Planetary,49.47728,8.49287,building(s),Baden-Wurttemberg,Karlsruhe Region,Germany,GMU,Building,,,,,,5
comment,2026-01-28,2,also just had to walk in a layer of snow to the JC from exploratory,2026-01,Hakuibungijeom,37.38724,127.00144,road junction,Gyeonggi-do,Uiwang-si,South Korea,GMU,Road,,,,,,1
comment,2026-01-28,7,Bro is part of the 300k family household income for detached houses in Fairfax County.,2026-01,Fairfax County,38.83469,-77.27622,second-order administrative division,Virginia,Fairfax County,United States,GMU,State,,,,,,14
comment,2020-10-21,35,They're secretly keeping captive space aliens in Eagle Bank and they need to extract them to Area 51 without anyone getting suspicious.,2020-10,Eagle Bank,-30.25118,139.91602,stream bank,South Australia,,Australia,GMU,Natural Feature,,,,,,8
comment,2020-10-21,35,They're secretly keeping captive space aliens in Eagle Bank and they need to extract them to Area 51 without anyone getting suspicious.,2020-10,Air Force Flight Test Center,37.24041,-115.8186,airbase,Nevada,Lincoln County,United States,GMU,Building,,,,,,1
comment,2020-10-21,27,"Maybe USAMRIID (United States Army Medical Research Institute of Infectious Diseases) or the Chemical Biological Incident Response Force (Marines), both based somewhat nearby in MD, are involved in the drill?",2020-10,United States,39.76,-98.5,independent political entity,,,United States,GMU,Country,,,,,,41
comment,2020-10-21,27,"Maybe USAMRIID (United States Army Medical Research Institute of Infectious Diseases) or the Chemical Biological Incident Response Force (Marines), both based somewhat nearby in MD, are involved in the drill?",2020-10,Maryland,39.00039,-76.74997,first-order administrative division,Maryland,,United States,GMU,State,,,,,,8
comment,2020-10-21,10,alright which of you fuckers let out the xenomorph we had caged up in innovation hall,2020-10,Innovation Hall,38.82833,-77.30778,building(s),Virginia,City of Fairfax,United States,GMU,Building,,,,,,3
comment,2020-08-14,48,gmu where the construction don’t stop,2020-08,Gauriyamau,26.75703,81.79366,railroad station,Uttar Pradesh,Ayodhya,India,GMU,Road,,,,,,9
comment,2020-08-14,10,We are working on new signage for all of Mason.,2020-08,Mason County,43.95625,-86.42258,second-order administrative division,Michigan,Mason County,United States,GMU,State,,,,,,28
comment,2023-11-05,44,The most exciting night at Mason caught on video,2023-11,Mason County,43.95625,-86.42258,second-order administrative division,Michigan,Mason County,United States,GMU,State,,,,,,28
post,2021-01-23,171,Unpleasant surprise returning to dorm after winter break I currently live in Liberty Square.,2021-01,Liberty Square,41.43982,-72.01508,park,Connecticut,Southeastern Connecticut Planning Region,United States,GMU,Neighborhood,,,,,,3
comment,2021-01-24,12,"the last day to be in the temporary space was the 19th, and i can confirm that liberty square was a building used for temporary housing.",2021-01,Liberty Square,41.43982,-72.01508,park,Connecticut,Southeastern Connecticut Planning Region,United States,GMU,Neighborhood,,,,,,3
comment,2021-01-24,6,I'm housing staff in Liberty Square actually!,2021-01,Liberty Square,41.43982,-72.01508,park,Connecticut,Southeastern Connecticut Planning Region,United States,GMU,Neighborhood,,,,,,3
comment,2021-01-24,3,"This reminds me of some experiences that occur in military barracks, but the BEQ resident's chain of command is able to step in if the housing manager doesn't take action.",2021-01,Honington Royal Air Force Base,52.34261,0.77294,airbase,England,Suffolk,United Kingdom,GMU,Building,,,,,,1
comment,2021-01-26,1,Junior year I was in potomac heights.,2021-01,Potomac,40.15285,-80.52924,populated place,West Virginia,Ohio County,United States,GMU,City,,,,,,2
post,2020-02-27,172,"To the girls who I ran into on my way to Southside yesterday I’d been having a rough couple of days, so for you to take the time to stop and tell me that I smell really nice was the highlight of my day.",2020-02,Southside,39.78121,-76.39468,populated place,Pennsylvania,York County,United States,GMU,City,,,,,,27
comment,2019-01-19,8,"“Fairfax campus has more than enough spaces to accommodate all vehicles”^^^*

^^*^^between ^^10pm ^^and ^^5am ^^and ^^^on ^^^weekends",2019-01,Fairfax,38.84622,-77.30637,seat of a second-order administrative division,Virginia,City of Fairfax,United States,GMU,City,,,,,,20
comment,2019-01-18,11,West Campus has filled out quite a bit compared to the previous semester from my experience,2019-01,West Campus,34.67943,-82.8396,building(s),South Carolina,Pickens County,United States,GMU,Building,,,,,,5
comment,2019-01-18,11,In the back near the Mason shuttle bus stop.,2019-01,Mason County,38.59517,-83.82425,second-order administrative division,Kentucky,Mason County,United States,GMU,State,,,,,,1
comment,2019-01-19,5,It's free to park at the Burke station garage and take the shuttle in.,2019-01,Burke,38.10731,-83.03989,populated place,Kentucky,Elliott County,United States,GMU,City,,,,,,1
comment,2024-12-14,1,CONGRATS TO US,2024-12,United States,39.76,-98.5,independent political entity,,,United States,GMU,Country,,,,,,41
comment,2020-09-06,1,"This is what bothers me about students in America, you have to remember that YOU are paying them, not the country.",2020-09,United States,39.76,-98.5,independent political entity,,,United States,GMU,Country,,,,,,41
post,2019-09-23,167,"Dm me If you go to Mason and don’t have a meal plan or access to food, DM me and I’ll hook you up with a box of ramen, a loaf of bread, peanut butter, and jelly.",2019-09,Mason,42.5792,-84.44358,populated place,Michigan,Ingham County,United States,GMU,City,,,,,,2
comment,2026-03-22,31,"I used to work with the Observatory, it is a inflatable planetarium we use for some of events.",2026-03,Observatory,40.59529,-98.36923,,Nebraska,Adams County,United States,GMU,,,,,,,6
comment,2024-09-24,28,I hate USA bathrooms in general.,2024-09,United States,39.76,-98.5,independent political entity,,,United States,GMU,Country,,,,,,41
comment,2024-01-16,7,Roads were all clear from Gainseville to Fairfax campus,2024-01,Fairfax County,38.83469,-77.27622,second-order administrative division,Virginia,Fairfax County,United States,GMU,State,,,,,,14
comment,2020-08-17,4,I lived in Hampton Roads my second year.,2020-08,Hampton Roads,36.97515,-76.34967,harbor(s),Virginia,City of Hampton,United States,GMU,Road,,,,,,3
comment,2020-04-06,2,Smh I was living in the bathroom on the bottom floor of Peterson Hall.,2020-04,Peterson Hall,42.2425,-97.01421,building(s),Nebraska,Wayne County,United States,GMU,Building,,,,,,1
comment,2020-04-06,29,Pretty confident someone in Mason police simply saw the vid here and went investigating.,2020-04,Mason County,43.95625,-86.42258,second-order administrative division,Michigan,Mason County,United States,GMU,State,,,,,,28
comment,2025-04-17,109,"Also, these morons have been in the NOVA area for as long as I can remember.",2025-04,Nova,39.73176,-77.81944,populated place,Pennsylvania,Franklin County,United States,GMU,City,,,,,,5
comment,2025-04-17,3,Short older asian lady near the top of the little hill to the right of the parking lot and left of innovation hall.,2025-04,Innovation Hall,38.82833,-77.30778,building(s),Virginia,City of Fairfax,United States,GMU,Building,,,,,,3
comment,2025-04-17,4,There was a time in my country that a cult rooted from South Korea infiltrated.,2025-04,Republic of Korea,36.5,127.75,independent political entity,,,South Korea,GMU,Country,,,,,,2
comment,2025-07-01,1,"If they're from the world mission society church of god, that was founded in korea in 1964.",2025-07,Republic of Korea,36.5,127.75,independent political entity,,,South Korea,GMU,Country,,,,,,2
post,2021-01-31,165,His name is Greg and he's sitting behind Blue Ridge and Sandbridge,2021-01,Blue Ridge,41.3459,-79.10587,ridge(s),Pennsylvania,Forest County,United States,GMU,,,,,,,1
post,2021-01-31,165,His name is Greg and he's sitting behind Blue Ridge and Sandbridge,2021-01,Sandbridge Beach,36.74598,-75.94409,populated place,Virginia,City of Virginia Beach,United States,GMU,City,,,,,,2
comment,2020-03-13,12,I was waiting for China to destroy my AirPods.,2020-03,People’s Republic of China,35.0,105.0,independent political entity,,,China,GMU,Country,,,,,,1
comment,2020-03-15,1,"Me: *currently working at the ATL airport*  We're fucked, oh we're so very fucked, oh so very fucked, oh so very FUCKED!",2020-03,Atlanta,33.749,-84.38798,seat of a first-order administrative division,Georgia,Fulton County,United States,GMU,City,,,,,,1
post,2020-02-18,169,I went to southside and an employee was saying stuff in a rude tone to people in front of me.,2020-02,Southside,39.78121,-76.39468,populated place,Pennsylvania,York County,United States,GMU,City,,,,,,27
comment,2020-02-18,13,I’m fairly fair in complexion tbh and speak Urdu/Hindi; the main language of Pakistan/India.,2020-02,Islamic Republic of Pakistan,30.0,70.0,independent political entity,,,Pakistan,GMU,Country,,,,,,1
post,2020-08-02,164,"PSA to off-campus students: DO NOT LIVE AT TRILLIUM APARTMENTS IN FAIRFAX, VA.",2020-08,Fairfax,38.84622,-77.30637,seat of a second-order administrative division,Virginia,City of Fairfax,United States,GMU,City,,,,,,20
post,2020-08-02,164,"PSA to off-campus students: DO NOT LIVE AT TRILLIUM APARTMENTS IN FAIRFAX, VA.",2020-08,Virginia,37.54812,-77.44675,first-order administrative division,Virginia,,United States,GMU,State,,,,,,45
comment,2020-08-02,10,Fairfax Square apartments on main street are good for students!,2020-08,Fairfax Square Shopping Center,38.844,-77.2886,mall,Virginia,Fairfax County,United States,GMU,Building,,,,,,2
comment,2020-08-02,3,I almost moved in there before eyeing Fairfax Square and watching their rent rates tank because of COVID.,2020-08,Fairfax Square Shopping Center,38.844,-77.2886,mall,Virginia,Fairfax County,United States,GMU,Building,,,,,,2
comment,2020-08-02,2,"If you are having issues with your rental,  contact Fairfax County [Consumer Services Division](https://www.fairfaxcounty.gov/cableconsumer/csd/what-tenants-and-landlords-need-to-know)",2020-08,Fairfax County,38.83469,-77.27622,second-order administrative division,Virginia,Fairfax County,United States,GMU,State,,,,,,14
comment,2020-08-03,2,"A bit drab and dated, there are stains, the entrance road is Baghdad-level, and I'm sure there are far better places for the money, but I didn't notice anything outrageously bad in the living situation.",2020-08,Baghdad,33.34058,44.40088,capital of a political entity,Baghdad,Al Rusafa,Iraq,GMU,City,,,,,,1
comment,2020-08-03,2,"Then again, I'm from King George, so I might have just been too dazzled by the concept of urban living with amenities to notice that this isn't a great example of it.",2020-08,Owens,38.33874,-77.08636,populated place,Virginia,King George County,United States,GMU,City,,,,,,1
comment,2020-08-03,2,"I'm going to live on-campus at Mason, but I'll still be visiting and working with my friends in Trillium since most of my classes are online, so I'll probably get more familiar with it.",2020-08,Trillium Academy,42.2088,-83.2544,school,Michigan,Wayne County,United States,GMU,Building,,,,,,1
comment,2020-08-02,1,"I'm not trained lawyer, but I'm pretty sure Virginia's leading laws have the typical requirements for landlords",2020-08,Virginia,37.54812,-77.44675,first-order administrative division,Virginia,,United States,GMU,State,,,,,,45
comment,2020-08-02,7,VA Attorney General is currently going after them for just that lol.,2020-08,Virginia,37.54812,-77.44675,first-order administrative division,Virginia,,United States,GMU,State,,,,,,45
comment,2020-08-02,3,All Virginia property rentals follow the same laws; you sign a lease and if you want to move early you are required to pay the remainder of the lease until the rental company finds a new tenant.,2020-08,Virginia,37.54812,-77.44675,first-order administrative division,Virginia,,United States,GMU,State,,,,,,45
comment,2020-08-02,3,I lived at Camden for 2 years.,2020-08,Refuge Camp,30.99412,-81.77011,camp(s),Georgia,Camden County,United States,GMU,Building,,,,,,1
comment,2020-08-02,4,idk how more mason students aren’t filling all their spaces in the Monument Place and Fair Lakes locations.,2020-08,Gayarre Place Monument,29.97354,-90.07452,park,Louisiana,Orleans Parish,United States,GMU,Neighborhood,,,,,,1
comment,2020-08-02,4,idk how more mason students aren’t filling all their spaces in the Monument Place and Fair Lakes locations.,2020-08,Hyatt Fair Lakes,38.8588,-77.3867,hotel,Virginia,,United States,GMU,Building,,,,,,2
post,2020-07-27,167,Mason Logo Added to the New Water Tower (Fairfax Campus),2020-07,Fairfax Learning Center,39.14029,-94.63265,school,Kansas,Wyandotte County,United States,GMU,Building,,,,,,2
post,2018-10-31,168,When you have to tyrannize Tokyo at 4 but got Chem at 5,2018-10,Tokyo,35.6895,139.69171,capital of a political entity,Tokyo,,Japan,GMU,City,,,,,,1
comment,2025-12-10,1,It's really cool  seeing  stars   and planets  that are millions of miles away from Earth,2025-12,Earth,0.0,0.0,area,,,,GMU,Building,,,,,,4
comment,2025-12-09,9,My 10” dob can barely see the ring nebula out in Winchester but idk how size would negate ffx being Bortle 7 if at all,2025-12,Winchester,51.06513,-1.3187,seat of a second-order administrative division,England,Hampshire,United Kingdom,GMU,City,,,,,,1
comment,2025-02-13,10,"southside only had one station i could eat at, and it was the catch all allergen station so the food had nothing.",2025-02,Southside,39.78121,-76.39468,populated place,Pennsylvania,York County,United States,GMU,City,,,,,,27
comment,2025-02-13,4,i love when i plan my meals and then southside has to fuck with me by not having any of what’s listed,2025-02,Southside,39.78121,-76.39468,populated place,Pennsylvania,York County,United States,GMU,City,,,,,,27
comment,2025-02-13,3,yeah i straight up hate Southside with a burning passion.,2025-02,Southside,39.78121,-76.39468,populated place,Pennsylvania,York County,United States,GMU,City,,,,,,27
comment,2025-02-13,3,I dream everyday that Southside might actually just stop functioning or some shit,2025-02,Southside,39.78121,-76.39468,populated place,Pennsylvania,York County,United States,GMU,City,,,,,,27
comment,2024-12-29,28,"They actually wouldn’t be too surprised once they learned what sort of information is on phone these days, on old pictures of the New York subway you can see commuters nose deep into the newspaper.",2024-12,New York City,40.71427,-74.00597,populated place,New York,,United States,GMU,City,,,,,,6
comment,2018-11-07,10,"according to the actual construction schedule, demolition of Robinson A was supposed to be done over the summer.",2018-11,Robinson Hall A,38.83139,-77.30806,building(s),Virginia,City of Fairfax,United States,GMU,Building,,,,,,2
comment,2018-11-07,11,"Actually, Robinson A had asbestos in the ceiling tiles, so it had to come down.",2018-11,Robinson Hall A,38.83139,-77.30806,building(s),Virginia,City of Fairfax,United States,GMU,Building,,,,,,2
