type,date,score,sentences,year_month,place,latitude,longitude,feature_type,admin1_name,admin2_name,country_name,school
post,2025-04-07,2339,Dunno why you would take her to TOTS in the first place.,2025-04,Tots Park,38.78956,-76.07355,park,Maryland,Talbot County,United States,VirginiaTech
comment,2025-04-07,9,"Rail and a Rail, best combo in Blacksburg",2025-04,Blacksburg,37.81874,-79.3192,populated place,Virginia,Rockbridge County,United States,VirginiaTech
comment,2025-04-09,1,Virginia is for mother-fuckers,2025-04,Virginia,37.54812,-77.44675,first-order administrative division,Virginia,,United States,VirginiaTech
comment,2024-04-04,217,"20 years ago no one outside of serious drug nerds knew about the properties of ibogaine, a hallucinogenic shrub from Africa that causes a grueling 36 hour 'trip' which has long been alleged to be the magic bullet for curing opiate addiction.",2024-04,Africa,7.1881,21.09375,continent,,,,VirginiaTech
comment,2024-04-04,33,"Damn, now where am I suppose to get shrooms and mdma , kingpin of Blacksburg taken out.",2024-04,Blacksburg,37.22957,-80.41394,populated place,Virginia,Montgomery County,United States,VirginiaTech
comment,2024-04-04,32,Driving for BT my coworker had the Terrace View loop and they got rerouted.,2024-04,Terrace View,-44.32835,171.00009,farmstead,Canterbury,Timaru District,New Zealand,VirginiaTech
comment,2024-04-04,32,"I could not help but feel it was overkill, even for the bored cops in a town like blacksburg.",2024-04,Blacksburg,35.12124,-81.51592,populated place,South Carolina,Cherokee County,United States,VirginiaTech
comment,2024-04-04,32,he was always a super cool dude to people and had surprisingly quality glass for a hole in the wall shop on Main,2024-04,Main,14.32308,121.0956,street,Calabarzon,Province of Laguna,Philippines,VirginiaTech
comment,2024-04-04,30,"it was on campus btw, in payne hall",2024-04,Payne Hall,46.56139,-87.40861,building(s),Michigan,Marquette County,United States,VirginiaTech
post,2025-03-04,1583,I built Burruss Hall in Minecraft!,2025-03,Burruss Hall,38.43944,-78.87222,building(s),Virginia,City of Harrisonburg,United States,VirginiaTech
comment,2025-03-04,1,it looks like the white house ngl.,2025-03,The White House,38.89761,-77.03637,building(s),District of Columbia,,United States,VirginiaTech
comment,2025-03-04,6,"That's a bummer, I kinda liked how it let off-campus people see Burrus up close as part of their routine, best building on campus",2025-03,Burrus School,29.81717,-95.39022,school,Texas,Harris County,United States,VirginiaTech
comment,2025-03-04,6,They built a transit hub just north of Whittemore and now all the busses to campus stop there.,2025-03,Wetmore Run,41.71201,-77.69304,stream,Pennsylvania,Potter County,United States,VirginiaTech
comment,2024-09-05,22,"Downloading materials from mentioned websites are still unethical even though it's expensive AF for you, who told you to come to the US to get your education?",2024-09,United States,39.76,-98.5,independent political entity,,,United States,VirginiaTech
comment,2018-11-24,6,"I wish I could go back to 2003 and talk to 17 yo me as I snuck out of Scott stadium in shame with a friend and we had a long quiet drive back to Blacksburg: this was the price we had to pay, it will all be worth it.",2018-11,Scott Stadium,38.03097,-78.51335,stadium,Virginia,City of Charlottesville,United States,VirginiaTech
comment,2018-11-24,6,"I wish I could go back to 2003 and talk to 17 yo me as I snuck out of Scott stadium in shame with a friend and we had a long quiet drive back to Blacksburg: this was the price we had to pay, it will all be worth it.",2018-11,Blacksburg,35.12124,-81.51592,populated place,South Carolina,Cherokee County,United States,VirginiaTech
comment,2018-11-28,2,Think you're spot on regarding VT being unique and standing on it's own.,2018-11,Vermont,44.00034,-72.74983,first-order administrative division,Vermont,,United States,VirginiaTech
comment,2018-11-28,2,"The New River, Main Street, the sunsets over the mountains, etc.",2018-11,New River,18.11906,-76.88677,stream,,,Jamaica,VirginiaTech
comment,2018-11-28,2,"The New River, Main Street, the sunsets over the mountains, etc.",2018-11,Main Street,41.99305,-70.72949,street,Massachusetts,Plymouth County,United States,VirginiaTech
comment,2024-03-19,2,I was teaching in McBryde Hall when the shooting took place.,2024-03,McBryde Hall,37.23041,-80.422,building(s),Virginia,Montgomery County,United States,VirginiaTech
comment,2024-03-19,2,"That guy went to Westfield high school, the Va Tech shooter.",2024-03,Westfield,37.29208,-80.0756,populated place,Virginia,City of Salem,United States,VirginiaTech
comment,2024-03-19,1,the virginia tech shooting was 17 years ago ?,2024-03,Virginia,37.54812,-77.44675,first-order administrative division,Virginia,,United States,VirginiaTech
comment,2024-03-18,38,Hopefully you didn't have the pleasant experience of reporters wanting to get your opinion when you just wanted to go to west end for food.,2024-03,West End,38.90706,-77.0497,populated place,District of Columbia,,United States,VirginiaTech
comment,2024-03-19,10,I was a student and working in the 2nd floor of Norris Hall at the time.,2024-03,Norris Hall,34.68038,-82.83903,building(s),South Carolina,Pickens County,United States,VirginiaTech
comment,2024-03-18,18,Was living in WAJ and felt so awful for just wanting to have food… and my walk to West End was so eerie.,2024-03,Wawoi Falls,-6.95,142.65,airport,Western Province,,Papua New Guinea,VirginiaTech
comment,2024-03-18,18,Was living in WAJ and felt so awful for just wanting to have food… and my walk to West End was so eerie.,2024-03,West End,53.61115,-1.36452,section of populated place,England,City and Borough of Wakefield,United Kingdom,VirginiaTech
comment,2024-03-19,4,"I remember sitting in the big lecture hall in Squires when the police came in and told us to stay in place, then a few minutes later they came back in and told us to evacuate.",2024-03,Squires,42.17169,-88.09119,section of populated place,Illinois,Lake County,United States,VirginiaTech
comment,2024-03-19,3,"Yeah he went to Westfield in Chantilly, VA.",2024-03,Westfield,36.60344,-82.21263,section of populated place,Virginia,City of Bristol,United States,VirginiaTech
comment,2024-03-19,3,"Yeah he went to Westfield in Chantilly, VA.",2024-03,Chantilly,38.89428,-77.4311,populated place,Virginia,Fairfax County,United States,VirginiaTech
comment,2024-03-19,3,"Yeah he went to Westfield in Chantilly, VA.",2024-03,Virginia,37.54812,-77.44675,first-order administrative division,Virginia,,United States,VirginiaTech
comment,2024-03-19,2,"That said, I only saw the Torg bomb threat, not the Norris Hall one, so maybe he shifted his handwriting style.",2024-03,Norris Hall,34.68038,-82.83903,building(s),South Carolina,Pickens County,United States,VirginiaTech
comment,2024-03-19,2,It was a convict who shot a cop at a hospital and they thought was hiding in Squires.,2024-03,Squires,42.17169,-88.09119,section of populated place,Illinois,Lake County,United States,VirginiaTech
comment,2024-02-19,35,Doesn't the Huckleberry trail connect the mall and where his apartment is over in Merrimac?,2024-02,Merrimac,42.83065,-71.00228,populated place,Massachusetts,Essex County,United States,VirginiaTech
comment,2024-02-21,22,"In regards to Jonathan ""Johnny"" Roop, investigators are continuing to pursue every lead; however, the preliminary investigation leads us to believe that he left the area of Montgomery County on his own Friday afternoon.",2024-02,Montgomery County,32.17336,-82.53482,second-order administrative division,Georgia,Montgomery County,United States,VirginiaTech
comment,2024-02-21,22,Based upon information received it is believed that he most likely traveled toward SW Virginia or Tennessee.,2024-02,Tennessee,35.75035,-86.25027,first-order administrative division,Tennessee,,United States,VirginiaTech
comment,2024-02-21,22,Investigators have been able to access video surveillance footage from local businesses/financial institutions and Mr. Roop was observed in the Christiansburg area of Montgomery County until around 3:30pm on Friday.,2024-02,Christiansburg,37.12985,-80.40894,seat of a second-order administrative division,Virginia,Montgomery County,United States,VirginiaTech
comment,2024-02-21,22,Investigators have been able to access video surveillance footage from local businesses/financial institutions and Mr. Roop was observed in the Christiansburg area of Montgomery County until around 3:30pm on Friday.,2024-02,Montgomery County,32.17336,-82.53482,second-order administrative division,Georgia,Montgomery County,United States,VirginiaTech
comment,2024-02-20,11,"They spotted him at a local business with surveillance footage, and believe he left the Christiansburg area around 3:30",2024-02,Christiansburg,40.05533,-84.02605,populated place,Ohio,Champaign County,United States,VirginiaTech
comment,2024-02-22,6,"His sister commented an hour ago in another thread that he was spotted at a Starbuck’s in Poplar, Missouri.",2024-02,Poplar,48.10696,-105.19776,,Montana,Roosevelt County,United States,VirginiaTech
comment,2024-02-22,6,"His sister commented an hour ago in another thread that he was spotted at a Starbuck’s in Poplar, Missouri.",2024-02,Missouri,38.25031,-92.50046,first-order administrative division,Missouri,,United States,VirginiaTech
comment,2024-02-22,2,"The most recent update I’ve seen is from today as follows:

Update: Johnny was spotted in a Starbucks in Poplar Buff Missouri.",2024-02,Missouri,38.25031,-92.50046,first-order administrative division,Missouri,,United States,VirginiaTech
comment,2024-02-19,4,"I will add on to this, he lived pretty close to cburg, so he would’ve left earlier but he hung around.",2024-02,Salzburg,47.41667,13.25,first-order administrative division,State of Salzburg,,Austria,VirginiaTech
comment,2024-02-19,38,"One comment on facebook (not the post you linked) noted that given that his phone pinged near the NRV mall at 4:26 pm and he was traveling to Abingdon to take an online exam by 5 pm, there would be no way he would get there on time.",2024-02,Nariyar,26.24038,85.21764,railroad station,Bihar,Muzaffarpur,India,VirginiaTech
comment,2024-02-19,38,"One comment on facebook (not the post you linked) noted that given that his phone pinged near the NRV mall at 4:26 pm and he was traveling to Abingdon to take an online exam by 5 pm, there would be no way he would get there on time.",2024-02,Abingdon,51.67109,-1.28278,populated place,England,Oxfordshire,United Kingdom,VirginiaTech
comment,2024-02-22,1,He was recorded in security camera at bank in Christiansburg at 3:30pm on Friday.,2024-02,Christiansborg Castle,55.67594,12.57952,castle,Capital Region,København,Denmark,VirginiaTech
comment,2024-02-19,-53,When I was an undergrad back in 1998 a grad-student vanished from VT after telling his roommates and several friends he was headed home to his parent's house in West Virginia for the weekend.,2024-02,West Virginia,38.50038,-80.50009,first-order administrative division,West Virginia,,United States,VirginiaTech
comment,2024-02-19,-53,His car was found abandoned along the route he would have taken home in Fayetteville West Virginia about a mile from New River Gorge Bridge.,2024-02,Fayetteville,38.05289,-81.10399,seat of a second-order administrative division,West Virginia,Fayette County,United States,VirginiaTech
comment,2024-02-19,-53,His car was found abandoned along the route he would have taken home in Fayetteville West Virginia about a mile from New River Gorge Bridge.,2024-02,West Virginia,38.50038,-80.50009,first-order administrative division,West Virginia,,United States,VirginiaTech
comment,2024-02-19,-53,His car was found abandoned along the route he would have taken home in Fayetteville West Virginia about a mile from New River Gorge Bridge.,2024-02,New River Gorge Bridge,38.06872,-81.0826,bridge,West Virginia,Fayette County,United States,VirginiaTech
comment,2024-02-19,-53,The whole area around the bridge and up and down the New River was heavily searched at the time but he wasn't found until 18 years later when workmen were clearing brush around the base of the bridge.,2024-02,New River,18.11906,-76.88677,stream,,,Jamaica,VirginiaTech
comment,2024-02-21,1,They have posted a security camera pic of him at the bank in Christiansburg around 3:30pm on that Friday.,2024-02,Christiansborg Castle,55.67594,12.57952,castle,Capital Region,København,Denmark,VirginiaTech
comment,2024-02-19,-19,Another kid JUST did this in Rochester ny.,2024-02,Rochester,43.15478,-77.61556,seat of a second-order administrative division,New York,Monroe County,United States,VirginiaTech
comment,2020-08-19,15,Blacksburg is too nice of a town to be treated like a wastebasket.,2020-08,Blacksburg,37.81874,-79.3192,populated place,Virginia,Rockbridge County,United States,VirginiaTech
comment,2021-02-25,38,"Ever, like at home, or in Blacksburg?",2021-02,Blacksburg,35.12124,-81.51592,populated place,South Carolina,Cherokee County,United States,VirginiaTech
comment,2021-02-25,26,"Ever, and in Blacksburg",2021-02,Blacksburg,35.12124,-81.51592,populated place,South Carolina,Cherokee County,United States,VirginiaTech
comment,2021-02-26,3,Around town in Blacksburg HELL NO.,2021-02,Blacksburg,35.12124,-81.51592,populated place,South Carolina,Cherokee County,United States,VirginiaTech
comment,2021-02-26,3,How about at home in Blacksburg with roomies?,2021-02,Blacksburg,37.81874,-79.3192,populated place,Virginia,Rockbridge County,United States,VirginiaTech
comment,2020-05-03,34,I napped on a couch in Squires instead.,2020-05,Squires,42.17169,-88.09119,section of populated place,Illinois,Lake County,United States,VirginiaTech
comment,2020-05-03,34,We ate at D2.,2020-05,Hunebed D2,53.0556,6.44557,tomb(s),Drenthe,Gemeente Noordenveld,The Netherlands,VirginiaTech
comment,2026-04-14,48,Y’all need to take a look at the Virginia flag and find the stones to mean that shit.,2026-04,Virginia,37.54812,-77.44675,first-order administrative division,Virginia,,United States,VirginiaTech
comment,2026-04-14,106,"He has not yet met with his lawyer, and ICE forces have informed him that he will soon be transferred to the detention camp for undocumented immigrants in Louisiana.",2026-04,Louisiana,31.00047,-92.0004,first-order administrative division,Louisiana,,United States,VirginiaTech
comment,2026-04-15,4,"If you say something that undermines US foreign policy, the State Department can yank your visa under this administration.",2026-04,United States,39.76,-98.5,independent political entity,,,United States,VirginiaTech
comment,2026-04-15,4,"to be fair, he is pro-iran regime, the same regime that kills students by the 10s of thousands in iran,",2026-04,Islamic Republic of Iran,32.0,53.0,independent political entity,,,Iran,VirginiaTech
comment,2026-04-14,8,America is a dictatorship.,2026-04,United States,39.76,-98.5,independent political entity,,,United States,VirginiaTech
comment,2026-04-15,3,ICE is cracking down on Iranians living in America with links to terrorists and ranking members of the Iranian regime.,2026-04,United States,39.76,-98.5,independent political entity,,,United States,VirginiaTech
comment,2026-04-15,3,"Americans with family who work for the us gov traveling to Iran and Russia these days would be kidnapped and tortured for weeks if we made the mistake of entering those countries, even for peacefully reasons.",2026-04,United States,39.76,-98.5,independent political entity,,,United States,VirginiaTech
comment,2026-04-15,3,"Americans with family who work for the us gov traveling to Iran and Russia these days would be kidnapped and tortured for weeks if we made the mistake of entering those countries, even for peacefully reasons.",2026-04,Islamic Republic of Iran,32.0,53.0,independent political entity,,,Iran,VirginiaTech
comment,2026-04-15,3,"Americans with family who work for the us gov traveling to Iran and Russia these days would be kidnapped and tortured for weeks if we made the mistake of entering those countries, even for peacefully reasons.",2026-04,Russian Federation,60.0,100.0,independent political entity,,,Russia,VirginiaTech
comment,2026-04-15,3,"My parents are us gov employees with security clearances, and we have family in Russia.",2026-04,Russian Federation,60.0,100.0,independent political entity,,,Russia,VirginiaTech
comment,2026-04-15,3,"I have been told in no uncertain terms by a dhs officer that if I traveled to Russia to visit them I would be pulled into a Russian blacksite and tortured for weeks if I entered the country, for any information that my parents might have through their clearance.",2026-04,Russian Federation,60.0,100.0,independent political entity,,,Russia,VirginiaTech
comment,2026-04-15,3,"Me, im a 22 year old grad student I don’t know or have any state secrets lmfao, but if your parents work for the us gov you will be tortured by the Russians if you go there.",2026-04,United States,39.76,-98.5,independent political entity,,,United States,VirginiaTech
comment,2026-04-15,1,Here in Blacksburg?,2026-04,Blacksburg,35.12124,-81.51592,populated place,South Carolina,Cherokee County,United States,VirginiaTech
comment,2026-04-19,1,He is widely known as a vocal supporter of the Tehran government.,2026-04,Tehran,35.69439,51.42151,capital of a political entity,Tehran,,Iran,VirginiaTech
comment,2026-04-14,-19,"The IRGC is classified as a terrorist organization by the EU and America, and supporting terrorists is an easy way to get your Visa revoked, especially during a time of war.",2026-04,United States,39.76,-98.5,independent political entity,,,United States,VirginiaTech
comment,2026-04-14,-25,"It is a privilege to have a U.S. visa, live, and study in the U.S.",2026-04,United States,39.76,-98.5,independent political entity,,,United States,VirginiaTech
comment,2026-04-14,-25,"It is a privilege to have a U.S. visa, live, and study in the U.S.",2026-04,United States,39.76,-98.5,independent political entity,,,United States,VirginiaTech
comment,2026-04-14,-25,I will never understand the folks that think if they enter Iran right now illegally that they would not be detained; and if they entered legally and then started spouting rhetoric about how great the U.S.A. is that they would not at a minimum get kicked out.,2026-04,Islamic Republic of Iran,32.0,53.0,independent political entity,,,Iran,VirginiaTech
comment,2026-04-14,-25,I will never understand the folks that think if they enter Iran right now illegally that they would not be detained; and if they entered legally and then started spouting rhetoric about how great the U.S.A. is that they would not at a minimum get kicked out.,2026-04,United States,39.76,-98.5,independent political entity,,,United States,VirginiaTech
comment,2026-04-14,-20,He supports the terrorist regime of iran.,2026-04,Islamic Republic of Iran,32.0,53.0,independent political entity,,,Iran,VirginiaTech
comment,2026-04-14,-20,He must not have been in the US at all.,2026-04,United States,39.76,-98.5,independent political entity,,,United States,VirginiaTech
comment,2026-04-14,-3,"He is from Iran, they are most likely detaining anyone from Iran to make sure they are not spying for the terrorist regime.",2026-04,Islamic Republic of Iran,32.0,53.0,independent political entity,,,Iran,VirginiaTech
comment,2026-04-14,-3,"He is from Iran, they are most likely detaining anyone from Iran to make sure they are not spying for the terrorist regime.",2026-04,Islamic Republic of Iran,32.0,53.0,independent political entity,,,Iran,VirginiaTech
comment,2026-04-14,-3,Liberals hate when normal people take every measure to protect America.,2026-04,United States,39.76,-98.5,independent political entity,,,United States,VirginiaTech
comment,2026-04-14,-3,They prefer to root for terrorists and say how awful America is…but they never F’n leave the country.,2026-04,United States,39.76,-98.5,independent political entity,,,United States,VirginiaTech
comment,2026-04-14,-74,But mouthpieces for the Islamic regime that have oppressed Iranians for 47 years have no place in America.,2026-04,United States,39.76,-98.5,independent political entity,,,United States,VirginiaTech
comment,2026-04-15,0,Gestapo doing Gestapo things; didn’t Israel train ICE on their apartheid tactics?,2026-04,State of Israel,31.5,34.75,independent political entity,,,Israel,VirginiaTech
comment,2026-04-16,0,He does not have a place in the U.S. while he is defending radical Islamists and their proxies.,2026-04,United States,39.76,-98.5,independent political entity,,,United States,VirginiaTech
post,2025-11-04,799,"Dr. Matthew McCarthy, DO, on Main Street Won't Write Birth Control Precriptions Anymore Just an FYI to all you Hokies who go here for birth control.",2025-11,Main Street,41.99305,-70.72949,street,Massachusetts,Plymouth County,United States,VirginiaTech
comment,2025-11-06,4,"The first amendment makes it abundantly clear that at the end of the day, the US is a secular nation.",2025-11,United States,39.76,-98.5,independent political entity,,,United States,VirginiaTech
comment,2025-03-26,2,"Good showing, way to go VT.",2025-03,Vermont,44.00034,-72.74983,first-order administrative division,Vermont,,United States,VirginiaTech
comment,2025-03-29,1,"Get over it and perhaps find a reasonably qualified likeable candidate in the next election with an IQ who doesn't push DEI BS and men in women's sports agenda, protests for more war and death in Ukraine, supporting terrorists, and advocates for more waste and abuse in already bloated bureaucracy.",2025-03,Ukraine,49.0,32.0,independent political entity,,,Ukraine,VirginiaTech
comment,2025-03-26,-4,Revoke all tax dollars sent to VT.  Not with my money!,2025-03,Vermont,44.00034,-72.74983,first-order administrative division,Vermont,,United States,VirginiaTech
comment,2025-03-26,1,"It's safer for international students to protest anti-DEI efforts since they won't be at risk of arrest by the ICE and deportation, unlike if they protest for Palestine.",2025-03,Palestine,31.92157,35.20329,semi-independent political entity,,,Palestinian Territory,VirginiaTech
comment,2025-03-25,0,"Protests against the Muslim ban, the VT version of the March for science, the women’s march etc, take back the night, March for our lives, etc, have all been “just one protest for a little over an hour” and we’re still part of those movements.",2025-03,Vermont,44.00034,-72.74983,first-order administrative division,Vermont,,United States,VirginiaTech
comment,2020-03-19,2,You may have seen me fiddle outside of The Cellar in the past.,2020-03,The Cellar or East End Café,18.32578,-64.85282,restaurant,Saint Thomas Island,East End,U.S. Virgin Islands,VirginiaTech
post,2020-10-18,727,"Welcome to Hoki, Tottori prefecture.",2020-10,Kishimoto,35.38333,133.41667,populated place,Tottori,Saihaku-gun,Japan,VirginiaTech
post,2020-10-18,727,"Welcome to Hoki, Tottori prefecture.",2020-10,Tottori-shi,35.5,134.23333,seat of a first-order administrative division,Tottori,Tottori Shi,Japan,VirginiaTech
comment,2020-10-18,116,Fun fact: Japan has a town named Hoki.,2020-10,Japan,35.68536,139.75309,independent political entity,,,Japan,VirginiaTech
comment,2020-10-18,116,Fun fact: Japan has a town named Hoki.,2020-10,Hexi,24.8825,117.22333,populated place,Fujian,Zhangzhou Shi,China,VirginiaTech
comment,2020-10-18,116,Japan does not have a town named cavalier or kabaliru.,2020-10,Japan,14.32392,120.98498,street,Calabarzon,Province of Cavite,Philippines,VirginiaTech
comment,2020-10-18,116,Japan does not have a town named cavalier or kabaliru.,2020-10,Cavalier,33.89578,35.48629,hotel,Beirut,,Lebanon,VirginiaTech
comment,2020-10-18,32,"Even without the jersey, Americans stick out in Japan.",2020-10,Japan,35.68536,139.75309,independent political entity,,,Japan,VirginiaTech
comment,2020-08-06,111,I’d much rather have librescu hall than new residence hall north north east west.,2020-08,New Residence Hall,42.73081,-92.48185,building(s),Iowa,Bremer County,United States,VirginiaTech
comment,2020-08-07,10,Granata too.,2020-08,Grenada,12.11667,-61.66667,independent political entity,,,Grenada,VirginiaTech
comment,2020-08-07,24,Or rename Lee Hall so it's not named after a clansman.,2020-08,Lee Hall,42.11232,-72.55759,building(s),Massachusetts,Hampden County,United States,VirginiaTech
comment,2020-08-07,7,"The university claims that there's no ""reliable evidence"" that he was involved in ""actual Klan activities"" despite there being a yearbook naming him as a grand master or whatever in the KKK and despite there being records of his attendance at a lynching in southern VA.",2020-08,Virginia,37.54812,-77.44675,first-order administrative division,Virginia,,United States,VirginiaTech
comment,2022-09-03,1,"In the same season, I sat in Lane when we lost to JMU.",2022-09,Siltcoos,43.88901,-124.06373,populated place,Oregon,Lane County,United States,VirginiaTech
comment,2022-09-03,10,I haven’t been on campus in nearly 2 years; is War Memorial gym *still* closed?,2022-09,War Memorial,42.37009,-72.51759,park,Massachusetts,Hampshire County,United States,VirginiaTech
comment,2022-09-05,2,"I feel bad for all the people on campus who still need to go all the way out to a perpetually-packed McComas for a workout… I remember it being a trek just to get there from Pritchard, let alone the dorms near Vawter.",2022-09,McComas,37.39012,-81.29149,populated place,West Virginia,Mercer County,United States,VirginiaTech
comment,2022-09-05,2,"I feel bad for all the people on campus who still need to go all the way out to a perpetually-packed McComas for a workout… I remember it being a trek just to get there from Pritchard, let alone the dorms near Vawter.",2022-09,Prichard,41.25508,-76.13437,populated place,Pennsylvania,Luzerne County,United States,VirginiaTech
comment,2022-09-05,2,"I feel bad for all the people on campus who still need to go all the way out to a perpetually-packed McComas for a workout… I remember it being a trek just to get there from Pritchard, let alone the dorms near Vawter.",2022-09,Vawter Corner,38.12903,-78.01417,populated place,Virginia,Louisa County,United States,VirginiaTech
comment,2019-10-01,12,Add a frame with him standing at the bus stop at Foxridge with a bus passing by with “bus full”,2019-10,Foxridge,51.12963,0.51315,hill,England,Kent,United Kingdom,VirginiaTech
comment,2019-10-01,8,Tbh the only slightly inaccurate part are the insanely packed fitness classes at McComas.,2019-10,McComas,37.39012,-81.29149,populated place,West Virginia,Mercer County,United States,VirginiaTech
comment,2025-03-15,2,He followed his coach who took a chance on him with little basketball playing experience when he came to the states in high school.,2025-03,United States,39.76,-98.5,independent political entity,,,United States,VirginiaTech
comment,2024-04-29,158,Saw a girl in GLC posting on the 2027 snap story about how loud it was at 2 AM.,2024-04,Glasgow Central Station,55.8585,-4.2579,railroad station,Scotland,Glasgow City,United Kingdom,VirginiaTech
comment,2024-04-29,84,I would like to see more of that from policing in the United States.,2024-04,Territories of the United States,35.27766,-102.35403,region,,,United States,VirginiaTech
comment,2024-04-29,84,"The VT cops last night -- armed with tazers, night-sticks, zip-ties, and handguns -- faced peaceful protesters armed with words.",2024-04,Vermont,44.00034,-72.74983,first-order administrative division,Vermont,,United States,VirginiaTech
comment,2024-04-29,84,"Yes, VT police acted with professionalism and compassion while carrying out their duties last night.",2024-04,Vermont,44.00034,-72.74983,first-order administrative division,Vermont,,United States,VirginiaTech
comment,2024-04-29,17,It seems a great majority of the VT populace is totally fine with Tech’s resources going to companies that enable genocide.,2024-04,Vermont,44.00034,-72.74983,first-order administrative division,Vermont,,United States,VirginiaTech
comment,2024-04-30,3,Free Palestine,2024-04,Palestine,31.92157,35.20329,semi-independent political entity,,,Palestinian Territory,VirginiaTech
comment,2024-04-29,-7,"however, there were multiple officers that taunted us on squires lawn.",2024-04,Squires,42.17169,-88.09119,section of populated place,Illinois,Lake County,United States,VirginiaTech
comment,2024-04-29,-7,"removing free palestine posters for no reason, waving the flag and other posters at us and laughing as they bring it back to their car.",2024-04,Palestine,31.92157,35.20329,semi-independent political entity,,,Palestinian Territory,VirginiaTech
comment,2024-04-29,-7,"some mention that us in squires lawn ""came to riot.""",2024-04,Squires,42.17169,-88.09119,section of populated place,Illinois,Lake County,United States,VirginiaTech
comment,2024-04-29,0,I think part of the reason police feel the need to be so heavily armed is because of the whole police vs public issues occuring across the US right now.,2024-04,United States,39.76,-98.5,independent political entity,,,United States,VirginiaTech
comment,2024-04-29,94,I feel so bad for anyone who lives in GLC trying to study/sleep/work on their thesis who were kept up until at least 3am,2024-04,Glasgow Central Station,55.8585,-4.2579,railroad station,Scotland,Glasgow City,United Kingdom,VirginiaTech
comment,2024-04-30,-5,"Even though the atrocities committed by Hamas on Oct 7th don't justify the degree of the Israeli bombing campaign of Gaza, which has resulted in unnecessary civilian casualties, what is occurring in Gaza is not genocide.",2024-04,Gaza,31.50161,34.46672,seat of a first-order administrative division,Gaza Strip,Gaza,Palestinian Territory,VirginiaTech
comment,2024-04-30,-5,"Even though the atrocities committed by Hamas on Oct 7th don't justify the degree of the Israeli bombing campaign of Gaza, which has resulted in unnecessary civilian casualties, what is occurring in Gaza is not genocide.",2024-04,Gaza,31.50161,34.46672,seat of a first-order administrative division,Gaza Strip,Gaza,Palestinian Territory,VirginiaTech
comment,2024-04-30,-5,The IDF are not rounding up Palestinians going back to their bombed out homes in northern Gaza and firing squadding them into mass graves like the Einsatzgruppen did to the Jews of Eastern Europe.,2024-04,Gaza,31.50161,34.46672,seat of a first-order administrative division,Gaza Strip,Gaza,Palestinian Territory,VirginiaTech
comment,2024-04-30,-5,The IDF are not rounding up Palestinians going back to their bombed out homes in northern Gaza and firing squadding them into mass graves like the Einsatzgruppen did to the Jews of Eastern Europe.,2024-04,Eastern Europe,51.72703,28.38867,region,,,,VirginiaTech
comment,2024-04-30,-5,The apartheid that is happening in Gaza and the West Bank is wrong and should be addressed.,2024-04,Gaza,31.50161,34.46672,seat of a first-order administrative division,Gaza Strip,Gaza,Palestinian Territory,VirginiaTech
comment,2024-04-29,4,I can’t believe someone like this makes it into VT,2024-04,Vermont,44.00034,-72.74983,first-order administrative division,Vermont,,United States,VirginiaTech
comment,2024-04-29,2,Thank you for shouting at the clouds and creating real change in Gaza.,2024-04,Gaza,31.50161,34.46672,seat of a first-order administrative division,Gaza Strip,Gaza,Palestinian Territory,VirginiaTech
comment,2019-10-10,7,That and all the successful alumni in the horticulture industry across the US.,2019-10,United States,39.76,-98.5,independent political entity,,,United States,VirginiaTech
post,2020-09-05,648,To the blonde driver of a sky blue Volkswagen Beetle I (brunette in the silver Dodge Charger) went to the Starbucks on Main St. today and got my order at around 1:40 from the drive-thru.,2020-09,360 Main St.,49.89476,-97.13848,office building,Manitoba,,Canada,VirginiaTech
comment,2020-09-05,5,Have you ever been to Chick-fil-A in Christiansburg?,2020-09,Christiansburg,54.68022,9.19138,farm,Schleswig-Holstein,,Germany,VirginiaTech
post,2020-12-28,636,Main Street circa 1930’s,2020-12,Main Street,41.99305,-70.72949,street,Massachusetts,Plymouth County,United States,VirginiaTech
comment,2020-12-29,2,"Drapers meadow massacre, I don’t know where but I think there’s a plaque on site but yea that is the exact location of what used to be drapers meadow in the mid to late 1700s.",2020-12,Blacksburg,37.22957,-80.41394,populated place,Virginia,Montgomery County,United States,VirginiaTech
comment,2020-12-29,2,"Drapers meadow massacre, I don’t know where but I think there’s a plaque on site but yea that is the exact location of what used to be drapers meadow in the mid to late 1700s.",2020-12,Blacksburg,37.22957,-80.41394,populated place,Virginia,Montgomery County,United States,VirginiaTech
comment,2020-12-29,2,Even the local roads bear some history like Toms creek etc.,2020-12,Thomes Creek,39.99044,-122.0961,stream,California,Tehama County,United States,VirginiaTech
comment,2021-01-02,2,">Drapers meadow massacre, I don’t know where but I think there’s a plaque on site but yea that is the exact location of what used to be drapers meadow in the mid to late 1700s.",2021-01,Blacksburg,37.22957,-80.41394,populated place,Virginia,Montgomery County,United States,VirginiaTech
comment,2021-01-02,2,">Drapers meadow massacre, I don’t know where but I think there’s a plaque on site but yea that is the exact location of what used to be drapers meadow in the mid to late 1700s.",2021-01,Blacksburg,37.22957,-80.41394,populated place,Virginia,Montgomery County,United States,VirginiaTech
post,2023-10-24,635,I did it competitively in high school (actually ended up winning the West Virginia state championship) and would love to continue in college,2023-10,West Virginia,38.50038,-80.50009,first-order administrative division,West Virginia,,United States,VirginiaTech
comment,2023-10-25,133,">actually ended up winning the West Virginia state championship

Grats!",2023-10,West Virginia,38.50038,-80.50009,first-order administrative division,West Virginia,,United States,VirginiaTech
comment,2023-10-26,3,Most normal conversation at Virginia tech,2023-10,Virginia,37.54812,-77.44675,first-order administrative division,Virginia,,United States,VirginiaTech
post,2026-02-07,616,I built an Igloo outside Price Hall,2026-02,Price Hall,41.96222,-86.35528,building(s),Michigan,Berrien County,United States,VirginiaTech
comment,2022-03-31,56,"McBryde is the math building, and they somehow designed it using non-Euclidean geometry.",2022-03,McBryde Quadrangle,33.99404,-81.02759,building(s),South Carolina,Richland County,United States,VirginiaTech
comment,2022-03-31,42,"Freshman year I legitimately could not find my way out of Major Williams one time and lowkey began panicking thinking I’d entered a dimensional portal or some shit, there was absolutely nobody in the hallways or staircases either",2022-03,Major Williams Dormitory,37.23096,-80.42088,building(s),Virginia,Montgomery County,United States,VirginiaTech
comment,2022-03-31,6,Me when I get my orienteering merit badge from finding my way around McBryde,2022-03,Mount Mcbryde,-21.3,148.88333,mountain,Queensland,Mackay,Australia,VirginiaTech
post,2021-06-02,608,Virginia Tech student and athlete arrested for second-degree murder in Blacksburg,2021-06,Blacksburg,37.22957,-80.41394,populated place,Virginia,Montgomery County,United States,VirginiaTech
comment,2021-06-02,196,"So a brand new student to Blacksburg, barely starting football training, is somehow downtown, in a 40 year old's apartment........?",2021-06,Blacksburg,37.81874,-79.3192,populated place,Virginia,Rockbridge County,United States,VirginiaTech
comment,2021-06-02,196,"As a student athlete for football, he probably just got to Blacksburg after finals/graduation",2021-06,Blacksburg,37.22957,-80.41394,populated place,Virginia,Montgomery County,United States,VirginiaTech
comment,2021-06-02,177,From a Blacksburg townie — I would like to offer some insight.,2021-06,Blacksburg,35.12124,-81.51592,populated place,South Carolina,Cherokee County,United States,VirginiaTech
comment,2021-06-02,177,"El Centro, where Jerry was employed, has a very bad reputation in terms of violating ABC laws, not following CDC guidelines during the COVID pandemic, and for the past 8 months has been a hot spot for roofies.",2021-06,El Centro,32.792,-115.56305,seat of a second-order administrative division,California,Imperial County,United States,VirginiaTech
comment,2021-06-03,56,"It is curious that an 18 year old kid, athlete, from VA Beach who has been in Blacksburg; all of six months got tangled up with a local 40 year old man and a situation went so far left that murder was the only answer.",2021-06,Travelodge Virginia Beach Va,36.8474,-75.9747,hotel,Virginia,,United States,VirginiaTech
comment,2021-06-03,56,"It is curious that an 18 year old kid, athlete, from VA Beach who has been in Blacksburg; all of six months got tangled up with a local 40 year old man and a situation went so far left that murder was the only answer.",2021-06,Blacksburg,36.75428,-81.8204,populated place,Virginia,Washington County,United States,VirginiaTech
comment,2021-06-03,18,Seems like the prelude to a Netflix Documentary with how close knit the Blacksburg community appears.,2021-06,Blacksburg,37.81874,-79.3192,populated place,Virginia,Rockbridge County,United States,VirginiaTech
comment,2021-06-03,-41,"Not only that, but it’s also a bit of a reach to say that he played such a huge role at Centro as It’s not uncommon for people to overplay their part especially when trying to network themselves.",2021-06,Centre-Val de Loire,47.5,1.75,first-order administrative division,Centre-Val de Loire,,France,VirginiaTech
comment,2021-06-03,-41,We cannot place blame and leave a new and STRUGGLING business (thanks to the pandemic) at fault for the behavior and actions of the one of MANY individuals that were associated with this business AND many other business’s in the Blacksburg area.,2021-06,Blacksburg,35.12124,-81.51592,populated place,South Carolina,Cherokee County,United States,VirginiaTech
comment,2021-06-03,-41,Now we have one dead and one who’s life is now ruined for something that could have potentially been avoided in the event that someone would have just spoken up regardless of said “victim’s” social standing with the mayor or whatever business in the Blacksburg community.,2021-06,Blacksburg,35.12124,-81.51592,populated place,South Carolina,Cherokee County,United States,VirginiaTech
comment,2021-06-02,45,Have you shared all of this with the Blacksburg police?,2021-06,Blacksburg,35.12124,-81.51592,populated place,South Carolina,Cherokee County,United States,VirginiaTech
comment,2021-06-03,29,He's probably only been in Blacksburg starting finals week or after.,2021-06,Blacksburg,35.12124,-81.51592,populated place,South Carolina,Cherokee County,United States,VirginiaTech
comment,2024-02-23,62,"Otherwise, why would a random Starbucks in Bumfuck, Missouri say ""hey, isn't that the missing guy from Bumfuck Virginia we randomly happen to know about?",2024-02,Missouri,38.25031,-92.50046,first-order administrative division,Missouri,,United States,VirginiaTech
comment,2024-02-23,6,Today learned poplar bluff has a Starbucks.,2024-02,Poplar Bluff,36.757,-90.39289,seat of a second-order administrative division,Missouri,Butler County,United States,VirginiaTech
comment,2024-02-23,3,"If I was Johnny’s family, I’d be driving to Missouri because it would take less time than the video is taking to be released to cops.",2024-02,Missouri,38.25031,-92.50046,first-order administrative division,Missouri,,United States,VirginiaTech
comment,2024-03-17,1,Did John Roop ever come back to Abingdon or VT - has anyone heard from him since Missouri?,2024-03,Abingdon,36.70983,-81.97735,seat of a second-order administrative division,Virginia,Washington County,United States,VirginiaTech
comment,2024-03-17,1,Did John Roop ever come back to Abingdon or VT - has anyone heard from him since Missouri?,2024-03,Vermont,44.00034,-72.74983,first-order administrative division,Vermont,,United States,VirginiaTech
comment,2024-03-17,1,Did John Roop ever come back to Abingdon or VT - has anyone heard from him since Missouri?,2024-03,Missouri,38.25031,-92.50046,first-order administrative division,Missouri,,United States,VirginiaTech
comment,2024-03-17,1,Is he back in Abingdon or at VT now?,2024-03,Abingdon,36.70983,-81.97735,seat of a second-order administrative division,Virginia,Washington County,United States,VirginiaTech
comment,2024-02-23,17,.except that his plan was to go home to Abingdon and be there by 5 to take an exam.,2024-02,Abingdon,51.67109,-1.28278,populated place,England,Oxfordshire,United Kingdom,VirginiaTech
comment,2024-02-23,17,"For example, there's a good book called *Under the Trestle* about Virginia's first no-body murder conviction.",2024-02,Virginia,37.54812,-77.44675,first-order administrative division,Virginia,,United States,VirginiaTech
comment,2024-02-23,3,"Not in his Christiansburg apartment, not in his home a couple hours away, not in Blacksburg, and not on campus.",2024-02,Christiansburg,40.05533,-84.02605,populated place,Ohio,Champaign County,United States,VirginiaTech
comment,2024-02-23,3,"Not in his Christiansburg apartment, not in his home a couple hours away, not in Blacksburg, and not on campus.",2024-02,Blacksburg,35.12124,-81.51592,populated place,South Carolina,Cherokee County,United States,VirginiaTech
comment,2024-02-23,3,Apparently he was in Missouri but not communicating with anyone.,2024-02,Missouri,38.25031,-92.50046,first-order administrative division,Missouri,,United States,VirginiaTech
comment,2024-02-23,17,That would be the bells in the top of Burruss Hall.,2024-02,Burruss Hall,38.43944,-78.87222,building(s),Virginia,City of Harrisonburg,United States,VirginiaTech
comment,2024-02-23,32,"But at the same time, I can sell all of my possessions, throw away my cell phone and laptop, close out my bank accounts, cash out my retirement account, drive to Louisiana, buy a cabin in a swamp, exchange all my money for gold bullion, bury it in mason jars in my swamp yard, and spend my days whit'lin and catching gators.",2024-02,Louisiana,31.00047,-92.0004,first-order administrative division,Louisiana,,United States,VirginiaTech
comment,2024-02-23,32,The book *Crazy* by Pete Earley gives a great overview and history of mental health in America.,2024-02,United States,39.76,-98.5,independent political entity,,,United States,VirginiaTech
comment,2022-04-16,2,Reminds me of Richmond when they see a road not under construction.,2022-04,Richmond,37.55376,-77.46026,seat of a first-order administrative division,Virginia,City of Richmond,United States,VirginiaTech
comment,2021-09-04,146,"I think the potential issue is the tens of thousands of people who came into town, milled about for several hours, and had zero precautions to follow once packed into Lane.",2021-09,Rochelle,41.92392,-89.06871,populated place,Illinois,Ogle County,United States,VirginiaTech
comment,2021-09-08,2,"I'm an alum who no longer lives in Blacksburg, but I have a lot of townie friends.",2021-09,Blacksburg,37.22957,-80.41394,populated place,Virginia,Montgomery County,United States,VirginiaTech
comment,2021-09-08,2,They are putting every student and townie who works in Blacksburg at risk.,2021-09,Blacksburg,35.12124,-81.51592,populated place,South Carolina,Cherokee County,United States,VirginiaTech
comment,2020-08-29,73,"Ahhhh, some things never change (lived in Pritchard 1994-95).",2020-08,Prichard,41.25508,-76.13437,populated place,Pennsylvania,Luzerne County,United States,VirginiaTech
comment,2020-08-29,31,Fun fact: VT Rescue’s first call on record (ever) was to Pritchard.,2020-08,Pritchard,50.6831,-119.81911,populated place,British Columbia,Thompson-Nicola Regional District,Canada,VirginiaTech
comment,2020-06-21,2,"I don't even go to Virginia tech, but saw this cross posted on another subreddit.",2020-06,Virginia,37.54812,-77.44675,first-order administrative division,Virginia,,United States,VirginiaTech
comment,2020-04-30,17,photoshop so it says hokie home pls,2020-04,The Old Hokie House,41.75511,-70.49781,building(s),Massachusetts,Barnstable County,United States,VirginiaTech
comment,2020-04-30,35,"Disappointing, but I would still take that over DC area drink prices haha",2020-04,District of Columbia,38.91706,-77.00025,first-order administrative division,District of Columbia,,United States,VirginiaTech
comment,2020-04-30,24,"Going back to the burg after graduating and living in DC, it was like all rounds on me, this is amazing.",2020-04,District of Columbia,38.91706,-77.00025,first-order administrative division,District of Columbia,,United States,VirginiaTech
comment,2020-05-01,6,"I went back last fall for the UVA game('04 alum, been out in Denver for 12 years, and hadn't been to BBurg in 8-10y) I was astounded by how cheap everything was!",2020-05,Denver,39.73915,-104.9847,seat of a first-order administrative division,Colorado,Denver County,United States,VirginiaTech
comment,2020-05-01,7,And Boudreaux’s is expensive for Blacksburg,2020-05,Blacksburg,37.81874,-79.3192,populated place,Virginia,Rockbridge County,United States,VirginiaTech
comment,2020-04-30,9,Yeah spending $30 in a night out in blacksburg was so much at the time... now it’s like 2 drinks + tip lol,2020-04,Blacksburg,35.12124,-81.51592,populated place,South Carolina,Cherokee County,United States,VirginiaTech
comment,2020-04-17,10,Cho was a fucked up individual from birth and I remember his family back in South Korea attesting to it.,2020-04,Republic of Korea,36.5,127.75,independent political entity,,,South Korea,VirginiaTech
comment,2020-04-17,10,He was a popular kid in middle school in NoVa and still hated everyone.,2020-04,Nova,64.48632,11.0805,valley,Trøndelag,Namsos,Norway,VirginiaTech
comment,2020-04-17,2,"When this happened, I remember thinking to myself ""This is absolutely awful but if there's a community that can withstand it, it's Blacksburg.""",2020-04,Blacksburg,35.12124,-81.51592,populated place,South Carolina,Cherokee County,United States,VirginiaTech
comment,2021-09-14,66,"If anything, it seems like it's about Maryland(!)",2021-09,Maryland,39.00039,-76.74997,first-order administrative division,Maryland,,United States,VirginiaTech
comment,2021-09-14,66,"The song was actually written by two musician friends of his, Bill Naffert and Taffy Nifert, who drove Clopper Road on their way to Gaithersburg, Maryland.",2021-09,Gaithersburg,39.14344,-77.20137,populated place,Maryland,Montgomery County,United States,VirginiaTech
comment,2021-09-14,66,"The song was actually written by two musician friends of his, Bill Naffert and Taffy Nifert, who drove Clopper Road on their way to Gaithersburg, Maryland.",2021-09,Maryland,39.00039,-76.74997,first-order administrative division,Maryland,,United States,VirginiaTech
comment,2021-09-14,9,"Plus the road in question that inspired John Denver is Clopper Road, and road in Maryland",2021-09,Maryland,39.00039,-76.74997,first-order administrative division,Maryland,,United States,VirginiaTech
comment,2021-09-14,10,"Moonshine capital of the world -> Franklin county, VA.

Shenandoah river -> Mostly in VA, touches maryland, wVA.",2021-09,Franklin County,36.99194,-79.88104,second-order administrative division,Virginia,Franklin County,United States,VirginiaTech
comment,2021-09-14,10,"Moonshine capital of the world -> Franklin county, VA.

Shenandoah river -> Mostly in VA, touches maryland, wVA.",2021-09,Virginia,37.54812,-77.44675,first-order administrative division,Virginia,,United States,VirginiaTech
comment,2021-09-14,10,"Moonshine capital of the world -> Franklin county, VA.

Shenandoah river -> Mostly in VA, touches maryland, wVA.",2021-09,Strasburg,38.98872,-78.35862,populated place,Virginia,Shenandoah County,United States,VirginiaTech
comment,2021-09-14,10,"Moonshine capital of the world -> Franklin county, VA.

Shenandoah river -> Mostly in VA, touches maryland, wVA.",2021-09,Virginia,37.54812,-77.44675,first-order administrative division,Virginia,,United States,VirginiaTech
comment,2021-09-14,10,"Moonshine capital of the world -> Franklin county, VA.

Shenandoah river -> Mostly in VA, touches maryland, wVA.",2021-09,Maryland,39.00039,-76.74997,first-order administrative division,Maryland,,United States,VirginiaTech
comment,2021-09-14,10,"Blue Ridge Mountains -> barely in Maryland, not in wVA.",2021-09,Blue Ridge,38.10095,-80.6337,ridge(s),West Virginia,Greenbrier County,United States,VirginiaTech
comment,2021-09-14,10,"Blue Ridge Mountains -> barely in Maryland, not in wVA.",2021-09,Maryland,39.00039,-76.74997,first-order administrative division,Maryland,,United States,VirginiaTech
comment,2021-09-14,10,"The facts check out, it's about southwest VA.",2021-09,Virginia,37.54812,-77.44675,first-order administrative division,Virginia,,United States,VirginiaTech
comment,2021-09-14,35,"How the fuck is someone just gonna drive through the Maryland countryside, enjoy it so much they decide to write a song, and specifically reference West(ern) Virginia in said song with no mention of Maryland?",2021-09,Maryland,39.00039,-76.74997,first-order administrative division,Maryland,,United States,VirginiaTech
comment,2021-09-14,35,"How the fuck is someone just gonna drive through the Maryland countryside, enjoy it so much they decide to write a song, and specifically reference West(ern) Virginia in said song with no mention of Maryland?",2021-09,Virginia,37.54812,-77.44675,first-order administrative division,Virginia,,United States,VirginiaTech
comment,2021-09-14,35,"How the fuck is someone just gonna drive through the Maryland countryside, enjoy it so much they decide to write a song, and specifically reference West(ern) Virginia in said song with no mention of Maryland?",2021-09,Maryland,39.00039,-76.74997,first-order administrative division,Maryland,,United States,VirginiaTech
comment,2021-09-14,10,That's what the state of Maryland is known for.,2021-09,Maryland,39.00039,-76.74997,first-order administrative division,Maryland,,United States,VirginiaTech
comment,2021-09-14,45,It’s about I-81,2021-09,I-81 Scenic View,40.6462,-76.42468,,Pennsylvania,Schuylkill County,United States,VirginiaTech
comment,2023-03-08,2,The opposite of east virginia obv,2023-03,Virginia East,44.62412,-65.49696,populated place,Nova Scotia,Annapolis County,Canada,VirginiaTech
comment,2021-09-14,30,A 4 lane highway that runs from Maryland through SWVA,2021-09,Maryland,39.00039,-76.74997,first-order administrative division,Maryland,,United States,VirginiaTech
comment,2021-09-14,5,"If 81 barely existed, I think that would push it towards the country road category...",2021-09,Ukmergė,55.25,24.75,second-order administrative division,Vilnius,Ukmergė,Lithuania,VirginiaTech
comment,2020-08-24,28,"We clowned current Hokies for partying and packing in to Hokie House, but more energy should be directed at the school for allowing something like this to happen.",2020-08,The Old Hokie House,41.75511,-70.49781,building(s),Massachusetts,Barnstable County,United States,VirginiaTech
comment,2020-08-25,8,Third; I stated that I do think that VT and Blacksburg should not be requiring masks in the city on sidewalks and that they have been unfairly strict on students.,2020-08,Blacksburg,37.81874,-79.3192,populated place,Virginia,Rockbridge County,United States,VirginiaTech
post,2023-12-05,579,RIP Sub Station II Sad for Blacksburg/VT but well deserved for Hamid.,2023-12,Blacksburg,37.81874,-79.3192,populated place,Virginia,Rockbridge County,United States,VirginiaTech
comment,2023-12-05,169,Booking a trip to Blacksburg purely so I can have one of those subs for the last time.,2023-12,Blacksburg,35.12124,-81.51592,populated place,South Carolina,Cherokee County,United States,VirginiaTech
comment,2023-12-05,53,"Sometimes they would say it was in Christiansburg, sometimes it burned down, sometimes it was rebuilt on that location.",2023-12,Christiansborg Castle,55.67594,12.57952,castle,Capital Region,København,Denmark,VirginiaTech
comment,2023-12-05,36,RIP to one of the best in the burg,2023-12,Eglisau / Burg,47.5746,8.5301,section of populated place,Zurich,Bezirk Bülach,Switzerland,VirginiaTech
comment,2023-12-06,1,They provided a significant portion of my food during my most recent stint in Blacksburg - definitely need to make a trip up to get a last sub on my way home for the holidays,2023-12,Blacksburg,35.12124,-81.51592,populated place,South Carolina,Cherokee County,United States,VirginiaTech
comment,2023-12-06,3,Petition to change Lane Stadium to Hamid Stadium?,2023-12,Lane Stadium,37.22013,-80.41811,stadium,Virginia,Montgomery County,United States,VirginiaTech
post,2025-04-04,575,his name was Franklin Zhang and he was a freshman from Canada.,2025-04,Canada,60.10867,-113.64258,independent political entity,,,Canada,VirginiaTech
comment,2025-04-06,2,Try Russia.,2025-04,Russian Federation,60.0,100.0,independent political entity,,,Russia,VirginiaTech
comment,2020-08-25,3,"i was walking back from taco bell with my roommate, and a freshmen outside waffle house asked me if we were lost...im a junior and my roommate is a senior lol",2020-08,Taco Bell,34.79035,-86.9722,restaurant,Alabama,Limestone County,United States,VirginiaTech
comment,2019-08-27,9,West End is a joke.,2019-08,West End,51.51235,-0.14358,section of populated place,England,Greater London,United Kingdom,VirginiaTech
comment,2024-07-21,66,The growing influence of Fairfax County at Tech doesn't mean we all feel the same way.,2024-07,Fairfax County,38.83469,-77.27622,second-order administrative division,Virginia,Fairfax County,United States,VirginiaTech
comment,2024-07-21,13,Steve Bannon is also a felon currently serving time in a CT prison for the next few months.,2024-07,Connecticut,41.66704,-72.66648,first-order administrative division,Connecticut,,United States,VirginiaTech
comment,2024-07-21,12,Why drag Fairfax County into this?,2024-07,Fairfax County,38.83469,-77.27622,second-order administrative division,Virginia,Fairfax County,United States,VirginiaTech
comment,2024-07-21,12,There are plenty of other blue areas in VA,2024-07,Virginia,37.54812,-77.44675,first-order administrative division,Virginia,,United States,VirginiaTech
comment,2024-07-21,-99,"I think we should put statues of him in Eggleston ... come to think of it, maybe all of the residence halls",2024-07,Eggleston,54.60916,-2.00312,seat of a third-order administrative division,England,County Durham,United Kingdom,VirginiaTech
comment,2024-03-12,89,I love that this doesn’t have anything to do with VT and could even be a random Kroger in Mississippi,2024-03,Kröger,51.99441,8.28833,farm,North Rhine-Westphalia,Regierungsbezirk Detmold,Germany,VirginiaTech
comment,2024-03-12,89,I love that this doesn’t have anything to do with VT and could even be a random Kroger in Mississippi,2024-03,Mississippi,32.75041,-89.75036,first-order administrative division,Mississippi,,United States,VirginiaTech
comment,2024-03-12,33,And people wonder why America has an obesity crisis,2024-03,United States,39.76,-98.5,independent political entity,,,United States,VirginiaTech
comment,2025-05-09,18,They played a show at lane stadium.,2025-05,Lane Stadium,37.22013,-80.41811,stadium,Virginia,Montgomery County,United States,VirginiaTech
comment,2025-05-09,1,They started on West end and finished there.,2025-05,West End,38.90706,-77.0497,populated place,District of Columbia,,United States,VirginiaTech
comment,2019-01-06,2,Great shot...even though I have always thought the Torg Bridge was an eyesore that permanently marred the view down the VT mall.,2019-01,Vermont,44.00034,-72.74983,first-order administrative division,Vermont,,United States,VirginiaTech
comment,2019-01-04,2,When virginia has more snow that chicago.,2019-01,Virginia,39.95116,-90.21234,seat of a second-order administrative division,Illinois,Cass County,United States,VirginiaTech
comment,2019-01-04,2,When virginia has more snow that chicago.,2019-01,Chicago,41.85003,-87.65005,seat of a second-order administrative division,Illinois,Cook County,United States,VirginiaTech
comment,2019-01-05,3,I'm in Wisconsin and there's nothing here.,2019-01,Wisconsin,44.50024,-90.00041,first-order administrative division,Wisconsin,,United States,VirginiaTech
comment,2021-09-09,158,Not the wine and cheese crowd they're used to in Chapel Hill lol,2021-09,Hill Chapel,36.73954,-82.75461,church,Virginia,Scott County,United States,VirginiaTech
comment,2021-09-09,85,Lane stadium is rated one of the most intimidating places to play for a reason,2021-09,Lane,41.24194,-96.16085,,Nebraska,Douglas County,United States,VirginiaTech
comment,2021-09-09,75,If she wants to enjoy a silent crowd she should head to Charlottesville and catch a UVA game.,2021-09,Charlottesville,38.02931,-78.47668,seat of a second-order administrative division,Virginia,City of Charlottesville,United States,VirginiaTech
comment,2021-09-09,18,I see she is one of the south side favorites.,2021-09,South Side,41.74855,-87.64417,region,Illinois,Cook County,United States,VirginiaTech
comment,2021-09-09,7,"As someone from the Triangle, there is very little school spirit compared to VT, especially for such a rivalry that should exist between the three big schools in that area (UNC, NCSU, Duke).",2021-09,Triangle,42.78377,-116.6254,populated place,Idaho,Owyhee County,United States,VirginiaTech
comment,2021-09-09,3,She can watch from Newman Library next year.,2021-09,Newman Library,37.22902,-80.41949,library,Virginia,Montgomery County,United States,VirginiaTech
comment,2023-11-08,10,"""Constant Vibrant and Sunny Atmosphere""  - what the hell are you talking about -when I went to VT it was always cloudy gray with a chance of rain this time of year.",2023-11,Vermont,44.00034,-72.74983,first-order administrative division,Vermont,,United States,VirginiaTech
comment,2023-11-08,3,"Blacksburg Books, Southpaw Café, Bollos, vintage market",2023-11,Cuarenta Bollos,9.18058,-78.97445,populated place,Panamá,Distrito de Chepo,Panama,VirginiaTech
comment,2023-11-08,1,"Consider transferring to a northern Midwest university (Madison, UofM, Chicago, Michigan, etc…).",2023-11,Midwest,42.65982,-93.93863,region,,,United States,VirginiaTech
comment,2023-11-08,1,"Consider transferring to a northern Midwest university (Madison, UofM, Chicago, Michigan, etc…).",2023-11,Chicago,41.85003,-87.65005,seat of a second-order administrative division,Illinois,Cook County,United States,VirginiaTech
comment,2023-11-08,1,"Consider transferring to a northern Midwest university (Madison, UofM, Chicago, Michigan, etc…).",2023-11,Michigan,44.25029,-85.50033,first-order administrative division,Michigan,,United States,VirginiaTech
comment,2023-11-10,1,There is a skate shop in Roanoke that does a Goth Night on the second Friday of every month.,2023-11,Roanoke County,37.20907,-80.05085,second-order administrative division,Virginia,Roanoke County,United States,VirginiaTech
comment,2023-11-08,56,Before meeting me he spent weekends in Richmond for this exact purpose.,2023-11,Richmond,37.55376,-77.46026,seat of a first-order administrative division,Virginia,City of Richmond,United States,VirginiaTech
comment,2021-06-12,12,"I think of Virginia Tech as the football team for southern VA, while the Virginia Polytechnic Institute and State University is where I studied.",2021-06,Virginia,37.54812,-77.44675,first-order administrative division,Virginia,,United States,VirginiaTech
comment,2021-06-12,5,"""Wtf is Virginia polytechnic?""",2021-06,Virginia,37.54812,-77.44675,first-order administrative division,Virginia,,United States,VirginiaTech
post,2025-04-30,543,"Only 3,400 US servicemen have ever earned the medal of honor.",2025-04,United States,39.76,-98.5,independent political entity,,,United States,VirginiaTech
comment,2025-04-30,10,"I feel like if anyone sees someone doing this, it is 100% appropriate to bark ‘Get off the Cenotaph!’ In the most irate manner you can muster.",2025-04,Cenotaph,-33.86745,151.20796,historical site,New South Wales,Sydney,Australia,VirginiaTech
comment,2025-04-30,17,Two Corps graduates died in the Iraq war and another Virginia Tech graduate who wasn't in the Corps.,2025-04,Republic of Iraq,33.0,44.0,independent political entity,,,Iraq,VirginiaTech
comment,2025-04-30,17,Like Ozzy Osbourne getting arrested and fined $40 ($100 today) for urinating on the cenotaph at The Alamo.,2025-04,Alamo Plaza Historic District,29.42579,-98.48696,,Texas,Bexar County,United States,VirginiaTech
comment,2025-04-30,17,I think was just for public intoxication but the 10 year ban from San Antonio was for the act itself.,2025-04,San Antonio,29.42412,-98.49363,seat of a second-order administrative division,Texas,Bexar County,United States,VirginiaTech
comment,2025-04-30,-17,And you go to VT?,2025-04,Vermont,44.00034,-72.74983,first-order administrative division,Vermont,,United States,VirginiaTech
comment,2025-04-30,-13,"I’m graduating this spring, I wouldn’t know the cenotaph even existed had I not taken pylon club pictures there two years ago.",2025-04,Cenotaph,-33.86745,151.20796,historical site,New South Wales,Sydney,Australia,VirginiaTech
comment,2025-05-01,63,Some years ago my family was in Washington DC in the middle of summer doing the monument thing.,2025-05,Washington,38.89511,-77.03637,capital of a political entity,District of Columbia,,United States,VirginiaTech
post,2022-10-09,538,Somewhere in the U.S. in the 1950s.,2022-10,United States,39.76,-98.5,independent political entity,,,United States,VirginiaTech
comment,2022-10-09,8,I wonder if this was the dedication of the War Memorial?,2022-10,The Oncenter War Memorial,43.04518,-76.14817,monument,New York,Onondaga County,United States,VirginiaTech
comment,2022-10-10,2,Probably NYC or something,2022-10,New York City,40.71427,-74.00597,populated place,New York,,United States,VirginiaTech
comment,2022-10-10,-2,"Building that monstrosity was a crime, so was demolishing the nearly century old University Clubhouse that was designed by Clinton Cowgill to build that huge new dorm across from Barringer.",2022-10,Barringer,33.84816,-93.13406,populated place,Arkansas,Clark County,United States,VirginiaTech
comment,2022-10-11,2,I wonder if University Terrace was around then?,2022-10,University Terrace Elementary School,30.42124,-91.18329,school,Louisiana,East Baton Rouge Parish,United States,VirginiaTech
comment,2022-10-11,3,"No, University Terrace was built in 1987.",2022-10,University Terrace Elementary School,30.42124,-91.18329,school,Louisiana,East Baton Rouge Parish,United States,VirginiaTech
comment,2020-10-19,86,"Also (while I wouldn't encourage it), with many classes online nothing is preventing a group of friends from organizing their own travel during the traditional spring break week and logging on to class, beer in hand, from South Beach.",2020-10,South Miami Beach,25.7745,-80.1329,populated place,Florida,Miami-Dade County,United States,VirginiaTech
comment,2022-02-25,-8,Virginia tech has been paying the dining services employees that feed them for free without a thanks near starvation wages for years.,2022-02,Virginia,37.54812,-77.44675,first-order administrative division,Virginia,,United States,VirginiaTech
comment,2022-03-14,1,"Cost of living in Blacksburg is skyrocketing, and that requires an increasing number of VT graduate students to live paycheck-to-paycheck and without basic necessities.",2022-03,Blacksburg,36.75428,-81.8204,populated place,Virginia,Washington County,United States,VirginiaTech
comment,2022-02-25,5,"Act like a big kid and do the work your asking for (or fucking pay your friend to look it up )

Again no offense: go back to halo,",2022-02,Halo,41.04394,-81.55456,populated place,Ohio,Summit County,United States,VirginiaTech
comment,2022-02-25,7,They can't work anywhere over the summer in the US when they aren't working as a TA.,2022-02,United States,39.76,-98.5,independent political entity,,,United States,VirginiaTech
comment,2021-07-06,12,"It may not be recognizable anymore, but aside from the construction around Litton Reaves this exactly how I remember campus circa 2000.",2021-07,Litton Reaves Hall,37.22152,-80.42394,building(s),Virginia,Montgomery County,United States,VirginiaTech
comment,2021-07-07,3,"Photo 1: Lane Stadium from the west side, looking east.",2021-07,Lane Stadium,37.22013,-80.41811,stadium,Virginia,Montgomery County,United States,VirginiaTech
comment,2021-07-07,3,Photo 2: Southgate main entrance to campus looking toward southeast.,2021-07,Southgate,34.23871,-83.90685,populated place,Georgia,Hall County,United States,VirginiaTech
comment,2021-07-07,3,"Top left background - Slusher Tower, Left foreground - Wallace Hall, Right background - West AJ, Right foreground - Litton Reaves
Photo 4: East stands
Photo 5: Lane Stadium from west side, looking east.",2021-07,Wallace Hall,41.36388,-93.5641,building(s),Iowa,Warren County,United States,VirginiaTech
comment,2021-07-07,3,"Top left background - Slusher Tower, Left foreground - Wallace Hall, Right background - West AJ, Right foreground - Litton Reaves
Photo 4: East stands
Photo 5: Lane Stadium from west side, looking east.",2021-07,Lane Stadium,37.22013,-80.41811,stadium,Virginia,Montgomery County,United States,VirginiaTech
comment,2021-07-07,3,"Photo taken next to Washington Street at Lot 1
Photo 6: West end of Drill Field looking northeast toward Burruss in background.",2021-07,Washington Street,14.66718,121.12179,street,Calabarzon,Province of Rizal,Philippines,VirginiaTech
comment,2021-07-07,3,"Photo taken next to Washington Street at Lot 1
Photo 6: West end of Drill Field looking northeast toward Burruss in background.",2021-07,Burruss School,33.94316,-84.57827,school,Georgia,Cobb County,United States,VirginiaTech
comment,2021-07-07,3,Photo 7: Davidson Hall from West Campus Drive looking northeast.,2021-07,Davidson Hall,40.48417,-74.43778,building(s),New Jersey,Middlesex County,United States,VirginiaTech
comment,2021-07-06,14,It was taken on the old Southgate where you used to come in off of 460.,2021-07,Southgate,51.61667,-0.1,populated place,England,Greater London,United Kingdom,VirginiaTech
comment,2021-07-06,14,It was taken on the old Southgate where you used to come in off of 460.,2021-07,Interchange 460,32.67072,-96.94715,road junction,Texas,Dallas County,United States,VirginiaTech
comment,2021-07-06,14,"Not sure when you were at tech/if you’re there now, so you might already know, but for those who don’t, the exit off of 460 was only built in 2018.",2021-07,Interchange 460,32.67072,-96.94715,road junction,Texas,Dallas County,United States,VirginiaTech
comment,2021-07-06,14,Southgate used to keep going straight through the duckpond drive traffic circle and eventually ended at a stoplight where you could get on and off of 460.,2021-07,Southgate,42.21393,-83.19381,populated place,Michigan,Wayne County,United States,VirginiaTech
comment,2021-07-06,14,Southgate used to keep going straight through the duckpond drive traffic circle and eventually ended at a stoplight where you could get on and off of 460.,2021-07,Interchange 460,32.67072,-96.94715,road junction,Texas,Dallas County,United States,VirginiaTech
comment,2021-07-06,14,"And if you get on 460 west off of Southgate Dr, and keep an eye out to your right, you can see where the intersection used to be (there’s a gate and a big clearing).",2021-07,Interchange 460,32.67072,-96.94715,road junction,Texas,Dallas County,United States,VirginiaTech
comment,2021-07-06,5,not sure where Southgate ended up back then.,2021-07,Southgate,51.61667,-0.1,populated place,England,Greater London,United Kingdom,VirginiaTech
comment,2021-07-06,9,"We made Lane loud, then we added structures to keep it loud, e.g.",2021-07,Siltcoos,43.88901,-124.06373,populated place,Oregon,Lane County,United States,VirginiaTech
comment,2021-07-06,9,"The conventional bleachers that existed in front of the SEZ scoreboard were torn down and a new bleacher section established on the North, along with a shiny new scoreboard complete with fancy shiny new Jumbotron.",2021-07,Sedona Airport,34.84863,-111.78904,airport,Arizona,Yavapai County,United States,VirginiaTech
comment,2021-07-06,8,"Yes, Southgate when it was a useful road.",2021-07,Southgate,51.61667,-0.1,populated place,England,Greater London,United Kingdom,VirginiaTech
comment,2021-07-06,8,"The interchange was sorely needed and the diverging diamond works well (except for the awful off ramp from 460 eastbound, with the too-tight curve onto the overpass).",2021-07,Interchange 460,32.67072,-96.94715,road junction,Texas,Dallas County,United States,VirginiaTech
comment,2021-07-06,8,"Old Southgate was a straight-arrow road from Beamer Way to the bypass, with a 45 MPH speed limit once past Duck Pond Dr.",2021-07,Southgate Old Mill Park,39.12344,-76.61635,park,Maryland,Anne Arundel County,United States,VirginiaTech
comment,2021-07-06,8,Not sure how it works for football traffic but at times it is quicker to go to the S. Main exit on 460 and double back to get to places on S. Main instead of using what used to be a reasonable shortcut on Southgate.,2021-07,Interchange 460,32.67072,-96.94715,road junction,Texas,Dallas County,United States,VirginiaTech
comment,2021-07-06,8,Not sure how it works for football traffic but at times it is quicker to go to the S. Main exit on 460 and double back to get to places on S. Main instead of using what used to be a reasonable shortcut on Southgate.,2021-07,Southgate,34.23871,-83.90685,populated place,Georgia,Hall County,United States,VirginiaTech
comment,2021-07-06,6,"You can see where south gate drive would have continued straight, eventually perpendicular to 460.",2021-07,Interchange 460,32.67072,-96.94715,road junction,Texas,Dallas County,United States,VirginiaTech
comment,2021-07-07,2,"And, to go back just a few more years, the stoplight was not at the intersection of Southgate and 460 when I moved to Blacksburg.",2021-07,Southgate,34.23871,-83.90685,populated place,Georgia,Hall County,United States,VirginiaTech
comment,2021-07-07,2,"And, to go back just a few more years, the stoplight was not at the intersection of Southgate and 460 when I moved to Blacksburg.",2021-07,Interchange 460,32.67072,-96.94715,road junction,Texas,Dallas County,United States,VirginiaTech
comment,2021-07-07,2,"And, to go back just a few more years, the stoplight was not at the intersection of Southgate and 460 when I moved to Blacksburg.",2021-07,Blacksburg,35.12124,-81.51592,populated place,South Carolina,Cherokee County,United States,VirginiaTech
comment,2021-07-07,2,"Also, West Campus Drive used to run behind Engel Hall, not between Engel and Hillcrest.",2021-07,Engel Hall,40.77583,-96.65335,building(s),Nebraska,Lancaster County,United States,VirginiaTech
comment,2021-07-07,2,"Also, West Campus Drive used to run behind Engel Hall, not between Engel and Hillcrest.",2021-07,De Engel,52.24167,4.5375,populated place,South Holland,Gemeente Lisse,The Netherlands,VirginiaTech
comment,2021-07-07,2,"Also, West Campus Drive used to run behind Engel Hall, not between Engel and Hillcrest.",2021-07,Hillcrest,40.34868,-80.03311,populated place,Pennsylvania,Allegheny County,United States,VirginiaTech
comment,2021-07-07,2,showing West Campus running through the area where Cheatham Hall is.,2021-07,West Campus,34.67943,-82.8396,building(s),South Carolina,Pickens County,United States,VirginiaTech
comment,2021-07-07,2,showing West Campus running through the area where Cheatham Hall is.,2021-07,Cheatham Hall,37.22402,-80.42255,building(s),Virginia,Montgomery County,United States,VirginiaTech
comment,2021-07-06,5,460 was a 4 lane road with stop lights until the turn after what is now Sheetz.,2021-07,Interchange 460,32.67072,-96.94715,road junction,Texas,Dallas County,United States,VirginiaTech
comment,2021-07-06,5,"We never came in via South Main,  always 460 to Southgate.",2021-07,South Main,49.25764,-123.10114,section of populated place,British Columbia,Metro Vancouver Regional District,Canada,VirginiaTech
comment,2021-07-06,5,"We never came in via South Main,  always 460 to Southgate.",2021-07,Southgate,51.61667,-0.1,populated place,England,Greater London,United Kingdom,VirginiaTech
comment,2021-07-06,5,It was here at least 10 years before the new Southgate interchange.,2021-07,Southgate,51.61667,-0.1,populated place,England,Greater London,United Kingdom,VirginiaTech
comment,2021-07-06,2,The section around Blacksburg was around since the '70s.,2021-07,Blacksburg,35.12124,-81.51592,populated place,South Carolina,Cherokee County,United States,VirginiaTech
comment,2021-07-06,4,Ahh I figured there must’ve been some sort of connection to 460 (like every other road in Blacksburg) Thanks for the info!,2021-07,Interchange 460,32.67072,-96.94715,road junction,Texas,Dallas County,United States,VirginiaTech
comment,2021-07-06,4,Ahh I figured there must’ve been some sort of connection to 460 (like every other road in Blacksburg) Thanks for the info!,2021-07,Blacksburg,37.81874,-79.3192,populated place,Virginia,Rockbridge County,United States,VirginiaTech
comment,2021-07-07,1,It was here at least 10 years before the new Southgate interchange.,2021-07,Southgate,51.61667,-0.1,populated place,England,Greater London,United Kingdom,VirginiaTech
comment,2021-07-07,1,"Many towns had bypasses (the Christiansburg Bypass was an early one, while it wasn't until the late '70s that 460 was four-laned through Giles County).",2021-07,Ayyrylym #460,45.46588,55.07752,railroad siding,Mangystau,,Kazakhstan,VirginiaTech
comment,2021-07-07,1,"Many towns had bypasses (the Christiansburg Bypass was an early one, while it wasn't until the late '70s that 460 was four-laned through Giles County).",2021-07,Giles County,37.31403,-80.70374,second-order administrative division,Virginia,Giles County,United States,VirginiaTech
comment,2021-07-07,1,"There were at-grade intersections with Southgate (which was extended from Duck Pond Drive at the time), Prices Fork Road (with stop signs at first), and Toms Creek Road (although interchanges were planned for each intersection).",2021-07,Southgate,34.23871,-83.90685,populated place,Georgia,Hall County,United States,VirginiaTech
comment,2021-07-07,1,"There were at-grade intersections with Southgate (which was extended from Duck Pond Drive at the time), Prices Fork Road (with stop signs at first), and Toms Creek Road (although interchanges were planned for each intersection).",2021-07,Blacksburg Volunteer Fire Department Station 2,37.21851,-80.45477,building(s),Virginia,Montgomery County,United States,VirginiaTech
comment,2021-07-07,1,in the mid-70s as the town (mainly Hethwood) expanded across the bypass.,2021-07,Hethwood,37.21541,-80.45394,populated place,Virginia,Montgomery County,United States,VirginiaTech
comment,2021-07-07,1,"Toms Creek was next, pushed for after a popular Blacksburg High School student was killed in a traffic accident there.",2021-07,Toms River,39.95373,-74.19792,seat of a second-order administrative division,New Jersey,Ocean County,United States,VirginiaTech
comment,2021-07-07,1,"Southgate was last, held up by the town and the CRC.",2021-07,Southgate,51.61667,-0.1,populated place,England,Greater London,United Kingdom,VirginiaTech
comment,2021-07-07,1,"The town wasn't keen on the location of ""new"" Southgate from Tech Center Dr. to Hubbard St., planned to bypass Airport Rd.",2021-07,Southgate,34.23871,-83.90685,populated place,Georgia,Hall County,United States,VirginiaTech
comment,2021-07-07,1,"The town wasn't keen on the location of ""new"" Southgate from Tech Center Dr. to Hubbard St., planned to bypass Airport Rd.",2021-07,Hampton Inn Cleveland Airport-Tiedeman Rd,41.42519,-81.75962,hotel,Ohio,Cuyahoga County,United States,VirginiaTech
comment,2021-07-07,1,"The eastern changes to Southgate were eventually killed off, the interchange location was a compromise between using the current Southgate location and a CRC interchange -- facilitated by the FAA demanding increased clear zones at the ends of the runway (which was to be extended anyway), which did in the dairy farm complex (solving the problem of ""cow smells"").",2021-07,Southgate,43.12462,-81.36614,populated place,Ontario,Middlesex County,Canada,VirginiaTech
comment,2021-07-07,1,"The eastern changes to Southgate were eventually killed off, the interchange location was a compromise between using the current Southgate location and a CRC interchange -- facilitated by the FAA demanding increased clear zones at the ends of the runway (which was to be extended anyway), which did in the dairy farm complex (solving the problem of ""cow smells"").",2021-07,Southgate,43.12462,-81.36614,populated place,Ontario,Middlesex County,Canada,VirginiaTech
comment,2021-07-07,1,The speed limit may have been dropped on Southgate.,2021-07,Southgate,51.61667,-0.1,populated place,England,Greater London,United Kingdom,VirginiaTech
comment,2021-07-07,1,"South Main was 40 or 45, but the town lowered it -- as it has done all over town.",2021-07,South Main,49.25764,-123.10114,section of populated place,British Columbia,Metro Vancouver Regional District,Canada,VirginiaTech
comment,2021-07-07,1,It lowered the speed limit on four-lane Patrick Henry from 35 to 25 MPH (mainly due to stupid students who walked out into traffic) and has artificially low limits in other parts of town.,2021-07,Patrick Henry,37.02792,-78.89834,populated place,Virginia,Charlotte County,United States,VirginiaTech
comment,2021-07-07,1,The traffic lights on Prices Fork from Plantation Rd.,2021-07,Price Fork,38.09845,-80.69926,stream,West Virginia,Greenbrier County,United States,VirginiaTech
comment,2021-07-07,1,"If you get a red light at Plantation, you will probably get red lights all the way to the town limits (supposedly to collect traffic into blocks to better utilize road capacity).",2021-07,Plantation,26.13421,-80.23184,populated place,Florida,Broward County,United States,VirginiaTech
comment,2021-07-07,1,"to at least Airport Road are supposed to be synchronized, but rarely work that way since side-street traffic gets priority at the lights.",2021-07,Airport Road,25.3189,68.3631,road,Sindh,,Pakistan,VirginiaTech
comment,2020-03-08,1,A deli type place in the West End market.,2020-03,West End,51.51235,-0.14358,section of populated place,England,Greater London,United Kingdom,VirginiaTech
comment,2022-01-26,45,"Glad it didn't puncture the battery, then everyone in the room could add lithium poisoning to the long list of shitty things that happened to them in mcbryde",2022-01,McBryde Quadrangle,33.99404,-81.02759,building(s),South Carolina,Richland County,United States,VirginiaTech
comment,2022-01-26,31,"Time to close McBryde and all the walkways around it, rerouting everything through the Norris tunnel as the only way to get to Turner’s

All in the name of reasonable renovations",2022-01,McBryde Hall,37.23041,-80.422,building(s),Virginia,Montgomery County,United States,VirginiaTech
comment,2022-01-26,31,"Time to close McBryde and all the walkways around it, rerouting everything through the Norris tunnel as the only way to get to Turner’s

All in the name of reasonable renovations",2022-01,Norris,37.53216,-119.31874,,California,Madera County,United States,VirginiaTech
comment,2022-01-26,31,"Time to close McBryde and all the walkways around it, rerouting everything through the Norris tunnel as the only way to get to Turner’s

All in the name of reasonable renovations",2022-01,Turners Falls,42.6112,-72.55287,overfalls,Massachusetts,Franklin County,United States,VirginiaTech
comment,2022-01-26,66,"2 years ago in Saunders, the air conditioning broke (this was early Fall semester, it was 80+ degrees in the room), and a ceiling tile got soaked with water and almost fell on someone’s head.",2022-01,Mead,41.22778,-96.4878,populated place,Nebraska,Saunders County,United States,VirginiaTech
comment,2022-01-26,46,"Back in 91 my chem class in Davidson got to experience the professor doing the ""challenger"" demonstration.",2022-01,Davidson County,36.17069,-86.77753,second-order administrative division,Tennessee,Davidson County,United States,VirginiaTech
comment,2021-12-09,10,I mean once you walk through Pritchard after that first month in September you'll believe anything is possible.,2021-12,Prichard,41.25508,-76.13437,populated place,Pennsylvania,Luzerne County,United States,VirginiaTech
comment,2021-12-09,7,The furniture in the sociology lounge in Mcbride is older than easily 90% of the student body.,2021-12,McBride,40.79756,-79.9245,populated place,Pennsylvania,Butler County,United States,VirginiaTech
comment,2024-12-10,15,I was in Cassell that day and every other speech is totally forgotten for me.,2024-12,Cassell,43.20666,-89.87512,populated place,Wisconsin,Sauk County,United States,VirginiaTech
comment,2022-03-02,21,Let’s go Ukraine!,2022-03,Ukraine,49.0,32.0,independent political entity,,,Ukraine,VirginiaTech
comment,2022-03-02,19,"For anyone interested in supporting Ukraine, you can donate to a few different organizations helping the cause [here](https://www.washingtonpost.com/world/2022/02/27/how-to-help-ukraine/)

Fuck Putin!",2022-03,Ukraine,49.0,32.0,independent political entity,,,Ukraine,VirginiaTech
comment,2022-03-02,-19,If only they weren’t West Virginia colors,2022-03,West Virginia,38.50038,-80.50009,first-order administrative division,West Virginia,,United States,VirginiaTech
comment,2022-03-03,3,"I heard Putin bows to his glorious Red puppet-master, Winnie the Pooh, in Beijing no less than 5 times a day.",2022-03,Beijing,39.9075,116.39723,capital of a political entity,Beijing,Beijing,China,VirginiaTech
comment,2022-03-03,3,Putin is a perfect puppet for Beijing; he even waited to invade Ukraine until 4 days after the Beijing Olympics were over.,2022-03,Beijing,39.9075,116.39723,capital of a political entity,Beijing,Beijing,China,VirginiaTech
comment,2022-03-03,3,Putin is a perfect puppet for Beijing; he even waited to invade Ukraine until 4 days after the Beijing Olympics were over.,2022-03,Ukraine,49.0,32.0,independent political entity,,,Ukraine,VirginiaTech
comment,2022-03-03,1,"His Red puppet masters in Beijing sure know how to make him dance; it’s just like the alliance between Hitler and Stalin, carving up zones of influence.",2022-03,Beijing,39.9075,116.39723,capital of a political entity,Beijing,Beijing,China,VirginiaTech
comment,2022-03-03,1,"It was Hong Kong yesterday, it is Ukraine today, and it will be Taiwan tomorrow.",2022-03,Hong Kong Special Administrative Region,22.25,114.16667,semi-independent political entity,,,Hong Kong,VirginiaTech
comment,2022-03-03,1,"It was Hong Kong yesterday, it is Ukraine today, and it will be Taiwan tomorrow.",2022-03,Ukraine,49.0,32.0,independent political entity,,,Ukraine,VirginiaTech
comment,2022-03-03,1,"It was Hong Kong yesterday, it is Ukraine today, and it will be Taiwan tomorrow.",2022-03,Taiwan,24.0,121.0,independent political entity,,,Taiwan,VirginiaTech
comment,2022-03-03,1,"At least Zelensky isn’t a CCP shill and puppet who sold out his country to Beijing, like Putin.",2022-03,Beijing,39.9075,116.39723,capital of a political entity,Beijing,Beijing,China,VirginiaTech
comment,2022-03-03,1,"He actually had enough backbone to stand up to Red China and the CCP’s human rights violations, instead of selling out to Red financiers, exemplified by Ukraine blocking their rail shipments.",2022-03,Ukraine,49.0,32.0,independent political entity,,,Ukraine,VirginiaTech
comment,2022-03-03,1,It is Ukraine today and it will be Taiwan tomorrow.,2022-03,Ukraine,49.0,32.0,independent political entity,,,Ukraine,VirginiaTech
comment,2022-03-03,1,It is Ukraine today and it will be Taiwan tomorrow.,2022-03,Taiwan,24.0,121.0,independent political entity,,,Taiwan,VirginiaTech
comment,2022-03-03,1,I guess us proudly showing our support for our close allies in Taiwan by lighting up Burusss Hall in the colors of the ROC flag will also be “meaningless virtue signaling”?,2022-03,Taiwan,24.0,121.0,independent political entity,,,Taiwan,VirginiaTech
comment,2022-03-03,1,I guess us proudly showing our support for our close allies in Taiwan by lighting up Burusss Hall in the colors of the ROC flag will also be “meaningless virtue signaling”?,2022-03,Rochester,43.15478,-77.61556,seat of a second-order administrative division,New York,Monroe County,United States,VirginiaTech
comment,2022-03-03,1,"Or when people around the world protested against China’s treatment of the Hong Kong protestors, and donated millions to pro-democracy causes, they were just doing acts of “meaningless virtue signaling”?",2022-03,People’s Republic of China,35.0,105.0,independent political entity,,,China,VirginiaTech
comment,2022-03-03,1,"Or when people around the world protested against China’s treatment of the Hong Kong protestors, and donated millions to pro-democracy causes, they were just doing acts of “meaningless virtue signaling”?",2022-03,Hong Kong,22.27832,114.17469,capital of a political entity,,,Hong Kong,VirginiaTech
comment,2022-03-02,7,"Sure, a Reddit post isn’t physically accomplishing anything but it’s spreading awareness and general sense of togetherness in being united against Russia.",2022-03,Russian Federation,60.0,100.0,independent political entity,,,Russia,VirginiaTech
comment,2022-03-02,7,Look at what is actually happening on the ground in Ukraine.,2022-03,Ukraine,49.0,32.0,independent political entity,,,Ukraine,VirginiaTech
comment,2022-03-04,3,"(I have had a number of professors and students from Eastern Europe; some of them Russian, Finnish, Bulgarian, Romanian, Yiddish, Serb, Balt, etc.).",2022-03,Eastern Europe,51.72703,28.38867,region,,,,VirginiaTech
comment,2020-09-08,16,Roanoke street and Harding were loaded with dozens of students day drinking yesterday.,2020-09,Roanoke-Randolph Street Historic District,40.70254,-89.59732,park,Illinois,Peoria County,United States,VirginiaTech
comment,2020-09-08,16,Roanoke street and Harding were loaded with dozens of students day drinking yesterday.,2020-09,Harding County,35.85794,-103.81993,second-order administrative division,New Mexico,Harding County,United States,VirginiaTech
comment,2020-09-08,21,"Not tech, but I heard some jmu kids were driving all the way to Warrenton to get tested.",2020-09,Warrenton,38.71345,-77.79527,seat of a second-order administrative division,Virginia,Fauquier County,United States,VirginiaTech
comment,2020-09-08,4,If you look at the vdh for Blacksburg though for yesterday for instance.,2020-09,Blacksburg,37.81874,-79.3192,populated place,Virginia,Rockbridge County,United States,VirginiaTech
comment,2020-09-08,4,Which if we assume starting at 200 would be a total of 705 for Blacksburg.,2020-09,Blacksburg,35.12124,-81.51592,populated place,South Carolina,Cherokee County,United States,VirginiaTech
comment,2020-09-08,3,"They only get counted on VDH if the residence they provide when tested is in the Blacksburg zip code, not say, where their parents live, for example.",2020-09,Blacksburg,37.81874,-79.3192,populated place,Virginia,Rockbridge County,United States,VirginiaTech
comment,2020-09-08,0,"What I read was people being disappointed that they got a busy signal, being concerned, and going to get a test elsewhere anyway (with a sprinkling of ""I was told I have to wait 5 days - screw it I'm driving to Roanoke to get a test).",2020-09,Roanoke,37.27097,-79.94143,seat of a second-order administrative division,Virginia,City of Roanoke,United States,VirginiaTech
comment,2022-02-05,8,"And it's not even close

The person that delivered this food has a much much much more dangerous job than these cops 

https://www.facilities.udel.edu/safety/4689/

Every doordash driver in america has a more dangerous job than cops",2022-02,United States,39.76,-98.5,independent political entity,,,United States,VirginiaTech
comment,2025-10-05,3,"Hokie fam member here, can you share your walk to the stadium from your transportation so we can get the hokies on it?",2025-10,The Old Hokie House,41.75511,-70.49781,building(s),Massachusetts,Barnstable County,United States,VirginiaTech
comment,2025-10-05,3,"We parked at Historic Smithfield, walked on the trail by the Hokie stone staging area, through the AG parking lot, Washington through Cassell lot through Gate 4.",2025-10,Smithfield Historic District,36.98182,-76.63246,park,Virginia,Isle of Wight County,United States,VirginiaTech
comment,2025-10-05,3,"We parked at Historic Smithfield, walked on the trail by the Hokie stone staging area, through the AG parking lot, Washington through Cassell lot through Gate 4.",2025-10,Washington,47.50012,-120.50147,first-order administrative division,Washington,,United States,VirginiaTech
comment,2025-10-05,3,"We parked at Historic Smithfield, walked on the trail by the Hokie stone staging area, through the AG parking lot, Washington through Cassell lot through Gate 4.",2025-10,Cassell,43.20666,-89.87512,populated place,Wisconsin,Sauk County,United States,VirginiaTech
comment,2025-10-05,3,"We parked at Historic Smithfield, walked on the trail by the Hokie stone staging area, through the AG parking lot, Washington through Cassell lot through Gate 4.",2025-10,Gate 4,47.6497,-122.3057,,Washington,King County,United States,VirginiaTech
comment,2023-02-17,3,"I remember them interviewing people on Center Street again, and someone said they specifically picked VT because of this video.",2023-02,Main Street Center,37.53959,-77.43721,building(s),Virginia,City of Richmond,United States,VirginiaTech
comment,2023-02-17,7,Center Street before what I think was the multi-OT game vs UNC.,2023-02,Court Street Center,39.10611,-84.51861,building(s),Ohio,Hamilton County,United States,VirginiaTech
comment,2020-11-20,2,Can’t believe you chose sadness in Indiana over sadness in Blacksburg smh,2020-11,Indiana,40.00032,-86.25027,first-order administrative division,Indiana,,United States,VirginiaTech
comment,2020-11-20,2,Can’t believe you chose sadness in Indiana over sadness in Blacksburg smh,2020-11,Blacksburg,35.12124,-81.51592,populated place,South Carolina,Cherokee County,United States,VirginiaTech
comment,2020-02-24,55,"It's funny how depending on the season, Tech can look like a mystical Hogwarts wonderland and in this picture looks like West Point or some military base, lol",2020-02,Tech,42.58935,3.04426,stream,Occitanie,,France,VirginiaTech
comment,2020-02-24,55,"It's funny how depending on the season, Tech can look like a mystical Hogwarts wonderland and in this picture looks like West Point or some military base, lol",2020-02,Burns Point,41.21121,-73.04955,cape,Connecticut,South Central Connecticut Planning Region,United States,VirginiaTech
comment,2020-02-24,19,"Here's two more of the lower Quad and of Lane Stadium :)

[https://imgur.com/a/JwCs180](https://imgur.com/a/JwCs180)",2020-02,Quad,40.77078,-111.75827,populated place,Utah,Salt Lake County,United States,VirginiaTech
comment,2020-02-24,19,"Here's two more of the lower Quad and of Lane Stadium :)

[https://imgur.com/a/JwCs180](https://imgur.com/a/JwCs180)",2020-02,Lane Stadium,37.22013,-80.41811,stadium,Virginia,Montgomery County,United States,VirginiaTech
comment,2020-02-24,8,There are a lot of people who learn to fly out of the Blacksburg airport.,2020-02,Blacksburg,37.22957,-80.41394,populated place,Virginia,Montgomery County,United States,VirginiaTech
comment,2020-02-24,8,"If you want to see what's flying overhead, I'm currently monitoring the local aircraft self reported positions in the NRV (and well beyond).",2020-02,Nariyar,26.24038,85.21764,railroad station,Bihar,Muzaffarpur,India,VirginiaTech
comment,2019-09-27,21,The early 90s was an amazing time in Blacksburg.,2019-09,Blacksburg,35.12124,-81.51592,populated place,South Carolina,Cherokee County,United States,VirginiaTech
comment,2019-09-27,13,"To be fair, that’s how it felt living in Pritchard too.",2019-09,Prichard,41.25508,-76.13437,populated place,Pennsylvania,Luzerne County,United States,VirginiaTech
comment,2019-09-27,7,Galileo and Hypatia have difficulty keeping upperclassmen in the program literally because Lee Hall and living on campus in general (especially this year) is such garbage,2019-09,Lee Hall,46.55806,-87.39917,building(s),Michigan,Marquette County,United States,VirginiaTech
comment,2019-09-27,2,"As a former Pritchard resident, I cackled.",2019-09,Prichard,41.25508,-76.13437,populated place,Pennsylvania,Luzerne County,United States,VirginiaTech
comment,2019-09-28,1,I'm currently on the first floor of Pritchard facing the pit.,2019-09,Prichard,41.25508,-76.13437,populated place,Pennsylvania,Luzerne County,United States,VirginiaTech
comment,2019-09-27,5,I’ve got a great view of them coming down Washington every night!,2019-09,Washington,47.50012,-120.50147,first-order administrative division,Washington,,United States,VirginiaTech
comment,2019-09-28,1,"Just did an internet speed test from my dorm in the first floor of Pritchard on my phone, I got 189 Mbps down and 298 Mbps with a multi connection.",2019-09,Prichard,41.25508,-76.13437,populated place,Pennsylvania,Luzerne County,United States,VirginiaTech
comment,2019-09-28,2,I lived in Lee but that was also the rumor that my friends who live in Pritchatd told me when we lived on campus in '91-'92,2019-09,Lee County,31.77951,-84.14113,second-order administrative division,Georgia,Lee County,United States,VirginiaTech
comment,2020-09-02,2,That's still better than most of the USA iirc,2020-09,United States,39.76,-98.5,independent political entity,,,United States,VirginiaTech
comment,2020-09-02,3,"My guess is test results are taking longer because Shiffert doesn’t run the test themselves, they ship it off to a lab, there’s really not that many labs in the US and colleges everywhere are having outbreaks so they’re getting backed up.",2020-09,United States,39.76,-98.5,independent political entity,,,United States,VirginiaTech
comment,2020-09-02,10,Tech actual runs them at Fralin,2020-09,Fralin Bridge,36.93403,-79.7167,bridge,Virginia,Franklin County,United States,VirginiaTech
comment,2020-09-02,9,"Fralin in Roanoke, which is now back to also processing tests from around the NRV, not just VT.",2020-09,Roanoke,37.27097,-79.94143,seat of a second-order administrative division,Virginia,City of Roanoke,United States,VirginiaTech
comment,2020-09-02,9,"Fralin in Roanoke, which is now back to also processing tests from around the NRV, not just VT.",2020-09,Vermont,44.00034,-72.74983,first-order administrative division,Vermont,,United States,VirginiaTech
post,2020-08-12,501,I rebuilt a chair from Cassel Coliseum with original 1962 parts that were being tossed!,2020-08,Cassel Coliseum,37.22263,-80.41922,building(s),Virginia,Montgomery County,United States,VirginiaTech
comment,2020-08-12,45,"First and foremost, I want to thank Reddit for bringing awareness to the recent May 2020 renovations that to my knowledge have removed the last of the original 1962 wooden seats in Cassel Coliseum.",2020-08,Cassel Coliseum,37.22263,-80.41922,building(s),Virginia,Montgomery County,United States,VirginiaTech
comment,2020-08-12,2,Hokie proud,2020-08,The Old Hokie House,41.75511,-70.49781,building(s),Massachusetts,Barnstable County,United States,VirginiaTech
comment,2020-08-13,1,Are you in Hampton Roads?,2020-08,Hampton Roads,36.97515,-76.34967,harbor(s),Virginia,City of Hampton,United States,VirginiaTech
comment,2020-08-13,1,Poquoson River?,2020-08,Poquoson River,37.16848,-76.38578,stream,Virginia,City of Poquoson,United States,VirginiaTech
comment,2020-08-13,4,I live off the cul-de-sac a the end of Calthrop Neck.,2020-08,Calthrop Neck,37.14264,-76.42078,cape,Virginia,York County,United States,VirginiaTech
comment,2020-09-04,0,I thought everyone should be tested here in VT. Well for on-campus students at least.,2020-09,Vermont,44.00034,-72.74983,first-order administrative division,Vermont,,United States,VirginiaTech
post,2021-07-18,490,When you're far away from Blacksburg and run into someone who is also wearing VT gear,2021-07,Blacksburg,36.75428,-81.8204,populated place,Virginia,Washington County,United States,VirginiaTech
comment,2021-07-18,46,"I was walking through an airport in Montana at like 6:30 in the morning and the place was deserted and lo and behold I hear at a distance "" let's go Hokies""!",2021-07,Montana,47.00025,-109.75102,first-order administrative division,Montana,,United States,VirginiaTech
comment,2021-07-19,10,Had this happen in Switzerland and I was so caught off guard,2021-07,Switzerland,47.00016,8.01427,independent political entity,,,Switzerland,VirginiaTech
comment,2021-07-19,7,me 3 years ago at the guinness storehouse in ireland :0,2021-07,Ireland,53.0,-8.0,independent political entity,,,Ireland,VirginiaTech
comment,2021-07-19,7,"On my typical \~40 mile morning commute in Jersey, I often see the same two cars with hokie stickers and magnets, and there is often a friendly wave shared between the other drivers and me.",2021-07,Bailiwick of Jersey,49.21667,-2.11667,political entity,,,Jersey,VirginiaTech
comment,2021-07-19,5,Happened in Alaska to me!,2021-07,Alaska,64.00028,-150.00028,first-order administrative division,Alaska,,United States,VirginiaTech
comment,2021-07-19,4,"Driving along the 210 west of Pasadena many, many years ago a car overtook my wife's, honked, gave the thumbs up and mouthed something.",2021-07,Fredensborg Kommune,55.95,12.45,second-order administrative division,Capital Region,Fredensborg Kommune,Denmark,VirginiaTech
comment,2021-07-19,4,"Driving along the 210 west of Pasadena many, many years ago a car overtook my wife's, honked, gave the thumbs up and mouthed something.",2021-07,Pasadena,34.14778,-118.14452,populated place,California,Los Angeles County,United States,VirginiaTech
comment,2021-07-19,3,Happened to me in an airport in Thailand lol,2021-07,Kingdom of Thailand,15.5,101.0,independent political entity,,,Thailand,VirginiaTech
comment,2021-07-19,3,Few years back I went to Disney World and saw more Hokies than I expected.,2021-07,Walt Disney World Resort,28.3722,-81.5494,amusement park,Florida,Orange County,United States,VirginiaTech
comment,2021-07-19,3,I used to travel a few times a year to China for work (Covid obviously stopped that).,2021-07,People’s Republic of China,35.0,105.0,independent political entity,,,China,VirginiaTech
comment,2021-07-19,3,There was a bar in Shanghai that had a VT pennant on the wall.,2021-07,Shanghai,31.22222,121.45806,seat of a first-order administrative division,Shanghai,Shanghai Municipality,China,VirginiaTech
comment,2021-07-19,3,"I love running into other Hokies away from Blacksburg, especially on the other side of the world.",2021-07,Blacksburg,37.81874,-79.3192,populated place,Virginia,Rockbridge County,United States,VirginiaTech
comment,2021-07-30,2,"Saw a hokie on a volcano in hawaii, they’re everywhere……..",2021-07,Island of Hawai‘i,19.54814,-155.66494,island,Hawaii,Hawaii County,United States,VirginiaTech
comment,2021-07-19,6,Same thing for me in Dortmund.,2021-07,Dortmund,51.51494,7.466,seat of a third-order administrative division,North Rhine-Westphalia,Regierungsbezirk Arnsberg,Germany,VirginiaTech
comment,2021-07-19,6,The farther away from Blacksburg it happens the more of an event it becomes.,2021-07,Blacksburg,35.12124,-81.51592,populated place,South Carolina,Cherokee County,United States,VirginiaTech
comment,2021-07-19,2,Hold up was this like a week ago in Seward?,2021-07,Seward,40.90418,-97.09837,,Nebraska,Seward County,United States,VirginiaTech
comment,2021-07-19,3,Came across two people from VT on the way to Thailand.,2021-07,Vermont,44.00034,-72.74983,first-order administrative division,Vermont,,United States,VirginiaTech
comment,2021-07-19,3,Came across two people from VT on the way to Thailand.,2021-07,Kingdom of Thailand,15.5,101.0,independent political entity,,,Thailand,VirginiaTech
comment,2021-07-19,1,Wow don't see that town mentioned much on reddit (or anywhere else) my family is from bear creek,2021-07,Bear Creek,45.49802,-88.52344,stream,Wisconsin,Forest County,United States,VirginiaTech
comment,2021-07-19,1,Yeah I ran into a cube car with a bunch of VT stickers the other weekend down in Seward and sprinted up to say whats up lmao,2021-07,Seward,40.90418,-97.09837,,Nebraska,Seward County,United States,VirginiaTech
comment,2023-03-28,35,Crowd in Seattle sounded great!,2023-03,Seattle,47.60621,-122.33207,seat of a second-order administrative division,Washington,King County,United States,VirginiaTech
comment,2023-03-28,15,Tennessee beat LSU a few weeks ago,2023-03,Tennessee,35.75035,-86.25027,first-order administrative division,Tennessee,,United States,VirginiaTech
comment,2023-03-28,21,They're flying straight to Dallas,2023-03,Dallas,32.78306,-96.80667,seat of a second-order administrative division,Texas,Dallas County,United States,VirginiaTech
comment,2023-03-28,18,Hoping Iowa can take care of SC,2023-03,Iowa,42.00027,-93.50049,first-order administrative division,Iowa,,United States,VirginiaTech
comment,2023-03-28,18,Hoping Iowa can take care of SC,2023-03,South Carolina,34.00043,-81.00009,first-order administrative division,South Carolina,,United States,VirginiaTech
comment,2023-03-28,17,it’s in dallas.,2023-03,Dallas,32.78306,-96.80667,seat of a second-order administrative division,Texas,Dallas County,United States,VirginiaTech
comment,2023-03-28,5,I definitely can’t go to Dallas.,2023-03,Dallas,32.78306,-96.80667,seat of a second-order administrative division,Texas,Dallas County,United States,VirginiaTech
comment,2024-10-28,86,We’re so sorry about Virginia drivers.,2024-10,Virginia,37.54812,-77.44675,first-order administrative division,Virginia,,United States,VirginiaTech
comment,2024-10-29,11,"Also there's the risk of the driver only no/low insurance policy (in Virginia that's currently only $30,000 for personal injury/death)

Basically her health insurance will pay whatever they pay more or less immediately, the remainder either gets paid out of pocket or becomes medical debt, then her family sues the other driver and their car insurance company, the either the insurance settles (slow) or they go to court (even slower), the other drivers car insurance then pays out according to their policy.",2024-10,Virginia,37.54812,-77.44675,first-order administrative division,Virginia,,United States,VirginiaTech
post,2021-11-23,483,**URGENT** Need a fake boyfriend for Thanksgiving Date Has to be someone staying in Blacksburg over break.,2021-11,Blacksburg,35.12124,-81.51592,populated place,South Carolina,Cherokee County,United States,VirginiaTech
comment,2021-11-24,3,About to send my son back to Blacksburg for the holiday.,2021-11,Blacksburg,35.12124,-81.51592,populated place,South Carolina,Cherokee County,United States,VirginiaTech
comment,2021-11-23,1, Make it $60 dollars and I am  in I am 21 and get to Blacksburg Wednesday the week of thanksgiving my name is Jack soyer,2021-11,Blacksburg,35.12124,-81.51592,populated place,South Carolina,Cherokee County,United States,VirginiaTech
comment,2025-11-26,10,Thoroughly enjoyed our first trip to Blacksburg this year and hope that we can play there again soon.,2025-11,Blacksburg,35.12124,-81.51592,populated place,South Carolina,Cherokee County,United States,VirginiaTech
comment,2025-11-26,6,Penn State: **WE WOULD DO ANYTHING TO GET RID OF JAMES FRANKLIN** damn the consequences get him out.,2025-11,Penn State Forum,40.8,-77.86667,building(s),Pennsylvania,Centre County,United States,VirginiaTech
comment,2025-11-26,4,Virginia Tech hopefully be back to being a top 10 team in Penn state's about to go to the dumpster for a while,2025-11,Elm,40.20398,-76.34885,populated place,Pennsylvania,Lancaster County,United States,VirginiaTech
comment,2025-11-26,6,He built it well and this Temu Michigan team was expecting to win championships.,2025-11,Temù,46.25022,10.46592,seat of a third-order administrative division,Lombardy,Provincia di Brescia,Italy,VirginiaTech
comment,2025-11-26,6,He built it well and this Temu Michigan team was expecting to win championships.,2025-11,Michigan,44.25029,-85.50033,first-order administrative division,Michigan,,United States,VirginiaTech
comment,2025-11-26,35,"The other 8 loses are Oregon (twice since they have joined), USC, Notre Dame (playoff last year), Iowa State, and when Michigan state had their big year.",2025-11,Notre Dame,41.70019,-86.23793,populated place,Indiana,Saint Joseph County,United States,VirginiaTech
comment,2025-11-26,35,"The other 8 loses are Oregon (twice since they have joined), USC, Notre Dame (playoff last year), Iowa State, and when Michigan state had their big year.",2025-11,Iowa,42.00027,-93.50049,first-order administrative division,Iowa,,United States,VirginiaTech
comment,2025-11-26,35,"The other 8 loses are Oregon (twice since they have joined), USC, Notre Dame (playoff last year), Iowa State, and when Michigan state had their big year.",2025-11,Michigan,44.25029,-85.50033,first-order administrative division,Michigan,,United States,VirginiaTech
comment,2025-11-26,35,Penn state was also on avg a +10.1 point dog in those games.,2025-11,Penn State Forum,40.8,-77.86667,building(s),Pennsylvania,Centre County,United States,VirginiaTech
comment,2025-11-26,35,This does not even include Oregon joining the league.,2025-11,Oregon,44.00013,-120.50139,first-order administrative division,Oregon,,United States,VirginiaTech
comment,2025-11-26,35,"What coach is out there that can close the roster gap on Ohio State, Oregon, and Michigan?",2025-11,Ohio,40.25034,-83.00018,first-order administrative division,Ohio,,United States,VirginiaTech
comment,2025-11-26,35,"What coach is out there that can close the roster gap on Ohio State, Oregon, and Michigan?",2025-11,Oregon,44.00013,-120.50139,first-order administrative division,Oregon,,United States,VirginiaTech
comment,2025-11-26,35,"What coach is out there that can close the roster gap on Ohio State, Oregon, and Michigan?",2025-11,Michigan,44.25029,-85.50033,first-order administrative division,Michigan,,United States,VirginiaTech
comment,2025-11-26,36,31 psu incoming commits went to blacksburg last week for a visit.,2025-11,Blacksburg,35.12124,-81.51592,populated place,South Carolina,Cherokee County,United States,VirginiaTech
comment,2025-11-27,2,"OSU and Michigan is currently much much better than Clemson, FSU and probably miami too.",2025-11,Michigan,44.25029,-85.50033,first-order administrative division,Michigan,,United States,VirginiaTech
comment,2025-11-27,2,"OSU and Michigan is currently much much better than Clemson, FSU and probably miami too.",2025-11,Miami,25.77427,-80.19366,seat of a second-order administrative division,Florida,Miami-Dade County,United States,VirginiaTech
comment,2025-11-27,2,"This comparison is so bad, you unjustly insult OSU and Michigan lol.",2025-11,Michigan,44.25029,-85.50033,first-order administrative division,Michigan,,United States,VirginiaTech
comment,2018-08-24,6,OP found the auxiliary D2 location.,2018-08,Hunebed D2,53.0556,6.44557,tomb(s),Drenthe,Gemeente Noordenveld,The Netherlands,VirginiaTech
comment,2020-12-25,36,I haven’t seen snow in years from going to school in Florida and bad luck.,2020-12,Florida,28.75054,-82.5001,first-order administrative division,Florida,,United States,VirginiaTech
comment,2021-05-10,3,"I think what contributes the most to the ""stylized"" aesthetic is the comparatively smooth texture of Burruss compared to the textured foliage.",2021-05,Burruss Hall,38.43944,-78.87222,building(s),Virginia,City of Harrisonburg,United States,VirginiaTech
comment,2020-10-22,2,"If you're just picking food up, it shouldn't really take longer than that walking to and from Owens.",2020-10,Kanawha City,38.32149,-81.58207,populated place,West Virginia,Kanawha County,United States,VirginiaTech
comment,2025-03-04,3,This is from a BBC article about the kids killed at Kent State.,2025-03,Kent State University,40.86672,-81.43873,school,Ohio,Stark County,United States,VirginiaTech
comment,2025-03-04,3,But he pardon the people who stormed the Capitol,2025-03,United States Capitol,38.88983,-77.00887,administrative facility,District of Columbia,,United States,VirginiaTech
comment,2025-03-04,7,"I suspect they will say something like for four hours, you can protest outside of Squires or on Henderson Lawn.",2025-03,Squires,42.17169,-88.09119,section of populated place,Illinois,Lake County,United States,VirginiaTech
comment,2025-03-04,7,Meet with Blacksburg police.,2025-03,Blacksburg,35.12124,-81.51592,populated place,South Carolina,Cherokee County,United States,VirginiaTech
comment,2025-03-04,7,I know the locals that are protesting in Christiansburg have met with the police department to make sure what they are doing is legal.,2025-03,Christiansborg Castle,55.67594,12.57952,castle,Capital Region,København,Denmark,VirginiaTech
comment,2025-03-04,16,All protests in America are legal so long as you abide by local requirements like not blocking rights of way or being on private property.,2025-03,United States,39.76,-98.5,independent political entity,,,United States,VirginiaTech
comment,2025-03-04,6,"Trump is very connected and identifies with New York City, and that's been a big story the last few days.",2025-03,New York City,40.71427,-74.00597,populated place,New York,,United States,VirginiaTech
comment,2025-03-05,4,"The ""free Palestine"" protest turned violent therefore police were called, and students were arrested.",2025-03,Palestine,31.92157,35.20329,semi-independent political entity,,,Palestinian Territory,VirginiaTech
comment,2022-10-15,10,"Damn, the crackheads of baltimore sellin their loot in tech",2022-10,Baltimore,39.29038,-76.61219,seat of a second-order administrative division,Maryland,City of Baltimore,United States,VirginiaTech
comment,2022-10-14,120,"Meet me here:

200 Clay St SW, Blacksburg, VA 24060",2022-10,Blacksburg,37.81874,-79.3192,populated place,Virginia,Rockbridge County,United States,VirginiaTech
comment,2022-10-14,120,"Meet me here:

200 Clay St SW, Blacksburg, VA 24060",2022-10,Virginia,37.54812,-77.44675,first-order administrative division,Virginia,,United States,VirginiaTech
comment,2020-04-09,19,I hate to say it but I love it when all you fuckers leave because Blacksburg is so nice in the summer and during winter break.,2020-04,Blacksburg,35.12124,-81.51592,populated place,South Carolina,Cherokee County,United States,VirginiaTech
comment,2020-04-09,3,Blacksburg would be an awful place for an outbreak.,2020-04,Blacksburg,37.81874,-79.3192,populated place,Virginia,Rockbridge County,United States,VirginiaTech
comment,2020-04-09,3,“Lowkey highkey” soooo many senior citizens that live in & around Blacksburg,2020-04,Blacksburg,35.12124,-81.51592,populated place,South Carolina,Cherokee County,United States,VirginiaTech
comment,2020-04-10,2,"I am alumni in China and never saw this before, it should be beautiful when nobody is in town.",2020-04,People’s Republic of China,35.0,105.0,independent political entity,,,China,VirginiaTech
comment,2020-04-09,0,"Yeah, I live about an hour away and I was thinking about just shopping I'm Blacksburg because the store to person ratio is super high.",2020-04,Blacksburg,35.12124,-81.51592,populated place,South Carolina,Cherokee County,United States,VirginiaTech
comment,2021-08-23,9,just ran into the dudes handing out the New Testament outside of Turner lol,2021-08,Turner,41.24061,-80.18645,populated place,Pennsylvania,Mercer County,United States,VirginiaTech
comment,2021-08-23,9,Not sure about any other branches of faith but usually there’s little to no overlap between a rural church in Appalachia and a Joel Oelstein style mega church.,2021-08,Appalachia,37.94632,-80.21925,region,,,United States,VirginiaTech
comment,2021-08-23,3,The church my mother attends back in Richmond has sister churches in Alleghany and Hanover counties.,2021-08,Richmond County,33.35963,-82.07355,second-order administrative division,Georgia,Richmond County,United States,VirginiaTech
comment,2021-08-23,3,The church my mother attends back in Richmond has sister churches in Alleghany and Hanover counties.,2021-08,Alleghany,37.74734,-80.24035,populated place,Virginia,Alleghany County,United States,VirginiaTech
comment,2021-08-23,3,The church my mother attends back in Richmond has sister churches in Alleghany and Hanover counties.,2021-08,Hanover,39.80066,-76.98304,populated place,Pennsylvania,York County,United States,VirginiaTech
comment,2020-09-02,85,Y’all forgot to add Alabama...Mfers got nearly 2000 cases in 2 weeks,2020-09,Alabama,32.75041,-86.75026,first-order administrative division,Alabama,,United States,VirginiaTech
comment,2020-09-02,97,"New cases in Montgomery County since 8/1

* 9/2/2020	68
* 9/1/2020	39
* 8/31/2020	16
* 8/30/2020	28
* 8/29/2020	22
* 8/28/2020	16
* 8/27/2020	7
* 8/26/2020	12
* 8/25/2020	5
* 8/24/2020	13
* 8/23/2020	12
* 8/22/2020	9
* 8/21/2020	12
* 8/20/2020	4
* 8/19/2020	0
* 8/18/2020	5
* 8/17/2020	5
* 8/16/2020	6
* 8/15/2020	6
* 8/14/2020	2
* 8/13/2020	1
* 8/12/2020	5
* 8/11/2020	2
* 8/10/2020	0
* 8/9/2020	4
* 8/8/2020	0
* 8/7/2020	5
* 8/6/2020	5
* 8/5/2020	3
* 8/3/2020	9
* 8/2/2020	5
* 8/1/2020	2


https://www.vdh.virginia.gov/coronavirus/coronavirus/covid-19-in-virginia-locality/


*The dates correspond to the previous day's reporting, ex: 8/2 numbers represent cases reported on 8/1.",2020-09,Montgomery County,37.17404,-80.387,second-order administrative division,Virginia,Montgomery County,United States,VirginiaTech
comment,2020-09-02,-15,...and that’s why Blacksburg residents like it better in the summer when the undergraduates are gone...,2020-09,Blacksburg,35.12124,-81.51592,populated place,South Carolina,Cherokee County,United States,VirginiaTech
comment,2020-09-02,36,Except for the fact that the majority of jobs wouldn’t exist in Blacksburg if not for the university.,2020-09,Blacksburg,37.22957,-80.41394,populated place,Virginia,Montgomery County,United States,VirginiaTech
comment,2020-09-02,36,Summer Blacksburg has a definite charm but let’s not pretend the city would look anything like it does alone.,2020-09,Blacksburg,35.12124,-81.51592,populated place,South Carolina,Cherokee County,United States,VirginiaTech
comment,2020-09-02,20,Off campus students are Blacksburg residents,2020-09,Blacksburg,37.81874,-79.3192,populated place,Virginia,Rockbridge County,United States,VirginiaTech
comment,2020-09-02,46,"Cases rising in Montgomery county are primarily students right now, but students still grocery shop and eat at restaurants and get gas and interact with the greater Montgomery county as a whole in other ways.",2020-09,Montgomery County,32.17336,-82.53482,second-order administrative division,Georgia,Montgomery County,United States,VirginiaTech
comment,2020-09-02,46,"Cases rising in Montgomery county are primarily students right now, but students still grocery shop and eat at restaurants and get gas and interact with the greater Montgomery county as a whole in other ways.",2020-09,Montgomery County,32.17336,-82.53482,second-order administrative division,Georgia,Montgomery County,United States,VirginiaTech
comment,2020-09-02,46,But I would be very surprised if the Montgomery county death toll does not also increase to a degree of statistical significance during the fall semester.,2020-09,Montgomery County,32.17336,-82.53482,second-order administrative division,Georgia,Montgomery County,United States,VirginiaTech
comment,2020-09-03,9,"This tactic is also known as The Swedish strategy, except it works worse in the US then it did in Sweden.",2020-09,United States,39.76,-98.5,independent political entity,,,United States,VirginiaTech
comment,2020-09-03,9,"This tactic is also known as The Swedish strategy, except it works worse in the US then it did in Sweden.",2020-09,Kingdom of Sweden,62.0,15.0,independent political entity,,,Sweden,VirginiaTech
comment,2020-09-03,13,Sweden is still doing far worse than its Nordic neighbors in cases and mortality.,2020-09,Kingdom of Sweden,62.0,15.0,independent political entity,,,Sweden,VirginiaTech
comment,2020-09-03,13,"They on average they have healthier citizens than that of the US, but still the ""screw it herd immunity strategy"" is taking its toll.",2020-09,United States,39.76,-98.5,independent political entity,,,United States,VirginiaTech
comment,2020-09-03,13,"The US is a walking health crisis as it is, but let's let a pandemic that preys on people that are already sickly.",2020-09,United States,39.76,-98.5,independent political entity,,,United States,VirginiaTech
comment,2022-09-08,86,Queen Elizabeth II visited Virginia in 2007 to commemorate the 400th Anniversary of the founding of Jamestown.,2022-09,Virginia,37.54812,-77.44675,first-order administrative division,Virginia,,United States,VirginiaTech
comment,2022-09-08,86,Queen Elizabeth II visited Virginia in 2007 to commemorate the 400th Anniversary of the founding of Jamestown.,2022-09,Jamestown,37.2082,-76.77413,populated place,Virginia,James City County,United States,VirginiaTech
comment,2022-09-09,6,They completely shut down  I-64 for her motorcade to drive from Richmond to Williamsburg.,2022-09,I-64 Lake,38.46033,-81.96636,reservoir(s),West Virginia,Putnam County,United States,VirginiaTech
comment,2022-09-09,6,They completely shut down  I-64 for her motorcade to drive from Richmond to Williamsburg.,2022-09,Richmond,37.55376,-77.46026,seat of a first-order administrative division,Virginia,City of Richmond,United States,VirginiaTech
comment,2022-09-09,6,They completely shut down  I-64 for her motorcade to drive from Richmond to Williamsburg.,2022-09,Williamsburg,37.2707,-76.70746,seat of a second-order administrative division,Virginia,City of Williamsburg,United States,VirginiaTech
comment,2022-09-09,6,"I, am a descendant of a revolutionary soldier who was at Valley Forge with George Washington and my coworker who was in the car with me that day is a descendant of Benjamin Harrison V who signed the Declaration of Independence.",2022-09,Valley Forge,34.25334,-118.07285,,California,Los Angeles County,United States,VirginiaTech
comment,2022-09-09,6,"We asked someone what was the cause of the massive traffic backup, (assuming there was a huge crash) and they said:  ""Oh haven't you heard the queen of England is in town.""",2022-09,England,52.16045,-0.70312,first-order administrative division,England,,United Kingdom,VirginiaTech
comment,2022-09-09,3,">queen of England

Did you mean the [Queen of the United Kingdom](https://en.wikipedia.org/wiki/Queen_of_the_United_Kingdom), the [Queen of Canada](https://en.wikipedia.org/wiki/Monarchy_of_Canada), the [Queen of Australia](https://en.wikipedia.org/wiki/Monarchy_of_Australia), etc?",2022-09,England,52.16045,-0.70312,first-order administrative division,England,,United Kingdom,VirginiaTech
comment,2022-09-09,3,"The last Queen of England was [Queen Anne](https://en.wikipedia.org/wiki/Anne,_Queen_of_Great_Britain) who, with the 1707 Acts of Union, dissolved the title of King/Queen of England.",2022-09,England,52.16045,-0.70312,first-order administrative division,England,,United Kingdom,VirginiaTech
comment,2022-09-09,3,"The last Queen of England was [Queen Anne](https://en.wikipedia.org/wiki/Anne,_Queen_of_Great_Britain) who, with the 1707 Acts of Union, dissolved the title of King/Queen of England.",2022-09,England,52.16045,-0.70312,first-order administrative division,England,,United Kingdom,VirginiaTech
comment,2022-09-09,3,"####FAQ

*Isn't she still also the Queen of England?",2022-09,England,52.16045,-0.70312,first-order administrative division,England,,United Kingdom,VirginiaTech
comment,2022-09-09,3,"*

This is only as correct as calling her the Queen of London or Queen of Hull; she is the Queen of the place that these places are in, but the title doesn't exist.",2022-09,London,51.50853,-0.12574,capital of a political entity,England,Greater London,United Kingdom,VirginiaTech
comment,2022-09-09,3,"*

This is only as correct as calling her the Queen of London or Queen of Hull; she is the Queen of the place that these places are in, but the title doesn't exist.",2022-09,Kingston upon Hull,53.7446,-0.33525,seat of a second-order administrative division,England,City of Kingston upon Hull,United Kingdom,VirginiaTech
post,2021-12-31,466,Didn't want to pay tons of money for a panoramic print of Lane Stadium...,2021-12,Lane Stadium,37.22013,-80.41811,stadium,Virginia,Montgomery County,United States,VirginiaTech
comment,2021-01-31,23,A huge breach of COVID safety regulations and actively endangering the entire Blacksburg community.,2021-01,Blacksburg,37.81874,-79.3192,populated place,Virginia,Rockbridge County,United States,VirginiaTech
comment,2021-02-01,2,Wish I was there instead of florida!,2021-02,Florida,28.75054,-82.5001,first-order administrative division,Florida,,United States,VirginiaTech
comment,2022-11-15,52,"This is why you just drive at night, I leave BBurg (or NOVA for that matter) at like midnight and cruise at 70-85 mph all the way.",2022-11,Nova,39.73176,-77.81944,populated place,Pennsylvania,Franklin County,United States,VirginiaTech
comment,2022-11-16,2,Yield to the right is common knowledge here in the US whether it’s highways or escalators.,2022-11,United States,39.76,-98.5,independent political entity,,,United States,VirginiaTech
comment,2022-11-16,2,Very common on I-81.,2022-11,I-81 Scenic View,40.6462,-76.42468,,Pennsylvania,Schuylkill County,United States,VirginiaTech
comment,2022-11-15,7,"on 460, combined with the last minute jerk of the steering wheel to get off the Downtown exit from the left lane.",2022-11,Interchange 460,32.67072,-96.94715,road junction,Texas,Dallas County,United States,VirginiaTech
comment,2022-11-15,7,"on 460, combined with the last minute jerk of the steering wheel to get off the Downtown exit from the left lane.",2022-11,Downtown,41.50478,-81.68567,populated place,Ohio,Cuyahoga County,United States,VirginiaTech
comment,2022-11-15,0,If everyone can stop doing this on Prices Fork that would be an amazing start!,2022-11,Price Fork,38.09845,-80.69926,stream,West Virginia,Greenbrier County,United States,VirginiaTech
comment,2022-11-15,0,We’re looking at you New Jersey.,2022-11,New Jersey,40.16706,-74.49987,first-order administrative division,New Jersey,,United States,VirginiaTech
comment,2022-11-15,-1,That interstate down in Huntsville Alabama (with nearby Madison) everybody goes about 100 and those slow people cause accidents.,2022-11,Huntsville,34.7304,-86.58594,seat of a second-order administrative division,Alabama,Madison County,United States,VirginiaTech
comment,2022-11-15,-1,That interstate down in Huntsville Alabama (with nearby Madison) everybody goes about 100 and those slow people cause accidents.,2022-11,Alabama,32.75041,-86.75026,first-order administrative division,Alabama,,United States,VirginiaTech
comment,2022-11-15,-1,That interstate down in Huntsville Alabama (with nearby Madison) everybody goes about 100 and those slow people cause accidents.,2022-11,Madison County,34.76309,-86.55021,second-order administrative division,Alabama,Madison County,United States,VirginiaTech
comment,2022-11-15,0,"Lots of travel between B'burg and Florida -- in addition to tailgaters the annoyance comes from drivers who micropass in the left lane (including and especially tractor trailers), stacking up traffic behind them.",2022-11,Florida,28.75054,-82.5001,first-order administrative division,Florida,,United States,VirginiaTech
comment,2022-11-15,1,"Careful with that 85, anything above 80 in Virginia is considered  reckless and can land ya in jail if you are unlucky with the cop",2022-11,Virginia,37.54812,-77.44675,first-order administrative division,Virginia,,United States,VirginiaTech
comment,2022-11-18,1,Got to nova in 3hrs lol,2022-11,Nova,64.48632,11.0805,valley,Trøndelag,Namsos,Norway,VirginiaTech
comment,2020-12-06,25,Virginia tech legend,2020-12,Virginia,37.54812,-77.44675,first-order administrative division,Virginia,,United States,VirginiaTech
comment,2020-12-06,3,"Lighten up...The only reason he's even in Blacksburg is to coach that ""sports game,"" and he gets paid millions to do it.",2020-12,Blacksburg,35.12124,-81.51592,populated place,South Carolina,Cherokee County,United States,VirginiaTech
comment,2019-12-21,30,Look at all those big beautiful trees around Lane,2019-12,Siltcoos,43.88901,-124.06373,populated place,Oregon,Lane County,United States,VirginiaTech
comment,2019-12-21,12,"Nope, it's Lane right after they expand the east stand I believe.",2019-12,Siltcoos,43.88901,-124.06373,populated place,Oregon,Lane County,United States,VirginiaTech
comment,2019-12-21,12,North and South end zones aren't built yet.,2019-12,South,33.45876,-90.15081,region,,,United States,VirginiaTech
comment,2019-12-21,2,Like on the other side of Beamer Way in the modern Lot 4,2019-12,Lot 4,46.81685,-64.14873,area,Prince Edward Island,,Canada,VirginiaTech
post,2020-12-26,456,Made a 3D map of the Blacksburg area!,2020-12,Blacksburg,35.12124,-81.51592,populated place,South Carolina,Cherokee County,United States,VirginiaTech
comment,2020-12-26,2,"), Christiansburg Institute is included here which is awesome considering how much Christiansburg has tried to get rid of that history.",2020-12,Christiansburg,40.05533,-84.02605,populated place,Ohio,Champaign County,United States,VirginiaTech
comment,2025-03-01,4,Low key wonder if he could find his way to Seattle,2025-03,Seattle,47.60621,-122.33207,seat of a second-order administrative division,Washington,King County,United States,VirginiaTech
comment,2025-03-02,2,"Even though we're fairly set at RB, I wouldn't mind seeing him in Green Bay...",2025-03,Green Bay,44.51916,-88.01983,seat of a second-order administrative division,Wisconsin,Brown County,United States,VirginiaTech
comment,2025-03-02,1,"
Chris Johnson ran a 4.24 in 08

Achane also ran a 4.32 just a couple years ago.",2025-03,Achane,27.93638,85.26475,populated locality,Bagmati Province,Nuwakot,Nepal,VirginiaTech
comment,2025-11-17,163,Ah so that’s why everyone was seeing him everywhere around campus and Blacksburg,2025-11,Blacksburg,35.12124,-81.51592,populated place,South Carolina,Cherokee County,United States,VirginiaTech
comment,2025-11-18,4,I have my doubts Penn state gets there any quicker than VT now.,2025-11,Penn State Forum,40.8,-77.86667,building(s),Pennsylvania,Centre County,United States,VirginiaTech
comment,2025-11-18,4,I have my doubts Penn state gets there any quicker than VT now.,2025-11,Vermont,44.00034,-72.74983,first-order administrative division,Vermont,,United States,VirginiaTech
comment,2025-11-18,3,He already was the best recruiter in the tidewater area when he was at penn.,2025-11,Tidewater,29.12886,-82.5701,populated place,Florida,Levy County,United States,VirginiaTech
comment,2025-11-22,1,Grew up in VA and VT would have been my alma mater had I not moved to PA back in 2000.,2025-11,Virginia,37.54812,-77.44675,first-order administrative division,Virginia,,United States,VirginiaTech
comment,2025-11-22,1,Grew up in VA and VT would have been my alma mater had I not moved to PA back in 2000.,2025-11,Vermont,44.00034,-72.74983,first-order administrative division,Vermont,,United States,VirginiaTech
comment,2025-11-22,1,Grew up in VA and VT would have been my alma mater had I not moved to PA back in 2000.,2025-11,Pennsylvania,40.8,-77.7,first-order administrative division,Pennsylvania,,United States,VirginiaTech
comment,2025-11-18,1,Sloan is from Virginia.,2025-11,Virginia,37.54812,-77.44675,first-order administrative division,Virginia,,United States,VirginiaTech
comment,2025-11-18,2,"We didn't have any business winning a couple years ago when we went to Charlottesville with an interim head coach, yet we still came away with the win.",2025-11,Charlottesville,38.02931,-78.47668,seat of a second-order administrative division,Virginia,City of Charlottesville,United States,VirginiaTech
comment,2019-08-30,1,Where is Growley located?,2019-08,Growley Park,43.81663,-91.22375,park,Wisconsin,La Crosse County,United States,VirginiaTech
comment,2024-08-18,18,So is ghetto Kroger the one at Gables and Gucci Kroger the one at University Mall?,2024-08,Gables,41.93834,-98.85009,populated place,Nebraska,Garfield County,United States,VirginiaTech
comment,2024-08-18,18,So is ghetto Kroger the one at Gables and Gucci Kroger the one at University Mall?,2024-08,University Mall,26.00787,-80.24894,mall,Florida,Broward County,United States,VirginiaTech
comment,2024-08-18,11,I'm 90% sure when I was in Atlanta this past spring I went to this new one and it had a little creepy vibe in the parking lot but was pretty nice inside,2024-08,Atlanta,33.749,-84.38798,seat of a first-order administrative division,Georgia,Fulton County,United States,VirginiaTech
comment,2024-08-18,19,I lived two blocks away from Murder Kroger right before I moved to Blacksburg for grad school.,2024-08,Blacksburg,37.22957,-80.41394,populated place,Virginia,Montgomery County,United States,VirginiaTech
comment,2024-08-18,3,Grew up in Atlanta.,2024-08,Atlanta,33.749,-84.38798,seat of a first-order administrative division,Georgia,Fulton County,United States,VirginiaTech
comment,2024-08-18,2,"They even offered to buy the postal service a big parcel on the other side of 460 and buy the current post office site, but no dice.",2024-08,Interchange 460,32.67072,-96.94715,road junction,Texas,Dallas County,United States,VirginiaTech
comment,2024-08-18,2,We have a murder Kroger in RVA!,2024-08,Farafangana,-22.82223,47.82615,seat of a first-order administrative division,Atsimo-Atsinanana,Farafangana District,Madagascar,VirginiaTech
comment,2024-08-19,3,lol anyone calling anything in Blacksburg ghetto hasn’t been somewhere ghetto.,2024-08,Blacksburg,35.12124,-81.51592,populated place,South Carolina,Cherokee County,United States,VirginiaTech
comment,2024-08-19,3,"It’s only called ghetto because the other one is called gucci, it’s not bc it’s sketchy at all  there’s nothing sketchy in Blacksburg",2024-08,Blacksburg,35.12124,-81.51592,populated place,South Carolina,Cherokee County,United States,VirginiaTech
comment,2024-08-19,1,"See also Disco Kroger that used to be in Atlanta 

opened in 1976 as one of the first 24-hour Krogers in town.",2024-08,Atlanta,33.749,-84.38798,seat of a first-order administrative division,Georgia,Fulton County,United States,VirginiaTech
comment,2024-08-19,1,Not sure what it is with Atlanta and Krogers.,2024-08,Atlanta,33.749,-84.38798,seat of a first-order administrative division,Georgia,Fulton County,United States,VirginiaTech
comment,2024-08-19,1,Can confirm murder Kroger is by far worse than ghetto Kroger as someone who moved to Atlanta after graduation,2024-08,Atlanta,33.749,-84.38798,seat of a first-order administrative division,Georgia,Fulton County,United States,VirginiaTech
comment,2024-08-20,1,Not to be confused with Disco Kroger (also in Atlanta),2024-08,Atlanta,33.749,-84.38798,seat of a first-order administrative division,Georgia,Fulton County,United States,VirginiaTech
comment,2024-11-11,1,"I graduated in 1979 and lived in a townhouse development called Sturbridge Square  I think, and we walked across a vacant lot at all times and in all weather to the 24 hr Kroger (I think this Gucci Kroger) and bought things like Old Milwaukee for $2.99 a 12-pack!",2024-11,Old Milwaukee West Colonia,27.48835,-99.42532,populated place,Texas,Webb County,United States,VirginiaTech
comment,2024-11-11,1,"Now in an Atlanta suburb, have Kroger and Publix nearby, but shop at Aldi's (much better prices).",2024-11,Atlanta,33.749,-84.38798,seat of a first-order administrative division,Georgia,Fulton County,United States,VirginiaTech
comment,2024-08-18,3,It’s on the Beltline walking path right across from Ponce City market.,2024-08,Ponce City Hall,18.0108,-66.61434,building(s),Ponce,Primero Barrio,Puerto Rico,VirginiaTech
comment,2024-08-18,8,I’m from Richmond and have been going to that Kroger my whole life.,2024-08,Richmond,37.55376,-77.46026,seat of a first-order administrative division,Virginia,City of Richmond,United States,VirginiaTech
comment,2024-08-19,2,Out here in Christiansburg we have the Jim Kroger.,2024-08,Christiansborg Castle,55.67594,12.57952,castle,Capital Region,København,Denmark,VirginiaTech
comment,2024-08-18,27,"If that's the ""ghetto kroger"", yall better not ever go to roanoke.",2024-08,Roanoke County,37.20907,-80.05085,second-order administrative division,Virginia,Roanoke County,United States,VirginiaTech
comment,2024-08-18,16,"The implied chronology of this comment is wild lol


The Kroger you described is the Gables Kroger (in the Gables Shopping Center), but this predates the existence of First & Main by a lot a lot",2024-08,First South Main Shopping Center,32.79422,-116.94503,mall,California,San Diego County,United States,VirginiaTech
comment,2024-08-18,-3,"Well, I did say I moved to Blacksburg, so…",2024-08,Blacksburg,35.12124,-81.51592,populated place,South Carolina,Cherokee County,United States,VirginiaTech
comment,2024-08-18,3,"At least from 2004-2016 stretching from when my siblings and i were in Blacksburg, the hethwood food lion was notorious for having spoiled produce and expired dairy still out on the shelves",2024-08,Blacksburg,35.12124,-81.51592,populated place,South Carolina,Cherokee County,United States,VirginiaTech
comment,2024-08-18,5,"I couldn't  remember  the name of the area , they were working developing the first and Main when I graduated so that is still fresh to my mind.",2024-08,First,14.3227,121.09661,street,Calabarzon,Province of Laguna,Philippines,VirginiaTech
comment,2024-08-18,5,"I couldn't  remember  the name of the area , they were working developing the first and Main when I graduated so that is still fresh to my mind.",2024-08,Immaculate Heart of Mary School,14.35163,121.05362,school,Calabarzon,Province of Laguna,Philippines,VirginiaTech
comment,2020-07-25,18,Why does he have an Ohio flag on his shoulder?,2020-07,Ohio,40.25034,-83.00018,first-order administrative division,Ohio,,United States,VirginiaTech
comment,2020-07-25,33,It’s all Ohio,2020-07,Ohio,40.25034,-83.00018,first-order administrative division,Ohio,,United States,VirginiaTech
comment,2020-07-25,10,It's all Ohio?!?,2020-07,Ohio,40.25034,-83.00018,first-order administrative division,Ohio,,United States,VirginiaTech
comment,2020-07-25,10,"**

*I did my undergrad at Kent St. in Ohio, can confirm authenticity of meme.",2020-07,Ohio,40.25034,-83.00018,first-order administrative division,Ohio,,United States,VirginiaTech
comment,2020-10-01,13,"Virginia has a 1000-person max on events, which is tough when there are almost 400 band members.",2020-10,Virginia,37.54812,-77.44675,first-order administrative division,Virginia,,United States,VirginiaTech
comment,2025-09-14,79,Anyone know any realtors in Blacksburg?,2025-09,Blacksburg,37.81874,-79.3192,populated place,Virginia,Rockbridge County,United States,VirginiaTech
comment,2025-09-14,6,Seemed like a great guy but couldn’t win and recruits only stayed 1 year   Might just be we can’t pay players enough…are there even car dealerships in Blacksburg these days?,2025-09,Blacksburg,35.12124,-81.51592,populated place,South Carolina,Cherokee County,United States,VirginiaTech
comment,2025-09-14,4,"So happy, Blacksburg deserves better!",2025-09,Blacksburg,35.12124,-81.51592,populated place,South Carolina,Cherokee County,United States,VirginiaTech
comment,2025-09-17,1,"VT, where did all the money go?",2025-09,Vermont,44.00034,-72.74983,first-order administrative division,Vermont,,United States,VirginiaTech
comment,2025-09-14,6,Pry was weak to recruit in Virginia and missed out on lots of good athletes due to those poor tactics.,2025-09,Virginia,37.54812,-77.44675,first-order administrative division,Virginia,,United States,VirginiaTech
post,2022-07-17,444,I rescued the flip-flop from California,2022-07,California,37.25022,-119.75126,first-order administrative division,California,,United States,VirginiaTech
comment,2022-07-17,-1,"Prices in bburg are probably up a bit but when i lived on Harding at pheasant hill, I paid ~400/person for a 3br apt.",2022-07,Harding,41.36258,-75.81019,populated place,Pennsylvania,Luzerne County,United States,VirginiaTech
comment,2022-07-17,-1,"Prices in bburg are probably up a bit but when i lived on Harding at pheasant hill, I paid ~400/person for a 3br apt.",2022-07,Pheasant Hill,42.20593,-71.24644,mountain,Massachusetts,Norfolk County,United States,VirginiaTech
comment,2022-07-20,1,How'd it end up in California then lmao,2022-07,California,37.25022,-119.75126,first-order administrative division,California,,United States,VirginiaTech
comment,2022-07-18,12,MOST places in or around Blacksburg are this price now and places with less free spaces or as nice of a location as this are more in rent a crazy amount,2022-07,Blacksburg,35.12124,-81.51592,populated place,South Carolina,Cherokee County,United States,VirginiaTech
comment,2022-07-18,2,"C'mon man, think it through if you're going to represent VT.",2022-07,Vermont,44.00034,-72.74983,first-order administrative division,Vermont,,United States,VirginiaTech
comment,2022-07-19,0,The only thing standing between us and the abyss is Joe Manchin who is apparently the only Democrat in DC who paid attention in Econ 101.,2022-07,District of Columbia,38.91706,-77.00025,first-order administrative division,District of Columbia,,United States,VirginiaTech
comment,2023-03-13,31,What other state-supported entity in Virginia pays their head lobbyist $277k?,2023-03,Virginia,37.54812,-77.44675,first-order administrative division,Virginia,,United States,VirginiaTech
comment,2023-03-13,31,What other state-supported entity in Virginia pays their head of communications $266k?,2023-03,Virginia,37.54812,-77.44675,first-order administrative division,Virginia,,United States,VirginiaTech
comment,2023-03-13,31,What other state-supported entity in Virginia pays their head of finance $333k?,2023-03,Virginia,37.54812,-77.44675,first-order administrative division,Virginia,,United States,VirginiaTech
comment,2023-03-13,31,"For reference, the Governor of Virginia makes $175,000.",2023-03,Virginia,37.54812,-77.44675,first-order administrative division,Virginia,,United States,VirginiaTech
comment,2023-03-13,31,"Operationally, the head of Virginia's Department of Corrections (a massive, billion dollar enterprise operation), makes $203k.",2023-03,Virginia,37.54812,-77.44675,first-order administrative division,Virginia,,United States,VirginiaTech
comment,2023-03-13,31,The head of Virginia's Department of Health during the pandemic--a medical doctor--made $231k.,2023-03,Virginia,37.54812,-77.44675,first-order administrative division,Virginia,,United States,VirginiaTech
comment,2023-03-13,41,"I don’t really have an opinion one way or another, I’m just curious why Virginia tech’s decision was a bad one, in your eyes?",2023-03,Virginia,37.54812,-77.44675,first-order administrative division,Virginia,,United States,VirginiaTech
comment,2023-03-13,7,"This isn't a problem unique to VT, it's happening at UVA too, probably to a much greater extent since the cost of living in Charlottesville is many times higher than Blacksburg.",2023-03,Vermont,44.00034,-72.74983,first-order administrative division,Vermont,,United States,VirginiaTech
comment,2023-03-13,7,"This isn't a problem unique to VT, it's happening at UVA too, probably to a much greater extent since the cost of living in Charlottesville is many times higher than Blacksburg.",2023-03,Charlottesville,38.02931,-78.47668,seat of a second-order administrative division,Virginia,City of Charlottesville,United States,VirginiaTech
comment,2023-03-13,7,"This isn't a problem unique to VT, it's happening at UVA too, probably to a much greater extent since the cost of living in Charlottesville is many times higher than Blacksburg.",2023-03,Blacksburg,37.22957,-80.41394,populated place,Virginia,Montgomery County,United States,VirginiaTech
comment,2023-03-13,-11,You do not need to make that much money if u live in Blacksburg,2023-03,Blacksburg,35.12124,-81.51592,populated place,South Carolina,Cherokee County,United States,VirginiaTech
comment,2023-11-27,-2,Lazy shit post as VT does not have a law school.,2023-11,Vermont,44.00034,-72.74983,first-order administrative division,Vermont,,United States,VirginiaTech
comment,2023-11-27,1,Something is rotten in Denmark.,2023-11,Kingdom of Denmark,56.0,10.0,independent political entity,,,Denmark,VirginiaTech
comment,2023-11-30,1,"why have i heard this story before, except the colleges were RICE and UH...",2023-11,Rice County,44.35426,-93.29668,second-order administrative division,Minnesota,Rice County,United States,VirginiaTech
comment,2020-07-13,2,The surface area of Earth is 196.9 million mi^2 (according to Google).,2020-07,Earth,0.0,0.0,area,,,,VirginiaTech
comment,2020-07-14,1,A group made a modpack for 1:1 mapping the Earth into a single world.,2020-07,Earth,0.0,0.0,area,,,,VirginiaTech
comment,2020-07-13,2,"Looking a little deeper, I think my math works for flat square Earth but not for spheres since sqrt(500,000,000,000,000) would give roughly a 22,000,000 x 22,000,000 square.",2020-07,Earth,0.0,0.0,area,,,,VirginiaTech
comment,2020-07-13,2,Spend the rest of my day trying to figure out if you can build a 1:1 scale of Earth in Minecraft.,2020-07,Earth,0.0,0.0,area,,,,VirginiaTech
post,2022-06-19,433,Tailgate scene at UVA,2022-06,Uva,56.99081,52.18517,seat of a second-order administrative division,Udmurtiya Republic,,Russia,VirginiaTech
comment,2022-06-19,13,Where is the Zima?,2022-06,Zima,53.9202,102.0442,seat of a second-order administrative division,Irkutsk Oblast,,Russia,VirginiaTech
comment,2022-06-19,43,I attended VT from '98 to '03... My VT friends were mostly from NOVA and had friends that went to UVA so we always went to Charlottesville for the away games.,2022-06,Nova,39.73176,-77.81944,populated place,Pennsylvania,Franklin County,United States,VirginiaTech
comment,2022-06-19,43,I attended VT from '98 to '03... My VT friends were mostly from NOVA and had friends that went to UVA so we always went to Charlottesville for the away games.,2022-06,Charlottesville,38.02931,-78.47668,seat of a second-order administrative division,Virginia,City of Charlottesville,United States,VirginiaTech
comment,2022-06-19,7,When you move to Charlottesville you're issued a cardigan.,2022-06,Charlottesville,38.02931,-78.47668,seat of a second-order administrative division,Virginia,City of Charlottesville,United States,VirginiaTech
post,2024-04-26,431,Palestine encampment protest in front of the GLC,2024-04,Palestine,31.92157,35.20329,semi-independent political entity,,,Palestinian Territory,VirginiaTech
comment,2024-04-26,66,"I mean our school is probably one of the most symbolic in the US to do this in given the school’s relationship with the military, but I still don’t see what having the encampment *here*, in the GLC lawn, does?",2024-04,United States,39.76,-98.5,independent political entity,,,United States,VirginiaTech
comment,2024-04-26,66,"I mean our school is probably one of the most symbolic in the US to do this in given the school’s relationship with the military, but I still don’t see what having the encampment *here*, in the GLC lawn, does?",2024-04,Galadi Northeast,6.98454,46.4218,airfield,Somali,,Ethiopia,VirginiaTech
comment,2024-04-26,66,"Do this shit in DC, inconvenience the mfs actually making the decisions if you want anything to change.",2024-04,District of Columbia,38.91706,-77.00025,first-order administrative division,District of Columbia,,United States,VirginiaTech
comment,2024-04-26,83,"I'm genuinely so confused why people pay so much attention to Palestine vs Israel when there are literally millions of Muslims being sent to Chinese concentration camps, a raging civil war in Myanmar, a war against democracy in Ukraine...I think it's very telling that people plant their flags at every opportunity there is to bash Israel and call me a Zionist for thinking that Israel has the right to exist.",2024-04,Palestine,31.92157,35.20329,semi-independent political entity,,,Palestinian Territory,VirginiaTech
comment,2024-04-26,83,"I'm genuinely so confused why people pay so much attention to Palestine vs Israel when there are literally millions of Muslims being sent to Chinese concentration camps, a raging civil war in Myanmar, a war against democracy in Ukraine...I think it's very telling that people plant their flags at every opportunity there is to bash Israel and call me a Zionist for thinking that Israel has the right to exist.",2024-04,State of Israel,31.5,34.75,independent political entity,,,Israel,VirginiaTech
comment,2024-04-26,83,"I'm genuinely so confused why people pay so much attention to Palestine vs Israel when there are literally millions of Muslims being sent to Chinese concentration camps, a raging civil war in Myanmar, a war against democracy in Ukraine...I think it's very telling that people plant their flags at every opportunity there is to bash Israel and call me a Zionist for thinking that Israel has the right to exist.",2024-04,Union of Burma,21.0,96.0,independent political entity,,,Myanmar,VirginiaTech
comment,2024-04-26,83,"I'm genuinely so confused why people pay so much attention to Palestine vs Israel when there are literally millions of Muslims being sent to Chinese concentration camps, a raging civil war in Myanmar, a war against democracy in Ukraine...I think it's very telling that people plant their flags at every opportunity there is to bash Israel and call me a Zionist for thinking that Israel has the right to exist.",2024-04,Ukraine,49.0,32.0,independent political entity,,,Ukraine,VirginiaTech
comment,2024-04-26,83,"I'm genuinely so confused why people pay so much attention to Palestine vs Israel when there are literally millions of Muslims being sent to Chinese concentration camps, a raging civil war in Myanmar, a war against democracy in Ukraine...I think it's very telling that people plant their flags at every opportunity there is to bash Israel and call me a Zionist for thinking that Israel has the right to exist.",2024-04,State of Israel,31.5,34.75,independent political entity,,,Israel,VirginiaTech
comment,2024-04-26,83,"I'm genuinely so confused why people pay so much attention to Palestine vs Israel when there are literally millions of Muslims being sent to Chinese concentration camps, a raging civil war in Myanmar, a war against democracy in Ukraine...I think it's very telling that people plant their flags at every opportunity there is to bash Israel and call me a Zionist for thinking that Israel has the right to exist.",2024-04,State of Israel,31.5,34.75,independent political entity,,,Israel,VirginiaTech
comment,2024-04-27,20,Anyone saying Israel doesn't have the right to avenge what happened on October 7th is horribly wrong,2024-04,State of Israel,31.5,34.75,independent political entity,,,Israel,VirginiaTech
comment,2024-04-27,21,"this is gonna be long, but here’s some information: the demands for virginia tech administration are 1.",2024-04,Virginia,37.54812,-77.44675,first-order administrative division,Virginia,,United States,VirginiaTech
comment,2024-04-27,21,"Divest from Israel and provide endowment transparency, 2.",2024-04,State of Israel,31.5,34.75,independent political entity,,,Israel,VirginiaTech
comment,2024-04-27,21,"Issue an official statement condemning Israel’s violence against Palestine and the genocidal loss of life, and 3.",2024-04,State of Israel,31.5,34.75,independent political entity,,,Israel,VirginiaTech
comment,2024-04-27,21,"Issue an official statement condemning Israel’s violence against Palestine and the genocidal loss of life, and 3.",2024-04,Palestine,31.92157,35.20329,semi-independent political entity,,,Palestinian Territory,VirginiaTech
comment,2024-04-27,21,"for those asking “why virginia tech,” it is proven that nearly every drone used in gaza has a piece of VT hardware or software, VT has a close partnership with VIAB and therefore receives lots of funding from Israeli businesses/coalitions (thus proving significant bias), and VT has released statements supporting Israeli students (such as lighting burruss up in israel’s flag colors and promising to “always stand with israel”) yet has failed to reference or support its Palestinian students in any manner.",2024-04,Virginia,37.54812,-77.44675,first-order administrative division,Virginia,,United States,VirginiaTech
comment,2024-04-27,21,"for those asking “why virginia tech,” it is proven that nearly every drone used in gaza has a piece of VT hardware or software, VT has a close partnership with VIAB and therefore receives lots of funding from Israeli businesses/coalitions (thus proving significant bias), and VT has released statements supporting Israeli students (such as lighting burruss up in israel’s flag colors and promising to “always stand with israel”) yet has failed to reference or support its Palestinian students in any manner.",2024-04,Gaza,31.50161,34.46672,seat of a first-order administrative division,Gaza Strip,Gaza,Palestinian Territory,VirginiaTech
comment,2024-04-27,21,"for those asking “why virginia tech,” it is proven that nearly every drone used in gaza has a piece of VT hardware or software, VT has a close partnership with VIAB and therefore receives lots of funding from Israeli businesses/coalitions (thus proving significant bias), and VT has released statements supporting Israeli students (such as lighting burruss up in israel’s flag colors and promising to “always stand with israel”) yet has failed to reference or support its Palestinian students in any manner.",2024-04,State of Israel,31.5,34.75,independent political entity,,,Israel,VirginiaTech
comment,2024-04-27,21,"for those asking “why virginia tech,” it is proven that nearly every drone used in gaza has a piece of VT hardware or software, VT has a close partnership with VIAB and therefore receives lots of funding from Israeli businesses/coalitions (thus proving significant bias), and VT has released statements supporting Israeli students (such as lighting burruss up in israel’s flag colors and promising to “always stand with israel”) yet has failed to reference or support its Palestinian students in any manner.",2024-04,State of Israel,31.5,34.75,independent political entity,,,Israel,VirginiaTech
comment,2024-04-27,21,VT has been peacefully protesting for palestine since october.,2024-04,Palestine,31.92157,35.20329,semi-independent political entity,,,Palestinian Territory,VirginiaTech
comment,2024-04-27,21,"lastly, stop spreading false rhetoric about these protests - there are no “death to israel” signs or anything antisemetic as part of the pro-palestinian group at VT, and if you claim there were, i’m sure i and everyone else would love to see the proof that doesn’t exist.",2024-04,State of Israel,31.5,34.75,independent political entity,,,Israel,VirginiaTech
comment,2024-04-27,21,"anywho thanks for reading, free palestine",2024-04,Palestine,31.92157,35.20329,semi-independent political entity,,,Palestinian Territory,VirginiaTech
comment,2024-04-28,6,"Where were you all when the Uyghur of China, A Muslim Population, was being rounded up and murdered like the The Holocaust.",2024-04,People’s Republic of China,35.0,105.0,independent political entity,,,China,VirginiaTech
comment,2024-04-27,5,all the zionist here defending israel….,2024-04,State of Israel,31.5,34.75,independent political entity,,,Israel,VirginiaTech
comment,2024-04-27,5,I’m sure this is helping the people in Gaza,2024-04,Gaza,31.50161,34.46672,seat of a first-order administrative division,Gaza Strip,Gaza,Palestinian Territory,VirginiaTech
comment,2024-04-26,3,How about they offer up their time and obviously vast knowledge and experience and voluntarily go to Gaza to assist the poor starving Palestinians.,2024-04,Gaza,31.50161,34.46672,seat of a first-order administrative division,Gaza Strip,Gaza,Palestinian Territory,VirginiaTech
comment,2024-04-26,3,Easier to sit in America and complain about how evil the world is without the slightest idea of what it’s really like there?,2024-04,United States,39.76,-98.5,independent political entity,,,United States,VirginiaTech
comment,2024-04-26,3,Try that garbage in the Middle East (with one glaring exception) and see how long your little tent city lasts.,2024-04,Al Bank al Brīţānī lish Sharq al Awsaţ,25.2643,55.29326,bank,Dubai,,United Arab Emirates,VirginiaTech
comment,2024-04-29,1,Free Palestine!,2024-04,Palestine,31.92157,35.20329,semi-independent political entity,,,Palestinian Territory,VirginiaTech
comment,2024-04-27,-4,"Not surprised with the people here in the comments, no mention of Hamas instigating the war with October 7th kidnappings, OR Joe Biden giving Iran back access to money so they can fund not just the Red Sea Houthi terrorists but also Hamas.",2024-04,Islamic Republic of Iran,32.0,53.0,independent political entity,,,Iran,VirginiaTech
comment,2024-04-27,-4,"Not surprised with the people here in the comments, no mention of Hamas instigating the war with October 7th kidnappings, OR Joe Biden giving Iran back access to money so they can fund not just the Red Sea Houthi terrorists but also Hamas.",2024-04,Red Sea,20.26735,38.53455,sea,,,,VirginiaTech
comment,2024-04-27,-4,"Palestine was the name of an area of desert which was never an independent country but always under the control of empires/kingdoms/states (Persian, Macedonian, Phoenician, Roman, Egyptian, multiple different emirates/sultanates, crusader states LIKE THE KINGDOM OF JERUSALEM, etc.).",2024-04,Palestine,31.92157,35.20329,semi-independent political entity,,,Palestinian Territory,VirginiaTech
comment,2024-04-27,-4,"Palestine was the name of an area of desert which was never an independent country but always under the control of empires/kingdoms/states (Persian, Macedonian, Phoenician, Roman, Egyptian, multiple different emirates/sultanates, crusader states LIKE THE KINGDOM OF JERUSALEM, etc.).",2024-04,Jerusalem,31.76904,35.21633,seat of a first-order administrative division,Jerusalem,,Israel,VirginiaTech
comment,2024-04-27,-4,"So what did Israel do after they took what was a barren desert with no permanent settlements to create a civilization with infrastructure, give some of the land to the Arabic tribes that were there just so they could have it backfire.",2024-04,State of Israel,31.5,34.75,independent political entity,,,Israel,VirginiaTech
comment,2024-04-27,-4,"Oh yea, also why isn't neighboring Arabic countries like Egypt or Arabia taking in and sending aid to the displaced Palestinians?",2024-04,Arab Republic of Egypt,27.0,30.0,independent political entity,,,Egypt,VirginiaTech
comment,2024-04-27,-4,"Oh yea, also why isn't neighboring Arabic countries like Egypt or Arabia taking in and sending aid to the displaced Palestinians?",2024-04,Arabia,25.0,45.0,region,,,,VirginiaTech
comment,2024-04-27,-9,Remember when all those protests ended Vietnam.,2024-04,Socialist Republic of Vietnam,16.16667,107.83333,independent political entity,,,Vietnam,VirginiaTech
comment,2024-04-28,-6,Lot of folks sitting at that protest look like they are accidentally eating all the aid meant to be sent to Gaza.,2024-04,Gaza,31.50161,34.46672,seat of a first-order administrative division,Gaza Strip,Gaza,Palestinian Territory,VirginiaTech
comment,2024-04-27,12,Getting rid of Israel.,2024-04,State of Israel,31.5,34.75,independent political entity,,,Israel,VirginiaTech
comment,2024-04-27,12,"That’s usually what “Palestinian liberation,” “free Palestine,” and “From the River to the sea [Palestine will be free]” mean.",2024-04,Palestine,31.92157,35.20329,semi-independent political entity,,,Palestinian Territory,VirginiaTech
comment,2024-04-27,12,"That’s usually what “Palestinian liberation,” “free Palestine,” and “From the River to the sea [Palestine will be free]” mean.",2024-04,Palestine,31.92157,35.20329,semi-independent political entity,,,Palestinian Territory,VirginiaTech
comment,2023-10-24,2,report to blacksburg pd.,2023-10,Blacksburg,35.12124,-81.51592,populated place,South Carolina,Cherokee County,United States,VirginiaTech
comment,2023-10-24,6,"People don’t realize how good we have it in the US, and it’s really really sad.",2023-10,United States,39.76,-98.5,independent political entity,,,United States,VirginiaTech
comment,2020-09-11,2,he graduated he’s out near VB now,2020-09,Provincia Verbano-Cusio-Ossola,45.93333,8.55,second-order administrative division,Piedmont,Provincia Verbano-Cusio-Ossola,Italy,VirginiaTech
comment,2021-08-07,40,He also wanted to become a flagship campus of a multi-campus system absorbing VSU in Petersburg (the other land grant) and adding new campuses in rural areas.,2021-08,Petersburg,37.22793,-77.40193,seat of a second-order administrative division,Virginia,City of Petersburg,United States,VirginiaTech
comment,2021-08-07,3,L.A. is roughly a 3% abbreviation of El Pueblo de Nuestra Señora la Reina de los Ángeles de Porciúncula...also known as Los Angeles.,2021-08,Los Angeles,34.05223,-118.24368,seat of a second-order administrative division,California,Los Angeles County,United States,VirginiaTech
comment,2021-08-07,3,L.A. is roughly a 3% abbreviation of El Pueblo de Nuestra Señora la Reina de los Ángeles de Porciúncula...also known as Los Angeles.,2021-08,Los Angeles,34.05223,-118.24368,seat of a second-order administrative division,California,Los Angeles County,United States,VirginiaTech
comment,2025-05-08,33,"It was a fantastic show, and being in Lane for made it more incredible.",2025-05,Siltcoos,43.88901,-124.06373,populated place,Oregon,Lane County,United States,VirginiaTech
comment,2025-05-08,29,I live so close to Lane Stadium that I could hear it from my front porch.,2025-05,Lane Stadium,37.22013,-80.41811,stadium,Virginia,Montgomery County,United States,VirginiaTech
comment,2025-05-09,8,I could hear it from a porch in Maple Ridge!,2025-05,Maple Ridge,41.09147,-75.79631,ridge(s),Pennsylvania,Luzerne County,United States,VirginiaTech
comment,2020-03-18,-28,"People should avoid going to public when possible, but 67 cases in Virginia isn't enough to get me to stay at home.",2020-03,Virginia,37.54812,-77.44675,first-order administrative division,Virginia,,United States,VirginiaTech
comment,2020-03-18,13,My roommate and I walked around Blacksburg.,2020-03,Blacksburg,35.12124,-81.51592,populated place,South Carolina,Cherokee County,United States,VirginiaTech
comment,2020-03-18,11,March 9 the total USA cases were 546.,2020-03,United States,39.76,-98.5,independent political entity,,,United States,VirginiaTech
comment,2020-03-18,8,"A professor on my floor goes to church with someone who returned from Europe and got sick, and he's been waiting for her test results so he can stop self-quarantining for over a week.",2020-03,Europe,48.69096,9.14062,continent,,,,VirginiaTech
comment,2020-03-18,4,"I said, ""Blacksburg, where Virginia Tech is"".",2020-03,Blacksburg,37.81874,-79.3192,populated place,Virginia,Rockbridge County,United States,VirginiaTech
comment,2020-03-18,4,"She said, ""LabCorp should be able to test later this week, so maybe some of your healthcare facilities can test in a week or so""


Virginia has tested 489 people as of today [03/16/20], in a state of 8.5 M people.",2020-03,Virginia,37.54812,-77.44675,first-order administrative division,Virginia,,United States,VirginiaTech
comment,2020-09-18,74,I miss going to DX at 1am in the 30 degree weather,2020-09,Kelson Dx,28.64325,77.21046,hotel,Delhi,Central Delhi,India,VirginiaTech
comment,2020-09-18,22,I don't miss being forced to wait outside DX at 3am after it closed in 7 degree weather because some idiot can't cook.,2020-09,Kelson Dx,28.64325,77.21046,hotel,Delhi,Central Delhi,India,VirginiaTech
comment,2020-09-18,9,"You put on your jacket and walk hastily to DX to pick up corn dog nuggets, a pizza, and a peace tea.",2020-09,Kelson Dx,28.64325,77.21046,hotel,Delhi,Central Delhi,India,VirginiaTech
comment,2024-05-11,4,This is caused by charged particles from the sun called coronal mass ejections interacting with Earth’s magnetic field.,2024-05,Earth,0.0,0.0,area,,,,VirginiaTech
comment,2024-05-11,5,Trying to find places without light pollution rn is proving Hella difficult,2024-05,Hællo,70.29726,22.39724,point,Finnmark,Loppa,Norway,VirginiaTech
comment,2024-05-11,7,"You could go to the rear pavilions at heritage park, it gets pretty rural pretty quick, and it’s only 10ish minutes from campus.",2024-05,Heritage Park,40.12438,-88.28426,park,Illinois,Champaign County,United States,VirginiaTech
comment,2024-05-11,4,I was on a huge hill in Christiansburg and Blacksburg looks like a spotlight behind the mountain.,2024-05,Christiansborg Castle,55.67594,12.57952,castle,Capital Region,København,Denmark,VirginiaTech
comment,2024-05-11,4,I was on a huge hill in Christiansburg and Blacksburg looks like a spotlight behind the mountain.,2024-05,Blacksburg,37.81874,-79.3192,populated place,Virginia,Rockbridge County,United States,VirginiaTech
post,2023-10-30,424,"We're from the Memphis area, but I will say that we are falling in love with the Blacksburg area.",2023-10,Memphis,35.14953,-90.04898,seat of a second-order administrative division,Tennessee,Shelby County,United States,VirginiaTech
post,2023-10-30,424,"We're from the Memphis area, but I will say that we are falling in love with the Blacksburg area.",2023-10,Blacksburg,37.22957,-80.41394,populated place,Virginia,Montgomery County,United States,VirginiaTech
comment,2023-10-30,43,My last fall in Blacksburg was 6 years ago.,2023-10,Blacksburg,37.81874,-79.3192,populated place,Virginia,Rockbridge County,United States,VirginiaTech
comment,2023-10-30,19,Fall is certainly the most beautiful time of year in Blacksburg.,2023-10,Blacksburg,35.12124,-81.51592,populated place,South Carolina,Cherokee County,United States,VirginiaTech
comment,2023-10-31,3,My folks had season tickets and drove from Pittsburgh for all the games.,2023-10,Pittsburgh,40.44062,-79.99589,seat of a second-order administrative division,Pennsylvania,Allegheny County,United States,VirginiaTech
comment,2023-10-31,2,i’m from the Nashville area :) it’s beautiful here,2023-10,Nashville,36.16589,-86.78444,seat of a first-order administrative division,Tennessee,Davidson County,United States,VirginiaTech
comment,2023-10-31,0,Don’t forget Montgomery county being Lymes disease capital..,2023-10,Montgomery County,32.22026,-86.20761,second-order administrative division,Alabama,Montgomery County,United States,VirginiaTech
comment,2023-10-31,0,Don’t forget Montgomery county being Lymes disease capital..,2023-10,The Lymes,52.98629,-2.25953,populated place,England,Staffordshire,United Kingdom,VirginiaTech
comment,2023-10-30,3,They play in Roanoke (Vinton) at the Lancerlot Sports Complex.,2023-10,Randolph,36.89348,-78.6975,populated place,Virginia,Charlotte County,United States,VirginiaTech
comment,2023-10-30,3,They play in Roanoke (Vinton) at the Lancerlot Sports Complex.,2023-10,Vinton,45.78444,-76.61222,populated place,Quebec,Outaouais,Canada,VirginiaTech
comment,2020-10-20,2,"You can still catch covid walking outside in Blacksburg, cancelling a week off won’t stop covid from existing",2020-10,Blacksburg,37.81874,-79.3192,populated place,Virginia,Rockbridge County,United States,VirginiaTech
comment,2025-12-07,41,pry’s a great dc.,2025-12,District of Columbia,38.91706,-77.00025,first-order administrative division,District of Columbia,,United States,VirginiaTech
comment,2025-12-07,83,He’s been successful DC across multiple programs for over a decade.,2025-12,District of Columbia,38.91706,-77.00025,first-order administrative division,District of Columbia,,United States,VirginiaTech
comment,2025-12-08,5,"In addition to being a VT alum/superfan, I'm also from Boston and when the Pats decided to bring back Josh McDaniels as OC, there was sooo much turbulence because of his failures as a head coach...granted, he wasn't a HC for the Pats, but it still brought a lot of hate...truth was, the dude was/is an elite OC and just couldn't make it work as a HC...I'm hoping it's a similar situation here.",2025-12,Boston,42.35843,-71.05977,seat of a first-order administrative division,Massachusetts,Suffolk County,United States,VirginiaTech
comment,2025-12-08,-1,"Oh right, and at the last Pry game, students were tossing bottles and beer cans at Lane Stadium.",2025-12,Lane Stadium,37.22013,-80.41811,stadium,Virginia,Montgomery County,United States,VirginiaTech
comment,2025-12-07,21,Dude is passionate for VT and no lag time in a DC trying to learn want Franklin wants,2025-12,District of Columbia,38.91706,-77.00025,first-order administrative division,District of Columbia,,United States,VirginiaTech
comment,2025-12-08,1,I'd take the buyout and retire to someplace warmer than Blacksburg.,2025-12,Blacksburg,35.12124,-81.51592,populated place,South Carolina,Cherokee County,United States,VirginiaTech
comment,2023-03-26,73,"Gutsy win, weathered the press and rally of Tennessee.",2023-03,Tennessee,35.75035,-86.25027,first-order administrative division,Tennessee,,United States,VirginiaTech
comment,2023-03-26,8,Props to the HOKIE fans representing in Seattle!!!,2023-03,Seattle,47.60621,-122.33207,seat of a second-order administrative division,Washington,King County,United States,VirginiaTech
comment,2020-05-01,7,"My mom, class of '64, told me she lived in an apartment house that stood where the bookstore is now that they converted for use as a girls dorm when the population of women at VT outgrew Hillcrest.",2020-05,Hillcrest,37.66542,-77.82888,populated place,Virginia,Goochland County,United States,VirginiaTech
comment,2020-05-01,6,Drove through Blacksburg in the 90s and it was The Balcony....but it was TOTS before and after.,2020-05,Blacksburg,37.81874,-79.3192,populated place,Virginia,Rockbridge County,United States,VirginiaTech
comment,2020-05-02,2,We met at the bottom of the stairs in TOTS.,2020-05,Triangle Tots,38.8949,-77.0302,building(s),District of Columbia,,United States,VirginiaTech
comment,2020-05-02,5,These were days when Blacksburg and VT had way more hippies and ag student types.,2020-05,Blacksburg,36.75428,-81.8204,populated place,Virginia,Washington County,United States,VirginiaTech
comment,2020-05-01,15,The viewpoint of this picture is from the courtyard across College Avenue by Squires Student Center.,2020-05,College Avenue School,33.96206,-83.37599,school,Georgia,Clarke County,United States,VirginiaTech
comment,2020-05-01,15,The viewpoint of this picture is from the courtyard across College Avenue by Squires Student Center.,2020-05,John Houston Squires Student Center,37.22944,-80.41833,building(s),Virginia,Montgomery County,United States,VirginiaTech
comment,2025-01-31,6,"do not go to Foxridge, they are outrageous, they told us for a 2 bedroom it would be 1500 without utilities and close to 1900 with utilities, me and my roommate went to ""The Mill"" in Blacksburg, its 1.5 miles off campus, right beside the good Kroger and we are paying 1130 a month with everything but electric ($100+/-) and internet ($25-$75 depending on student plan) 

so much nicer place and easy commute",2025-01,Foxridge,35.84173,-86.5186,populated place,Tennessee,Rutherford County,United States,VirginiaTech
comment,2025-01-31,6,"do not go to Foxridge, they are outrageous, they told us for a 2 bedroom it would be 1500 without utilities and close to 1900 with utilities, me and my roommate went to ""The Mill"" in Blacksburg, its 1.5 miles off campus, right beside the good Kroger and we are paying 1130 a month with everything but electric ($100+/-) and internet ($25-$75 depending on student plan) 

so much nicer place and easy commute",2025-01,Blacksburg,37.81874,-79.3192,populated place,Virginia,Rockbridge County,United States,VirginiaTech
comment,2025-01-30,18,"unfortunately every company that owns apartments around blacksburg blows, foxridge was at least one of the cheaper places for being sucky while i was in school",2025-01,Blacksburg,37.81874,-79.3192,populated place,Virginia,Rockbridge County,United States,VirginiaTech
comment,2025-01-30,18,"unfortunately every company that owns apartments around blacksburg blows, foxridge was at least one of the cheaper places for being sucky while i was in school",2025-01,Foxridge,35.84173,-86.5186,populated place,Tennessee,Rutherford County,United States,VirginiaTech
comment,2025-01-30,20,I had a random roommate in Pritchard.,2025-01,Prichard,41.25508,-76.13437,populated place,Pennsylvania,Luzerne County,United States,VirginiaTech
comment,2025-01-31,4,"Yes - with the new plan to have the station in Cambria, the project will move much quicker with an anticipated completion date of 2027.",2025-01,Cambrai,50.17596,3.23472,seat of a third-order administrative division,Hauts-de-France,Département du Nord,France,VirginiaTech
comment,2022-05-06,35,who else here miss Homeplace?…,2022-05,Home Place,29.46272,-89.6834,populated place,Louisiana,Plaquemines Parish,United States,VirginiaTech
comment,2022-05-06,14,This photo reminds me of a little fast food Italian place that was near/in Christiansburg back in the late 90s that served up endless breadsticks.,2022-05,Christiansborg Castle,55.67594,12.57952,castle,Capital Region,København,Denmark,VirginiaTech
comment,2022-05-06,13,"If you miss Homeplace and are still in the area, you should check out Blacksburg Tavern",2022-05,Homeplace,41.06661,-111.96661,section of populated place,Utah,Davis County,United States,VirginiaTech
comment,2022-05-07,3,I moved there in 2008 from California and had never seen a Faziolis.,2022-05,California,37.25022,-119.75126,first-order administrative division,California,,United States,VirginiaTech
comment,2022-05-06,3,They are opening one in Pulaski soon I think!,2022-05,Pulaski,42.11504,-84.64246,populated place,Michigan,Jackson County,United States,VirginiaTech
comment,2022-05-06,14,"I lived in Newman in 2010 and the pasta place slapped every day, especially chick Parm day",2022-05,Newman,46.99108,-97.09953,populated place,North Dakota,Cass County,United States,VirginiaTech
comment,2022-05-07,2,I was more of a west end guy.,2022-05,West End,38.90706,-77.0497,populated place,District of Columbia,,United States,VirginiaTech
comment,2019-07-19,30,We townies stand ready to protect Blacksburg and its assets.,2019-07,Blacksburg,35.12124,-81.51592,populated place,South Carolina,Cherokee County,United States,VirginiaTech
comment,2025-09-17,1,"VT, where did all the money go?",2025-09,Vermont,44.00034,-72.74983,first-order administrative division,Vermont,,United States,VirginiaTech
comment,2025-09-18,1,He is from West Va and loves the ACC.,2025-09,"VA Connecticut Healthcare System, West Haven Campus",44.81366,-68.74008,populated place,Maine,Penobscot County,United States,VirginiaTech
comment,2025-09-18,1,"They have dug a big enough hole putting Va Tech at the bottom of the ACC in revenue even though the fans have packed Lane Stadium for years, and the boosters have done a wonderful job of fund raising.",2025-09,Lane Stadium,37.22013,-80.41811,stadium,Virginia,Montgomery County,United States,VirginiaTech
comment,2025-09-18,1,"Finally, I would invite the Board of Visitors to visit somewhere else, but not ever in Blacksburg again.",2025-09,Blacksburg,35.12124,-81.51592,populated place,South Carolina,Cherokee County,United States,VirginiaTech
comment,2025-09-18,1,As a taxpayer in Va I’m pissed off.,2025-09,Virginia,37.54812,-77.44675,first-order administrative division,Virginia,,United States,VirginiaTech
comment,2025-09-18,1,And loyal Hokie fans have been packing Lane Stadium for years.,2025-09,Lane Stadium,37.22013,-80.41811,stadium,Virginia,Montgomery County,United States,VirginiaTech
comment,2025-09-18,1,A number of heads should roll in Blacksburg.,2025-09,Blacksburg,35.12124,-81.51592,populated place,South Carolina,Cherokee County,United States,VirginiaTech
comment,2025-09-07,17,"Even in Virginia, nothing more than like VMI.",2025-09,Virginia,37.54812,-77.44675,first-order administrative division,Virginia,,United States,VirginiaTech
comment,2025-09-14,1,At least Nebraska is in a real conference.,2025-09,Nebraska,41.50028,-99.75067,first-order administrative division,Nebraska,,United States,VirginiaTech
comment,2025-09-07,3,If VT can’t handle a B-list Sunbelt team that even JMU typically beats the breaks off of we’re in some SERIOUS trouble.,2025-09,Sunbelt Strip,31.11233,-83.68656,airport,Georgia,Colquitt County,United States,VirginiaTech
comment,2025-09-07,3,VT’s an ACC team that’s one of the big four conferences Sunbelt teams shouldn’t be a concern in the slightest.,2025-09,Sunbelt Strip,31.11233,-83.68656,airport,Georgia,Colquitt County,United States,VirginiaTech
comment,2021-04-30,3,Midnight in Blacksburg,2021-04,Blacksburg,35.12124,-81.51592,populated place,South Carolina,Cherokee County,United States,VirginiaTech
comment,2024-09-15,56,It's as minor league as it gets when we have to play down in norfolk.,2024-09,Norfolk,42.03417,-97.41339,,Nebraska,Madison County,United States,VirginiaTech
comment,2024-09-15,31,"I was saying 15 years ago it was a mistake for our conference HQ to be in little ole Greensboro when we have schools in Boston, Atlanta and Miami.",2024-09,Greensboro,33.57568,-83.18238,seat of a second-order administrative division,Georgia,Greene County,United States,VirginiaTech
comment,2024-09-15,31,"I was saying 15 years ago it was a mistake for our conference HQ to be in little ole Greensboro when we have schools in Boston, Atlanta and Miami.",2024-09,Boston,42.35843,-71.05977,seat of a first-order administrative division,Massachusetts,Suffolk County,United States,VirginiaTech
comment,2024-09-15,31,"I was saying 15 years ago it was a mistake for our conference HQ to be in little ole Greensboro when we have schools in Boston, Atlanta and Miami.",2024-09,Atlanta,33.749,-84.38798,seat of a first-order administrative division,Georgia,Fulton County,United States,VirginiaTech
comment,2024-09-15,31,"I was saying 15 years ago it was a mistake for our conference HQ to be in little ole Greensboro when we have schools in Boston, Atlanta and Miami.",2024-09,Miami,25.77427,-80.19366,seat of a second-order administrative division,Florida,Miami-Dade County,United States,VirginiaTech
comment,2024-09-15,2,Sunbelt is a joke.,2024-09,Sunbelt Strip,31.11233,-83.68656,airport,Georgia,Colquitt County,United States,VirginiaTech
comment,2024-09-15,-13,This is VT’s first time beating ODU in Norfolk.,2024-09,Norfolk,36.84681,-76.28522,seat of a second-order administrative division,Virginia,City of Norfolk,United States,VirginiaTech
comment,2023-11-06,140,Ugh when I was a cadet I went over there all the time to shoo trash like that from the Cenotaph.,2023-11,Cenotaph,-33.86745,151.20796,historical site,New South Wales,Sydney,Australia,VirginiaTech
comment,2023-11-07,33,"I don’t think it’d take anything away, Arlington isn’t any lesser for having guardrails.",2023-11,Arlington,32.73569,-97.10807,populated place,Texas,Tarrant County,United States,VirginiaTech
comment,2021-02-05,-19,Yeah it’s not always fun and games but you can chill with your friends in the Cellar after and appreciate the fact that you are living in Blacksburg.,2021-02,Blacksburg,35.12124,-81.51592,populated place,South Carolina,Cherokee County,United States,VirginiaTech
comment,2021-02-06,10,"Avoid Amazon though, just heard bad things about it back then 10 years ago in college and still recently today especially as they move into Northern Virginia.",2021-02,Northern Virginia,38.73074,-77.71193,region,Virginia,,United States,VirginiaTech
comment,2020-04-29,1,"I remember my teacher saying that there had ""been some violence down at Tech.""",2020-04,Tech,42.58935,3.04426,stream,Occitanie,,France,VirginiaTech
comment,2020-04-16,59,I opened AIM and my friend told me not to come to campus; that a police officer had came through Cowgill Hall with a large firearm asking where Norris Hall was.,2020-04,Clinton Cowgill Hall,37.22972,-80.425,building(s),Virginia,Montgomery County,United States,VirginiaTech
comment,2020-04-16,59,I opened AIM and my friend told me not to come to campus; that a police officer had came through Cowgill Hall with a large firearm asking where Norris Hall was.,2020-04,Norris Hall,37.23013,-80.42255,building(s),Virginia,Montgomery County,United States,VirginiaTech
comment,2020-04-16,59,I remember going to hear Nikki Giovanni and President Bush speak at Cassell Coliseum.,2020-04,Cassell Coliseum,37.2225,-80.41917,building(s),Virginia,Montgomery County,United States,VirginiaTech
comment,2020-04-16,5,"I overslept that day too, otherwise I would have been in the CS lab in McBryde.",2020-04,McBryde Quadrangle,33.99404,-81.02759,building(s),South Carolina,Richland County,United States,VirginiaTech
comment,2020-04-16,5,I didn't go to Cassell or even to the candlelight vigil cause it was all so surreal and hadn't fully set in yet at the time and I still really regret not doing those things.,2020-04,Cassell,40.01035,-81.65679,populated place,Ohio,Guernsey County,United States,VirginiaTech
comment,2020-04-17,1,"I was only 6 when it happened, but I grew up in the area and was supposed to be at Squires taking a cello lesson that day (my teacher was a student at Tech).",2020-04,Squires,42.17169,-88.09119,section of populated place,Illinois,Lake County,United States,VirginiaTech
comment,2020-04-17,2,"I had a 10:10 AM class (Real time systems) in Randolph that day, but didn't end up going after hearing the news on Q99 while on my way in (was driving from out of state).",2020-04,Renick,39.34281,-92.41379,populated place,Missouri,Randolph County,United States,VirginiaTech
comment,2021-06-27,3,It's a big lecture hall on the first floor of McBryde.,2021-06,McBryde Hall,37.23041,-80.422,building(s),Virginia,Montgomery County,United States,VirginiaTech
post,2025-09-20,415,"Toward that end, could you maybe find it in your hearts to look for trash cans as you walk through Blacksburg?",2025-09,Blacksburg,37.81874,-79.3192,populated place,Virginia,Rockbridge County,United States,VirginiaTech
post,2025-09-20,415,"We walk downtown along the Huckleberry, Draper, Main, and Preston, and we pick up SO.",2025-09,Lockwood,41.46144,-80.84703,populated place,Ohio,Trumbull County,United States,VirginiaTech
post,2025-09-20,415,"We walk downtown along the Huckleberry, Draper, Main, and Preston, and we pick up SO.",2025-09,Draper,41.65674,-77.36831,populated place,Pennsylvania,Tioga County,United States,VirginiaTech
post,2025-09-20,415,"We walk downtown along the Huckleberry, Draper, Main, and Preston, and we pick up SO.",2025-09,Main,36.10503,-104.28637,,New Mexico,Harding County,United States,VirginiaTech
post,2025-09-20,415,"We walk downtown along the Huckleberry, Draper, Main, and Preston, and we pick up SO.",2025-09,Preston Corner,41.82064,-75.36962,populated place,Pennsylvania,Wayne County,United States,VirginiaTech
comment,2025-09-21,16,We came down from PA & did a tailgate in the lions lot last weekend.,2025-09,Pennsylvania,40.8,-77.7,first-order administrative division,Pennsylvania,,United States,VirginiaTech
comment,2023-03-24,70,This is disgusting but it doesn't represent all Hokies or the residents of Blacksburg.,2023-03,Blacksburg,37.81874,-79.3192,populated place,Virginia,Rockbridge County,United States,VirginiaTech
comment,2023-03-25,2,The overwhelming VT crowd supports and loves you,2023-03,Vermont,44.00034,-72.74983,first-order administrative division,Vermont,,United States,VirginiaTech
comment,2023-03-24,1,Met him in Texas.,2023-03,Texas,31.25044,-99.25061,first-order administrative division,Texas,,United States,VirginiaTech
comment,2023-03-24,1,That guy is literally going to be the next President of the United States.,2023-03,Territories of the United States,35.27766,-102.35403,region,,,United States,VirginiaTech
comment,2023-03-24,24,"Moreover, for some reason VT is the school of choice for rural Virginia that fosters this kind of hate and discrimination all the while keeping up the appearance of being studious and hard working which people equate with good character.",2023-03,Virginia,37.54812,-77.44675,first-order administrative division,Virginia,,United States,VirginiaTech
comment,2023-03-24,11,VT is a pretty progressive place.,2023-03,Vermont,44.00034,-72.74983,first-order administrative division,Vermont,,United States,VirginiaTech
post,2022-05-14,411,"This was a high note to wrap up graduation weekend and a reminder of what I will miss the most about Blacksburg—its incredibly kind, amazing people.",2022-05,Blacksburg,35.12124,-81.51592,populated place,South Carolina,Cherokee County,United States,VirginiaTech
comment,2022-05-15,24,Black salt is the best chicken sandwich in Virginia,2022-05,Virginia,37.54812,-77.44675,first-order administrative division,Virginia,,United States,VirginiaTech
comment,2021-06-22,49,Not being able to jump in Lane one last time as a student under the lights really hit hard,2021-06,Siltcoos,43.88901,-124.06373,populated place,Oregon,Lane County,United States,VirginiaTech
comment,2021-06-22,13,Get yourself some student tickets in East as close to the student section as you can with us alumni in denial,2021-06,Austurland,65.0,-15.0,first-order administrative division,East,,Iceland,VirginiaTech
comment,2021-06-22,1,I live like 1.5 hours away near LU.,2021-06,Lublin Voivodeship,51.23333,22.9,first-order administrative division,Lublin,,Poland,VirginiaTech
comment,2021-06-22,1,Time to escape the nova area.,2021-06,Nova,48.51686,-82.3499,area,Ontario,,Canada,VirginiaTech
comment,2021-06-22,1,"Lol yeah, Lynchburg is weird in that there are tons of people my age, but no way to socialize unless I go to Liberty.",2021-06,City of Lynchburg,37.41375,-79.14225,second-order administrative division,Virginia,City of Lynchburg,United States,VirginiaTech
comment,2021-06-22,1,"Lol yeah, Lynchburg is weird in that there are tons of people my age, but no way to socialize unless I go to Liberty.",2021-06,Liberty,40.32535,-79.85616,populated place,Pennsylvania,Allegheny County,United States,VirginiaTech
comment,2021-02-18,2,I was at Goddard too!,2021-02,Goddard,38.98955,-76.85331,populated place,Maryland,Prince George's County,United States,VirginiaTech
comment,2021-02-17,3,Hence the Kraft Rd in Blacksburg CRC!,2021-02,Blacksburg,35.12124,-81.51592,populated place,South Carolina,Cherokee County,United States,VirginiaTech
comment,2026-04-29,1,Friend of mine went to Georgia tech out of state for the same price just because they offer more aid and scholarships.,2026-04,Georgia,32.75042,-83.50018,first-order administrative division,Georgia,,United States,VirginiaTech
post,2019-09-23,414,"if you’re missing a right shoe it’s outside of norris, and if you’re still in the tree you’re good at hiding",2019-09,Norris,37.53216,-119.31874,,California,Madera County,United States,VirginiaTech
comment,2019-03-11,37,Arguably the best part of VT right here,2019-03,Vermont,44.00034,-72.74983,first-order administrative division,Vermont,,United States,VirginiaTech
comment,2019-03-11,4,Dude u are easily the reason I go to dobes so much,2019-03,Dobeš,50.40459,15.63164,populated place,Hradec Králové Region,Okres Jičín,Czechia,VirginiaTech
comment,2019-03-11,3,"Highkey you were the main reason I went to atomic so often, just to get that little boost in my day.",2019-03,Atomic School,36.54424,-84.53494,school,Tennessee,Scott County,United States,VirginiaTech
comment,2019-03-12,2,"Yo, what happened to you moving to North Carolina with your mom?",2019-03,North Carolina,35.50069,-80.00032,first-order administrative division,North Carolina,,United States,VirginiaTech
comment,2019-03-12,3,I've been back in VA since late September.,2019-03,Virginia,37.54812,-77.44675,first-order administrative division,Virginia,,United States,VirginiaTech
comment,2020-09-27,30,"Very sad to not be in Lane tonight, but enjoying the game with 81’, 84’, 18’, and ‘19 grads!",2020-09,Siltcoos,43.88901,-124.06373,populated place,Oregon,Lane County,United States,VirginiaTech
post,2020-01-31,404,Me driving home on 81,2020-01,Ukmergė,55.25,24.75,second-order administrative division,Vilnius,Ukmergė,Lithuania,VirginiaTech
comment,2020-01-31,35,"You'll have to be strategic about it because they restrict the load size, and probably divide the US into squares and hand pick the ones along 81.",2020-01,United States,39.76,-98.5,independent political entity,,,United States,VirginiaTech
comment,2020-01-31,23,And an extended slow period for Botetourt County.,2020-01,Botetourt County,37.55712,-79.81233,second-order administrative division,Virginia,Botetourt County,United States,VirginiaTech
comment,2020-02-01,14,"If coming from Roanoke, I’d take that exit at the sad gas station/truck stop not far past Salem - I think it was N Fork Rd (looking at a map today).",2020-02,Roanoke,37.27097,-79.94143,seat of a second-order administrative division,Virginia,City of Roanoke,United States,VirginiaTech
comment,2020-02-01,14,"If coming from Roanoke, I’d take that exit at the sad gas station/truck stop not far past Salem - I think it was N Fork Rd (looking at a map today).",2020-02,Pole Tavern,39.61678,-75.22907,populated place,New Jersey,Salem County,United States,VirginiaTech
comment,2020-02-01,3,"They’re making it not as severe now if you’re caught over 80 mph... still when I go over NC border it’s like open road it seems, my max is 85 and there will still be that Maryland car going 90+ passing",2020-02,North Carolina,35.50069,-80.00032,first-order administrative division,North Carolina,,United States,VirginiaTech
comment,2020-02-01,3,"They’re making it not as severe now if you’re caught over 80 mph... still when I go over NC border it’s like open road it seems, my max is 85 and there will still be that Maryland car going 90+ passing",2020-02,Maryland,39.00039,-76.74997,first-order administrative division,Maryland,,United States,VirginiaTech
comment,2020-02-03,2,I-81 is a strange road north of exit 150.,2020-02,I-81 Scenic View,40.6462,-76.42468,,Pennsylvania,Schuylkill County,United States,VirginiaTech
comment,2020-02-03,1,I swear Harrisonburg is just one giant trap for cops.,2020-02,Harrisonburg,38.44957,-78.86892,seat of a second-order administrative division,Virginia,City of Harrisonburg,United States,VirginiaTech
comment,2020-02-03,1,Everyone I've known going down 81 to and from NOVA who's gotten tickets get them from that one 3 mile stretch.,2020-02,Ukmergė,55.25,24.75,second-order administrative division,Vilnius,Ukmergė,Lithuania,VirginiaTech
comment,2020-02-03,1,Everyone I've known going down 81 to and from NOVA who's gotten tickets get them from that one 3 mile stretch.,2020-02,Nova,39.73176,-77.81944,populated place,Pennsylvania,Franklin County,United States,VirginiaTech
comment,2020-02-01,22,"yup, the Ironto exit.",2020-02,Ironto,37.21874,-80.2781,populated place,Virginia,Montgomery County,United States,VirginiaTech
comment,2020-02-01,4,"There's also 311 -> Blacksburg Rd, but it only shaved time off if you were going somewhere on the north side of town like Pheasant Run.",2020-02,Pheasant Run,40.31011,-75.106,,Pennsylvania,Bucks County,United States,VirginiaTech
comment,2020-02-01,4,"I doubt it saves time anymore though - 81 is wider, 460 has a bypass that shaves off half a million stoplights, and both highways have higher speed limits than they did when I was there; the back road's probably the same as it ever was.",2020-02,Ukmergė,55.25,24.75,second-order administrative division,Vilnius,Ukmergė,Lithuania,VirginiaTech
comment,2020-02-01,4,"I doubt it saves time anymore though - 81 is wider, 460 has a bypass that shaves off half a million stoplights, and both highways have higher speed limits than they did when I was there; the back road's probably the same as it ever was.",2020-02,Interchange 460,32.67072,-96.94715,road junction,Texas,Dallas County,United States,VirginiaTech
comment,2020-02-01,3,I go back and forth from Roanoke a lot and the trucks on 81 make me hate roads,2020-02,Roanoke County,37.20907,-80.05085,second-order administrative division,Virginia,Roanoke County,United States,VirginiaTech
comment,2020-02-01,3,I go back and forth from Roanoke a lot and the trucks on 81 make me hate roads,2020-02,Ukmergė,55.25,24.75,second-order administrative division,Vilnius,Ukmergė,Lithuania,VirginiaTech
comment,2020-02-01,2,"My Grandma lives on North Fork, so I have a lot of experience on those roads.",2020-02,North Fork,40.9675,-72.62,economic region,New York,,United States,VirginiaTech
comment,2020-02-01,1,"Last year, a similar bill was held up in the courts of justice subcommittee in the house of delegates by the following members:

* Todd Gilbert R - Counties of Page, Rockingham (part), Shenandoah, and Warren (part)
* Robert Bell R - Counties of Albemarle (part), Fluvanna (part), Greene, and Rockingham 
* Christopher Collins R - Counties of Frederick (part) and Warren (part); City of Winchester 
* Margaret Ransone R - Counties of Caroline (part), King George, Lancaster, Northumberland, Richmond, and Westmoreland
* Michael Mullin D - Counties of James City (part) and York (part); Cities of Newport News

Hopefully people who live in those districts could contact their representative and get them to allow the bill to get the floor of the house of delegates.",2020-02,Rockingham County,42.98454,-71.08897,second-order administrative division,New Hampshire,Rockingham County,United States,VirginiaTech
comment,2020-02-01,1,"Last year, a similar bill was held up in the courts of justice subcommittee in the house of delegates by the following members:

* Todd Gilbert R - Counties of Page, Rockingham (part), Shenandoah, and Warren (part)
* Robert Bell R - Counties of Albemarle (part), Fluvanna (part), Greene, and Rockingham 
* Christopher Collins R - Counties of Frederick (part) and Warren (part); City of Winchester 
* Margaret Ransone R - Counties of Caroline (part), King George, Lancaster, Northumberland, Richmond, and Westmoreland
* Michael Mullin D - Counties of James City (part) and York (part); Cities of Newport News

Hopefully people who live in those districts could contact their representative and get them to allow the bill to get the floor of the house of delegates.",2020-02,Shenandoah,40.82037,-76.20077,populated place,Pennsylvania,Schuylkill County,United States,VirginiaTech
comment,2020-02-01,1,"Last year, a similar bill was held up in the courts of justice subcommittee in the house of delegates by the following members:

* Todd Gilbert R - Counties of Page, Rockingham (part), Shenandoah, and Warren (part)
* Robert Bell R - Counties of Albemarle (part), Fluvanna (part), Greene, and Rockingham 
* Christopher Collins R - Counties of Frederick (part) and Warren (part); City of Winchester 
* Margaret Ransone R - Counties of Caroline (part), King George, Lancaster, Northumberland, Richmond, and Westmoreland
* Michael Mullin D - Counties of James City (part) and York (part); Cities of Newport News

Hopefully people who live in those districts could contact their representative and get them to allow the bill to get the floor of the house of delegates.",2020-02,Warren,41.84395,-79.14504,seat of a second-order administrative division,Pennsylvania,Warren County,United States,VirginiaTech
comment,2020-02-01,1,"Last year, a similar bill was held up in the courts of justice subcommittee in the house of delegates by the following members:

* Todd Gilbert R - Counties of Page, Rockingham (part), Shenandoah, and Warren (part)
* Robert Bell R - Counties of Albemarle (part), Fluvanna (part), Greene, and Rockingham 
* Christopher Collins R - Counties of Frederick (part) and Warren (part); City of Winchester 
* Margaret Ransone R - Counties of Caroline (part), King George, Lancaster, Northumberland, Richmond, and Westmoreland
* Michael Mullin D - Counties of James City (part) and York (part); Cities of Newport News

Hopefully people who live in those districts could contact their representative and get them to allow the bill to get the floor of the house of delegates.",2020-02,Fluvanna County,37.84187,-78.27745,second-order administrative division,Virginia,Fluvanna County,United States,VirginiaTech
comment,2020-02-01,1,"Last year, a similar bill was held up in the courts of justice subcommittee in the house of delegates by the following members:

* Todd Gilbert R - Counties of Page, Rockingham (part), Shenandoah, and Warren (part)
* Robert Bell R - Counties of Albemarle (part), Fluvanna (part), Greene, and Rockingham 
* Christopher Collins R - Counties of Frederick (part) and Warren (part); City of Winchester 
* Margaret Ransone R - Counties of Caroline (part), King George, Lancaster, Northumberland, Richmond, and Westmoreland
* Michael Mullin D - Counties of James City (part) and York (part); Cities of Newport News

Hopefully people who live in those districts could contact their representative and get them to allow the bill to get the floor of the house of delegates.",2020-02,Greene County,39.8538,-80.22287,second-order administrative division,Pennsylvania,Greene County,United States,VirginiaTech
comment,2020-02-01,1,"Last year, a similar bill was held up in the courts of justice subcommittee in the house of delegates by the following members:

* Todd Gilbert R - Counties of Page, Rockingham (part), Shenandoah, and Warren (part)
* Robert Bell R - Counties of Albemarle (part), Fluvanna (part), Greene, and Rockingham 
* Christopher Collins R - Counties of Frederick (part) and Warren (part); City of Winchester 
* Margaret Ransone R - Counties of Caroline (part), King George, Lancaster, Northumberland, Richmond, and Westmoreland
* Michael Mullin D - Counties of James City (part) and York (part); Cities of Newport News

Hopefully people who live in those districts could contact their representative and get them to allow the bill to get the floor of the house of delegates.",2020-02,Rockingham County,42.98454,-71.08897,second-order administrative division,New Hampshire,Rockingham County,United States,VirginiaTech
comment,2020-02-01,1,"Last year, a similar bill was held up in the courts of justice subcommittee in the house of delegates by the following members:

* Todd Gilbert R - Counties of Page, Rockingham (part), Shenandoah, and Warren (part)
* Robert Bell R - Counties of Albemarle (part), Fluvanna (part), Greene, and Rockingham 
* Christopher Collins R - Counties of Frederick (part) and Warren (part); City of Winchester 
* Margaret Ransone R - Counties of Caroline (part), King George, Lancaster, Northumberland, Richmond, and Westmoreland
* Michael Mullin D - Counties of James City (part) and York (part); Cities of Newport News

Hopefully people who live in those districts could contact their representative and get them to allow the bill to get the floor of the house of delegates.",2020-02,Frederick County,39.20456,-78.26258,second-order administrative division,Virginia,Frederick County,United States,VirginiaTech
comment,2020-02-01,1,"Last year, a similar bill was held up in the courts of justice subcommittee in the house of delegates by the following members:

* Todd Gilbert R - Counties of Page, Rockingham (part), Shenandoah, and Warren (part)
* Robert Bell R - Counties of Albemarle (part), Fluvanna (part), Greene, and Rockingham 
* Christopher Collins R - Counties of Frederick (part) and Warren (part); City of Winchester 
* Margaret Ransone R - Counties of Caroline (part), King George, Lancaster, Northumberland, Richmond, and Westmoreland
* Michael Mullin D - Counties of James City (part) and York (part); Cities of Newport News

Hopefully people who live in those districts could contact their representative and get them to allow the bill to get the floor of the house of delegates.",2020-02,Warren,41.84395,-79.14504,seat of a second-order administrative division,Pennsylvania,Warren County,United States,VirginiaTech
comment,2020-02-01,1,"Last year, a similar bill was held up in the courts of justice subcommittee in the house of delegates by the following members:

* Todd Gilbert R - Counties of Page, Rockingham (part), Shenandoah, and Warren (part)
* Robert Bell R - Counties of Albemarle (part), Fluvanna (part), Greene, and Rockingham 
* Christopher Collins R - Counties of Frederick (part) and Warren (part); City of Winchester 
* Margaret Ransone R - Counties of Caroline (part), King George, Lancaster, Northumberland, Richmond, and Westmoreland
* Michael Mullin D - Counties of James City (part) and York (part); Cities of Newport News

Hopefully people who live in those districts could contact their representative and get them to allow the bill to get the floor of the house of delegates.",2020-02,Winchester,51.06513,-1.3187,seat of a second-order administrative division,England,Hampshire,United Kingdom,VirginiaTech
comment,2020-02-01,1,"Last year, a similar bill was held up in the courts of justice subcommittee in the house of delegates by the following members:

* Todd Gilbert R - Counties of Page, Rockingham (part), Shenandoah, and Warren (part)
* Robert Bell R - Counties of Albemarle (part), Fluvanna (part), Greene, and Rockingham 
* Christopher Collins R - Counties of Frederick (part) and Warren (part); City of Winchester 
* Margaret Ransone R - Counties of Caroline (part), King George, Lancaster, Northumberland, Richmond, and Westmoreland
* Michael Mullin D - Counties of James City (part) and York (part); Cities of Newport News

Hopefully people who live in those districts could contact their representative and get them to allow the bill to get the floor of the house of delegates.",2020-02,Caroline County,38.02682,-77.34696,second-order administrative division,Virginia,Caroline County,United States,VirginiaTech
comment,2020-02-01,1,"Last year, a similar bill was held up in the courts of justice subcommittee in the house of delegates by the following members:

* Todd Gilbert R - Counties of Page, Rockingham (part), Shenandoah, and Warren (part)
* Robert Bell R - Counties of Albemarle (part), Fluvanna (part), Greene, and Rockingham 
* Christopher Collins R - Counties of Frederick (part) and Warren (part); City of Winchester 
* Margaret Ransone R - Counties of Caroline (part), King George, Lancaster, Northumberland, Richmond, and Westmoreland
* Michael Mullin D - Counties of James City (part) and York (part); Cities of Newport News

Hopefully people who live in those districts could contact their representative and get them to allow the bill to get the floor of the house of delegates.",2020-02,King George,38.26818,-77.18442,seat of a second-order administrative division,Virginia,King George County,United States,VirginiaTech
comment,2020-02-01,1,"Last year, a similar bill was held up in the courts of justice subcommittee in the house of delegates by the following members:

* Todd Gilbert R - Counties of Page, Rockingham (part), Shenandoah, and Warren (part)
* Robert Bell R - Counties of Albemarle (part), Fluvanna (part), Greene, and Rockingham 
* Christopher Collins R - Counties of Frederick (part) and Warren (part); City of Winchester 
* Margaret Ransone R - Counties of Caroline (part), King George, Lancaster, Northumberland, Richmond, and Westmoreland
* Michael Mullin D - Counties of James City (part) and York (part); Cities of Newport News

Hopefully people who live in those districts could contact their representative and get them to allow the bill to get the floor of the house of delegates.",2020-02,Lancaster,40.03788,-76.30551,seat of a second-order administrative division,Pennsylvania,Lancaster County,United States,VirginiaTech
comment,2020-02-01,1,"Last year, a similar bill was held up in the courts of justice subcommittee in the house of delegates by the following members:

* Todd Gilbert R - Counties of Page, Rockingham (part), Shenandoah, and Warren (part)
* Robert Bell R - Counties of Albemarle (part), Fluvanna (part), Greene, and Rockingham 
* Christopher Collins R - Counties of Frederick (part) and Warren (part); City of Winchester 
* Margaret Ransone R - Counties of Caroline (part), King George, Lancaster, Northumberland, Richmond, and Westmoreland
* Michael Mullin D - Counties of James City (part) and York (part); Cities of Newport News

Hopefully people who live in those districts could contact their representative and get them to allow the bill to get the floor of the house of delegates.",2020-02,Northumberland,40.89175,-76.79747,populated place,Pennsylvania,Northumberland County,United States,VirginiaTech
comment,2020-02-01,1,"Last year, a similar bill was held up in the courts of justice subcommittee in the house of delegates by the following members:

* Todd Gilbert R - Counties of Page, Rockingham (part), Shenandoah, and Warren (part)
* Robert Bell R - Counties of Albemarle (part), Fluvanna (part), Greene, and Rockingham 
* Christopher Collins R - Counties of Frederick (part) and Warren (part); City of Winchester 
* Margaret Ransone R - Counties of Caroline (part), King George, Lancaster, Northumberland, Richmond, and Westmoreland
* Michael Mullin D - Counties of James City (part) and York (part); Cities of Newport News

Hopefully people who live in those districts could contact their representative and get them to allow the bill to get the floor of the house of delegates.",2020-02,Richmond,51.46171,-0.30633,populated place,England,Greater London,United Kingdom,VirginiaTech
comment,2020-02-01,1,"Last year, a similar bill was held up in the courts of justice subcommittee in the house of delegates by the following members:

* Todd Gilbert R - Counties of Page, Rockingham (part), Shenandoah, and Warren (part)
* Robert Bell R - Counties of Albemarle (part), Fluvanna (part), Greene, and Rockingham 
* Christopher Collins R - Counties of Frederick (part) and Warren (part); City of Winchester 
* Margaret Ransone R - Counties of Caroline (part), King George, Lancaster, Northumberland, Richmond, and Westmoreland
* Michael Mullin D - Counties of James City (part) and York (part); Cities of Newport News

Hopefully people who live in those districts could contact their representative and get them to allow the bill to get the floor of the house of delegates.",2020-02,Westmoreland County,40.31073,-79.46696,second-order administrative division,Pennsylvania,Westmoreland County,United States,VirginiaTech
comment,2020-02-01,1,"Last year, a similar bill was held up in the courts of justice subcommittee in the house of delegates by the following members:

* Todd Gilbert R - Counties of Page, Rockingham (part), Shenandoah, and Warren (part)
* Robert Bell R - Counties of Albemarle (part), Fluvanna (part), Greene, and Rockingham 
* Christopher Collins R - Counties of Frederick (part) and Warren (part); City of Winchester 
* Margaret Ransone R - Counties of Caroline (part), King George, Lancaster, Northumberland, Richmond, and Westmoreland
* Michael Mullin D - Counties of James City (part) and York (part); Cities of Newport News

Hopefully people who live in those districts could contact their representative and get them to allow the bill to get the floor of the house of delegates.",2020-02,James City,43.14314,-71.23423,populated place,New Hampshire,Rockingham County,United States,VirginiaTech
comment,2020-02-01,1,"Last year, a similar bill was held up in the courts of justice subcommittee in the house of delegates by the following members:

* Todd Gilbert R - Counties of Page, Rockingham (part), Shenandoah, and Warren (part)
* Robert Bell R - Counties of Albemarle (part), Fluvanna (part), Greene, and Rockingham 
* Christopher Collins R - Counties of Frederick (part) and Warren (part); City of Winchester 
* Margaret Ransone R - Counties of Caroline (part), King George, Lancaster, Northumberland, Richmond, and Westmoreland
* Michael Mullin D - Counties of James City (part) and York (part); Cities of Newport News

Hopefully people who live in those districts could contact their representative and get them to allow the bill to get the floor of the house of delegates.",2020-02,York,53.95763,-1.08271,seat of a second-order administrative division,England,City of York,United Kingdom,VirginiaTech
comment,2020-02-01,1,"Last year, a similar bill was held up in the courts of justice subcommittee in the house of delegates by the following members:

* Todd Gilbert R - Counties of Page, Rockingham (part), Shenandoah, and Warren (part)
* Robert Bell R - Counties of Albemarle (part), Fluvanna (part), Greene, and Rockingham 
* Christopher Collins R - Counties of Frederick (part) and Warren (part); City of Winchester 
* Margaret Ransone R - Counties of Caroline (part), King George, Lancaster, Northumberland, Richmond, and Westmoreland
* Michael Mullin D - Counties of James City (part) and York (part); Cities of Newport News

Hopefully people who live in those districts could contact their representative and get them to allow the bill to get the floor of the house of delegates.",2020-02,Newport News,36.98038,-76.42975,seat of a second-order administrative division,Virginia,City of Newport News,United States,VirginiaTech
comment,2020-02-01,6,"Yes, because you used to have to take N Franklin most of the way from I-81 to Campus.",2020-02,N Franklin Mine,-37.58153,146.28542,mine(s),Victoria,Mansfield,Australia,VirginiaTech
comment,2020-02-01,6,"Yes, because you used to have to take N Franklin most of the way from I-81 to Campus.",2020-02,I-81 Scenic View,40.6462,-76.42468,,Pennsylvania,Schuylkill County,United States,VirginiaTech
comment,2020-02-01,6,"Yes, because you used to have to take N Franklin most of the way from I-81 to Campus.",2020-02,Campus,41.02337,-88.30617,populated place,Illinois,Livingston County,United States,VirginiaTech
comment,2020-02-01,6,There was a short bypass from the car dealerships on 460 near the I-81 exit to the Sheetz on N Franklin.,2020-02,Interchange 460,32.67072,-96.94715,road junction,Texas,Dallas County,United States,VirginiaTech
comment,2020-02-01,6,There was a short bypass from the car dealerships on 460 near the I-81 exit to the Sheetz on N Franklin.,2020-02,I-81 Scenic View,40.6462,-76.42468,,Pennsylvania,Schuylkill County,United States,VirginiaTech
comment,2020-02-01,6,otherwise you were on 460 Business for the whole way until South Main and then 460 became a highway.,2020-02,South Main,49.25764,-123.10114,section of populated place,British Columbia,Metro Vancouver Regional District,Canada,VirginiaTech
comment,2020-02-01,6,otherwise you were on 460 Business for the whole way until South Main and then 460 became a highway.,2020-02,Interchange 460,32.67072,-96.94715,road junction,Texas,Dallas County,United States,VirginiaTech
comment,2020-02-01,6,"When traffic was heavy, the Ironto exit was sometimes faster.",2020-02,Ironto,37.21874,-80.2781,populated place,Virginia,Montgomery County,United States,VirginiaTech
comment,2020-02-01,2,The bypass of Christiansburg wasn't open to traffic until around 2004 or so.,2020-02,Christiansburg,40.05533,-84.02605,populated place,Ohio,Champaign County,United States,VirginiaTech
comment,2019-04-22,6,It really shows how fucking odd of a building Pritchard is lol,2019-04,Prichard,41.25508,-76.13437,populated place,Pennsylvania,Luzerne County,United States,VirginiaTech
comment,2019-04-22,13,It looks like you could walk from Pritchard to McBryde in 5 minutes lol,2019-04,Prichard,41.25508,-76.13437,populated place,Pennsylvania,Luzerne County,United States,VirginiaTech
comment,2019-04-22,13,It looks like you could walk from Pritchard to McBryde in 5 minutes lol,2019-04,McBryde Farm,34.77794,-79.43755,section of populated place,North Carolina,Scotland County,United States,VirginiaTech
comment,2019-04-22,-3,How and why were you flying into Blacksburg airport?,2019-04,Blacksburg,37.22957,-80.41394,populated place,Virginia,Montgomery County,United States,VirginiaTech
comment,2019-04-22,-12,"Last time I drove through Blacksburg I almost didn't recognize the place it looks so different now than it did when I was there with the barns and silos on Southgate gone, the University Club house gone, the traffic circles, parking decks,  new buildings, etc.",2019-04,Blacksburg,35.12124,-81.51592,populated place,South Carolina,Cherokee County,United States,VirginiaTech
comment,2019-04-22,-12,"Last time I drove through Blacksburg I almost didn't recognize the place it looks so different now than it did when I was there with the barns and silos on Southgate gone, the University Club house gone, the traffic circles, parking decks,  new buildings, etc.",2019-04,Southgate,34.23871,-83.90685,populated place,Georgia,Hall County,United States,VirginiaTech
post,2011-12-08,398,On foot towards McComas.,2011-12,McComas,37.39012,-81.29149,populated place,West Virginia,Mercer County,United States,VirginiaTech
post,2011-12-08,398,A potential second victim is reported at the Cage lot.,2011-12,Cage,45.29056,17.21083,populated place,Brod-Posavina,Okučani,Croatia,VirginiaTech
comment,2011-12-08,12,"Interviewing someone else now from the green house; tracking someone ""suspicious"" at a bus stop (but the poor guy probably just has no idea what's going on and why the bus hasn't come in the last hour).",2011-12,Hebert House,30.02505,-92.77057,house(s),Louisiana,Cameron Parish,United States,VirginiaTech
comment,2011-12-08,11,"Interning in Roanoke and not having access to Facebook and Twitter in the workplace, I'm SO glad that Reddit isn't blocked in times like these.",2011-12,Roanoke,37.27097,-79.94143,seat of a second-order administrative division,Virginia,City of Roanoke,United States,VirginiaTech
comment,2011-12-08,8,"Campus webcams seem to have been shut down or unavailable:

* [Burruss webcam](http://www.vtnews.vt.edu/webcams/burruss.html)

* [Cassell/Lane Stadium webcam](http://www.hokiesports.com/webcam/)

* [Eggleston Hall webcam](http://www.vtnews.vt.edu/webcams/eggleston.html)

* [Library Plaza webcam](http://www.vtnews.vt.edu/webcams/library-plaza.html)",2011-12,Burruss Hall,38.43944,-78.87222,building(s),Virginia,City of Harrisonburg,United States,VirginiaTech
comment,2011-12-08,8,"Campus webcams seem to have been shut down or unavailable:

* [Burruss webcam](http://www.vtnews.vt.edu/webcams/burruss.html)

* [Cassell/Lane Stadium webcam](http://www.hokiesports.com/webcam/)

* [Eggleston Hall webcam](http://www.vtnews.vt.edu/webcams/eggleston.html)

* [Library Plaza webcam](http://www.vtnews.vt.edu/webcams/library-plaza.html)",2011-12,Eggleston Hall,36.86917,-76.18806,building(s),Virginia,City of Virginia Beach,United States,VirginiaTech
comment,2011-12-08,8,"Campus webcams seem to have been shut down or unavailable:

* [Burruss webcam](http://www.vtnews.vt.edu/webcams/burruss.html)

* [Cassell/Lane Stadium webcam](http://www.hokiesports.com/webcam/)

* [Eggleston Hall webcam](http://www.vtnews.vt.edu/webcams/eggleston.html)

* [Library Plaza webcam](http://www.vtnews.vt.edu/webcams/library-plaza.html)",2011-12,Century Plaza Branch Library,26.31722,-80.12917,library,Florida,Broward County,United States,VirginiaTech
comment,2011-12-08,7,Holy fuck I just parked in Cassel lot and walked up to Merriman for the athlete luncheon and then we get news of this.,2011-12,Kassel,51.31667,9.5,seat of a second-order administrative division,Hesse,Regierungsbezirk Kassel,Germany,VirginiaTech
comment,2011-12-08,7,Holy fuck I just parked in Cassel lot and walked up to Merriman for the athlete luncheon and then we get news of this.,2011-12,Merriman,42.91972,-101.7007,populated place,Nebraska,Cherry County,United States,VirginiaTech
comment,2011-12-08,7,;_; We are VT,2011-12,Vermont,44.00034,-72.74983,first-order administrative division,Vermont,,United States,VirginiaTech
comment,2011-12-08,6,"UGA here, stay safe we're thinking about yall",2011-12,Uga,7.38224,9.32363,populated place,Benue State,Katsina-Ala,Nigeria,VirginiaTech
comment,2011-12-08,7,"From wtkr.com 

""Shortly after 12 p.m. today, a Virginia Tech Police officer stopped a vehicle on campus during a routine traffic stop in the Coliseum parking lot near McComas Hall

During the traffic stop.",2011-12,Coliseum,37.63804,-112.13658,,Utah,Garfield County,United States,VirginiaTech
comment,2011-12-08,7,"From wtkr.com 

""Shortly after 12 p.m. today, a Virginia Tech Police officer stopped a vehicle on campus during a routine traffic stop in the Coliseum parking lot near McComas Hall

During the traffic stop.",2011-12,McComas Hall,37.22,-80.42278,building(s),Virginia,Montgomery County,United States,VirginiaTech
comment,2011-12-08,7,"Witnesses reported to police the shooter fled on foot heading toward the Cage, a parking lot near Duck Pond Drive.",2011-12,Cage,32.19389,98.128,populated place,Tibet,Qamdo Shi,China,VirginiaTech
comment,2011-12-08,7,Suspect Near bldg 600 in Foxridge.,2011-12,Foxridge,51.12963,0.51315,hill,England,Kent,United Kingdom,VirginiaTech
comment,2011-12-08,8,"From the scanner: POSSIBLE sighting on walking path near fire station, down town (hubbard street behind airport).",2011-12,Hubbard Elementary School,34.31389,-118.42314,school,California,Los Angeles County,United States,VirginiaTech
comment,2011-12-08,6,Police did not shoot the victim/suspect in the Cage lot.,2011-12,Cage,32.19389,98.128,populated place,Tibet,Qamdo Shi,China,VirginiaTech
comment,2011-12-08,5,[Pictures from the Cage parking lot.,2011-12,Cage,32.19389,98.128,populated place,Tibet,Qamdo Shi,China,VirginiaTech
comment,2011-12-08,4,Just heard on the scanner shots were reported at the Performing arts building near McBride.,2011-12,McBride,40.79756,-79.9245,populated place,Pennsylvania,Butler County,United States,VirginiaTech
comment,2011-12-08,5,Edit2: Shots heard near Torg,2011-12,Torg,57.00212,32.65708,populated place,Tver Oblast,,Russia,VirginiaTech
comment,2023-11-03,17,"I lived in foxridge about 2 years ago and caught a guy going through my roommates laundry late at night one night, he bolted out the other side door before I realized what was going on.",2023-11,Foxridge,35.84173,-86.5186,populated place,Tennessee,Rutherford County,United States,VirginiaTech
comment,2023-11-05,1,There was an issue with a peeping tom in Blacksburg during COVID wasn’t there?,2023-11,Blacksburg,35.12124,-81.51592,populated place,South Carolina,Cherokee County,United States,VirginiaTech
comment,2023-11-03,26,"Furthermore there’s a lot of legal action that can be taken against this guy, I would highly suggest someone reporting this to the Montgomery county sheriffs office.",2023-11,Montgomery County,32.17336,-82.53482,second-order administrative division,Georgia,Montgomery County,United States,VirginiaTech
comment,2023-11-04,5,[A few years ago](https://wjla.com/amp/news/local/virginia-man-gets-year-for-stalking-women-stealing-underwear-leaving-semen),2023-11,Virginia,37.54812,-77.44675,first-order administrative division,Virginia,,United States,VirginiaTech
comment,2023-11-11,1,Recently at Foxridge I noticed that someone opened my clothes from my dryer like 15 min after I put it in.,2023-11,Foxridge,35.84173,-86.5186,populated place,Tennessee,Rutherford County,United States,VirginiaTech
comment,2023-11-05,1,I remember in 2018 or sometime around then a man was arrested for jerking off on the door handles of women that lived on Center Street and some other creepy activities:,2023-11,Chicago Transit Authority-Armitage Avenue Station,41.91809,-87.65283,building(s),Illinois,Cook County,United States,VirginiaTech
comment,2023-11-03,25,I'm a Marine who doesn't even live in Virginia.,2023-11,Virginia,37.54812,-77.44675,first-order administrative division,Virginia,,United States,VirginiaTech
comment,2023-04-07,6,When I first became to Blacksburg the sign was big block letters and for months the k and r were out so everyone called them Ogers.,2023-04,Blacksburg,37.81874,-79.3192,populated place,Virginia,Rockbridge County,United States,VirginiaTech
comment,2023-04-07,7,"I made that reference a few weeks ago with a fellow Hokie, about how I went to an actual ghetto Kroger the night before, you know the ones with armed security hovering at the entrance and the solar powered blue light cameras down in RVA… they should take those to Blacksburg’s Ghetto Kroger to really bring the atmosphere to the right place…  My friend really enjoyed the reference; took us both back about 11-8 years.",2023-04,Farafangana,-22.82223,47.82615,seat of a first-order administrative division,Atsimo-Atsinanana,Farafangana District,Madagascar,VirginiaTech
comment,2023-04-07,7,"I made that reference a few weeks ago with a fellow Hokie, about how I went to an actual ghetto Kroger the night before, you know the ones with armed security hovering at the entrance and the solar powered blue light cameras down in RVA… they should take those to Blacksburg’s Ghetto Kroger to really bring the atmosphere to the right place…  My friend really enjoyed the reference; took us both back about 11-8 years.",2023-04,Blacksburg,37.81874,-79.3192,populated place,Virginia,Rockbridge County,United States,VirginiaTech
comment,2023-04-07,1,I got the term from a buddy who used to live in Nashville by a Kroger where I believe someone did get murdered in or around it.,2023-04,Nashville,36.16589,-86.78444,seat of a first-order administrative division,Tennessee,Davidson County,United States,VirginiaTech
comment,2019-09-06,1,"1205, 1206, and 1224 had components that required us to go to the Empo.",2019-09,Empo,60.3878,22.38305,populated place,Southwest Finland,Turku,Finland,VirginiaTech
post,2025-12-02,395,Huge fire in Foxridge Hoping everyone is safe!,2025-12,Foxridge,51.12963,0.51315,hill,England,Kent,United Kingdom,VirginiaTech
comment,2025-12-02,27,"Same thing happened when I lived in Foxridge like a decade ago

https://preview.redd.it/emioq7uv7s4g1.jpeg?width=1836&format=pjpg&auto=webp&s=8cdd031696eb4a053fc5c1f87bd4946cb4429d08",2025-12,Foxridge,51.12963,0.51315,hill,England,Kent,United Kingdom,VirginiaTech
comment,2025-12-02,8,They put us in the Virginia Tech Inn.,2025-12,The Inn At Virginia Tech,37.2315,-80.433,hotel,Virginia,,United States,VirginiaTech
comment,2025-12-02,39,3400 Richmond Lane,2025-12,Super 8 Motel Richmond Slumber Lane,39.26581,-93.96055,hotel,Missouri,Ray County,United States,VirginiaTech
comment,2025-12-03,2,"I know fox ridge is pretty old, was built in the 70s.",2025-12,Fox Ridge,41.73095,-123.86785,ridge(s),California,Del Norte County,United States,VirginiaTech
comment,2025-09-07,15,I’m a 44 year old Blacksburg native.,2025-09,Blacksburg,35.12124,-81.51592,populated place,South Carolina,Cherokee County,United States,VirginiaTech
comment,2025-09-07,11,"That’s only 77K a week, the average yearly salary in Virginia.",2025-09,Virginia,37.54812,-77.44675,first-order administrative division,Virginia,,United States,VirginiaTech
comment,2025-09-07,10,"As I see it  VT fans are cool with mediocrity because they show up to games in Blacksburg,and they travel well to away games",2025-09,Blacksburg,37.22957,-80.41394,populated place,Virginia,Montgomery County,United States,VirginiaTech
comment,2025-09-07,2,He hates VT.,2025-09,Vermont,44.00034,-72.74983,first-order administrative division,Vermont,,United States,VirginiaTech
comment,2025-09-09,1,We almost lost to BC last year because we just abandoned the field in the 3rd quarter.,2025-09,British Columbia,53.99983,-125.0032,first-order administrative division,British Columbia,,Canada,VirginiaTech
comment,2025-09-14,1,0-3 VT's worst start since 1987!,2025-09,Vermont,44.00034,-72.74983,first-order administrative division,Vermont,,United States,VirginiaTech
comment,2025-09-15,1,The VT Board of Visitors should visit somewhere else and leave VT alone.,2025-09,Vermont,44.00034,-72.74983,first-order administrative division,Vermont,,United States,VirginiaTech
comment,2025-09-15,1,He had a dismal losing record in New England when he didn’t have Tom Brady.,2025-09,New England,40.33479,-79.92699,populated place,Pennsylvania,Allegheny County,United States,VirginiaTech
comment,2025-09-15,1,VT needs Indiana’s Curt Signetti if they can get him.,2025-09,Indiana,40.00032,-86.25027,first-order administrative division,Indiana,,United States,VirginiaTech
post,2021-11-28,396,VT WON AT C'VILLE AS THE CLEAR UNDERDOG AND STILL OWNS UVA VT STILL OWNS UVA IN FOOTBALL.,2021-11,Vermont,44.00034,-72.74983,first-order administrative division,Vermont,,United States,VirginiaTech
post,2021-11-28,396,VT WON AT C'VILLE AS THE CLEAR UNDERDOG AND STILL OWNS UVA VT STILL OWNS UVA IN FOOTBALL.,2021-11,Uva,56.99081,52.18517,seat of a second-order administrative division,Udmurtiya Republic,,Russia,VirginiaTech
post,2021-11-28,396,VT WON AT C'VILLE AS THE CLEAR UNDERDOG AND STILL OWNS UVA VT STILL OWNS UVA IN FOOTBALL.,2021-11,Vermont,44.00034,-72.74983,first-order administrative division,Vermont,,United States,VirginiaTech
post,2021-11-28,396,VT WON AT C'VILLE AS THE CLEAR UNDERDOG AND STILL OWNS UVA VT STILL OWNS UVA IN FOOTBALL.,2021-11,Uva,56.99081,52.18517,seat of a second-order administrative division,Udmurtiya Republic,,Russia,VirginiaTech
post,2021-11-28,396,EVEN MICHIGAN HAS DONE BETTER AGAINST OHIO STATE.,2021-11,Ohio,40.25034,-83.00018,first-order administrative division,Ohio,,United States,VirginiaTech
comment,2021-11-28,155,UVA SAVIOR BRONCO 1-5 VS VT.,2021-11,Vermont,44.00034,-72.74983,first-order administrative division,Vermont,,United States,VirginiaTech
comment,2021-11-28,32,"That ""*for all Virginia*"" sticker on their helmets is arrogant af.",2021-11,Virginia,37.54812,-77.44675,first-order administrative division,Virginia,,United States,VirginiaTech
comment,2021-11-28,32,"Bitch you don't speak for us, or Norfolk or Harrisonburg or Williamsburg or Lynchburg (ugh).",2021-11,Norfolk,36.84681,-76.28522,seat of a second-order administrative division,Virginia,City of Norfolk,United States,VirginiaTech
comment,2021-11-28,32,"Bitch you don't speak for us, or Norfolk or Harrisonburg or Williamsburg or Lynchburg (ugh).",2021-11,Harrisonburg,38.44957,-78.86892,seat of a second-order administrative division,Virginia,City of Harrisonburg,United States,VirginiaTech
comment,2021-11-28,32,"Bitch you don't speak for us, or Norfolk or Harrisonburg or Williamsburg or Lynchburg (ugh).",2021-11,Williamsburg,37.2707,-76.70746,seat of a second-order administrative division,Virginia,City of Williamsburg,United States,VirginiaTech
comment,2021-11-28,32,"Bitch you don't speak for us, or Norfolk or Harrisonburg or Williamsburg or Lynchburg (ugh).",2021-11,Lynchburg,37.41375,-79.14225,seat of a second-order administrative division,Virginia,City of Lynchburg,United States,VirginiaTech
comment,2021-11-28,32,"VT has more fans across the state, more fans in NoVA, more fans in Hampton Roads, comparable fans in Richmond.",2021-11,Nova,39.73176,-77.81944,populated place,Pennsylvania,Franklin County,United States,VirginiaTech
comment,2021-11-28,32,"VT has more fans across the state, more fans in NoVA, more fans in Hampton Roads, comparable fans in Richmond.",2021-11,Hampton Roads,36.97515,-76.34967,harbor(s),Virginia,City of Hampton,United States,VirginiaTech
comment,2021-11-28,32,"VT has more fans across the state, more fans in NoVA, more fans in Hampton Roads, comparable fans in Richmond.",2021-11,Richmond,37.55376,-77.46026,seat of a first-order administrative division,Virginia,City of Richmond,United States,VirginiaTech
comment,2021-11-29,3,UVA has always been the school of the landed gentry in Virginia.,2021-11,Virginia,37.54812,-77.44675,first-order administrative division,Virginia,,United States,VirginiaTech
comment,2021-11-29,3,"I'm for it,  clearly the team is behind him....did you see what the American football coach did went he went and coached a pro soccer team in England?",2021-11,England,52.16045,-0.70312,first-order administrative division,England,,United Kingdom,VirginiaTech
comment,2018-09-04,3,At least in Alabama’s “weak” schedule they played against 5 star recruits and NFL talent every single game.,2018-09,Alabama,32.75041,-86.75026,first-order administrative division,Alabama,,United States,VirginiaTech
comment,2020-12-15,1,"Again, not saying there’s *causation* but maybe saying that someone put a curse on the cup and hell rains down on the earth whenever it’s not in Blacksburg.",2020-12,Blacksburg,35.12124,-81.51592,populated place,South Carolina,Cherokee County,United States,VirginiaTech
comment,2018-12-10,12,I'm no longer in Blacksburg.,2018-12,Blacksburg,35.12124,-81.51592,populated place,South Carolina,Cherokee County,United States,VirginiaTech
comment,2018-12-10,2,There are so many reasons I miss Blacksburg and this is one of them.,2018-12,Blacksburg,35.12124,-81.51592,populated place,South Carolina,Cherokee County,United States,VirginiaTech
comment,2018-12-10,4,"I've lived all over Virginia and in Texas, I've traveled all over the Eastern and Midwest, and when I moved here, I decided I was here to stay.",2018-12,Virginia,37.54812,-77.44675,first-order administrative division,Virginia,,United States,VirginiaTech
comment,2018-12-10,4,"I've lived all over Virginia and in Texas, I've traveled all over the Eastern and Midwest, and when I moved here, I decided I was here to stay.",2018-12,Texas,31.25044,-99.25061,first-order administrative division,Texas,,United States,VirginiaTech
comment,2018-12-10,4,"I've lived all over Virginia and in Texas, I've traveled all over the Eastern and Midwest, and when I moved here, I decided I was here to stay.",2018-12,Eastern Division,-18.5,180.0,first-order administrative division,Eastern,,Fiji,VirginiaTech
comment,2018-12-10,4,"I've lived all over Virginia and in Texas, I've traveled all over the Eastern and Midwest, and when I moved here, I decided I was here to stay.",2018-12,Midwest,42.65982,-93.93863,region,,,United States,VirginiaTech
post,2023-12-09,392,Spotted flying over Charlottesville today…,2023-12,Charlottesville,38.02931,-78.47668,seat of a second-order administrative division,Virginia,City of Charlottesville,United States,VirginiaTech
post,2022-10-31,393,Selling this shoe I found near Pritchard hmu for a price,2022-10,Prichard,41.25508,-76.13437,populated place,Pennsylvania,Luzerne County,United States,VirginiaTech
comment,2019-09-13,3,Hopefully it’s not spreading to campus but I think that’s the only way Montgomery county will act up and do something about it,2019-09,Montgomery County,32.17336,-82.53482,second-order administrative division,Georgia,Montgomery County,United States,VirginiaTech
comment,2022-11-28,83,If you turn left here it takes you to exit 128 which is the exit it usually tries to get you off 81 and onto 460 to go up through Salem if going north.,2022-11,Ukmergė,55.25,24.75,second-order administrative division,Vilnius,Ukmergė,Lithuania,VirginiaTech
comment,2022-11-28,83,If you turn left here it takes you to exit 128 which is the exit it usually tries to get you off 81 and onto 460 to go up through Salem if going north.,2022-11,Interchange 460,32.67072,-96.94715,road junction,Texas,Dallas County,United States,VirginiaTech
comment,2022-11-28,83,If you turn left here it takes you to exit 128 which is the exit it usually tries to get you off 81 and onto 460 to go up through Salem if going north.,2022-11,Pole Tavern,39.61678,-75.22907,populated place,New Jersey,Salem County,United States,VirginiaTech
comment,2022-11-28,83,That will put you at the bottom of Christiansburg mountain and the 3 lane section of 81.,2022-11,Ukmergė,55.25,24.75,second-order administrative division,Vilnius,Ukmergė,Lithuania,VirginiaTech
comment,2022-11-28,83,It's basically taking you around on the north side of 81 instead of the south side where it's jammed packed with trucks and stop lights.,2022-11,Ukmergė,55.25,24.75,second-order administrative division,Vilnius,Ukmergė,Lithuania,VirginiaTech
comment,2022-11-28,12,Roanoke/Salem were hell earlier,2022-11,Roanoke,37.27097,-79.94143,seat of a second-order administrative division,Virginia,City of Roanoke,United States,VirginiaTech
comment,2022-11-28,9,Hey I’m from Salem and then lived in Roanoke for over a decade.,2022-11,Pole Tavern,39.61678,-75.22907,populated place,New Jersey,Salem County,United States,VirginiaTech
comment,2022-11-28,9,Hey I’m from Salem and then lived in Roanoke for over a decade.,2022-11,Roanoke,37.27097,-79.94143,seat of a second-order administrative division,Virginia,City of Roanoke,United States,VirginiaTech
comment,2022-11-28,9,I have to travel to Roanoke twice a month on Sundays and it’s gotten to the point I just take the backroads because there’s always something.,2022-11,Roanoke,37.27097,-79.94143,seat of a second-order administrative division,Virginia,City of Roanoke,United States,VirginiaTech
comment,2022-11-28,9,There’s a neat little scenic drive down Ellett and then back into the country that then takes you to Catawba/back down to Salem.,2022-11,New Ellett,37.19957,-80.36338,populated place,Virginia,Montgomery County,United States,VirginiaTech
comment,2022-11-28,9,There’s a neat little scenic drive down Ellett and then back into the country that then takes you to Catawba/back down to Salem.,2022-11,Catawba River,34.46681,-80.88897,stream,South Carolina,Fairfield County,United States,VirginiaTech
comment,2022-11-28,9,There’s a neat little scenic drive down Ellett and then back into the country that then takes you to Catawba/back down to Salem.,2022-11,Pole Tavern,39.61678,-75.22907,populated place,New Jersey,Salem County,United States,VirginiaTech
comment,2022-11-28,5,*Me in Salem just hating the traffic and glad I don't have to go back until tomorrow*,2022-11,Pole Tavern,39.61678,-75.22907,populated place,New Jersey,Salem County,United States,VirginiaTech
comment,2022-11-28,3,i left the nashville area at 4:30 CST and got home at 1:30 EST.,2022-11,Nashville,36.16589,-86.78444,seat of a first-order administrative division,Tennessee,Davidson County,United States,VirginiaTech
comment,2022-11-28,1,The people in charge of 81 in Salem should be publicly tried for being complete ass wipes.,2022-11,Ukmergė,55.25,24.75,second-order administrative division,Vilnius,Ukmergė,Lithuania,VirginiaTech
comment,2022-11-28,1,The people in charge of 81 in Salem should be publicly tried for being complete ass wipes.,2022-11,Pole Tavern,39.61678,-75.22907,populated place,New Jersey,Salem County,United States,VirginiaTech
comment,2022-11-28,1,It was 81 all the way from PA for me,2022-11,Pennsylvania,40.8,-77.7,first-order administrative division,Pennsylvania,,United States,VirginiaTech
comment,2022-11-28,-3,"Idk what it was called, but when we drove out of Blacksburg last week we took a 2-lane hilly backroad for about 30 minutes to end up right before Roanoke, and that was the most miserable I’ve ever been in a car lmao.",2022-11,Blacksburg,37.81874,-79.3192,populated place,Virginia,Rockbridge County,United States,VirginiaTech
comment,2022-11-28,-3,"Idk what it was called, but when we drove out of Blacksburg last week we took a 2-lane hilly backroad for about 30 minutes to end up right before Roanoke, and that was the most miserable I’ve ever been in a car lmao.",2022-11,Roanoke,37.27097,-79.94143,seat of a second-order administrative division,Virginia,City of Roanoke,United States,VirginiaTech
comment,2023-10-24,1,"I love Salem and Roanoke, no shit talking",2023-10,Pole Tavern,39.61678,-75.22907,populated place,New Jersey,Salem County,United States,VirginiaTech
comment,2023-10-24,1,"I love Salem and Roanoke, no shit talking",2023-10,Roanoke,37.27097,-79.94143,seat of a second-order administrative division,Virginia,City of Roanoke,United States,VirginiaTech
comment,2022-11-28,32,^^^ I’m from Roanoke and this is how I go home on breaks because not as many people know about it,2022-11,Roanoke,37.27097,-79.94143,seat of a second-order administrative division,Virginia,City of Roanoke,United States,VirginiaTech
comment,2022-11-28,15,"You can follow that back road all the way into downtown Blacksburg, but beware that during good weather, that road is full of bicyclists and there are a ton of blind hills/corners.",2022-11,Blacksburg,35.12124,-81.51592,populated place,South Carolina,Cherokee County,United States,VirginiaTech
comment,2022-11-28,22,My favorite way to go from here to ROA.,2022-11,Roanoke Regional Airport-Woodrum Field,37.32541,-79.97532,airport,Virginia,Roanoke County,United States,VirginiaTech
comment,2022-11-28,9,Whitehall NY is more Klan territory than Roanoke/Salem,2022-11,Whitehall,37.73375,-77.04275,populated place,Virginia,King and Queen County,United States,VirginiaTech
comment,2022-11-28,9,Whitehall NY is more Klan territory than Roanoke/Salem,2022-11,Roanoke,37.27097,-79.94143,seat of a second-order administrative division,Virginia,City of Roanoke,United States,VirginiaTech
comment,2022-11-28,5,">people in charge of 81 in Salem

Who do you think is ""in charge"" of the interstate?",2022-11,Ukmergė,55.25,24.75,second-order administrative division,Vilnius,Ukmergė,Lithuania,VirginiaTech
comment,2022-11-28,5,">people in charge of 81 in Salem

Who do you think is ""in charge"" of the interstate?",2022-11,Pole Tavern,39.61678,-75.22907,populated place,New Jersey,Salem County,United States,VirginiaTech
comment,2022-11-28,5,It really wasn't possible to take down all the Jersey barriers or do anything else in the construction zone.,2022-11,Bailiwick of Jersey,49.21667,-2.11667,political entity,,,Jersey,VirginiaTech
comment,2022-11-28,-14,Also one of the most segregated cities in the southern US.,2022-11,United States,39.76,-98.5,independent political entity,,,United States,VirginiaTech
comment,2022-11-28,-14,"Maybe “in the southern US” is a bit of hyperbole, but it is certainly up there in Virginia.",2022-11,United States,39.76,-98.5,independent political entity,,,United States,VirginiaTech
comment,2022-11-28,-14,"Maybe “in the southern US” is a bit of hyperbole, but it is certainly up there in Virginia.",2022-11,Virginia,37.54812,-77.44675,first-order administrative division,Virginia,,United States,VirginiaTech
comment,2022-11-28,-14,"Roanoke is historically, and continues to be, highly segregated by race and class.",2022-11,Roanoke,37.27097,-79.94143,seat of a second-order administrative division,Virginia,City of Roanoke,United States,VirginiaTech
comment,2022-11-28,-14,Though you could probably say that about many US cities.,2022-11,United States,39.76,-98.5,independent political entity,,,United States,VirginiaTech
comment,2022-11-28,0,(1) People unfamiliar with this area should not be driving the way they do on the stretch of i81.,2022-11,Hampton Inn Roanoke Holins I81,37.35588,-79.956,hotel,Virginia,Roanoke County,United States,VirginiaTech
comment,2022-11-28,0,There is usually a meeting every 1-2 years about expanding i81 but almost none of the VT population ever shows up to voice their opinion.,2022-11,Hampton Inn Roanoke Holins I81,37.35588,-79.956,hotel,Virginia,Roanoke County,United States,VirginiaTech
comment,2022-11-28,-6,It shouldn’t be dangerous other than normal dangers to drive to Blacksburg and back for a game.,2022-11,Blacksburg,35.12124,-81.51592,populated place,South Carolina,Cherokee County,United States,VirginiaTech
comment,2022-11-28,0,>	It shouldn’t be dangerous other than normal dangers to drive to Blacksburg and back for a game.,2022-11,Blacksburg,35.12124,-81.51592,populated place,South Carolina,Cherokee County,United States,VirginiaTech
comment,2022-11-28,0,Northam finally got things moving by pushing for an increase in the gas tax in counties that I-81 runs through to provide funds for additional lanes and other improvements.,2022-11,I-81 Scenic View,40.6462,-76.42468,,Pennsylvania,Schuylkill County,United States,VirginiaTech
comment,2022-11-28,0,"A lot of the problems come down to what ddshd said, ""People unfamiliar with this area should not be driving the way they do"" Actually, anyone driving on I-81 needs to drive with caution.",2022-11,I-81 Scenic View,40.6462,-76.42468,,Pennsylvania,Schuylkill County,United States,VirginiaTech
comment,2021-10-16,10,"You make more than the US president, the school's president, the governor, lead heart surgeons... 

wild.",2021-10,United States,39.76,-98.5,independent political entity,,,United States,VirginiaTech
comment,2021-10-18,4,"When folks in the stands can call what is about to happen, I know a visiting DC crew can too.",2021-10,District of Columbia,38.91706,-77.00025,first-order administrative division,District of Columbia,,United States,VirginiaTech
comment,2021-10-17,10,I remember those years  last I heard he ended up at JMU somewhere,2021-10,Jiamusi,46.79711,130.31118,seat of a second-order administrative division,Heilongjiang,Jiamusi Shi,China,VirginiaTech
comment,2021-12-07,57,Turners is one of the better places to have a breakdown.,2021-12,Turners,44.3729,-81.33043,populated place,Ontario,Bruce County,Canada,VirginiaTech
comment,2021-12-08,4,Turner Place at Lavery Hall does not have a single S how come people still call it Turners,2021-12,Turner Place,27.9776,-82.0709,populated place,Florida,Hillsborough County,United States,VirginiaTech
comment,2021-12-08,4,Turner Place at Lavery Hall does not have a single S how come people still call it Turners,2021-12,Turners,-15.45,28.25,populated place,Lusaka Province,,Zambia,VirginiaTech
comment,2021-10-25,9,Can they cancel his return flight and leave him in Atlanta?,2021-10,Atlanta,33.749,-84.38798,seat of a first-order administrative division,Georgia,Fulton County,United States,VirginiaTech
comment,2020-05-08,6,This seems a little too far west to be from Relay...,2020-05,Relay,49.98352,-81.61641,area,Ontario,,Canada,VirginiaTech
comment,2021-10-09,25,Bro I lived in PY back in 2009 and we had “AC” except they turned on the furnace the first week of September.,2021-10,Union Territory of Puducherry,11.93333,79.81667,first-order administrative division,Puducherry,,India,VirginiaTech
comment,2021-10-09,19,Because if they can spend 50 million building a new campus in NOVA and millions more renovating a bus terminal they can put some ac in the dorms for their students.,2021-10,Nova,52.371,4.89,hotel,North Holland,Gemeente Amsterdam,The Netherlands,VirginiaTech
comment,2021-10-08,6,Ac today is so common place.,2021-10,Acre,-9.0,-70.0,first-order administrative division,Acre,,Brazil,VirginiaTech
comment,2021-10-09,1,Heat control in my dorm room at Lee hall didn't do shit.,2021-10,Lee Hall,42.11232,-72.55759,building(s),Massachusetts,Hampden County,United States,VirginiaTech
comment,2020-04-22,17,Stack this on top of teachers who are complaining about people coming back to blacksburg so they can focus more on schoolwork and there is a lot of conflicting arguments.,2020-04,Blacksburg,35.12124,-81.51592,populated place,South Carolina,Cherokee County,United States,VirginiaTech
comment,2020-09-13,7,beautiful pic :) i miss walking thru there to goodwin,2020-09,Goodwin,41.09227,-84.45745,,Ohio,Paulding County,United States,VirginiaTech
post,2022-11-09,386,Photo I took of the Lunar Eclipse over Burruss,2022-11,Burruss Dam,37.5768,-79.28975,dam,Virginia,Amherst County,United States,VirginiaTech
post,2019-10-28,377,Fog In Blacksburg,2019-10,Blacksburg,35.12124,-81.51592,populated place,South Carolina,Cherokee County,United States,VirginiaTech
comment,2019-10-28,2,"Yeah I was headed to Hahn, Pamplin was on my left",2019-10,Hahn,49.96667,7.26667,seat of a fourth-order administrative division,Rheinland-Pfalz,,Germany,VirginiaTech
comment,2019-10-28,2,"Yeah I was headed to Hahn, Pamplin was on my left",2019-10,Pamplin,37.26348,-78.68251,populated place,Virginia,Appomattox County,United States,VirginiaTech
comment,2019-10-29,2,I had a 7:45am chemistry exam in McBryde.,2019-10,McBryde Hall,37.23041,-80.422,building(s),Virginia,Montgomery County,United States,VirginiaTech
comment,2025-12-04,4,Over at 12100 near Cardinal Court.,2025-12,Cardinal Court,40.51726,-88.99924,populated place,Illinois,McLean County,United States,VirginiaTech
comment,2025-12-04,-9,next thing you will advocate for is sprinkler systems in single-family detached dwellings (like CA)....,2025-12,California,37.25022,-119.75126,first-order administrative division,California,,United States,VirginiaTech
comment,2025-12-04,2,I'm pretty sure that's the 3400 Richmond Lane block.,2025-12,Super 8 Motel Richmond Slumber Lane,39.26581,-93.96055,hotel,Missouri,Ray County,United States,VirginiaTech
comment,2025-12-04,2,"I lived on the ground floor of 3300 (the unburned half), Tall Oaks side, for four years, so it's pretty unmistakable to me.",2025-12,Tall Oaks,42.17975,-88.03896,section of populated place,Illinois,Lake County,United States,VirginiaTech
comment,2025-12-04,32,Most of them are relocated at The Residence Inn for now,2025-12,Inn The City Residence-Nonhyeo,37.511,127.024,hotel,Seoul,Gangnam-gu,South Korea,VirginiaTech
comment,2025-12-04,3,I bet a fox ridge with 2025 building codes would rent for less than the $1100 a month(post rent split) I pay for a apt building in blacksburg because it was built in 2023 so I know it follows updated laws.,2025-12,Blacksburg,37.81874,-79.3192,populated place,Virginia,Rockbridge County,United States,VirginiaTech
comment,2025-12-04,3,One of my idiot roommates charred the railing on the deck at our place at Pheasant Run by spraying lighter fluid on lit coals that he didn't think were burning fast enough.,2025-12,Pleasant Run,39.044,-79.72118,stream,West Virginia,Tucker County,United States,VirginiaTech
comment,2022-01-12,11,"When I was a student, the student union retained a lawyer full-time, with an office in Squires.",2022-01,Squires,42.17169,-88.09119,section of populated place,Illinois,Lake County,United States,VirginiaTech
comment,2022-01-12,11,"Also, you are a resident of Blacksburg and Montgomery County.",2022-01,Blacksburg,37.22957,-80.41394,populated place,Virginia,Montgomery County,United States,VirginiaTech
comment,2022-01-12,11,"Also, you are a resident of Blacksburg and Montgomery County.",2022-01,Montgomery County,32.22026,-86.20761,second-order administrative division,Alabama,Montgomery County,United States,VirginiaTech
comment,2022-01-12,3,What management company works with the Village now?,2022-01,Village,51.44978,-0.08675,section of populated place,England,Greater London,United Kingdom,VirginiaTech
comment,2022-01-31,1,I have a normal size fridge in my apartment at the Village East.,2022-01,The Standard East Village,40.72794,-73.99097,hotel,New York,New York County,United States,VirginiaTech
comment,2020-10-22,2,i miss those blacksburg sunsets,2020-10,Blacksburg,35.12124,-81.51592,populated place,South Carolina,Cherokee County,United States,VirginiaTech
post,2021-06-22,375,"Blacksburg native, Virginia Tech grad qualifies for Tokyo Olympics",2021-06,Blacksburg,36.75428,-81.8204,populated place,Virginia,Washington County,United States,VirginiaTech
comment,2019-10-20,28,"God I miss Lane stadium, for those of y’all still there, go to every single game if you can.",2019-10,Lane Stadium,37.22013,-80.41811,stadium,Virginia,Montgomery County,United States,VirginiaTech
comment,2019-10-20,3,More comments here than there are students in the NEZ,2019-10,Nes’,66.6004,44.68094,populated place,Nenets,,Russia,VirginiaTech
comment,2019-10-20,9,Get hulu live- game changer for me since in Denver now,2019-10,Denver,39.73915,-104.9847,seat of a first-order administrative division,Colorado,Denver County,United States,VirginiaTech
comment,2019-10-20,5,"Watching at a bar in Cary, NC.",2019-10,Cary,35.79154,-78.78112,populated place,North Carolina,Wake County,United States,VirginiaTech
comment,2019-10-20,5,"Watching at a bar in Cary, NC.",2019-10,North Carolina,35.50069,-80.00032,first-order administrative division,North Carolina,,United States,VirginiaTech
comment,2019-10-20,1,I remember the days where the energy in the NEZ would bring the whole stadium up.,2019-10,Nes’,66.6004,44.68094,populated place,Nenets,,Russia,VirginiaTech
comment,2019-10-20,2,They're not letting people sit in North without a North ticket now.,2019-10,North,22.49471,114.13812,first-order administrative division,North District,,Hong Kong,VirginiaTech
comment,2019-10-20,2,They're not letting people sit in North without a North ticket now.,2019-10,North,22.49471,114.13812,first-order administrative division,North District,,Hong Kong,VirginiaTech
comment,2019-10-20,2,"If all your friend group can't sit in North, they just go to East.",2019-10,North,22.49471,114.13812,first-order administrative division,North District,,Hong Kong,VirginiaTech
comment,2019-10-20,2,"If all your friend group can't sit in North, they just go to East.",2019-10,Austurland,65.0,-15.0,first-order administrative division,East,,Iceland,VirginiaTech
comment,2019-10-20,2,Plus North is always empty after halftime for Homecoming games.,2019-10,Norths Landing,38.90228,-84.87356,populated place,Indiana,Ohio County,United States,VirginiaTech
comment,2018-05-05,42,"Reminds me of the feelings I had visiting the memorial every 4/16 when I went to Tech, and walking through Norris Hall on 4/16 my senior year.",2018-05,Norris Hall,34.68038,-82.83903,building(s),South Carolina,Pickens County,United States,VirginiaTech
comment,2018-05-05,42,One was even in Norris Hall that day.,2018-05,Norris Hall,34.68038,-82.83903,building(s),South Carolina,Pickens County,United States,VirginiaTech
comment,2018-05-05,42,And I came here every finals week with my ex-GF whose smile could light Lane Stadium.,2018-05,Lane Stadium,37.22013,-80.41811,stadium,Virginia,Montgomery County,United States,VirginiaTech
comment,2023-03-05,33,"So we're going to get some games played in Cassell, right?",2023-03,Cassell,43.20666,-89.87512,populated place,Wisconsin,Sauk County,United States,VirginiaTech
comment,2023-03-07,3,So did anything happen to the thug from Louisville for her blatant (and uncalled) foul near the end of the game?,2023-03,Louisville,38.25424,-85.75941,seat of a second-order administrative division,Kentucky,Jefferson County,United States,VirginiaTech
comment,2023-03-05,6,If we get a one seed (still questionable) we could potentially host four games in Cassell.,2023-03,Cassell,43.20666,-89.87512,populated place,Wisconsin,Sauk County,United States,VirginiaTech
comment,2023-03-05,11,"That would be phenomenal however, I just feel we’re gonna get screwed by the NCAA and get a four seed and have to play South Carolina in the round of 16",2023-03,South Carolina,34.00043,-81.00009,first-order administrative division,South Carolina,,United States,VirginiaTech
comment,2023-03-05,5,It looks like the 2nd weekend (16 teams to 4) is either in Greenville or Seattle.,2023-03,Greenville,33.02874,-84.71298,seat of a second-order administrative division,Georgia,Meriwether County,United States,VirginiaTech
comment,2023-03-05,5,It looks like the 2nd weekend (16 teams to 4) is either in Greenville or Seattle.,2023-03,Seattle,47.60621,-122.33207,seat of a second-order administrative division,Washington,King County,United States,VirginiaTech
comment,2023-03-05,5,But Blacksburg should still host 2 rounds.,2023-03,Blacksburg,35.12124,-81.51592,populated place,South Carolina,Cherokee County,United States,VirginiaTech
comment,2020-05-23,3,"Florida Hokie here...what are the temps, cold enough to wear a jacket?",2020-05,Florida,28.75054,-82.5001,first-order administrative division,Florida,,United States,VirginiaTech
comment,2020-05-23,3,Hot as Hades down here in Jacksonville.,2020-05,Jacksonville,30.33218,-81.65565,seat of a second-order administrative division,Florida,Duval County,United States,VirginiaTech
comment,2024-10-02,117,What's happened is that the Montgomery County water authority can't get the ultra-fine silt particles to settle out of the water fast enough so there's silt in the water.,2024-10,Montgomery County,30.30021,-95.50301,second-order administrative division,Texas,Montgomery County,United States,VirginiaTech
comment,2024-10-03,9,Also - this water comes from the New River where people swim every day in the summer!,2024-10,New River,18.11906,-76.88677,stream,,,Jamaica,VirginiaTech
comment,2024-10-02,37,Y’all act like you have to bathe in the Ganges or something.,2024-10,Ganges River,23.36667,90.53333,stream,,,Bangladesh,VirginiaTech
comment,2024-10-05,2,"This happens with my acne when I go down to Florida, different minerals my skin just hates",2024-10,Florida,28.75054,-82.5001,first-order administrative division,Florida,,United States,VirginiaTech
comment,2019-11-29,35,UVA is gonna get an ass whoopin next year in Lane.,2019-11,Siltcoos,43.88901,-124.06373,populated place,Oregon,Lane County,United States,VirginiaTech
comment,2019-11-30,3,Frank's Deli is trash now and West End is always so packed you can't get food anyway.,2019-11,West End,40.44035,-80.03533,populated place,Pennsylvania,Allegheny County,United States,VirginiaTech
comment,2019-11-29,23,Enjoy yourselves uva fans.,2019-11,Uva,56.99081,52.18517,seat of a second-order administrative division,Udmurtiya Republic,,Russia,VirginiaTech
comment,2019-11-30,2,Everything in 2005 prior to Miami was a slaughter.,2019-11,Miami,25.77427,-80.19366,seat of a second-order administrative division,Florida,Miami-Dade County,United States,VirginiaTech
comment,2019-11-30,1,I've only ever been to the wrap place in West End and only because it's the cheapest meal on campus (I live in Lee Hall).,2019-11,West End,52.1731,-0.56638,populated place,England,Bedford,United Kingdom,VirginiaTech
comment,2019-11-30,1,I've only ever been to the wrap place in West End and only because it's the cheapest meal on campus (I live in Lee Hall).,2019-11,Lee Hall,42.11232,-72.55759,building(s),Massachusetts,Hampden County,United States,VirginiaTech
comment,2019-12-05,2,They aren’t in an attractive area like FSU or Miami either.,2019-12,Miami,25.77427,-80.19366,seat of a second-order administrative division,Florida,Miami-Dade County,United States,VirginiaTech
comment,2019-12-05,2,"Look at WVU, USC, Tennessee, Nebraska, Michigan etc.",2019-12,Michigan,44.25029,-85.50033,first-order administrative division,Michigan,,United States,VirginiaTech
post,2024-06-11,372,Just started tearing down Randolph this morning.,2024-06,Renick,39.34281,-92.41379,populated place,Missouri,Randolph County,United States,VirginiaTech
comment,2024-06-11,25,Had me rethinking my decision to VT lol.,2024-06,Vermont,44.00034,-72.74983,first-order administrative division,Vermont,,United States,VirginiaTech
comment,2024-06-11,7,Can they do Whittemore next?,2024-06,Wetmore Run,41.71201,-77.69304,stream,Pennsylvania,Potter County,United States,VirginiaTech
comment,2020-12-24,41,"A friend of mine that went to Miami sent this to me when it first started making the rounds and said ""is this your team?""",2020-12,Miami,25.77427,-80.19366,seat of a second-order administrative division,Florida,Miami-Dade County,United States,VirginiaTech
post,2020-01-20,378,My parents got married 29 years ago today at War!,2020-01,Wārah,28.98333,47.95,well,,,Kuwait,VirginiaTech
comment,2021-02-03,1,We represented ourselves nationally much better than our friend up I-81.,2021-02,I-81 Scenic View,40.6462,-76.42468,,Pennsylvania,Schuylkill County,United States,VirginiaTech
comment,2020-03-26,2,It's on main street near Moe's,2020-03,Moe's River,45.24004,-71.7862,populated place,Quebec,Estrie,Canada,VirginiaTech
comment,2024-10-18,9,Lane stadium is meant to be filled to the brim.,2024-10,Lane Stadium,37.22013,-80.41811,stadium,Virginia,Montgomery County,United States,VirginiaTech
comment,2024-10-18,3,I know because I’ve been in a bumper years after I left Blacksburg.,2024-10,Blacksburg,37.81874,-79.3192,populated place,Virginia,Rockbridge County,United States,VirginiaTech
comment,2024-10-18,3,They don’t have a live camera crew outside TOTS during the game.,2024-10,Triangle Tots,38.8949,-77.0302,building(s),District of Columbia,,United States,VirginiaTech
comment,2024-02-02,5,"Men only, the UVA women are the Alabama of swimming right now...and just to further clarify, dual meets don't mean much in swimming...its nice but a teams dual meet record means zero as teams are in different phases of training when they compete against each other.",2024-02,Alabama,32.75041,-86.75026,first-order administrative division,Alabama,,United States,VirginiaTech
comment,2022-09-30,17,"Kinda like Rosso in west end, they’re taking away so much character",2022-09,West End,51.73592,-1.3875,populated place,England,Oxfordshire,United Kingdom,VirginiaTech
comment,2022-09-30,5,Would love more photos of the renovation at Dietrick if anyone has some!,2022-09,Dietrick Hall,37.22457,-80.42116,building(s),Virginia,Montgomery County,United States,VirginiaTech
comment,2022-09-30,3,Damn... glad that I left VT just touching things they should not be touching!,2022-09,Vermont,44.00034,-72.74983,first-order administrative division,Vermont,,United States,VirginiaTech
comment,2022-10-03,1,"All the things that were under that outside patio extending from DX to Deets is going to now be enclosed with lots of glass, just like D2 is.",2022-10,Kelson Dx,28.64325,77.21046,hotel,Delhi,Central Delhi,India,VirginiaTech
comment,2022-10-03,1,"All the things that were under that outside patio extending from DX to Deets is going to now be enclosed with lots of glass, just like D2 is.",2022-10,Deets Creek,42.79567,-123.4134,stream,Oregon,Douglas County,United States,VirginiaTech
comment,2022-10-03,1,"All the things that were under that outside patio extending from DX to Deets is going to now be enclosed with lots of glass, just like D2 is.",2022-10,Hunebed D2,53.0556,6.44557,tomb(s),Drenthe,Gemeente Noordenveld,The Netherlands,VirginiaTech
comment,2019-08-31,32,Odu might be a pain too but that one's at Lane.,2019-08,Siltcoos,43.88901,-124.06373,populated place,Oregon,Lane County,United States,VirginiaTech
comment,2019-09-01,18,"Still plenty of games to go but they better beat odu

I remember one year ECU beat tech then the next year tech unleashed on em at Lane",2019-09,Rochelle,41.92392,-89.06871,populated place,Illinois,Ogle County,United States,VirginiaTech
comment,2023-03-31,9,Some of y’all 2020-now kids have no clue how nice and walkable VT was pre-covid.,2023-03,Vermont,44.00034,-72.74983,first-order administrative division,Vermont,,United States,VirginiaTech
comment,2023-03-31,9,I wonder what ever happened to renovations at the War Memorial gym.,2023-03,War Memorial,42.37009,-72.51759,park,Massachusetts,Hampshire County,United States,VirginiaTech
comment,2023-03-31,3,"I can't remember anything major being explicitly blocked off, save for what I think was a new ramp they put in down by Ag Quad, and the other ramp behind Owens.",2023-03,Kanawha City,38.32149,-81.58207,populated place,West Virginia,Kanawha County,United States,VirginiaTech
comment,2023-04-02,2,"That’s a bummer, I remember war memorial being old and outdated compared to McComas even 16 years ago, really could have used a renovation.",2023-04,McComas,37.39012,-81.29149,populated place,West Virginia,Mercer County,United States,VirginiaTech
comment,2026-04-18,80,"I have been to many games at Lane, this certainly is not something I have seen!",2026-04,Siltcoos,43.88901,-124.06373,populated place,Oregon,Lane County,United States,VirginiaTech
comment,2026-04-18,38,"I mean its always windy in Blacksburg, but yeah this looks like either poor planning or underestimation of the winds",2026-04,Blacksburg,36.75428,-81.8204,populated place,Virginia,Washington County,United States,VirginiaTech
comment,2026-04-19,8,"It’s a metaphor of how we are fighting the Iran war, among many other things.",2026-04,Islamic Republic of Iran,32.0,53.0,independent political entity,,,Iran,VirginiaTech
comment,2026-04-18,3,"I flew regularly out of BCB when at VT and would always make it a point to go up to your booth at Gobblerfest and ask why you jump out of perfectly good airplanes :P

I have been diving a few times, just rather fly than jump ;)",2026-04,Virginia Tech/Montgomery Executive Airport,37.20618,-80.40785,airport,Virginia,Montgomery County,United States,VirginiaTech
comment,2020-09-09,-36,Virginia tech is still one of the best schools in the country.,2020-09,Virginia,37.54812,-77.44675,first-order administrative division,Virginia,,United States,VirginiaTech
post,2026-03-03,366,"I got tired of manually entering VT dining hall food into MyFitnessPal, so I built an app for it Hey Hokies,

If you've ever tried to track your calories while eating on campus, you know the struggle.",2026-03,Vermont,44.00034,-72.74983,first-order administrative division,Vermont,,United States,VirginiaTech
comment,2026-03-03,1, isn’t this literally just CalAi,2026-03,Calai,-13.76652,15.51302,stream,,,Angola,VirginiaTech
comment,2026-03-03,1,"as far as I know hokie is trademarked, you may have to choose a different name.",2026-03,The Old Hokie House,41.75511,-70.49781,building(s),Massachusetts,Barnstable County,United States,VirginiaTech
comment,2025-09-21,5,Florida is now also 1-3.,2025-09,Florida,28.75054,-82.5001,first-order administrative division,Florida,,United States,VirginiaTech
post,2025-10-05,361,To the drunk students who got a ride from downtown to Center St from a kind soul at 3am who was coming off a long shift at a local bar… I hope you get everything you deserve after stealing that person’s wallet and having a good time with their debit/credit card.,2025-10,Estadio ST Center,9.86412,-84.08278,stadium,San José,Aserrí,Costa Rica,VirginiaTech
comment,2025-10-05,72,Credit card and credit card number theft is grand larceny in Virginia and is a felony.,2025-10,Virginia,37.54812,-77.44675,first-order administrative division,Virginia,,United States,VirginiaTech
comment,2025-10-06,8,"Yes, in Virginia.",2025-10,Virginia,37.54812,-77.44675,first-order administrative division,Virginia,,United States,VirginiaTech
comment,2025-10-06,8,*Someone* has to sit and yap with another cop in the median of 460 while people drive by at 90 mph.,2025-10,Interchange 460,32.67072,-96.94715,road junction,Texas,Dallas County,United States,VirginiaTech
comment,2020-10-04,49,When I was a teen I volunteered at one of the refreshment booths at Lane Stadium during home games.,2020-10,Lane Stadium,37.22013,-80.41811,stadium,Virginia,Montgomery County,United States,VirginiaTech
comment,2020-10-04,8,"lmao

the boys used to do that during the games at lane stadium

just sneaking plastic in",2020-10,Lane Stadium,37.22013,-80.41811,stadium,Virginia,Montgomery County,United States,VirginiaTech
post,2021-08-26,360,"I heard earlier this week the Patrick Henry Drive driver saying he stopped at the first stop on Progress (the one with the brick shelter) and 50 people were there, and passed up on his bus because they were waiting for UCB.",2021-08,Progress,36.91792,-79.67531,populated place,Virginia,Franklin County,United States,VirginiaTech
post,2021-08-26,360,"**  If you live at the Retreat, don't cross the road to catch HWA after it's already filled up.",2021-08,Retreat,36.60357,-121.86412,,California,Monterey County,United States,VirginiaTech
post,2021-08-26,360,"Get to the stop on your side of the street 10 minutes earlier, and you can get a spot on an empty artic before it gets to Hethwood.",2021-08,Hethwood,37.21541,-80.45394,populated place,Virginia,Montgomery County,United States,VirginiaTech
post,2021-08-26,360,"During peak hours, it's faster to ride HWA and get off at McBryde and walk than to wait to get off at Burruss.",2021-08,McBryde Mill,21.90056,-159.56139,,Hawaii,Kauai County,United States,VirginiaTech
post,2021-08-26,360,"During peak hours, it's faster to ride HWA and get off at McBryde and walk than to wait to get off at Burruss.",2021-08,Burruss Dam,37.5768,-79.28975,dam,Virginia,Amherst County,United States,VirginiaTech
post,2021-08-26,360,"We cannot predict traffic conditions, so if you live at the Edge and want to catch Progress Street into campus, don't look at the app or call dispatch and ask exactly, to the minute, when your bus will arrive because we literally cannot tell you.",2021-08,Blacksburg Volunteer Fire Department Station 1,37.23142,-80.41351,building(s),Virginia,Montgomery County,United States,VirginiaTech
post,2021-08-26,360,"**If you need to go to the Math Emporium:** 
 * **University Mall Shuttle (UMS)** will leave Burruss at :10, and :40 after the hour, and drop you off right outside the entrance to UMall.",2021-08,Ust-Maya Airport,60.36391,134.4488,airport,Sakha,,Russia,VirginiaTech
post,2021-08-26,360,"**If you need to go to the Math Emporium:** 
 * **University Mall Shuttle (UMS)** will leave Burruss at :10, and :40 after the hour, and drop you off right outside the entrance to UMall.",2021-08,Burrus Elementary School,29.81703,-95.39016,school,Texas,Harris County,United States,VirginiaTech
post,2021-08-26,360,"* **University City Boulevard (UCB)** currently leaves Burruss at :00, :15, :30, and :45 after the hour, and will drop you off across the street near the CVS.",2021-08,Ulanqab,40.993,113.133,seat of a second-order administrative division,Inner Mongolia,Wulanchabu Shi,China,VirginiaTech
post,2021-08-26,360,"* **University City Boulevard (UCB)** currently leaves Burruss at :00, :15, :30, and :45 after the hour, and will drop you off across the street near the CVS.",2021-08,Burruss Dam,37.5768,-79.28975,dam,Virginia,Amherst County,United States,VirginiaTech
post,2021-08-26,360,"* **University City Boulevard (UCB)** currently leaves Burruss at :00, :15, :30, and :45 after the hour, and will drop you off across the street near the CVS.",2021-08,Cannon Air Force Base,34.392,-103.32071,airbase,New Mexico,Curry County,United States,VirginiaTech
post,2021-08-26,360,"* In a pinch, you can also take HWA (from Burruss), HWB (from Torgerson) or Carpenter Boulevard (from Newman) and all three will drop you off on Prices Fork just past the intersection to University City Boulevard.",2021-08,Ḩawā,35.52669,37.04075,populated place,Idlib,,Syria,VirginiaTech
post,2021-08-26,360,"* In a pinch, you can also take HWA (from Burruss), HWB (from Torgerson) or Carpenter Boulevard (from Newman) and all three will drop you off on Prices Fork just past the intersection to University City Boulevard.",2021-08,Burruss School,33.94316,-84.57827,school,Georgia,Cobb County,United States,VirginiaTech
post,2021-08-26,360,"* In a pinch, you can also take HWA (from Burruss), HWB (from Torgerson) or Carpenter Boulevard (from Newman) and all three will drop you off on Prices Fork just past the intersection to University City Boulevard.",2021-08,Hope,49.38299,-121.44144,populated place,British Columbia,Fraser Valley Regional District,Canada,VirginiaTech
post,2021-08-26,360,"* In a pinch, you can also take HWA (from Burruss), HWB (from Torgerson) or Carpenter Boulevard (from Newman) and all three will drop you off on Prices Fork just past the intersection to University City Boulevard.",2021-08,Torgerson Lake,46.17227,-95.72579,lake,Minnesota,Otter Tail County,United States,VirginiaTech
post,2021-08-26,360,"* In a pinch, you can also take HWA (from Burruss), HWB (from Torgerson) or Carpenter Boulevard (from Newman) and all three will drop you off on Prices Fork just past the intersection to University City Boulevard.",2021-08,Little Sandy River,34.60431,-81.36732,stream,South Carolina,Chester County,United States,VirginiaTech
post,2021-08-26,360,"Sorry, venting, but I literally got held up making the U-turn to Squires for 5-10 minutes because traffic at Alumni/Drillfield was backed up so badly.",2021-08,Squires,42.17169,-88.09119,section of populated place,Illinois,Lake County,United States,VirginiaTech
post,2021-08-26,360,"EDIT: Fixed link to point to COVID cases in Montgomery County, VA instead of Montgomery County, MD.",2021-08,Montgomery County,37.17404,-80.387,second-order administrative division,Virginia,Montgomery County,United States,VirginiaTech
post,2021-08-26,360,"EDIT: Fixed link to point to COVID cases in Montgomery County, VA instead of Montgomery County, MD.",2021-08,Virginia,37.54812,-77.44675,first-order administrative division,Virginia,,United States,VirginiaTech
post,2021-08-26,360,"EDIT: Fixed link to point to COVID cases in Montgomery County, VA instead of Montgomery County, MD.",2021-08,Montgomery County,37.17404,-80.387,second-order administrative division,Virginia,Montgomery County,United States,VirginiaTech
post,2021-08-26,360,"EDIT: Fixed link to point to COVID cases in Montgomery County, VA instead of Montgomery County, MD.",2021-08,Maryland,39.00039,-76.74997,first-order administrative division,Maryland,,United States,VirginiaTech
comment,2021-08-26,50,You made my time in Blacksburg quite a bit easier.,2021-08,Blacksburg,35.12124,-81.51592,populated place,South Carolina,Cherokee County,United States,VirginiaTech
comment,2021-08-26,36,FYI - your link to covid cases refers to Maryland's Montgomery County.,2021-08,Maryland,39.00039,-76.74997,first-order administrative division,Maryland,,United States,VirginiaTech
comment,2021-08-26,36,FYI - your link to covid cases refers to Maryland's Montgomery County.,2021-08,Montgomery County,39.13638,-77.20424,second-order administrative division,Maryland,Montgomery County,United States,VirginiaTech
comment,2021-08-26,36,You need to add Montgomery County VA.,2021-08,Montgomery County,37.17404,-80.387,second-order administrative division,Virginia,Montgomery County,United States,VirginiaTech
comment,2021-08-26,36,You need to add Montgomery County VA.,2021-08,Virginia,37.54812,-77.44675,first-order administrative division,Virginia,,United States,VirginiaTech
comment,2021-08-27,4,One thing I did want to add about the Math Empo which will only really help those who live on campus is that if you're there late at night after UMS stops running the TOM bus takes you back to campus on the same route and covers all the same stops on campus through Newman.,2021-08,Newman,39.79865,-87.98587,populated place,Illinois,Douglas County,United States,VirginiaTech
comment,2021-08-26,3,"I don’t live in BB anymore, but BT drivers are the best!",2021-08,Brandenburg,52.45905,13.01582,first-order administrative division,Brandenburg,,Germany,VirginiaTech
comment,2021-08-27,3,> One thing I did want to add about the Math Empo which will only really help those who live on campus is that if you're there late at night after UMS stops running the TOM bus takes you back to campus on the same route and covers all the same stops on campus through Newman.,2021-08,Newman,39.79865,-87.98587,populated place,Illinois,Douglas County,United States,VirginiaTech
comment,2021-08-27,3,"Yes, and worth adding to this that TOM picks up by the street entrance on UCB, not the front entrance to the mall like UMS.",2021-08,Ulanqab,40.993,113.133,seat of a second-order administrative division,Inner Mongolia,Wulanchabu Shi,China,VirginiaTech
comment,2021-08-27,3,"Yes, and worth adding to this that TOM picks up by the street entrance on UCB, not the front entrance to the mall like UMS.",2021-08,Ust-Maya Airport,60.36391,134.4488,airport,Sakha,,Russia,VirginiaTech
comment,2021-08-26,5,It's really bad at the Shawnee stop heading towards Tom's Creek.,2021-08,Shawnee,35.32729,-96.9253,seat of a second-order administrative division,Oklahoma,Pottawatomie County,United States,VirginiaTech
comment,2021-08-26,5,It's really bad at the Shawnee stop heading towards Tom's Creek.,2021-08,Toms Creek,41.12482,-74.94739,stream,Pennsylvania,Pike County,United States,VirginiaTech
comment,2021-08-26,5,It used to be pretty bad at Sturbridge but it looks like they're putting in a crosswalk where there wasn't one before.,2021-08,Sturbridge,52.87221,-2.24751,populated locality,England,Staffordshire,United Kingdom,VirginiaTech
comment,2021-08-26,5,"I swear it's all because the stop has a dedicated section of road being a timecheck, plus all the traffic flow from the exit off 460.",2021-08,Interchange 460,32.67072,-96.94715,road junction,Texas,Dallas County,United States,VirginiaTech
comment,2021-04-24,2,Even the smaller research schools like ODU or East Carolina.,2021-04,East Carolina University,35.60044,-77.36441,school,North Carolina,Pitt County,United States,VirginiaTech
comment,2020-09-09,0,didn't cadets take over east?,2020-09,Austurland,65.0,-15.0,first-order administrative division,East,,Iceland,VirginiaTech
comment,2020-09-12,1,I’m just actually from Blacksburg and feel like I have to change my behaviors around town because all of the other ignorant students have come back and are ruining shit for all of us local.,2020-09,Blacksburg,35.12124,-81.51592,populated place,South Carolina,Cherokee County,United States,VirginiaTech
post,2020-07-28,362,Spotted in Cape Charles VA,2020-07,Cape Charles,37.14903,-75.95771,cape,Virginia,Northampton County,United States,VirginiaTech
post,2020-07-28,362,Spotted in Cape Charles VA,2020-07,Virginia,37.54812,-77.44675,first-order administrative division,Virginia,,United States,VirginiaTech
comment,2020-07-28,3,"Same one in Ocean isle, NC",2020-07,Ocean Isle Beach,33.88628,-78.43723,beach,North Carolina,Brunswick County,United States,VirginiaTech
comment,2020-07-28,3,"Same one in Ocean isle, NC",2020-07,North Carolina,35.50069,-80.00032,first-order administrative division,North Carolina,,United States,VirginiaTech
comment,2019-06-24,3,Its going to be those that choose the Holiday Inn or those last to accept (many of them last let in under regular decision).,2019-06,The Mulberry Inn - Holiday Inn,32.07875,-81.08465,hotel,Georgia,Chatham County,United States,VirginiaTech
comment,2019-06-24,3,With a major issue being crowd's midday on academic side at Turner .... a few more food trucks on academic side would do a lot of good.,2019-06,Turner,41.24061,-80.18645,populated place,Pennsylvania,Mercer County,United States,VirginiaTech
comment,2019-06-22,7,"Iirc, HI has less than 200 rooms, and they need closer to 1000.",2019-06,Hawaii,20.78785,-156.38612,first-order administrative division,Hawaii,,United States,VirginiaTech
comment,2019-06-22,7,"Well there is the Hilton Garden Inn, the Hyatt Place, the Inn at Virginia Tech,  the Courtyard by Marriott, the Marriott Residence Inn, and if that is not enough there are a few hotels in Christiansburg.",2019-06,Christiansburg,37.12985,-80.40894,seat of a second-order administrative division,Virginia,Montgomery County,United States,VirginiaTech
comment,2021-06-07,32,Fun fact Slusher Tower is the tallest building in Blacksburg,2021-06,Blacksburg,35.12124,-81.51592,populated place,South Carolina,Cherokee County,United States,VirginiaTech
comment,2021-06-07,4,Only actual pools on campus are at War Memorial and Mccomas.,2021-06,War Memorial,42.37482,-71.10866,park,Massachusetts,Middlesex County,United States,VirginiaTech
comment,2021-06-07,4,Only actual pools on campus are at War Memorial and Mccomas.,2021-06,McComas,37.39012,-81.29149,populated place,West Virginia,Mercer County,United States,VirginiaTech
comment,2021-06-08,11,"I have never heard that about slusher, but when McBryde Hall was rebuilt, it had features to prevent or slow down a riot.",2021-06,McBryde Hall,37.23041,-80.422,building(s),Virginia,Montgomery County,United States,VirginiaTech
comment,2021-06-09,1,It’s Hoge Hall now.,2021-06,James Hoge Tyler Hall,37.13889,-80.55278,building(s),Virginia,City of Radford,United States,VirginiaTech
comment,2021-06-08,6,I’ve never been fully sure which side I’m on in McBryde.,2021-06,McBryde Hall,37.23041,-80.422,building(s),Virginia,Montgomery County,United States,VirginiaTech
comment,2021-06-08,2,Williams Hall was taken over by students during a protest.,2021-06,Williams Hall,42.93139,-75.85306,building(s),New York,Madison County,United States,VirginiaTech
comment,2021-06-08,-10,Lee Hall no longer exists.,2021-06,Lee Hall,42.11232,-72.55759,building(s),Massachusetts,Hampden County,United States,VirginiaTech
comment,2021-06-08,19,"Your, telling me Mcbryde Hall has bathrooms, I just thought they had designated a pee corner!",2021-06,McBryde Hall,37.23041,-80.422,building(s),Virginia,Montgomery County,United States,VirginiaTech
comment,2021-06-09,4,The irony being that McBryde is built as a giant compass with each stairwell one of the cardinal directions.,2021-06,McBryde Hall,37.23041,-80.422,building(s),Virginia,Montgomery County,United States,VirginiaTech
comment,2021-06-08,-7,"“Lee Hall was named for Claudius Lee, a former student and employee of Virginia Tech, in 1968.",2021-06,Lee Hall,38.30263,-77.47443,building(s),Virginia,City of Fredericksburg,United States,VirginiaTech
comment,2021-06-08,-7,"However, most of these accomplishments have been overshadowed by the possibility of Lee's involvement in racially intolerant organizations and Tech's indifference to his actions with their refusal to rename Lee Hall in the wake of these revelations.",2021-06,Lee Hall,42.11232,-72.55759,building(s),Massachusetts,Hampden County,United States,VirginiaTech
comment,2021-06-08,-7,"After the discovery of the photograph in the Bugle in 1997, President Torgerson met with John Kneebone, a KKK historian in Virginia, who said during the time Lee attended Virginia Tech as a student, there was no klan active in Virginia.",2021-06,Virginia,37.54812,-77.44675,first-order administrative division,Virginia,,United States,VirginiaTech
comment,2021-06-08,-7,"After the discovery of the photograph in the Bugle in 1997, President Torgerson met with John Kneebone, a KKK historian in Virginia, who said during the time Lee attended Virginia Tech as a student, there was no klan active in Virginia.",2021-06,Virginia,37.54812,-77.44675,first-order administrative division,Virginia,,United States,VirginiaTech
comment,2021-06-08,-7,"We're not saying that because this happened more than a century ago, it makes it OK.” - from the CT",2021-06,Connecticut,41.66704,-72.66648,first-order administrative division,Connecticut,,United States,VirginiaTech
comment,2020-11-11,45,"I’m curious about the logistics of the carjacking- he obviously booked it to Blacksburg right after the shooting in Salem, but what did he do with that car?",2020-11,Blacksburg,35.12124,-81.51592,populated place,South Carolina,Cherokee County,United States,VirginiaTech
comment,2020-11-11,45,"I’m curious about the logistics of the carjacking- he obviously booked it to Blacksburg right after the shooting in Salem, but what did he do with that car?",2020-11,Pole Tavern,39.61678,-75.22907,populated place,New Jersey,Salem County,United States,VirginiaTech
comment,2020-11-11,45,"He must’ve dumped it somewhere in Blacksburg before jacking the other car, I’m assuming.",2020-11,Blacksburg,35.12124,-81.51592,populated place,South Carolina,Cherokee County,United States,VirginiaTech
comment,2020-11-10,24,I'm really interested to know where they got him because I was driving on Prices Fork and saw a white 2000s-ish Corolla-esque car pulled over yesterday but it could have been my dramatic imagination and incessant nosiness.,2020-11,Price Fork,38.09845,-80.69926,stream,West Virginia,Greenbrier County,United States,VirginiaTech
comment,2020-11-11,2,"From what I heard on the police radio, the vehicle he drove from Salem was left in the parking lot but I don't remember exactly.",2020-11,Pole Tavern,39.61678,-75.22907,populated place,New Jersey,Salem County,United States,VirginiaTech
comment,2020-11-10,31,The suspect was apprehended in West Virginia.,2020-11,West Virginia,38.50038,-80.50009,first-order administrative division,West Virginia,,United States,VirginiaTech
comment,2021-01-14,14,Zion who?,2021-01,Jerusalem,31.76904,35.21633,seat of a first-order administrative division,Jerusalem,,Israel,VirginiaTech
comment,2025-03-07,40,This happened at the Edge around 10:45 pm on the 6th,2025-03,The Edge,33.01667,-118.61667,bank,California,,United States,VirginiaTech
post,2020-12-10,353,"Sky tonight at 5:20 pm, Smith’s Landing!",2020-12,Smith Landing,38.86673,-84.23327,,Ohio,Clermont County,United States,VirginiaTech
comment,2019-09-04,12,"To be fair it makes sense that they can be only docked at certain locations Im from California where e scooters have been a thing forever and on SJSUs campus people would just leave them all over the place leading to their eventual ban, I think it makes more sense to have them have dock stations at least for the time being for the ""pilot study"" other points i agree with tho",2019-09,California,37.25022,-119.75126,first-order administrative division,California,,United States,VirginiaTech
comment,2019-09-04,3,I ended my trip at squires where there isn’t a dock and the app was fine with it because the scooters battery was high.,2019-09,Squires,41.25533,-83.35159,populated place,Ohio,Sandusky County,United States,VirginiaTech
comment,2019-09-05,2,"I saw at least 5 abandoned on sidewalks by Prices Fork, and more along Main Street.",2019-09,Little Sandy River,34.60431,-81.36732,stream,South Carolina,Chester County,United States,VirginiaTech
comment,2019-09-05,2,"I saw at least 5 abandoned on sidewalks by Prices Fork, and more along Main Street.",2019-09,Main Street,41.99305,-70.72949,street,Massachusetts,Plymouth County,United States,VirginiaTech
comment,2019-09-04,1,These will all end up in a Ryder truck heading to NY.,2019-09,New York,43.00035,-75.4999,first-order administrative division,New York,,United States,VirginiaTech
comment,2019-09-05,9,"You can ride on campus sidewalks, but not Town of Blacksburg sidewalks.",2019-09,Town of Blacksburg,37.22995,-80.42769,administrative division,Virginia,Montgomery County,United States,VirginiaTech
comment,2019-09-04,7,Yes if there weren't any - Post would read: 'Why doesn't VT have E-Scooters!?!?',2019-09,Vermont,44.00034,-72.74983,first-order administrative division,Vermont,,United States,VirginiaTech
comment,2019-09-05,3,Just wait until they close the Perry Street garage to students permanently.,2019-09,Perry Street,51.43679,0.35133,section of populated place,England,Kent,United Kingdom,VirginiaTech
comment,2019-09-04,31,I live in DC and there’s one on every corner.,2019-09,District of Columbia,38.91706,-77.00025,first-order administrative division,District of Columbia,,United States,VirginiaTech
comment,2019-09-04,12,"I mean much of VT's campus comes from the suburbs/exurbs outside of Washington DC, where immediate and super abundant parking is a way of life.",2019-09,District of Columbia,38.91706,-77.00025,first-order administrative division,District of Columbia,,United States,VirginiaTech
comment,2019-09-05,1,They just banned them on the boardwalk here in Virginia Beach.,2019-09,Virginia Beach,36.85293,-75.97799,seat of a second-order administrative division,Virginia,City of Virginia Beach,United States,VirginiaTech
comment,2019-05-31,7,"Crazy - in East stands, people are like ""WTF are you sitting for""",2019-05,Austurland,65.0,-15.0,first-order administrative division,East,,Iceland,VirginiaTech
comment,2021-04-16,95,"You have to work to get there, journeying into the Blue Ridge Mountains.""",2021-04,The Grand Ridge of the Blue Mountains,18.08941,-76.63609,mountains,,,Jamaica,VirginiaTech
comment,2020-10-16,5,But VT is a great choice.,2020-10,Vermont,44.00034,-72.74983,first-order administrative division,Vermont,,United States,VirginiaTech
post,2021-05-06,350,Burruss Hall trash can: graduation week,2021-05,Burruss Hall,38.43944,-78.87222,building(s),Virginia,City of Harrisonburg,United States,VirginiaTech
comment,2021-05-06,29,I was a bus driver that stopped at Burruss a lot.,2021-05,Burruss School,33.94316,-84.57827,school,Georgia,Cobb County,United States,VirginiaTech
comment,2021-05-06,5,if you didn’t pop a bottle of champagne at Burruss did you even graduate?,2021-05,Burruss School,33.94316,-84.57827,school,Georgia,Cobb County,United States,VirginiaTech
comment,2021-08-04,15,"Don't forget about:

""should I go to VT?""",2021-08,Vermont,44.00034,-72.74983,first-order administrative division,Vermont,,United States,VirginiaTech
comment,2019-10-23,1,We performed it at Craig County every year.,2019-10,Craig County,36.76176,-95.2085,second-order administrative division,Oklahoma,Craig County,United States,VirginiaTech
comment,2019-10-23,1,"I rememeber years ago when I had just graduated and started my first job this old guy at work who went to VMI came in to the office and said: ""I don't know what is going on in Blacksburg, I was watching the Hokie game and this little cheerleader was going OHHHH OHHHH STICK IT IN!, OHHHH OHHHH STICKI IT IN!",2019-10,Blacksburg,37.22957,-80.41394,populated place,Virginia,Montgomery County,United States,VirginiaTech
comment,2019-09-28,73,"This is an often applicable meme, but I honestly think this is the first time VT has sucked so much in most of our lifetimes.",2019-09,Vermont,44.00034,-72.74983,first-order administrative division,Vermont,,United States,VirginiaTech
comment,2019-09-29,3,The fortress of Lane Stadium.,2019-09,Lane Stadium,37.22013,-80.41811,stadium,Virginia,Montgomery County,United States,VirginiaTech
comment,2019-09-29,3,"I think you have to go back to 1992, before we joined the Big East, when we lost to East Carolina, West Virginia, Louisville, Miami, Rutgers (oh the ignominy), Syracuse, Southern Mississippi, and UVA before you find a comparable level of suck.",2019-09,East Carolina University,35.60044,-77.36441,school,North Carolina,Pitt County,United States,VirginiaTech
comment,2019-09-29,3,"I think you have to go back to 1992, before we joined the Big East, when we lost to East Carolina, West Virginia, Louisville, Miami, Rutgers (oh the ignominy), Syracuse, Southern Mississippi, and UVA before you find a comparable level of suck.",2019-09,West Virginia,38.50038,-80.50009,first-order administrative division,West Virginia,,United States,VirginiaTech
comment,2019-09-29,3,"I think you have to go back to 1992, before we joined the Big East, when we lost to East Carolina, West Virginia, Louisville, Miami, Rutgers (oh the ignominy), Syracuse, Southern Mississippi, and UVA before you find a comparable level of suck.",2019-09,Louisville,38.25424,-85.75941,seat of a second-order administrative division,Kentucky,Jefferson County,United States,VirginiaTech
comment,2019-09-29,3,"I think you have to go back to 1992, before we joined the Big East, when we lost to East Carolina, West Virginia, Louisville, Miami, Rutgers (oh the ignominy), Syracuse, Southern Mississippi, and UVA before you find a comparable level of suck.",2019-09,Miami,25.77427,-80.19366,seat of a second-order administrative division,Florida,Miami-Dade County,United States,VirginiaTech
comment,2019-09-29,3,"I think you have to go back to 1992, before we joined the Big East, when we lost to East Carolina, West Virginia, Louisville, Miami, Rutgers (oh the ignominy), Syracuse, Southern Mississippi, and UVA before you find a comparable level of suck.",2019-09,University of Southern Mississippi,31.32656,-89.33228,school,Mississippi,Forrest County,United States,VirginiaTech
comment,2019-10-12,1,I remember the year we lost to #2 boston college.,2019-10,Boston,42.35843,-71.05977,seat of a first-order administrative division,Massachusetts,Suffolk County,United States,VirginiaTech
comment,2018-07-08,19,"Lee hall was spartan but fun when I was there, but that sounds way too crowded.",2018-07,Lee Hall,42.11232,-72.55759,building(s),Massachusetts,Hampden County,United States,VirginiaTech
comment,2018-07-09,3,There are people in the Admissions office who would be living on a tropical beach and spending their lottery winnings instead of hanging out in Blacksburg -- if their psychic connection was working and they could pick those winning MegaBlast numbers.,2018-07,Blacksburg,37.22957,-80.41394,populated place,Virginia,Montgomery County,United States,VirginiaTech
comment,2018-07-08,7,My better half's old dorm room in Miles sloped so he had to tape his desk to keep the drawers closed.,2018-07,Miles Station,39.06949,-90.10733,populated place,Illinois,Macoupin County,United States,VirginiaTech
comment,2018-07-08,3,I know 07 it was men when i lived in Lee.,2018-07,Lee County,26.62536,-81.84952,second-order administrative division,Florida,Lee County,United States,VirginiaTech
comment,2025-02-26,1,I’m always into VT haunted history.,2025-02,Vermont,44.00034,-72.74983,first-order administrative division,Vermont,,United States,VirginiaTech
comment,2025-02-23,4,Price Hall there just above the drill field was built in 1907.,2025-02,Price Hall,37.22568,-80.42422,building(s),Virginia,Montgomery County,United States,VirginiaTech
comment,2025-02-26,2,"I was just doing some light googling and apparently Henderson is haunted too, which I spent a lot of time in.",2025-02,Henderson County,32.21189,-95.85356,second-order administrative division,Texas,Henderson County,United States,VirginiaTech
comment,2025-02-26,2,I hadn't heard that before but VT and the surrounding area is fairly old with interesting macabre history.,2025-02,Vermont,44.00034,-72.74983,first-order administrative division,Vermont,,United States,VirginiaTech
comment,2019-03-25,16,COMING BACK TO THE EAST THE RIGHT WAY!,2019-03,Austurland,65.0,-15.0,first-order administrative division,East,,Iceland,VirginiaTech
comment,2019-03-25,12,The closest seismograph to the arena in DC is about the same distance as the one near the VT airport is to Cassell Coliseum.,2019-03,District of Columbia,38.91706,-77.00025,first-order administrative division,District of Columbia,,United States,VirginiaTech
comment,2019-03-25,12,The closest seismograph to the arena in DC is about the same distance as the one near the VT airport is to Cassell Coliseum.,2019-03,Cassell Coliseum,37.2225,-80.41917,building(s),Virginia,Montgomery County,United States,VirginiaTech
comment,2020-01-21,53,"It’s .7 miles from The Cage to my dorm, we’ve got no gloves and bags of groceries, we’re out of cigarettes, it’s dark out, and we’re wearing sunglasses.",2020-01,The Cage,38.04361,-78.50889,building(s),Virginia,City of Charlottesville,United States,VirginiaTech
comment,2020-01-21,21,"Ah, doki doki meme at Virginia tech, I’m so proud of this school",2020-01,Virginia,37.54812,-77.44675,first-order administrative division,Virginia,,United States,VirginiaTech
comment,2019-11-01,6,"That request was denied, which is why there is the pond at West Campus and Duck Pond by the Inn.",2019-11,West Campus,34.67943,-82.8396,building(s),South Carolina,Pickens County,United States,VirginiaTech
comment,2019-11-01,6,"That request was denied, which is why there is the pond at West Campus and Duck Pond by the Inn.",2019-11,Duck Pond,41.94835,-71.86864,lake,Connecticut,Northeastern Connecticut Planning Region,United States,VirginiaTech
comment,2023-11-03,1,Virginia tech college of engineering tries a weird new recruitment strategy by posting a comment that reads like an old “axe body spray” commercial.,2023-11,Virginia,37.54812,-77.44675,first-order administrative division,Virginia,,United States,VirginiaTech
post,2022-09-21,346,"""Country Roads"" is about western, or west Virginia, not West Virginia.",2022-09,West Virginia,38.50038,-80.50009,first-order administrative division,West Virginia,,United States,VirginiaTech
post,2022-09-21,346,"""Country Roads"" is about western, or west Virginia, not West Virginia.",2022-09,West Virginia,38.50038,-80.50009,first-order administrative division,West Virginia,,United States,VirginiaTech
comment,2022-09-21,92,It's actually about Clopper Road in MD though.,2022-09,Maryland,39.00039,-76.74997,first-order administrative division,Maryland,,United States,VirginiaTech
comment,2026-02-18,1,* The song mentions **Blue Ridge Mountains** and **Shenandoah River**.,2026-02,Blue Ridge,35.76428,-82.26568,mountains,North Carolina,Yancey County,United States,VirginiaTech
comment,2026-02-18,1,* The song mentions **Blue Ridge Mountains** and **Shenandoah River**.,2026-02,Shenandoah River,39.3226,-77.72777,stream,West Virginia,Jefferson County,United States,VirginiaTech
comment,2026-02-18,1,"* Both exist in West Virginia and Virginia, but contextually, John Denver co-wrote the song inspired by **his visit to WV**.",2026-02,West Virginia,38.50038,-80.50009,first-order administrative division,West Virginia,,United States,VirginiaTech
comment,2026-02-18,1,"* Both exist in West Virginia and Virginia, but contextually, John Denver co-wrote the song inspired by **his visit to WV**.",2026-02,Virginia,37.54812,-77.44675,first-order administrative division,Virginia,,United States,VirginiaTech
comment,2026-02-18,1,"* Both exist in West Virginia and Virginia, but contextually, John Denver co-wrote the song inspired by **his visit to WV**.",2026-02,West Virginia,38.50038,-80.50009,first-order administrative division,West Virginia,,United States,VirginiaTech
comment,2026-02-18,1,"* John Denver, Bill Danoff, and Taffy Nivert wrote it after **driving to WV to visit family of Bill Danoff**.",2026-02,West Virginia,38.50038,-80.50009,first-order administrative division,West Virginia,,United States,VirginiaTech
comment,2026-02-18,1,"* Danoff’s family was from **Elkins, WV**, and he specifically talked about the mountains and landscape there.",2026-02,Elkins,38.92594,-79.84673,seat of a second-order administrative division,West Virginia,Randolph County,United States,VirginiaTech
comment,2026-02-18,1,"* Danoff’s family was from **Elkins, WV**, and he specifically talked about the mountains and landscape there.",2026-02,West Virginia,38.50038,-80.50009,first-order administrative division,West Virginia,,United States,VirginiaTech
comment,2026-02-18,1,"* So the song’s images of mountains, rivers, and small towns are **directly tied to West Virginia**.",2026-02,West Virginia,38.50038,-80.50009,first-order administrative division,West Virginia,,United States,VirginiaTech
comment,2026-02-18,1,"* “Almost heaven” is a phrase famously associated with **West Virginia**, not any other part of Virginia.",2026-02,West Virginia,38.50038,-80.50009,first-order administrative division,West Virginia,,United States,VirginiaTech
comment,2026-02-18,1,"* “Almost heaven” is a phrase famously associated with **West Virginia**, not any other part of Virginia.",2026-02,Virginia,37.54812,-77.44675,first-order administrative division,Virginia,,United States,VirginiaTech
comment,2022-09-22,0,It's about West Virginia.,2022-09,West Virginia,38.50038,-80.50009,first-order administrative division,West Virginia,,United States,VirginiaTech
comment,2022-09-23,0,I guess Virginia can have the song since they can’t seem to win any games,2022-09,Virginia,37.54812,-77.44675,first-order administrative division,Virginia,,United States,VirginiaTech
comment,2022-09-22,-9,It's clearly about West Virginia the state even if it's geographically shaky.,2022-09,West Virginia,38.50038,-80.50009,first-order administrative division,West Virginia,,United States,VirginiaTech
comment,2022-09-21,-70,But spirit of the law- sorry- it is West Virginia.,2022-09,West Virginia,38.50038,-80.50009,first-order administrative division,West Virginia,,United States,VirginiaTech
comment,2022-09-21,-56,Virginia has an ocean (blue water) the song strictly states “stranger to blue water” therefore VA/MD is disqualified,2022-09,Virginia,37.54812,-77.44675,first-order administrative division,Virginia,,United States,VirginiaTech
comment,2022-09-22,1,The Shenandoah barely dips into WV before it pieces out because it wants nothing to do with the place.,2022-09,Shenandoah County,38.85839,-78.5706,second-order administrative division,Virginia,Shenandoah County,United States,VirginiaTech
comment,2022-09-26,1,"The lyrics include ""West Virginia"", note the capital letters.",2022-09,West Virginia,38.50038,-80.50009,first-order administrative division,West Virginia,,United States,VirginiaTech
comment,2022-09-29,1,The Shenandoah river barely even fucking passes through West Virginia.,2022-09,North Fork Shenandoah River,38.94428,-78.18722,stream,Virginia,Warren County,United States,VirginiaTech
comment,2022-09-29,1,The Shenandoah river barely even fucking passes through West Virginia.,2022-09,West Virginia,38.50038,-80.50009,first-order administrative division,West Virginia,,United States,VirginiaTech
comment,2022-09-23,3,"Waynesboro here, damn right",2022-09,City of Waynesboro,38.06847,-78.88947,second-order administrative division,Virginia,City of Waynesboro,United States,VirginiaTech
comment,2024-03-12,1,It's definitely about West Virginia,2024-03,West Virginia,38.50038,-80.50009,first-order administrative division,West Virginia,,United States,VirginiaTech
comment,2022-09-22,9,"The lyrics for ""Country Roads"" was written by Bill Danoff and Taffy Nivert, who stated it is about western Virginia.",2022-09,Virginia,37.54812,-77.44675,first-order administrative division,Virginia,,United States,VirginiaTech
comment,2022-09-21,31,"The Shenandoah watershed ends at West Virginia, the river only passes through a smidge of West Virginia barely within the boarders of the state, the valley and Shenandoah park are in Virginia.",2022-09,Shenandoah County,38.85839,-78.5706,second-order administrative division,Virginia,Shenandoah County,United States,VirginiaTech
comment,2022-09-21,31,"The Shenandoah watershed ends at West Virginia, the river only passes through a smidge of West Virginia barely within the boarders of the state, the valley and Shenandoah park are in Virginia.",2022-09,West Virginia,38.50038,-80.50009,first-order administrative division,West Virginia,,United States,VirginiaTech
comment,2022-09-21,31,"The Shenandoah watershed ends at West Virginia, the river only passes through a smidge of West Virginia barely within the boarders of the state, the valley and Shenandoah park are in Virginia.",2022-09,West Virginia,38.50038,-80.50009,first-order administrative division,West Virginia,,United States,VirginiaTech
comment,2022-09-21,31,"The Shenandoah watershed ends at West Virginia, the river only passes through a smidge of West Virginia barely within the boarders of the state, the valley and Shenandoah park are in Virginia.",2022-09,Shenandoah County,38.85839,-78.5706,second-order administrative division,Virginia,Shenandoah County,United States,VirginiaTech
comment,2022-09-21,31,"The Shenandoah watershed ends at West Virginia, the river only passes through a smidge of West Virginia barely within the boarders of the state, the valley and Shenandoah park are in Virginia.",2022-09,Virginia,37.54812,-77.44675,first-order administrative division,Virginia,,United States,VirginiaTech
comment,2022-09-21,31,"Driving ""country roads"" along the Shenandoah happens in Virginia.",2022-09,Shenandoah County,38.85839,-78.5706,second-order administrative division,Virginia,Shenandoah County,United States,VirginiaTech
comment,2022-09-21,31,"Driving ""country roads"" along the Shenandoah happens in Virginia.",2022-09,Virginia,37.54812,-77.44675,first-order administrative division,Virginia,,United States,VirginiaTech
comment,2022-09-21,31,"Either John Denver was a dumbass, or he took artistic liberties with the phrase ""west Virginia"".",2022-09,West Virginia,38.50038,-80.50009,first-order administrative division,West Virginia,,United States,VirginiaTech
comment,2022-09-21,31,"https://en.wikipedia.org/wiki/Shenandoah_River#/media/File%3AShenandoah_River_map.png

Not to mention the Blue Ridge mountains.",2022-09,Blue Ridge,39.95443,-105.97863,ridge(s),Colorado,Grand County,United States,VirginiaTech
comment,2022-09-21,31,"https://en.wikipedia.org/wiki/Blue_Ridge_Mountains#/media/File%3AAppalachian_map.svg

Lastly, Virginia has 40% more country roads (local/connector; 48,300 miles) than WV has roads (all roads; 34,400 miles).",2022-09,Virginia,37.54812,-77.44675,first-order administrative division,Virginia,,United States,VirginiaTech
comment,2022-09-21,31,"https://en.wikipedia.org/wiki/Blue_Ridge_Mountains#/media/File%3AAppalachian_map.svg

Lastly, Virginia has 40% more country roads (local/connector; 48,300 miles) than WV has roads (all roads; 34,400 miles).",2022-09,West Virginia,38.50038,-80.50009,first-order administrative division,West Virginia,,United States,VirginiaTech
comment,2022-09-21,69,Western Virginia doesn't have an ocean.,2022-09,Virginia Western Community College,37.24522,-79.97176,school,Virginia,City of Roanoke,United States,VirginiaTech
comment,2022-09-21,-19,Oh don't let the geography nerds who pulled up the location of the shenandoah river see this,2022-09,North Fork Shenandoah River,38.94428,-78.18722,stream,Virginia,Warren County,United States,VirginiaTech
comment,2022-09-22,3,If I were governor of MD I’d make every licensed driver in the state take a mandatory driver improvement course yearly or they couldn’t leave the state.,2022-09,Maryland,39.00039,-76.74997,first-order administrative division,Maryland,,United States,VirginiaTech
comment,2022-09-22,7,Fuck Maryland,2022-09,Maryland,39.00039,-76.74997,first-order administrative division,Maryland,,United States,VirginiaTech
comment,2024-03-12,1,"No, it's definitley about West Virginia.",2024-03,West Virginia,38.50038,-80.50009,first-order administrative division,West Virginia,,United States,VirginiaTech
comment,2022-09-22,-5,Bill Danoff literally talked about how the original lyrics had more stuff about West Virginia that were later changed.,2022-09,West Virginia,38.50038,-80.50009,first-order administrative division,West Virginia,,United States,VirginiaTech
comment,2022-09-22,-5,It's about West Virginia.,2022-09,West Virginia,38.50038,-80.50009,first-order administrative division,West Virginia,,United States,VirginiaTech
comment,2022-09-21,16,"> he took artistic liberties with the phrase ""west Virginia"".",2022-09,West Virginia,38.50038,-80.50009,first-order administrative division,West Virginia,,United States,VirginiaTech
comment,2022-09-21,16,"But yes, it is about western Virginia :)",2022-09,Virginia,37.54812,-77.44675,first-order administrative division,Virginia,,United States,VirginiaTech
comment,2022-09-22,2,Blue Ridge pass briefly through the eastern panhandle of WV.,2022-09,Blue Ridge,38.10095,-80.6337,ridge(s),West Virginia,Greenbrier County,United States,VirginiaTech
comment,2022-09-22,2,Blue Ridge pass briefly through the eastern panhandle of WV.,2022-09,West Virginia,38.50038,-80.50009,first-order administrative division,West Virginia,,United States,VirginiaTech
comment,2022-09-21,-27,Ask any random person on the street and they will say it is about West Virginia.,2022-09,West Virginia,38.50038,-80.50009,first-order administrative division,West Virginia,,United States,VirginiaTech
comment,2022-09-21,-4,"Ask any random person what the song is about and they will say ""West Virginia"" 

But no these nerds wanna pull out maps and *well actually* everyone.",2022-09,West Virginia,38.50038,-80.50009,first-order administrative division,West Virginia,,United States,VirginiaTech
comment,2019-04-15,4,I love VT.,2019-04,Vermont,44.00034,-72.74983,first-order administrative division,Vermont,,United States,VirginiaTech
comment,2019-04-16,10,"VT also had a natural feel, which interested me because I’m into hiking and camping.",2019-04,Vermont,44.00034,-72.74983,first-order administrative division,Vermont,,United States,VirginiaTech
comment,2019-04-16,10,"They’re both great schools, but I believe that VT offers more opportunity and a generally friendly atmosphere that Purdue didn’t have.",2019-04,Vermont,44.00034,-72.74983,first-order administrative division,Vermont,,United States,VirginiaTech
comment,2019-04-16,1,Virginia tech has a runway...,2019-04,Virginia,37.54812,-77.44675,first-order administrative division,Virginia,,United States,VirginiaTech
comment,2019-03-19,24,I commuted for a year to a co-op in Roanoke.,2019-03,Roanoke County,37.20907,-80.05085,second-order administrative division,Virginia,Roanoke County,United States,VirginiaTech
comment,2019-03-19,12,"I come from upstate NY, and my drive to tech is an 8 hour and 57 minute drive made into a 10 and a half hour drive entirely on 81... it was quite the experience.",2019-03,Ukmergė,55.25,24.75,second-order administrative division,Vilnius,Ukmergė,Lithuania,VirginiaTech
comment,2019-03-19,23,Every other state that 81 goes through does not have this issue with trucks staying in the left lane for miles at a time.,2019-03,Ukmergė,55.25,24.75,second-order administrative division,Vilnius,Ukmergė,Lithuania,VirginiaTech
comment,2019-03-19,12,These are the ones (through heavy lobbying by highly paid lobbying organizations) who resisted the plans in this year's General Assembly to add tolls to I-81 or increase the wholesale gas tax to fund improvements to the interstate.,2019-03,I-81 Scenic View,40.6462,-76.42468,,Pennsylvania,Schuylkill County,United States,VirginiaTech
comment,2019-03-19,4,81 from Bristol to VT is actually pretty good.,2019-03,Bristol,36.59649,-82.18847,seat of a second-order administrative division,Virginia,City of Bristol,United States,VirginiaTech
comment,2019-03-19,4,81 from Bristol to VT is actually pretty good.,2019-03,Vermont,44.00034,-72.74983,first-order administrative division,Vermont,,United States,VirginiaTech
comment,2019-03-19,4,81 from VT northward is when it starts to suck bad.,2019-03,Vermont,44.00034,-72.74983,first-order administrative division,Vermont,,United States,VirginiaTech
comment,2019-03-20,2,"Haha, as much as I miss Blacksburg, the one thing I don't miss is the 7 hours I would spend on 78 and 81 dealing with this",2019-03,Blacksburg,35.12124,-81.51592,populated place,South Carolina,Cherokee County,United States,VirginiaTech
comment,2019-04-10,1,I-81 near Roanoke sucks.,2019-04,I-81 Scenic View,40.6462,-76.42468,,Pennsylvania,Schuylkill County,United States,VirginiaTech
comment,2019-04-10,1,I-81 near Roanoke sucks.,2019-04,Roanoke,37.27097,-79.94143,seat of a second-order administrative division,Virginia,City of Roanoke,United States,VirginiaTech
comment,2019-04-10,1,"One time when going to see my family in NJ, we sat in traffic in Roanoke for like an hour and a half.",2019-04,New Jersey,40.16706,-74.49987,first-order administrative division,New Jersey,,United States,VirginiaTech
comment,2019-04-10,1,"One time when going to see my family in NJ, we sat in traffic in Roanoke for like an hour and a half.",2019-04,Roanoke,37.27097,-79.94143,seat of a second-order administrative division,Virginia,City of Roanoke,United States,VirginiaTech
comment,2019-03-19,19,Especially through Wytheville,2019-03,Wytheville,36.94845,-81.08481,seat of a second-order administrative division,Virginia,Wythe County,United States,VirginiaTech
comment,2019-03-19,8,I am in favor of tolls if (maybe not during my time at VT) it goes toward a damned 3rd lane for I-81.,2019-03,I-81 Scenic View,40.6462,-76.42468,,Pennsylvania,Schuylkill County,United States,VirginiaTech
comment,2019-03-20,-6,The truckers are generally the smartest ones on 81 — many times they pass each other and ease congestion by pacing cars.,2019-03,Ukmergė,55.25,24.75,second-order administrative division,Vilnius,Ukmergė,Lithuania,VirginiaTech
comment,2019-03-19,11,"As for the tolls, I think from Bristol to VT is just fine.",2019-03,Bristol,36.59649,-82.18847,seat of a second-order administrative division,Virginia,City of Bristol,United States,VirginiaTech
comment,2019-03-19,11,"As for the tolls, I think from Bristol to VT is just fine.",2019-03,Vermont,44.00034,-72.74983,first-order administrative division,Vermont,,United States,VirginiaTech
comment,2019-03-19,11,"After VT, though, 81 seems like an entirely different interstate.",2019-03,Vermont,44.00034,-72.74983,first-order administrative division,Vermont,,United States,VirginiaTech
comment,2019-03-19,11,"After VT, though, 81 seems like an entirely different interstate.",2019-03,Ukmergė,55.25,24.75,second-order administrative division,Vilnius,Ukmergė,Lithuania,VirginiaTech
comment,2019-03-20,2,By upstate you mean like near Albany right?,2019-03,Albany,42.65258,-73.75623,seat of a first-order administrative division,New York,Albany County,United States,VirginiaTech
comment,2019-03-20,2,"Trucks are what America's freight system runs on, or rather they're the capillaries when the trains are the arteries.",2019-03,United States,39.76,-98.5,independent political entity,,,United States,VirginiaTech
comment,2019-03-20,4,I'm directly on 81.,2019-03,Ukmergė,55.25,24.75,second-order administrative division,Vilnius,Ukmergė,Lithuania,VirginiaTech
comment,2019-03-20,4,I'd imagine going through NJ is horrid.,2019-03,New Jersey,40.16706,-74.49987,first-order administrative division,New Jersey,,United States,VirginiaTech
comment,2019-03-20,-2,"Virginia has the lowest gas tax in the region, so raising it by 5¢ won't cost an individual that much more.",2019-03,Virginia,37.54812,-77.44675,first-order administrative division,Virginia,,United States,VirginiaTech
comment,2025-11-19,15,HUGE recruiting weekend and needs to showcase how great of a gameday we have at Lane,2025-11,Siltcoos,43.88901,-124.06373,populated place,Oregon,Lane County,United States,VirginiaTech
comment,2025-11-19,16,Even if Miami is ahead by a good bit at the half.,2025-11,Miami,25.77427,-80.19366,seat of a second-order administrative division,Florida,Miami-Dade County,United States,VirginiaTech
comment,2025-11-19,16,It's sad to see the NEZ and upper East near empty.,2025-11,Nes’,66.6004,44.68094,populated place,Nenets,,Russia,VirginiaTech
comment,2025-11-19,16,It's sad to see the NEZ and upper East near empty.,2025-11,Upper East Region,10.75,-0.75,first-order administrative division,Upper East,,Ghana,VirginiaTech
comment,2025-11-19,16,"Plus never know, Beat Miami, and party on the field?",2025-11,Miami,25.77427,-80.19366,seat of a second-order administrative division,Florida,Miami-Dade County,United States,VirginiaTech
comment,2025-04-10,175,"Key paragraph:

> As of 5 p.m. on Wednesday, three undergraduate students, four graduate students, and two alumni have had their SEVIS records terminated, which generally means they must leave the U.S. immediately.",2025-04,United States,39.76,-98.5,independent political entity,,,United States,VirginiaTech
comment,2025-04-10,52,Remember during the campaign Trump said he would give a green card to all international students who completed a degree in the US?,2025-04,United States,39.76,-98.5,independent political entity,,,United States,VirginiaTech
comment,2025-04-10,53,"As an international student, this is exactly why along with a few other reasons I've made a call to no longer pursue education in the US and will not be returning for my future semesters",2025-04,United States,39.76,-98.5,independent political entity,,,United States,VirginiaTech
comment,2025-04-10,19,Wake up this man has already floated the idea of sending US citizens to El Salvador they have already incorrectly deported multiple people w no due process if u don’t stand up in every way possible eventually any one who disagrees will be next they don’t care about the constitution they don’t care about your rights like stand up there’s no way this campus had huge protests calling Joe Biden genocide joe but you can’t stand up for this meanwhile Trump has done everything but publicly stroke Netanyahu and putins dicks and we just have to sit here and pretend that any of this shit is normal I’m so done with it stand up this is our future our lives and these decrepit baby boomer pedofiles and drunk degenerates morons leading the country are destroying it meanwhile maga cult members will defend all of it enough is enough,2025-04,United States,39.76,-98.5,independent political entity,,,United States,VirginiaTech
comment,2025-04-10,19,Wake up this man has already floated the idea of sending US citizens to El Salvador they have already incorrectly deported multiple people w no due process if u don’t stand up in every way possible eventually any one who disagrees will be next they don’t care about the constitution they don’t care about your rights like stand up there’s no way this campus had huge protests calling Joe Biden genocide joe but you can’t stand up for this meanwhile Trump has done everything but publicly stroke Netanyahu and putins dicks and we just have to sit here and pretend that any of this shit is normal I’m so done with it stand up this is our future our lives and these decrepit baby boomer pedofiles and drunk degenerates morons leading the country are destroying it meanwhile maga cult members will defend all of it enough is enough,2025-04,Republic of El Salvador,13.83333,-88.91667,independent political entity,,,El Salvador,VirginiaTech
comment,2025-04-11,3,"Question, as a person born in the UK but grew up in USA, is it possible to deport me back to the UK if anything happens?",2025-04,United Kingdom of Great Britain and Northern Ireland,54.75844,-2.69531,independent political entity,,,United Kingdom,VirginiaTech
comment,2025-04-11,3,"Question, as a person born in the UK but grew up in USA, is it possible to deport me back to the UK if anything happens?",2025-04,United States,39.76,-98.5,independent political entity,,,United States,VirginiaTech
comment,2025-04-11,3,"Question, as a person born in the UK but grew up in USA, is it possible to deport me back to the UK if anything happens?",2025-04,United Kingdom of Great Britain and Northern Ireland,54.75844,-2.69531,independent political entity,,,United Kingdom,VirginiaTech
comment,2025-04-11,8,"My love goes out to all International students, students who have immigrated to the U.S., etc.",2025-04,United States,39.76,-98.5,independent political entity,,,United States,VirginiaTech
comment,2025-04-10,48,"There's massive uncertainty about how the Trump administration will deal with student visas so, if you're a student from outside the United States, why would you choose to go to a university where you might have your visa pulled mid-way through your studies?",2025-04,Embassy of the United States,-35.30653,149.11623,diplomatic facility,Australian Capital Territory,,Australia,VirginiaTech
comment,2025-04-10,48,"Hell, come November, if a Democrat wins the VA governorship, there's an excellent chance that Trump follows his Maine playbook and cuts grants and programs in Virginia as an act of political retribution.",2025-04,Maine,45.50032,-69.24977,first-order administrative division,Maine,,United States,VirginiaTech
comment,2025-04-10,48,"Hell, come November, if a Democrat wins the VA governorship, there's an excellent chance that Trump follows his Maine playbook and cuts grants and programs in Virginia as an act of political retribution.",2025-04,Virginia,37.54812,-77.44675,first-order administrative division,Virginia,,United States,VirginiaTech
comment,2025-04-10,33,"There is something called ""optional practical training"" which allows for an alumni to work in the U.S. for 1 year, or up to 2 for STEM related fields.",2025-04,United States,39.76,-98.5,independent political entity,,,United States,VirginiaTech
comment,2025-04-11,6,They probably participated in that Gaza protest on campus last year making themselves a target for removal.,2025-04,Gaza,31.50161,34.46672,seat of a first-order administrative division,Gaza Strip,Gaza,Palestinian Territory,VirginiaTech
comment,2025-04-11,6,The FBI probably loaded photos of all of the student visa holders at VT into a facial recognition software program and anyone identified in the video footage of the VT Gaza protest is getting the boot.,2025-04,Gaza,31.50161,34.46672,seat of a first-order administrative division,Gaza Strip,Gaza,Palestinian Territory,VirginiaTech
comment,2024-04-16,45,"It _astonishes_ me that the University has a new residence hall _for cadets_ going up which they would rather call the ""New Cadet Residence Hall"" than La Porte hall.",2024-04,La Porte,48.28838,2.09655,country house,Centre-Val de Loire,Loiret,France,VirginiaTech
comment,2024-04-16,106,"We know we did nothing to deserve it, but neither does a child in Africa dying of AIDS, neither do the invisible children walking the night away to avoid being captured by the rogue army, neither does the baby elephant watching his community being devastated for ivory, neither does the Mexican child looking for fresh water, neither does the Appalachian infant killed in the middle of the night in his crib in the home his father built with his own hands, being run over by a boulder because the land was destabilized.",2024-04,Africa,7.1881,21.09375,continent,,,,VirginiaTech
comment,2024-04-16,25,HOKIE STRONG,2024-04,The Old Hokie House,41.75511,-70.49781,building(s),Massachusetts,Barnstable County,United States,VirginiaTech
comment,2024-04-16,7,I moved to Blacksburg around 2011 and the city felt as if it was still healing.,2024-04,Blacksburg,35.12124,-81.51592,populated place,South Carolina,Cherokee County,United States,VirginiaTech
comment,2024-04-16,7,"I am so proud of how every year, Blacksburg comes together to honor the memories of those who passed",2024-04,Blacksburg,35.12124,-81.51592,populated place,South Carolina,Cherokee County,United States,VirginiaTech
comment,2024-04-17,2,"Students were given the option to take the rest of the semester off but most classes (excluding Norris Hall) resumed on Monday, 4/23.",2024-04,Norris Hall,34.68038,-82.83903,building(s),South Carolina,Pickens County,United States,VirginiaTech
comment,2024-04-17,1,I don't remember having the option to take the rest of the semester off (that may have been something for students directly affected or those who were in Norris Hall that day).,2024-04,Norris Hall,34.68038,-82.83903,building(s),South Carolina,Pickens County,United States,VirginiaTech
comment,2024-04-16,11,"Date: Mon, 16 Apr 2007 10:52:45 -0400
    From: Unirel@vt.edu
    Reply-To: Unirel@vt.edu
    Subject: Second Shooting Reported; Police have one gunman in custody
    To: Multiple recipients <LISTSERV@LISTSERV.VT.EDU>
    
    In addition to an earlier shooting today in West Ambler Johnston, there has been
    a multiple shooting with multiple victims in Norris Hall.",2024-04,Norris Hall,37.23013,-80.42255,building(s),Virginia,Montgomery County,United States,VirginiaTech
comment,2024-04-16,11,"While in the process of investigating, about two hours later
    the university received reports of a shooting in Norris Hall.",2024-04,Norris Hall,34.68038,-82.83903,building(s),South Carolina,Pickens County,United States,VirginiaTech
comment,2024-04-16,11,"We are making plans for a convocation tomorrow (Tuesday) at
    noon at Cassell Coliseum for the university community to come together to begin
    to deal with the tragedy.",2024-04,Cassell Coliseum,37.2225,-80.41917,building(s),Virginia,Montgomery County,United States,VirginiaTech
comment,2024-04-16,11,"Tomorrow, there will be a university convocation/ceremony at noon at Cassell
    Coliseum.",2024-04,Cassell Coliseum,37.2225,-80.41917,building(s),Virginia,Montgomery County,United States,VirginiaTech
comment,2024-04-16,11,"The Inn at Virginia Tech has been designated as the site for parents
    to gather and obtain information.",2024-04,The Inn,40.5811,-111.66,building(s),Utah,Salt Lake County,United States,VirginiaTech
comment,2024-04-16,11,"The Inn at Virginia Tech has been designated as the site for parents
    to gather and obtain information.",2024-04,Virginia Polytechnic Institute and State University,37.2299,-80.41998,school,Virginia,Montgomery County,United States,VirginiaTech
comment,2024-04-16,11,We will close Norris Hall for the remainder of the semester.,2024-04,Norris Hall,34.68038,-82.83903,building(s),South Carolina,Pickens County,United States,VirginiaTech
comment,2024-04-16,11,"Students may receive counseling at McComas Hall and counselors will be
    available for extended hours.",2024-04,McComas Hall,37.22,-80.42278,building(s),Virginia,Montgomery County,United States,VirginiaTech
comment,2024-04-16,11,"Counselors will also be available in West Amber
    Johnston for residents.",2024-04,Johnston Atoll,16.72828,-169.53428,atoll(s),Johnston Atoll,,United States Minor Outlying Islands,VirginiaTech
comment,2024-04-16,11,"Employees may receive needed support by going to the Brush Mountain Room in
    Squires Student Center throughout the day.",2024-04,John Houston Squires Student Center,37.22944,-80.41833,building(s),Virginia,Montgomery County,United States,VirginiaTech
comment,2024-04-16,11,"The university will be holding a convocation ceremony at 2 p.m. at Cassell
    Coliseum.",2024-04,Cassell,43.20666,-89.87512,populated place,Wisconsin,Sauk County,United States,VirginiaTech
comment,2024-04-16,11,"Should
    the coliseum be full, the event will be broadcast on campus cable stations.",2024-04,Coliseum,40.82139,-96.70252,building(s),Nebraska,Lancaster County,United States,VirginiaTech
comment,2024-04-16,7,I had just walked back to Pritchard and saw the police cars in front of AJ and thought it was a lot of cars for a fire alarm(thanks Pritchard).,2024-04,Prichard,41.25508,-76.13437,populated place,Pennsylvania,Luzerne County,United States,VirginiaTech
comment,2024-04-17,1,So now we have Steger Hall and stones in the ground in front of Burruss.,2024-04,Steger Village Hall,41.47031,-87.6381,building(s),Illinois,Cook County,United States,VirginiaTech
post,2019-08-14,345,"Things have changed a bit in the Burg since you left:

* Sycamore Deli is now The Milk Parlor.",2019-08,Burg,47.06475,8.07857,house(s),Lucerne,Entlebuch District,Switzerland,VirginiaTech
post,2019-08-14,345,* There's an Ulta at the mall in Christiansburg.,2019-08,Christiansborg Castle,55.67594,12.57952,castle,Capital Region,København,Denmark,VirginiaTech
post,2019-08-14,345,Seasons have no meaning in Blacksburg.,2019-08,Blacksburg,35.12124,-81.51592,populated place,South Carolina,Cherokee County,United States,VirginiaTech
post,2019-08-14,345,* Visit the Farmers Market on a Saturday.,2019-08,The Mariana City Farmers Market,30.77292,-85.22558,market,Florida,Jackson County,United States,VirginiaTech
post,2019-08-14,345,Route 42 in Craig County is beautiful.,2019-08,US Route 101 Northbound entrance from Oregon Route 42 Westbound,43.29339,-124.21806,road junction,Oregon,Coos County,United States,VirginiaTech
post,2019-08-14,345,Route 42 in Craig County is beautiful.,2019-08,Craig County,36.76176,-95.2085,second-order administrative division,Oklahoma,Craig County,United States,VirginiaTech
comment,2019-08-14,39,Route 42 is pretty but Route 624 (off of 42 on the left just past Joe’s Trees) is the most gorgeous road in Craig any time of year.,2019-08,US Route 101 Northbound entrance from Oregon Route 42 Westbound,43.29339,-124.21806,road junction,Oregon,Coos County,United States,VirginiaTech
comment,2019-08-14,39,Route 42 is pretty but Route 624 (off of 42 on the left just past Joe’s Trees) is the most gorgeous road in Craig any time of year.,2019-08,Elektrėnai,54.78604,24.66113,second-order administrative division,Vilnius,Elektrėnai,Lithuania,VirginiaTech
comment,2019-08-14,39,Route 42 is pretty but Route 624 (off of 42 on the left just past Joe’s Trees) is the most gorgeous road in Craig any time of year.,2019-08,Murphyville,33.93177,-84.04213,populated place,Georgia,Gwinnett County,United States,VirginiaTech
comment,2019-08-14,39,Source: I used to live on 624 and even out of towners can confirm my above statement,2019-08,Pyttis,60.48633,26.65047,third-order administrative division,Kymenlaakso,Kotka-Hamina,Finland,VirginiaTech
comment,2019-08-14,12,My firm is working on the development of the old Blacksburg Middle School site - it is going to be the new Blacksburg Police Department,2019-08,Blacksburg Middle School,37.21467,-80.46087,school,Virginia,Montgomery County,United States,VirginiaTech
comment,2019-08-14,3,What the frick Giles concerts at Sycamore were the best,2019-08,Sycamore,45.47762,-122.50787,,Oregon,Multnomah County,United States,VirginiaTech
comment,2019-08-14,4,Newton’s laws trumps Virginia’s laws in the moment.,2019-08,Newton,36.56181,-79.45197,section of populated place,Virginia,City of Danville,United States,VirginiaTech
comment,2019-08-14,4,Newton’s laws trumps Virginia’s laws in the moment.,2019-08,Virginia,37.54812,-77.44675,first-order administrative division,Virginia,,United States,VirginiaTech
comment,2019-08-16,2,"Looking both ways also holds true on the Drillfield, even though it is one-way traffic (except by the Mall) -- there are bicyclists who don't follow the law (and can get a ticket) and ride the wrong way around.",2019-08,Coeur D'Alene Mall,47.70185,-116.78436,mall,Idaho,Kootenai County,United States,VirginiaTech
comment,2019-08-14,9,Gets pretty brutal around main during rush hour but mostly fine,2019-08,River Main,54.71667,-6.3,stream,Northern Ireland,,United Kingdom,VirginiaTech
comment,2024-09-28,294,The ACC command center wants Miami to stay in top 10.,2024-09,Miami,25.77427,-80.19366,seat of a second-order administrative division,Florida,Miami-Dade County,United States,VirginiaTech
comment,2024-09-28,70,Non bias South Florida (USF go Bulls!),2024-09,South Florida,26.5,-81.0,economic region,Florida,,United States,VirginiaTech
comment,2024-09-28,11,The command center in Charlotte can suck my balls.,2024-09,Charlotte,35.22709,-80.84313,seat of a second-order administrative division,North Carolina,Mecklenburg County,United States,VirginiaTech
comment,2024-09-28,2,"Miami is likely the ACC's only chance to make it to the playoffs this year, they didn't want to damage that.",2024-09,Miami,25.77427,-80.19366,seat of a second-order administrative division,Florida,Miami-Dade County,United States,VirginiaTech
comment,2020-05-26,10,Can’t wait till I move to Blacksburg,2020-05,Blacksburg,35.12124,-81.51592,populated place,South Carolina,Cherokee County,United States,VirginiaTech
comment,2020-05-26,6,Summer VT is pretty quiet.,2020-05,Vermont,44.00034,-72.74983,first-order administrative division,Vermont,,United States,VirginiaTech
comment,2020-05-26,7,I understand Upper Quad has changed quite a bit.,2020-05,"Upper quad (old), UNC-Chapel Hill",35.91225,-79.04801,common,North Carolina,Orange County,United States,VirginiaTech
comment,2020-05-26,10,We all enjoy our fleeting time in Blacksburg.,2020-05,Blacksburg,35.12124,-81.51592,populated place,South Carolina,Cherokee County,United States,VirginiaTech
comment,2020-05-26,10,Blacksburg is where I became who I am.,2020-05,Blacksburg,35.12124,-81.51592,populated place,South Carolina,Cherokee County,United States,VirginiaTech
comment,2020-05-26,10,I will always love Blacksburg and consider it a second home.,2020-05,Blacksburg,35.12124,-81.51592,populated place,South Carolina,Cherokee County,United States,VirginiaTech
comment,2020-05-27,1,I wish that I could’ve had that experience like everyone else has— but in all honesty I hate Blacksburg.,2020-05,Blacksburg,35.12124,-81.51592,populated place,South Carolina,Cherokee County,United States,VirginiaTech
comment,2020-05-26,8,"I saw my first real snowfall as a freshman (being from florida, I had never seen real snow).",2020-05,Florida,28.75054,-82.5001,first-order administrative division,Florida,,United States,VirginiaTech
comment,2020-05-26,3,We used to walk all the way over to Schultz from Main Campbell every Tuesday for strombolis when I was a freshman in '92.,2020-05,Schulz Spur,45.27886,-89.69179,,Wisconsin,Lincoln County,United States,VirginiaTech
comment,2020-09-21,34,"Is the sub just being nostalgic, or is present day VT so bad that we're posting stuff from 2 years ago?",2020-09,Vermont,44.00034,-72.74983,first-order administrative division,Vermont,,United States,VirginiaTech
comment,2020-09-22,3,[A worthwhile read about La Niña winters in our area](https://roanoke.com/weather/looking-ahead-what-la-nina-might-mean-for-the-roanoke-areas-winter/article_9b281fcc-f42e-11ea-939e-cf5624188278.html),2020-09,Roanoke,37.27097,-79.94143,seat of a second-order administrative division,Virginia,City of Roanoke,United States,VirginiaTech
comment,2020-09-22,3,"In any case, I spent that night at the airport in Roanoke not because I was stuck waiting on a flight out, but because a friend I had a bit of a crush on convinced me to drive her to the airport in the opening wave of the storm to catch a flight that (in hindsight) obviously wasn't going to happen.",2020-09,Roanoke,37.27097,-79.94143,seat of a second-order administrative division,Virginia,City of Roanoke,United States,VirginiaTech
comment,2020-09-22,3,I think to this day she thinks I somehow made it back to Blacksburg in the storm.,2020-09,Blacksburg,35.12124,-81.51592,populated place,South Carolina,Cherokee County,United States,VirginiaTech
comment,2024-02-26,35,It's so amazing that Cassell is now known as a hostile environment for visiting WBB teams.,2024-02,Cassell,43.20666,-89.87512,populated place,Wisconsin,Sauk County,United States,VirginiaTech
comment,2024-02-26,8,"Going to games in Cassell, you can tell how much the crowd frustrates and disrupts opposing teams.",2024-02,Cassell,43.20666,-89.87512,populated place,Wisconsin,Sauk County,United States,VirginiaTech
comment,2024-02-26,8,"If only March Madness went through Blacksburg, we’d have our first Natty in no time",2024-02,Blacksburg,35.12124,-81.51592,populated place,South Carolina,Cherokee County,United States,VirginiaTech
comment,2022-04-08,137,"It wouldn't be enough for the ski resorts up here to even think about opening, but I know three inches would mess up the roads and snarl up traffic something fierce in VA.",2022-04,Virginia,37.54812,-77.44675,first-order administrative division,Virginia,,United States,VirginiaTech
post,2024-04-25,336,"She kept asking me ""Can you take me to Johnson Hall?""",2024-04,Johnson Hall,36.1047,-86.7987,building(s),Tennessee,Davidson County,United States,VirginiaTech
comment,2024-04-25,3,Should've gone to Liberty if you wanted to stay on the righteous path.,2024-04,Liberty,30.05799,-94.79548,seat of a second-order administrative division,Texas,Liberty County,United States,VirginiaTech
comment,2024-04-26,0,"Post seems like a humble brag though oh nooo the women hit on me too much, whatever will I say except that I'm from uva",2024-04,Uva,56.99081,52.18517,seat of a second-order administrative division,Udmurtiya Republic,,Russia,VirginiaTech
comment,2017-02-13,7,"Outside of Louisville, the other 5 teams are all 6-6 or worse in the ACC.",2017-02,Louisville,38.25424,-85.75941,seat of a second-order administrative division,Kentucky,Jefferson County,United States,VirginiaTech
comment,2018-08-03,23,"Let's just say, I feel better about the chance of us not ever having to lose to UVA again because we'll all be molten radioactive ash from North Korea than it actually happening in that timeframe.",2018-08,Democratic People’s Republic of Korea,40.0,127.0,independent political entity,,,North Korea,VirginiaTech
comment,2018-02-11,11,Watched the game in a restaurant in Christiansburg and when the clock hit 0 the whole restaurant started a let’s go hokies chant.,2018-02,Christiansborg Castle,55.67594,12.57952,castle,Capital Region,København,Denmark,VirginiaTech
comment,2018-02-11,1,Louisville and GT are the hopefuls and the rest are going to be hard.,2018-02,Louisville,33.00154,-82.41124,seat of a second-order administrative division,Georgia,Jefferson County,United States,VirginiaTech
comment,2022-02-26,3,Eggleston bathroom?,2022-02,Eggleston,54.60916,-2.00312,seat of a third-order administrative division,England,County Durham,United Kingdom,VirginiaTech
comment,2019-12-31,6,"I looked out my kitchen window in Cburg this morning and it was glorious, all that pink.",2019-12,Salzburg,47.41667,13.25,first-order administrative division,State of Salzburg,,Austria,VirginiaTech
comment,2020-08-26,2,I work at ABP in Squires!,2020-08,Squires,42.17169,-88.09119,section of populated place,Illinois,Lake County,United States,VirginiaTech
comment,2020-08-24,3,"Their goal is to raise the starting wage to the living wage in NRV, which was around 11 the last I heard.",2020-08,Nariyar,26.24038,85.21764,railroad station,Bihar,Muzaffarpur,India,VirginiaTech
comment,2020-08-24,2,"The goal has been for years to get dining to living wage in NRV, which was around 11 a couple years ago.",2020-08,Nariyar,26.24038,85.21764,railroad station,Bihar,Muzaffarpur,India,VirginiaTech
comment,2022-11-17,85,"""University Mall... *and Math Emporium!",2022-11,University Mall,40.27495,-111.68131,mall,Utah,Utah County,United States,VirginiaTech
comment,2022-11-18,11, CAUTION  BUS.,2022-11,Blue Eye,33.60149,-86.13442,populated place,Alabama,Talladega County,United States,VirginiaTech
comment,2022-11-18,11, CAUTION  BUS.,2022-11,Bus-la-Mésière,49.63689,2.71578,populated place,Hauts-de-France,Somme,France,VirginiaTech
comment,2022-11-17,21,"> ""University Mall... and Math Emporium!""",2022-11,University Mall,40.27495,-111.68131,mall,Utah,Utah County,United States,VirginiaTech
comment,2021-07-22,54,Cries in Tom’s creek lately,2021-07,Toms Creek,41.12482,-74.94739,stream,Pennsylvania,Pike County,United States,VirginiaTech
comment,2021-07-22,23,How many different times can they change Toms Creek in one day??,2021-07,Toms Creek,41.2676,-72.57009,stream,Connecticut,,United States,VirginiaTech
comment,2021-07-22,9,Me when they started doing construction on Holden Hall and closed that walk way between McBryde and Holden,2021-07,Holden Hall,40.81006,-81.93348,building(s),Ohio,Wayne County,United States,VirginiaTech
comment,2021-07-22,9,Me when they started doing construction on Holden Hall and closed that walk way between McBryde and Holden,2021-07,McBryde Hall,37.23041,-80.422,building(s),Virginia,Montgomery County,United States,VirginiaTech
comment,2021-07-22,9,Me when they started doing construction on Holden Hall and closed that walk way between McBryde and Holden,2021-07,Holden,53.94087,-2.34423,populated place,England,Lancashire,United Kingdom,VirginiaTech
comment,2021-07-22,6,The way higher ed is in America right now- if you aren’t building you are going backwards.,2021-07,United States,39.76,-98.5,independent political entity,,,United States,VirginiaTech
comment,2021-07-22,0,Only Stanger and Perry are closed iirc.,2021-07,Stanger,53.76684,-114.81883,populated locality,Alberta,Lac Ste. Anne County,Canada,VirginiaTech
comment,2021-07-22,0,Only Stanger and Perry are closed iirc.,2021-07,Mound Valley,42.35714,-111.71245,populated place,Idaho,Franklin County,United States,VirginiaTech
comment,2021-07-22,5,Both Progress St and Tom's Creek were closed for a good bit.,2021-07,Toms Creek,30.59605,-82.69652,stream,Georgia,Echols County,United States,VirginiaTech
comment,2021-07-22,3,"Fair, I kinda assumed we could have piping that redirects the water from most areas around VT (even D2 area and in front of West End both accumulate a lot of water when it rains) into somewhere that can store the water (perhaps a lake or duckpond if it's suitable/safe for duckpond).",2021-07,Vermont,44.00034,-72.74983,first-order administrative division,Vermont,,United States,VirginiaTech
comment,2021-07-22,3,"Fair, I kinda assumed we could have piping that redirects the water from most areas around VT (even D2 area and in front of West End both accumulate a lot of water when it rains) into somewhere that can store the water (perhaps a lake or duckpond if it's suitable/safe for duckpond).",2021-07,Ấp D Hai,10.21239,105.27577,populated place,Can Tho City,Huyện Vĩnh Thạnh,Vietnam,VirginiaTech
comment,2021-07-22,3,"Fair, I kinda assumed we could have piping that redirects the water from most areas around VT (even D2 area and in front of West End both accumulate a lot of water when it rains) into somewhere that can store the water (perhaps a lake or duckpond if it's suitable/safe for duckpond).",2021-07,West End,18.38802,-64.69775,populated place,,,British Virgin Islands,VirginiaTech
comment,2021-07-22,18,"That being said, my family is 6 hours away, and getting anywhere past Christiansburg is pretty hard with just buses and bikes, so owning a car is still necessary.",2021-07,Christiansburg,40.05533,-84.02605,populated place,Ohio,Champaign County,United States,VirginiaTech
comment,2021-07-22,2,It's probably fine since Blacksburg is small enough to avoid being car dependent,2021-07,Blacksburg,37.81874,-79.3192,populated place,Virginia,Rockbridge County,United States,VirginiaTech
comment,2021-07-22,14,America is still pretty backwards with public transport and reducing the dependency on cars.,2021-07,United States,39.76,-98.5,independent political entity,,,United States,VirginiaTech
comment,2025-09-01,23,Last time I pulled the clubs out was at Top Golf in Richmond a few weeks ago.,2025-09,Tree Top Golf Course,40.21454,-76.49302,golf course,Pennsylvania,Lancaster County,United States,VirginiaTech
comment,2025-09-01,23,Last time I pulled the clubs out was at Top Golf in Richmond a few weeks ago.,2025-09,Richmond,37.55376,-77.46026,seat of a first-order administrative division,Virginia,City of Richmond,United States,VirginiaTech
comment,2025-09-01,3,I had a ball narrowly miss me while I was driving on Price's Fork last spring.,2025-09,Prices Fork Elementary School,37.20856,-80.49151,school,Virginia,Montgomery County,United States,VirginiaTech
comment,2025-09-02,1,I hit one across Prices Fork into the Marriott parking lot back in the 90s before the Alumni Hotel and Conference Center was built.,2025-09,Prices Fork,37.20985,-80.49005,populated place,Virginia,Montgomery County,United States,VirginiaTech
comment,2025-09-02,1,"Ah, Duck Pond overflow.",2025-09,Duck Pond,29.02276,-81.54564,lake,Florida,Lake County,United States,VirginiaTech
comment,2025-09-01,1,"Same, also suck at golf but I suck in Colorado",2025-09,Colorado,39.00027,-105.50083,first-order administrative division,Colorado,,United States,VirginiaTech
comment,2025-09-03,1,Can't you file a claim with the course they have insurance for when their golfers hit buildings in Auburn idk how it works for cars tho,2025-09,Auburn,41.36699,-85.05886,seat of a second-order administrative division,Indiana,DeKalb County,United States,VirginiaTech
comment,2024-03-31,25,OMG hokie water!,2024-03,The Old Hokie House,41.75511,-70.49781,building(s),Massachusetts,Barnstable County,United States,VirginiaTech
comment,2024-04-02,1,And they’re testing Flint MI water?,2024-04,Flint,43.01253,-83.68746,seat of a second-order administrative division,Michigan,Genesee County,United States,VirginiaTech
comment,2024-04-02,1,And they’re testing Flint MI water?,2024-04,Michigan,44.25029,-85.50033,first-order administrative division,Michigan,,United States,VirginiaTech
comment,2024-03-31,30,Yes hokie water is still a staple,2024-03,The Old Hokie House,41.75511,-70.49781,building(s),Massachusetts,Barnstable County,United States,VirginiaTech
comment,2023-09-11,6,China already has all this data on us btw,2023-09,People’s Republic of China,35.0,105.0,independent political entity,,,China,VirginiaTech
comment,2023-09-11,14,"BT is a department of the Town of Blacksburg, not VT.",2023-09,Vermont,44.00034,-72.74983,first-order administrative division,Vermont,,United States,VirginiaTech
comment,2023-03-19,46,"Second half got a little sketchy but they never let it get too close, Tennessee will be a tough test assuming they get there but this team is hot",2023-03,Tennessee,35.75035,-86.25027,first-order administrative division,Tennessee,,United States,VirginiaTech
comment,2023-03-20,31,We beat Tennessee 59-56 in Knoxville back in December.,2023-03,Tennessee,35.75035,-86.25027,first-order administrative division,Tennessee,,United States,VirginiaTech
comment,2023-03-20,31,We beat Tennessee 59-56 in Knoxville back in December.,2023-03,Knoxville,35.96064,-83.92074,seat of a second-order administrative division,Tennessee,Knox County,United States,VirginiaTech
comment,2020-11-16,1,"Sea Otters are noted for their preference of Sea Urchins, but this River Otter probably just eats whatever it can find.",2020-11,River Otter,50.63025,-3.3062,stream,England,,United Kingdom,VirginiaTech
post,2020-07-10,330,"The Cascades, Spring 2019.",2020-07,Cascade Range,46.85289,-121.76037,mountains,Washington,Pierce County,United States,VirginiaTech
post,2020-07-10,330,"Coming from a recent graduate who just moved back to suburbia, take advantage of the beautiful outdoors around Blacksburg while you're there :)",2020-07,Blacksburg,37.81874,-79.3192,populated place,Virginia,Rockbridge County,United States,VirginiaTech
comment,2020-07-10,22,"My junior year, my RA took a group of us out to hike Dragon's Tooth in the dark and watch the sunrise from the top.",2020-07,Dragon's Tooth,37.36063,-80.17302,rock,West Virginia,Monroe County,United States,VirginiaTech
comment,2020-07-10,9,"https://www.hikingupward.com/JNF/TheCascadesBarneysWall/

If you ever want more inspiration for hikes, this site is awesome: http://thehikinghokie.blogspot.com/p/hikes-in-southwest-virginia.html

My personal favorites in the area are Tinker Cliffs, Dragon's Tooth, McAfee's Knob (Do NOT miss this, try to catch the sunrise here), Hay Rocks/Carvin's Cove and this one up to Barney's Wall.",2020-07,Dragon's Tooth,37.36063,-80.17302,rock,West Virginia,Monroe County,United States,VirginiaTech
comment,2020-07-10,9,"https://www.hikingupward.com/JNF/TheCascadesBarneysWall/

If you ever want more inspiration for hikes, this site is awesome: http://thehikinghokie.blogspot.com/p/hikes-in-southwest-virginia.html

My personal favorites in the area are Tinker Cliffs, Dragon's Tooth, McAfee's Knob (Do NOT miss this, try to catch the sunrise here), Hay Rocks/Carvin's Cove and this one up to Barney's Wall.",2020-07,McAfee Knob,37.39291,-80.03671,mountain,Virginia,Roanoke County,United States,VirginiaTech
comment,2019-11-26,17,"~HOKIE don't play dat!~

GO HOKIES - beat Dayton!!!!!!",2019-11,Dayton,39.75895,-84.19161,seat of a second-order administrative division,Ohio,Montgomery County,United States,VirginiaTech
comment,2019-11-26,6,We’re still gonna have to play Kansas though,2019-11,Kansas,38.50029,-98.50063,first-order administrative division,Kansas,,United States,VirginiaTech
comment,2019-11-26,12,Gotta beat Dayton first,2019-11,Dayton,39.75895,-84.19161,seat of a second-order administrative division,Ohio,Montgomery County,United States,VirginiaTech
comment,2025-09-09,5,"He’s gone, he’s rooting for his son in SC, and we’ve sucked ever since.",2025-09,South Carolina,34.00043,-81.00009,first-order administrative division,South Carolina,,United States,VirginiaTech
comment,2025-09-09,5,Also stop getting transfers from middle Tennessee state and Arkansas state union college or god knows where.,2025-09,Tennessee,35.75035,-86.25027,first-order administrative division,Tennessee,,United States,VirginiaTech
comment,2025-09-09,5,Also stop getting transfers from middle Tennessee state and Arkansas state union college or god knows where.,2025-09,Arkansas,34.75037,-92.50044,first-order administrative division,Arkansas,,United States,VirginiaTech
comment,2025-09-08,8,"Here's the view from the other side of Afton Mountain:

Y'all need to stop thinking of UVA as your major rival.",2025-09,Afton Mountain,38.0193,-78.88391,mountain,Virginia,Augusta County,United States,VirginiaTech
comment,2025-09-08,8,UVA **wants** to be a serious football school but any idiot who can draw a circle around Charlottesville on Zillow can tell you why that's never going to happen: UVA can't grow.,2025-09,Charlottesville,38.02931,-78.47668,seat of a second-order administrative division,Virginia,City of Charlottesville,United States,VirginiaTech
comment,2025-09-08,4,If you want to count the terrible flub of a hire he made in Cinci prior to coming here that would be attempt #4.,2025-09,Cinci,57.25231,26.53748,populated place,Gulbene Municipality,Lejasciema pagasts,Latvia,VirginiaTech
comment,2025-09-09,1,He had no loyalty to anybody (plus he was from Texas),2025-09,Texas,31.25044,-99.25061,first-order administrative division,Texas,,United States,VirginiaTech
comment,2021-01-10,20,It’s a good few hours from Blacksburg though,2021-01,Blacksburg,37.81874,-79.3192,populated place,Virginia,Rockbridge County,United States,VirginiaTech
comment,2021-01-10,5,"On the New River, I went white water rafting and it was a lifetime of experience!",2021-01,New River,18.11906,-76.88677,stream,,,Jamaica,VirginiaTech
comment,2021-01-10,3,Best this side of the Rockies.,2021-01,Rocky Mountains,43.35826,-110.91743,mountains,,,United States,VirginiaTech
comment,2021-01-10,2,New River Gorge is amazing all the time.,2021-01,New River Gorge Bridge,38.06872,-81.0826,bridge,West Virginia,Fayette County,United States,VirginiaTech
comment,2021-01-10,2,"On the New River, I went white water rafting and it was a lifetime of experience!",2021-01,New River,18.11906,-76.88677,stream,,,Jamaica,VirginiaTech
comment,2021-01-11,1,visiting Greenbank (near snowshoe area) was pretty cool.,2021-01,Greenbank,48.09815,-122.57294,populated place,Washington,Island County,United States,VirginiaTech
comment,2019-02-27,3,Bet Ratface lobbys hard at the ACC meetings to get the schedule changed so dook doesn't have to come to Blacksburg in February (or at all).,2019-02,Blacksburg,35.12124,-81.51592,populated place,South Carolina,Cherokee County,United States,VirginiaTech
comment,2019-02-27,9,"If a player from the opposing team misses back-to-back free throws in the second half, everyone in Cassell gets a voucher for free bacon.",2019-02,Cassell,43.20666,-89.87512,populated place,Wisconsin,Sauk County,United States,VirginiaTech
comment,2021-12-03,36,Even before COVID I can’t believe the only 24 hour place is Waffle House tbh,2021-12,Howe-Waffle House,33.75057,-117.86839,building(s),California,Orange County,United States,VirginiaTech
comment,2021-12-03,-1,"Taco bell especially, they used to be open until like 2 AM, it was a blast.",2021-12,Taco Bell,34.79035,-86.9722,restaurant,Alabama,Limestone County,United States,VirginiaTech
comment,2021-12-03,-117,Hot take: No one wants to work in Biden’s america,2021-12,United States,39.76,-98.5,independent political entity,,,United States,VirginiaTech
comment,2021-12-03,3,"Minimum wage in Virginia has gone from $7.25 in the beginning of 2021, to $9.50 in May and will be $11 on Jan 1, 2022.",2021-12,Virginia,37.54812,-77.44675,first-order administrative division,Virginia,,United States,VirginiaTech
comment,2020-06-29,5,"That looks terrible
Also, fuck Ohio State.",2020-06,Ohio,40.25034,-83.00018,first-order administrative division,Ohio,,United States,VirginiaTech
comment,2020-06-29,4,3114 is where it got fun.,2020-06,Acherítou,35.10522,33.85761,second-order administrative division,Ammochostos,Acherítou,Cyprus,VirginiaTech
comment,2019-11-02,27,Yeah the BC game was the worst.,2019-11,British Columbia,53.99983,-125.0032,first-order administrative division,British Columbia,,Canada,VirginiaTech
comment,2019-11-03,1,It doesnt really matter anyway we're still going to win the coastal.,2019-11,Coastal Avenue,24.7524,67.0827,street,Sindh,,Pakistan,VirginiaTech
comment,2019-09-17,12,It makes it look like Blacksburg is a really busy place.,2019-09,Blacksburg,37.81874,-79.3192,populated place,Virginia,Rockbridge County,United States,VirginiaTech
comment,2018-12-15,80,I'm going to talk shit about the classrooms in McBryde and Randolph in every spot survey until they replace those god awful desk-chairs,2018-12,McBryde Hall,37.23041,-80.422,building(s),Virginia,Montgomery County,United States,VirginiaTech
comment,2018-12-15,80,I'm going to talk shit about the classrooms in McBryde and Randolph in every spot survey until they replace those god awful desk-chairs,2018-12,Wisdom,37.00394,-85.71997,populated place,Kentucky,Metcalfe County,United States,VirginiaTech
comment,2018-12-18,2,"McBryde as a whole is a subpar building, and the lack of attention that housekeeping and maintenance pay to it is very obvious.",2018-12,McBryde Quadrangle,33.99404,-81.02759,building(s),South Carolina,Richland County,United States,VirginiaTech
comment,2023-09-18,69,I knew VT adopting the Common App would make it jump in the US News rankings but wow what a jump.,2023-09,United States,39.76,-98.5,independent political entity,,,United States,VirginiaTech
comment,2023-09-23,2,"VT has a much lower acceptance for engineering, and primarily attracts Virginia residents.",2023-09,Virginia,37.54812,-77.44675,first-order administrative division,Virginia,,United States,VirginiaTech
comment,2023-09-18,26,"Thus, VT will score higher on US News and Reports formula.",2023-09,United States,39.76,-98.5,independent political entity,,,United States,VirginiaTech
comment,2021-07-02,57,First photo is from the GLC side looking out over the Squires Parking lot.,2021-07,Squires,42.17169,-88.09119,section of populated place,Illinois,Lake County,United States,VirginiaTech
comment,2021-07-03,3,"So probably won't open again until this December 2021, assuming rona and/or the recent flooding didn't push it back farther",2021-07,Island of Rona,57.56667,-5.98333,island,Scotland,Highland,United Kingdom,VirginiaTech
comment,2026-03-07,13,Some fine gentlemen from Pritchard came over and terrorized our dorm.,2026-03,Prichard,41.25508,-76.13437,populated place,Pennsylvania,Luzerne County,United States,VirginiaTech
comment,2026-03-07,7,I thought Virginia tech was for smart students?,2026-03,Virginia,37.54812,-77.44675,first-order administrative division,Virginia,,United States,VirginiaTech
comment,2026-03-07,7,Literally just had a real fire at fox ridge.,2026-03,Fox Ridge,41.73095,-123.86785,ridge(s),California,Del Norte County,United States,VirginiaTech
comment,2026-03-07,1,I lived in major williams in 82-83.,2026-03,Major Williams Dormitory,37.23096,-80.42088,building(s),Virginia,Montgomery County,United States,VirginiaTech
comment,2026-03-07,106,I met some friends for life standing outside Pritchard in the rain at 3am from the 3rd false alarm that week,2026-03,Prichard,41.25508,-76.13437,populated place,Pennsylvania,Luzerne County,United States,VirginiaTech
comment,2026-03-07,23,In 2022-2023 a dumpster between Hoge and Pritchard was fully ablaze,2026-03,Hallig Hooge,54.56916,8.54283,island,Schleswig-Holstein,,Germany,VirginiaTech
comment,2026-03-07,23,In 2022-2023 a dumpster between Hoge and Pritchard was fully ablaze,2026-03,Prichard,41.25508,-76.13437,populated place,Pennsylvania,Luzerne County,United States,VirginiaTech
comment,2026-03-07,8,"A couple years ago there were “fire alarm wars” between Pritchard, Slusher and the other shitty dorms and I think they were having almost nightly fire alarms at some point.",2026-03,Slusher Hall,37.22541,-80.42172,building(s),Virginia,Montgomery County,United States,VirginiaTech
comment,2025-11-20,21,Are we wearing them against Miami I’m assuming ?,2025-11,Miami,25.77427,-80.19366,seat of a second-order administrative division,Florida,Miami-Dade County,United States,VirginiaTech
comment,2025-11-20,10,"My favorite Jersey of all time, couldn’t get one last time we wore them, anyone know if they’re gonna sell these this time?",2025-11,Bailiwick of Jersey,49.21667,-2.11667,political entity,,,Jersey,VirginiaTech
comment,2025-11-21,1,Will never forget getting blasted by Miami in blacksburg while wearing those,2025-11,Miami,25.77427,-80.19366,seat of a second-order administrative division,Florida,Miami-Dade County,United States,VirginiaTech
comment,2025-11-21,1,Will never forget getting blasted by Miami in blacksburg while wearing those,2025-11,Blacksburg,36.75428,-81.8204,populated place,Virginia,Washington County,United States,VirginiaTech
post,2022-10-01,323,"On this day in 1872, 150 years ago, Addison Caldwell walked 26 miles from Craig County to Blacksburg, and enrolled as the first student at the Virginia Agricultural and Mechanical College.",2022-10,Craig County,37.48125,-80.21234,second-order administrative division,Virginia,Craig County,United States,VirginiaTech
post,2022-10-01,323,"On this day in 1872, 150 years ago, Addison Caldwell walked 26 miles from Craig County to Blacksburg, and enrolled as the first student at the Virginia Agricultural and Mechanical College.",2022-10,Blacksburg,36.75428,-81.8204,populated place,Virginia,Washington County,United States,VirginiaTech
comment,2022-10-01,25,"Happy birthday, VT!",2022-10,Vermont,44.00034,-72.74983,first-order administrative division,Vermont,,United States,VirginiaTech
comment,2022-10-01,-61,We have a very strong alumni base and are excelling in US news rankings for engineering (and other disciplines)!,2022-10,United States,39.76,-98.5,independent political entity,,,United States,VirginiaTech
comment,2022-10-01,47,I love VT.,2022-10,Vermont,44.00034,-72.74983,first-order administrative division,Vermont,,United States,VirginiaTech
comment,2022-10-01,18,"Several buildings (and campus in general) are highly inaccessible to people with mobility disabilities, sometimes by things as arbitrary as a single step (like the Washington St entrances of Hoge Hall).",2022-10,The St Regis Washington Dc,38.90207,-77.03612,hotel,District of Columbia,,United States,VirginiaTech
comment,2022-10-01,18,"Several buildings (and campus in general) are highly inaccessible to people with mobility disabilities, sometimes by things as arbitrary as a single step (like the Washington St entrances of Hoge Hall).",2022-10,James Hoge Tyler Hall,37.13889,-80.55278,building(s),Virginia,City of Radford,United States,VirginiaTech
comment,2022-10-01,15,"Read about the things that happened at Monticello and UVA, not pretty even if you consider the time period.",2022-10,Monticello,45.38383,11.41814,populated place,Veneto,Provincia di Vicenza,Italy,VirginiaTech
comment,2022-10-01,15,"Read about the things that happened at Monticello and UVA, not pretty even if you consider the time period.",2022-10,Uva,56.99081,52.18517,seat of a second-order administrative division,Udmurtiya Republic,,Russia,VirginiaTech
comment,2022-10-01,6,Had one class in Saunders Hall and found it nearly unfathomable that the one mens bathroom is in the basement of a 4 floored building,2022-10,Saunders Hall,38.05167,-78.51417,building(s),Virginia,City of Charlottesville,United States,VirginiaTech
comment,2022-10-01,3,"Once he was sleeping in our dorm room and the fire alarm went off, so we had to carry him down 6 flights of stairs in Pritchard because you can’t use the elevator during a fire alarm.",2022-10,Prichard,41.25508,-76.13437,populated place,Pennsylvania,Luzerne County,United States,VirginiaTech
comment,2022-10-01,7,As a trans man I sometimes even question my own safety in Blacksburg.,2022-10,Blacksburg,35.12124,-81.51592,populated place,South Carolina,Cherokee County,United States,VirginiaTech
comment,2021-08-02,1,I’m curious if this means Blacksburg as a whole will have herd immunity,2021-08,Blacksburg,37.22957,-80.41394,populated place,Virginia,Montgomery County,United States,VirginiaTech
comment,2021-08-02,35,"https://www.facebook.com/50719463053/posts/10159634155268054/?d=n

The anti vaccine folks claim Tech will be shut down, kids don’t need the vaccine, they will pull their kids out and send them to Liberty or out of state.",2021-08,Liberty,30.05799,-94.79548,seat of a second-order administrative division,Texas,Liberty County,United States,VirginiaTech
comment,2021-08-02,1,Lane Stadium and other athletics capacity.,2021-08,Lane Stadium,37.22013,-80.41811,stadium,Virginia,Montgomery County,United States,VirginiaTech
comment,2021-08-02,2,"But even now Blacksburg is doing better than the surrounding municipalities and I expect that to continue even with the increased population as students return, due to student vaccination rates.",2021-08,Blacksburg,37.81874,-79.3192,populated place,Virginia,Rockbridge County,United States,VirginiaTech
comment,2022-12-14,173,least horny virginia tech enjoyer,2022-12,Virginia,37.54812,-77.44675,first-order administrative division,Virginia,,United States,VirginiaTech
post,2021-03-13,322,"Spotted in Loudoun, VA!",2021-03,Sterling,39.00622,-77.4286,populated place,Virginia,Loudoun County,United States,VirginiaTech
post,2021-03-13,322,"Spotted in Loudoun, VA!",2021-03,Virginia,37.54812,-77.44675,first-order administrative division,Virginia,,United States,VirginiaTech
comment,2021-03-14,11,There's a road called Gobblers Knob in blacksburg off happy hollow and it's always been my favorite road name,2021-03,Gobblers Knob,34.91452,-84.94939,mountain,Georgia,Whitfield County,United States,VirginiaTech
comment,2021-03-14,11,There's a road called Gobblers Knob in blacksburg off happy hollow and it's always been my favorite road name,2021-03,Blacksburg,35.12124,-81.51592,populated place,South Carolina,Cherokee County,United States,VirginiaTech
comment,2021-03-14,11,There's a road called Gobblers Knob in blacksburg off happy hollow and it's always been my favorite road name,2021-03,Happy Hollow,41.1036,-101.69323,valley,Nebraska,Keith County,United States,VirginiaTech
comment,2021-03-14,6,Loudoun County Hokie checking in!,2021-03,Loudoun County,39.09068,-77.63572,second-order administrative division,Virginia,Loudoun County,United States,VirginiaTech
comment,2021-03-14,3,"And less than five miles away, there's a small cluster of roads named after towns in northern Hertfordshire, England, where I grew up.",2021-03,Hertfordshire,51.83333,-0.25,second-order administrative division,England,Hertfordshire,United Kingdom,VirginiaTech
comment,2021-03-14,3,"And less than five miles away, there's a small cluster of roads named after towns in northern Hertfordshire, England, where I grew up.",2021-03,England,52.16045,-0.70312,first-order administrative division,England,,United Kingdom,VirginiaTech
comment,2019-12-17,31,“As you all know I spent a lot of time in Belize...”,2019-12,Belize City,17.49952,-88.19756,seat of a first-order administrative division,Belize District,,Belize,VirginiaTech
comment,2019-12-17,14,"Whenever I actually paid attention he would just be talking about Belize again, so I went back to my online shopping",2019-12,Belize City,17.49952,-88.19756,seat of a first-order administrative division,Belize District,,Belize,VirginiaTech
comment,2019-12-17,5,I feel like the class was just an excuse for him to talk about Belize so he could justify going to the university.,2019-12,Belize City,17.49952,-88.19756,seat of a first-order administrative division,Belize District,,Belize,VirginiaTech
post,2019-09-23,315,Taken near Foxridge while walking to campus,2019-09,Foxridge,35.84173,-86.5186,populated place,Tennessee,Rutherford County,United States,VirginiaTech
post,2022-09-22,319,"Downtown Blacksburg, VA (1904, 1930s, 2022)",2022-09,Blacksburg,36.75428,-81.8204,populated place,Virginia,Washington County,United States,VirginiaTech
post,2022-09-22,319,"Downtown Blacksburg, VA (1904, 1930s, 2022)",2022-09,Virginia,37.54812,-77.44675,first-order administrative division,Virginia,,United States,VirginiaTech
comment,2022-09-23,9,"Does the 1904 picture show the same view as the other two, looking South on Main from College Ave?",2022-09,Suðurland,64.0,-19.0,first-order administrative division,South,,Iceland,VirginiaTech
comment,2022-09-23,9,"Does the 1904 picture show the same view as the other two, looking South on Main from College Ave?",2022-09,River Main,54.71667,-6.3,stream,Northern Ireland,,United Kingdom,VirginiaTech
comment,2021-01-31,33,CMY is going to take us to the moon!!,2021-01,The Moon,50.84682,4.35493,hotel,Brussels Capital,Bruxelles-Capitale,Belgium,VirginiaTech
comment,2021-01-31,64,We'd have blown the roof off of Cassell tonight!!,2021-01,Cassell,43.20666,-89.87512,populated place,Wisconsin,Sauk County,United States,VirginiaTech
comment,2021-01-31,1,Yea I was in Blacksburg from 2006-2012 ...I guess I was spoiled football wise...basketball we had our upsets but last season and this one is the best in my opinion,2021-01,Blacksburg,35.12124,-81.51592,populated place,South Carolina,Cherokee County,United States,VirginiaTech
post,2020-11-08,317,Kayaking the New River two weeks ago.,2020-11,New River,18.11906,-76.88677,stream,,,Jamaica,VirginiaTech
comment,2020-11-09,6,Tangent Outfitters down in Pembroke is my go to but definitely not the only game in town.,2020-11,Pembroke,46.71682,-79.09962,,Quebec,,Canada,VirginiaTech
comment,2020-05-02,9,"If you’re in Blacksburg I have some extra cold and flu medicine, tissues, and pedialyte I can spare.",2020-05,Blacksburg,37.81874,-79.3192,populated place,Virginia,Rockbridge County,United States,VirginiaTech
comment,2020-05-02,34,Are you in Blacksburg?,2020-05,Blacksburg,35.12124,-81.51592,populated place,South Carolina,Cherokee County,United States,VirginiaTech
comment,2020-08-23,-6,That people WANT half of Blacksburg businesses to shutter because of no student patrons.,2020-08,Blacksburg,35.12124,-81.51592,populated place,South Carolina,Cherokee County,United States,VirginiaTech
comment,2020-08-23,-6,Is it wrong to want to be in Blacksburg with Hokie Nation?,2020-08,Blacksburg,37.81874,-79.3192,populated place,Virginia,Rockbridge County,United States,VirginiaTech
comment,2020-08-23,6,I tested positive for Flu A in Feb and was worried beforehand I would be the first covid case in the US.,2020-08,United States,39.76,-98.5,independent political entity,,,United States,VirginiaTech
comment,2020-08-23,1,"It boils down to an socio-economic dilemma, Virginia tech and Blacksburg are packed with students once again and our economy thrives.",2020-08,Virginia,37.54812,-77.44675,first-order administrative division,Virginia,,United States,VirginiaTech
comment,2020-08-23,1,"It boils down to an socio-economic dilemma, Virginia tech and Blacksburg are packed with students once again and our economy thrives.",2020-08,Blacksburg,37.22957,-80.41394,populated place,Virginia,Montgomery County,United States,VirginiaTech
comment,2020-08-23,1,At the same time there’s an exodus of the now unemployed fleeing Blacksburg looking for work.,2020-08,Blacksburg,37.22957,-80.41394,populated place,Virginia,Montgomery County,United States,VirginiaTech
comment,2020-08-23,6,"I worry that a fracture between the town and students is going to be stupidly long, and not unjustified by the Blacksburg community.",2020-08,Blacksburg,35.12124,-81.51592,populated place,South Carolina,Cherokee County,United States,VirginiaTech
comment,2020-06-09,29,Can you imagine living on campus and not being able to go to D2 for dinner every night bc i sure can’t,2020-06,Hunebed D2,53.0556,6.44557,tomb(s),Drenthe,Gemeente Noordenveld,The Netherlands,VirginiaTech
comment,2025-09-14,144,I think the last great year we had was the one where we lost to Michigan during that controversial ending.,2025-09,Michigan,44.25029,-85.50033,first-order administrative division,Michigan,,United States,VirginiaTech
comment,2025-09-14,3,"Hey, what about Oregon..OREGON!",2025-09,Oregon,44.00013,-120.50139,first-order administrative division,Oregon,,United States,VirginiaTech
comment,2025-09-14,3,"Hey, what about Oregon..OREGON!",2025-09,Oregon,44.00013,-120.50139,first-order administrative division,Oregon,,United States,VirginiaTech
comment,2025-09-14,2,"From the outside looking in, the only way Babcock should keep his job is if he pledges to pour every resource into getting Shane from South Carolina.",2025-09,South Carolina,34.00043,-81.00009,first-order administrative division,South Carolina,,United States,VirginiaTech
comment,2025-09-14,17,"Boise State just made the playoffs from a joke conference

There’s no excuse for VT to be this bad",2025-09,Boise State University,43.60294,-116.19845,school,Idaho,Ada County,United States,VirginiaTech
comment,2025-09-14,0,And how many does Miami?,2025-09,Miami,25.77427,-80.19366,seat of a second-order administrative division,Florida,Miami-Dade County,United States,VirginiaTech
comment,2025-09-14,5,Actually it was Jim Druckenmiller who really put VT football on the map 30 years ago when they won the Big East championship in 1995 and went to the Sugarbowl that  year and beat Texas.,2025-09,Texas,31.25044,-99.25061,first-order administrative division,Texas,,United States,VirginiaTech
comment,2025-09-14,5,"> blew up our recruiting pipelines and systems

what system 

Tajh Boyd - 2008 at Phoebus played the Group AAA Viringina State Championship game at Lane Stadium 

But missing out on **Local** top talent was nothing new

In 2 years Vt recruiting targets for 2014 and 2013

Andrew Brown 

* defensive end for the Los Angeles Chargers of the National Football League.",2025-09,Lane Stadium,37.22013,-80.41811,stadium,Virginia,Montgomery County,United States,VirginiaTech
comment,2025-09-14,5,"He attended the University of Virginia, Brown was a 5 Star recruit as a two-time High School All-American at Oscar F. Smith High School in Chesapeake, Virginia

Quin Blanding

* Blanding attended Bayside High School in Virginia Beach, Virginia  was rated by Rivals.com and Scout.com as a five-star recruit and He attended the University of Virginia

Derrick Nnandi and Josh Sweat

* High School All-Americans at Oscar F. Smith High School in Chesapeake, Virginia were 5 star high school recruits who played at FSU
 
Rick DeBerry

* From Atlee High School in Hanover County, DeBerry was a 5-star recruit by Scout, and was a 4-star, top-150 prospect by Rivals who signed with Oklahoma 


----
Beamer also had a very old school mentality focusing on local students.",2025-09,Chesapeake,36.81904,-76.27494,seat of a second-order administrative division,Virginia,City of Chesapeake,United States,VirginiaTech
comment,2025-09-14,5,"He attended the University of Virginia, Brown was a 5 Star recruit as a two-time High School All-American at Oscar F. Smith High School in Chesapeake, Virginia

Quin Blanding

* Blanding attended Bayside High School in Virginia Beach, Virginia  was rated by Rivals.com and Scout.com as a five-star recruit and He attended the University of Virginia

Derrick Nnandi and Josh Sweat

* High School All-Americans at Oscar F. Smith High School in Chesapeake, Virginia were 5 star high school recruits who played at FSU
 
Rick DeBerry

* From Atlee High School in Hanover County, DeBerry was a 5-star recruit by Scout, and was a 4-star, top-150 prospect by Rivals who signed with Oklahoma 


----
Beamer also had a very old school mentality focusing on local students.",2025-09,Virginia,37.54812,-77.44675,first-order administrative division,Virginia,,United States,VirginiaTech
comment,2025-09-14,5,"He attended the University of Virginia, Brown was a 5 Star recruit as a two-time High School All-American at Oscar F. Smith High School in Chesapeake, Virginia

Quin Blanding

* Blanding attended Bayside High School in Virginia Beach, Virginia  was rated by Rivals.com and Scout.com as a five-star recruit and He attended the University of Virginia

Derrick Nnandi and Josh Sweat

* High School All-Americans at Oscar F. Smith High School in Chesapeake, Virginia were 5 star high school recruits who played at FSU
 
Rick DeBerry

* From Atlee High School in Hanover County, DeBerry was a 5-star recruit by Scout, and was a 4-star, top-150 prospect by Rivals who signed with Oklahoma 


----
Beamer also had a very old school mentality focusing on local students.",2025-09,Virginia Beach,36.85293,-75.97799,seat of a second-order administrative division,Virginia,City of Virginia Beach,United States,VirginiaTech
comment,2025-09-14,5,"He attended the University of Virginia, Brown was a 5 Star recruit as a two-time High School All-American at Oscar F. Smith High School in Chesapeake, Virginia

Quin Blanding

* Blanding attended Bayside High School in Virginia Beach, Virginia  was rated by Rivals.com and Scout.com as a five-star recruit and He attended the University of Virginia

Derrick Nnandi and Josh Sweat

* High School All-Americans at Oscar F. Smith High School in Chesapeake, Virginia were 5 star high school recruits who played at FSU
 
Rick DeBerry

* From Atlee High School in Hanover County, DeBerry was a 5-star recruit by Scout, and was a 4-star, top-150 prospect by Rivals who signed with Oklahoma 


----
Beamer also had a very old school mentality focusing on local students.",2025-09,Virginia,37.54812,-77.44675,first-order administrative division,Virginia,,United States,VirginiaTech
comment,2025-09-14,5,"He attended the University of Virginia, Brown was a 5 Star recruit as a two-time High School All-American at Oscar F. Smith High School in Chesapeake, Virginia

Quin Blanding

* Blanding attended Bayside High School in Virginia Beach, Virginia  was rated by Rivals.com and Scout.com as a five-star recruit and He attended the University of Virginia

Derrick Nnandi and Josh Sweat

* High School All-Americans at Oscar F. Smith High School in Chesapeake, Virginia were 5 star high school recruits who played at FSU
 
Rick DeBerry

* From Atlee High School in Hanover County, DeBerry was a 5-star recruit by Scout, and was a 4-star, top-150 prospect by Rivals who signed with Oklahoma 


----
Beamer also had a very old school mentality focusing on local students.",2025-09,Chesapeake,36.81904,-76.27494,seat of a second-order administrative division,Virginia,City of Chesapeake,United States,VirginiaTech
comment,2025-09-14,5,"He attended the University of Virginia, Brown was a 5 Star recruit as a two-time High School All-American at Oscar F. Smith High School in Chesapeake, Virginia

Quin Blanding

* Blanding attended Bayside High School in Virginia Beach, Virginia  was rated by Rivals.com and Scout.com as a five-star recruit and He attended the University of Virginia

Derrick Nnandi and Josh Sweat

* High School All-Americans at Oscar F. Smith High School in Chesapeake, Virginia were 5 star high school recruits who played at FSU
 
Rick DeBerry

* From Atlee High School in Hanover County, DeBerry was a 5-star recruit by Scout, and was a 4-star, top-150 prospect by Rivals who signed with Oklahoma 


----
Beamer also had a very old school mentality focusing on local students.",2025-09,Virginia,37.54812,-77.44675,first-order administrative division,Virginia,,United States,VirginiaTech
comment,2025-09-14,5,"He attended the University of Virginia, Brown was a 5 Star recruit as a two-time High School All-American at Oscar F. Smith High School in Chesapeake, Virginia

Quin Blanding

* Blanding attended Bayside High School in Virginia Beach, Virginia  was rated by Rivals.com and Scout.com as a five-star recruit and He attended the University of Virginia

Derrick Nnandi and Josh Sweat

* High School All-Americans at Oscar F. Smith High School in Chesapeake, Virginia were 5 star high school recruits who played at FSU
 
Rick DeBerry

* From Atlee High School in Hanover County, DeBerry was a 5-star recruit by Scout, and was a 4-star, top-150 prospect by Rivals who signed with Oklahoma 


----
Beamer also had a very old school mentality focusing on local students.",2025-09,Hanover County,37.76015,-77.49087,second-order administrative division,Virginia,Hanover County,United States,VirginiaTech
comment,2021-11-04,60,Parking at Chicken Hill and getting bused to main campus) + shit time changes made an already flawed parking system even shittier,2021-11,Chicken Hill,44.98819,-118.35633,mountain,Oregon,Grant County,United States,VirginiaTech
comment,2021-11-04,21,To make things even better they went and blocked off half the lot out by oak lane also,2021-11,Oak Lane,41.47917,-88.19972,populated place,Illinois,Will County,United States,VirginiaTech
comment,2021-11-04,7,"The first time I parked in the “carpool lane” in front of NCB, it’s like a whole entire row of spots with one sign at the other end stating it’s a carpool parking row.",2021-11,New Cooch Behar,26.35316,89.46977,railroad station,West Bengal,Cooch Behar District,India,VirginiaTech
comment,2021-11-04,5,I unironically love reading these threads - like VT is the only place that parking sucks.,2021-11,Vermont,44.00034,-72.74983,first-order administrative division,Vermont,,United States,VirginiaTech
comment,2021-11-04,5,"Brings back memories of watching people get towed every single day when I worked in downtown DC, and having to take the train because parking was like $20-30 per day depending.",2021-11,District of Columbia,38.91706,-77.00025,first-order administrative division,District of Columbia,,United States,VirginiaTech
comment,2021-11-04,1,Why is VT any different than other places and locations you are not supposed to park?,2021-11,Vermont,44.00034,-72.74983,first-order administrative division,Vermont,,United States,VirginiaTech
comment,2021-11-04,4,I'm Living in NYC now wondering why all these people have cars.,2021-11,New York City,40.71427,-74.00597,populated place,New York,,United States,VirginiaTech
comment,2021-11-04,21,Remember how VT parking services ALSO hid in the bushes frequently by turner to ticket these people despite hazards being on and them leaving their car for 2 minutes max?,2021-11,Vermont,44.00034,-72.74983,first-order administrative division,Vermont,,United States,VirginiaTech
comment,2021-11-04,2,"Errm, yeah, you mentioned you were in NYC last time you replied to one of my posts too.",2021-11,New York City,40.71427,-74.00597,populated place,New York,,United States,VirginiaTech
comment,2020-12-12,6,Most underrated place in Blacksburg to live.,2020-12,Blacksburg,35.12124,-81.51592,populated place,South Carolina,Cherokee County,United States,VirginiaTech
comment,2020-12-12,1,Bourbon Street is a perfect comparison.,2020-12,Bourbon Street,29.95649,-90.06753,street,Louisiana,Orleans Parish,United States,VirginiaTech
comment,2020-12-12,36,Best party complex in all of VT.,2020-12,Vermont,44.00034,-72.74983,first-order administrative division,Vermont,,United States,VirginiaTech
comment,2025-12-05,56,"When I was student VT went to multiple Orange bowls, Sugar Bowl and stomped Tennessee in the Peach Bowl.",2025-12,Tennessee,35.75035,-86.25027,first-order administrative division,Tennessee,,United States,VirginiaTech
comment,2025-12-05,56,VT was winning minimum 10 or 11 games every year and schools like Penn St and South Carolina refused to schedule Tech.,2025-12,South Carolina,34.00043,-81.00009,first-order administrative division,South Carolina,,United States,VirginiaTech
comment,2025-12-05,34,"In the long race, VT was so far behind that gaining this short term advantage is HUGE.",2025-12,Vermont,44.00034,-72.74983,first-order administrative division,Vermont,,United States,VirginiaTech
comment,2025-12-06,2,WE ARE NOT PENN STATE,2025-12,Penn State Forum,40.8,-77.86667,building(s),Pennsylvania,Centre County,United States,VirginiaTech
comment,2025-12-06,2,And Iowa state only had the 50th best recruiting class with only a single 4 star recruit and the rest 3 star or lower.,2025-12,Iowa,42.00027,-93.50049,first-order administrative division,Iowa,,United States,VirginiaTech
comment,2020-09-05,207,This sub is full of people who are too scared to confront people who aren’t social distancing in blacksburg in real life so they come here and act all strong and intellectual,2020-09,Blacksburg,35.12124,-81.51592,populated place,South Carolina,Cherokee County,United States,VirginiaTech
comment,2020-09-05,6,Brazil numero uno,2020-09,Federative Republic of Brazil,-10.0,-55.0,independent political entity,,,Brazil,VirginiaTech
comment,2020-09-04,40,Virginia tech is not a for profit school.,2020-09,Virginia,37.54812,-77.44675,first-order administrative division,Virginia,,United States,VirginiaTech
comment,2020-09-04,40,"I dislike their handling of the pandemic, but if they didn’t reopen this year Blacksburg would be absolutely decimated.",2020-09,Blacksburg,37.81874,-79.3192,populated place,Virginia,Rockbridge County,United States,VirginiaTech
comment,2020-09-04,40,Virginia tech is not only the area’s largest employer by a mile (and think of all the lower-level jobs that would be eliminated from an all-online experience.,2020-09,Virginia,37.54812,-77.44675,first-order administrative division,Virginia,,United States,VirginiaTech
comment,2020-09-04,10,"This virus is exposing issues in America, not generating them.",2020-09,United States,39.76,-98.5,independent political entity,,,United States,VirginiaTech
comment,2020-09-04,9,> Virginia tech is not a for profit school.,2020-09,Virginia,37.54812,-77.44675,first-order administrative division,Virginia,,United States,VirginiaTech
comment,2020-09-04,3,"And as we’ve seen from the rest of the country, VT is hardly alone in this plan, and isn’t doing the worst.",2020-09,Vermont,44.00034,-72.74983,first-order administrative division,Vermont,,United States,VirginiaTech
comment,2020-09-04,0,"Matter of fact, a lot of schools in Virginia have excellent programs across the board.",2020-09,Virginia,37.54812,-77.44675,first-order administrative division,Virginia,,United States,VirginiaTech
comment,2020-09-04,3,I hear there’s a big echo chamber in the Gulag,2020-09,Kurak,39.30417,127.03806,populated place,South Hamgyong,,North Korea,VirginiaTech
comment,2020-02-28,21,At least when War closes maybe some of the good basketballs they have over there will find their way to McComas.,2020-02,McComas,37.39012,-81.29149,populated place,West Virginia,Mercer County,United States,VirginiaTech
comment,2020-02-28,21,The balls at McComas currently have 0 grip and are either flat or have lumps in them,2020-02,McComas,39.43622,-76.30718,populated place,Maryland,Harford County,United States,VirginiaTech
post,2023-02-20,315,Found at an estate sale in Arkansas.,2023-02,Arkansas,34.75037,-92.50044,first-order administrative division,Arkansas,,United States,VirginiaTech
comment,2023-02-21,7,Really like this art style of Blacksburg,2023-02,Blacksburg,35.12124,-81.51592,populated place,South Carolina,Cherokee County,United States,VirginiaTech
comment,2023-02-21,5,"[Mike Rigsbee, Owner at Citigraph, Founded in 1985, in Raleigh ](https://www.linkedin.com/in/mike-rigsbee-22722917) Could also be a giant weird coincidence

Edit: Thoughts and prayers that the estate sale isn't at his house",2023-02,Beckley,37.77817,-81.18816,seat of a second-order administrative division,West Virginia,Raleigh County,United States,VirginiaTech
comment,2023-02-21,4,RIP Upper Quad,2023-02,"Upper quad (old), UNC-Chapel Hill",35.91225,-79.04801,common,North Carolina,Orange County,United States,VirginiaTech
comment,2023-02-21,3,Great to see what Blacksburg was like when so was there!,2023-02,Blacksburg,35.12124,-81.51592,populated place,South Carolina,Cherokee County,United States,VirginiaTech
comment,2023-02-21,2,"Grew up in Blacksburg, this took me back in time.",2023-02,Blacksburg,35.12124,-81.51592,populated place,South Carolina,Cherokee County,United States,VirginiaTech
comment,2023-02-21,3,My mom went to VT and she/my dad used to go on dates to Mikes Grill when he visited.,2023-02,Vermont,44.00034,-72.74983,first-order administrative division,Vermont,,United States,VirginiaTech
comment,2023-02-21,3,I remember going there as a kid whenever we toured campus for my brothers / when one brother went to VT,2023-02,Vermont,44.00034,-72.74983,first-order administrative division,Vermont,,United States,VirginiaTech
comment,2023-02-21,1,It's not labeled on the map but one of the buildings on there is the National Bank of Blacksburg on Main St.,2023-02,360 Main St.,49.89476,-97.13848,office building,Manitoba,,Canada,VirginiaTech
comment,2023-02-20,11,"I would imagine it probably is from 85 or at least pre-88, because I was there from 88-93 and during that 5-year span and for at least a few years thereafter, ToTS was called The Balcony.",2023-02,The Balcony Chaing Mai Village,18.823,99.012,hotel,Chiang Mai,Amphoe Mueang Chiang Mai,Thailand,VirginiaTech
comment,2023-02-21,5,"Cochrane Hall is labeled 'Undergraduate Dorm'

It was built in 1983 and named in 1988.",2023-02,Cochrane Hall,37.22291,-80.42227,building(s),Virginia,Montgomery County,United States,VirginiaTech
comment,2023-02-21,5,This is in a house in North Little Rock.,2023-02,North Little Rock,34.76954,-92.26709,populated place,Arkansas,Pulaski County,United States,VirginiaTech
comment,2023-02-22,1,Was in Rasche and Brodie 95-97.,2023-02,Dolno Rasče,42.04771,21.03005,field(s),Tearce,,North Macedonia,VirginiaTech
comment,2023-02-21,2,A bit far from me in Mountain Home.,2023-02,Mountain Home,45.36734,-122.92899,,Oregon,Washington County,United States,VirginiaTech
comment,2020-03-26,-5,Surely you can't be so bored that you would complain about people asking for Virginia tech to offer refunds in an obviously hypocritical manner... Not sure why your sucking Virginia Tech administrations d*** but it doesnt make you a likeable person.,2020-03,Virginia,37.54812,-77.44675,first-order administrative division,Virginia,,United States,VirginiaTech
comment,2021-04-14,50,This is the wholesome banter the NRV area has been missing.,2021-04,Nariyar,26.24038,85.21764,railroad station,Bihar,Muzaffarpur,India,VirginiaTech
comment,2021-04-15,30,It felt so strange seeing Blacksburg/Christiansburg on another sub other than this one.,2021-04,"Blacksburg-Christiansburg, VA Metro Area",37.18691,-80.59236,economic region,Virginia,,United States,VirginiaTech
comment,2021-03-28,3,"Back in day, it was the guy with the tiny pecker truck at Terrace View who had to warm up his loud-ass truck every morning.",2021-03,Terrace View,41.11411,-112.01466,section of populated place,Utah,Davis County,United States,VirginiaTech
comment,2021-03-29,2,Or the dude on North Main,2021-03,North Main,49.9583,-97.09144,area,Manitoba,,Canada,VirginiaTech
comment,2021-03-28,1,I graduated last year and haven't lived in Foxridge since 2018 but trust me you'll miss that place,2021-03,Foxridge,35.84173,-86.5186,populated place,Tennessee,Rutherford County,United States,VirginiaTech
comment,2021-03-29,1,Anyone else remember the people who used to launch fireworks in foxridge in the middle of the night a few times a week?,2021-03,Foxridge,51.12963,0.51315,hill,England,Kent,United Kingdom,VirginiaTech
comment,2020-11-16,3,I love it when tech students go back home bruh Blacksburg is nice as hell,2020-11,Blacksburg,35.12124,-81.51592,populated place,South Carolina,Cherokee County,United States,VirginiaTech
comment,2020-11-16,5,"Not to shamelessly plug (even though that's exactly what I'm going to do) but there's a nursery down 460 in Pembroke that has a couple big greenhouses that are filled to the brim with indoor plants, so if you need some that'd be the place to go.",2020-11,Pembroke,46.71682,-79.09962,,Quebec,,Canada,VirginiaTech
comment,2020-11-16,5,EDIT: it's called Green Market Farms by the way,2020-11,Green Market Farms,39.61889,-74.81972,farm,New Jersey,Atlantic County,United States,VirginiaTech
comment,2021-10-11,21,I got stuck in a dangerous logjam at Lane about 16ish years ago.,2021-10,Siltcoos,43.88901,-124.06373,populated place,Oregon,Lane County,United States,VirginiaTech
comment,2021-10-11,19,And a big thank you to the one ticket person who was going above and beyond finding people that were throwing bottles from the top of east.,2021-10,Austurland,65.0,-15.0,first-order administrative division,East,,Iceland,VirginiaTech
post,2021-06-03,310,Police investigating reports of cognitive impairment substance being added to drinks at Blacksburg taco bar,2021-06,Blacksburg,35.12124,-81.51592,populated place,South Carolina,Cherokee County,United States,VirginiaTech
comment,2021-06-04,159,"We had to go to Christiansburg to see a forensic nurse to discuss PERC kits and tox screens since so much of that night was a blank and we were extremely scared at the “what-ifs.” Urine samples wouldn’t have been sent to the state lab for a tox screen unless we filed a police report, so we did.",2021-06,Christiansburg,37.12985,-80.40894,seat of a second-order administrative division,Virginia,Montgomery County,United States,VirginiaTech
comment,2021-06-06,9,I used to work downtown (not at centro) and we took the safety of our customers very seriously.,2021-06,Centre-Val de Loire,47.5,1.75,first-order administrative division,Centre-Val de Loire,,France,VirginiaTech
comment,2021-06-06,9,My point is that I always thought of Blacksburg as this safe place because of it's size and usually bad stuff like this doesn't happen or you don't hear about it.,2021-06,Blacksburg,35.12124,-81.51592,populated place,South Carolina,Cherokee County,United States,VirginiaTech
comment,2021-06-06,9,"Virginia Tech and Blacksburg as a whole is great, and what makes it great are the people.",2021-06,Blacksburg,37.22957,-80.41394,populated place,Virginia,Montgomery County,United States,VirginiaTech
comment,2021-06-04,70,"I know Blacksburg is a college town, so drunk people are a given -  but it seems wildly irresponsible for the Centro workers to take two passed out women in their bathroom and just dump them on the street.",2021-06,Blacksburg,37.81874,-79.3192,populated place,Virginia,Rockbridge County,United States,VirginiaTech
comment,2021-06-04,70,"I know Blacksburg is a college town, so drunk people are a given -  but it seems wildly irresponsible for the Centro workers to take two passed out women in their bathroom and just dump them on the street.",2021-06,Centre-Val de Loire,47.5,1.75,first-order administrative division,Centre-Val de Loire,,France,VirginiaTech
comment,2021-06-04,19,Perhaps the scariest part of all of this is no one really knows just how many people have been drugged at centros.,2021-06,Centros Linbasna,14.15762,-85.16433,locality,Jinotega Department,,Nicaragua,VirginiaTech
comment,2018-09-16,12,"This is a subreddit for the university Virginia Tech located in Virginia, United States.",2018-09,Virginia,37.54812,-77.44675,first-order administrative division,Virginia,,United States,VirginiaTech
comment,2018-09-16,12,"This is a subreddit for the university Virginia Tech located in Virginia, United States.",2018-09,United States,39.76,-98.5,independent political entity,,,United States,VirginiaTech
comment,2020-09-25,37,"So, do you fly out of Chicago often?",2020-09,Chicago,41.85003,-87.65005,seat of a second-order administrative division,Illinois,Cook County,United States,VirginiaTech
comment,2025-11-19,3,- He will have the culture very involved in Blacksburg and the school.,2025-11,Blacksburg,35.12124,-81.51592,populated place,South Carolina,Cherokee County,United States,VirginiaTech
comment,2025-11-19,3,"The only ones who progress are the ones who leave, like the kid this year at Missouri or that guy who went to UK and then the Titans.",2025-11,United Kingdom of Great Britain and Northern Ireland,54.75844,-2.69531,independent political entity,,,United Kingdom,VirginiaTech
comment,2025-11-17,10,I’d be satisfied with going back to only losing the big games instead of losing to every high school football team in the DMV,2025-11,Oregon DMV Headquarters,44.96604,-123.00581,building(s),Oregon,Marion County,United States,VirginiaTech
comment,2025-11-17,41,I didn’t actually see him crush 3 four lokos behind the Christiansburg Wendy’s dumpster.,2025-11,Christiansborg Castle,55.67594,12.57952,castle,Capital Region,København,Denmark,VirginiaTech
comment,2025-11-17,18,Not enough time to take over before Miami.,2025-11,Miami,25.77427,-80.19366,seat of a second-order administrative division,Florida,Miami-Dade County,United States,VirginiaTech
comment,2021-12-08,25,Most of the scenes there aside from the “Kazakstan” intro and between Borat and the manager are all real.,2021-12,Republic of Kazakhstan,48.0,68.0,independent political entity,,,Kazakhstan,VirginiaTech
comment,2021-12-08,5,"VCU is Natalya, #4 prostitute in all of Virginia.",2021-12,Virginia,37.54812,-77.44675,first-order administrative division,Virginia,,United States,VirginiaTech
post,2021-03-08,309,Good Morning Blacksburg!,2021-03,Blacksburg,35.12124,-81.51592,populated place,South Carolina,Cherokee County,United States,VirginiaTech
comment,2021-03-08,63,I grew up in Blacksburg on Broce Dr. My parents owned A-1 Copies for 35 years in the University Mall.,2021-03,Blacksburg,35.12124,-81.51592,populated place,South Carolina,Cherokee County,United States,VirginiaTech
comment,2021-03-08,63,I have not visited Blacksburg in about 8 years.,2021-03,Blacksburg,35.12124,-81.51592,populated place,South Carolina,Cherokee County,United States,VirginiaTech
comment,2021-03-08,63,I used to party at the Sturbridge apartments with tech kids when I was in high school.,2021-03,Sturbridge,52.87221,-2.24751,populated locality,England,Staffordshire,United Kingdom,VirginiaTech
comment,2021-03-08,10,"Also, I miss always seeing Brush Mountain on the horizon.",2021-03,Brush Mountain,40.53396,-78.31279,mountain,Pennsylvania,Blair County,United States,VirginiaTech
comment,2021-03-08,10,Ah I miss Blacksburg!,2021-03,Blacksburg,35.12124,-81.51592,populated place,South Carolina,Cherokee County,United States,VirginiaTech
comment,2021-03-08,1,Blacksburg local checking in.,2021-03,Blacksburg,37.81874,-79.3192,populated place,Virginia,Rockbridge County,United States,VirginiaTech
comment,2021-03-08,56,Kroger really is quite the place isn't it?,2021-03,Kröger,51.99441,8.28833,farm,North Rhine-Westphalia,Regierungsbezirk Detmold,Germany,VirginiaTech
comment,2021-03-08,13,Lived in sturbridge back in the day.,2021-03,Sturbridge,52.87221,-2.24751,populated locality,England,Staffordshire,United Kingdom,VirginiaTech
comment,2021-03-08,3,They tore down Sturbridge apartments next to Kroger and are building new housing I’m assuming (like the rest of blacksburg),2021-03,Sturbridge,40.20011,-74.93628,,Pennsylvania,Bucks County,United States,VirginiaTech
comment,2021-03-08,3,They tore down Sturbridge apartments next to Kroger and are building new housing I’m assuming (like the rest of blacksburg),2021-03,Blacksburg,37.81874,-79.3192,populated place,Virginia,Rockbridge County,United States,VirginiaTech
comment,2021-03-08,5,"I hate that they are building so many in blacksburg, between this one and the Hub's..",2021-03,Blacksburg,37.81874,-79.3192,populated place,Virginia,Rockbridge County,United States,VirginiaTech
comment,2021-03-09,2,I was at a winston-salem store...,2021-03,Winston County,34.14923,-87.37368,second-order administrative division,Alabama,Winston County,United States,VirginiaTech
comment,2021-03-09,2,"Blacksburg requires so many parking spaces per bedroom, so by going vertical with a parking garage, developers can meet the parking requirement and have more space available to put in more apartments.",2021-03,Blacksburg,37.81874,-79.3192,populated place,Virginia,Rockbridge County,United States,VirginiaTech
comment,2025-04-13,16,There is still racism everywhere in the US.,2025-04,United States,39.76,-98.5,independent political entity,,,United States,VirginiaTech
comment,2025-04-13,44,"I live in Blacksburg with no affiliation with VT, if I witnessed this disgusting action, I would stand with you.",2025-04,Blacksburg,36.75428,-81.8204,populated place,Virginia,Washington County,United States,VirginiaTech
comment,2025-04-13,30,"It is a mix of MAGA along with a mix of people who have resentment towards HB1 visas where engineers especially, have been coming the U.S. I’ve witnessed this numerous times here on Reddit.",2025-04,United States,39.76,-98.5,independent political entity,,,United States,VirginiaTech
comment,2025-04-13,26,"There's also that general shock that, 'Oh my god, you guys have Tim Hortons back home', you can't blame them, all they've seen with reference to Indians is either terror attacks, poor infrastructure, abstract poverty, Indian-Americans' accent standup pieces, and internet stories of how bad India is towards tourists, women etc.",2025-04,Republic of India,22.0,79.0,independent political entity,,,India,VirginiaTech
comment,2025-04-13,26,"Not that serious, the fact that they think its 'okay' to say these things openly, shows that they are nor somebody who thinks very deeply about various forms of their personality and also isn't somebody you should honestly care about ( I would never feel bad if somebody from rural America said something racist because other than pity, I have nothing to offer to a random stranger who feels threatened by my presence, standing up to them in forms of confrontation is the last thing you should do imho )

The recent increase with racism though, is a bit saddening but we can do nothing when the majority of Americans voted for an administration that doesn't give a flying f about immigrants, and would very happily prefer most of them gone ( according to them, immigrants are leeches who take away rightful jobs of 'natural' American citizens ), but that's what you get with years of heavy generalization ( I mean Indiana Jones had a movie about India as well, and needless to say, it was horrifyingly disgusting and borderline dehumanization )",2025-04,United States,39.76,-98.5,independent political entity,,,United States,VirginiaTech
comment,2025-04-13,26,"Not that serious, the fact that they think its 'okay' to say these things openly, shows that they are nor somebody who thinks very deeply about various forms of their personality and also isn't somebody you should honestly care about ( I would never feel bad if somebody from rural America said something racist because other than pity, I have nothing to offer to a random stranger who feels threatened by my presence, standing up to them in forms of confrontation is the last thing you should do imho )

The recent increase with racism though, is a bit saddening but we can do nothing when the majority of Americans voted for an administration that doesn't give a flying f about immigrants, and would very happily prefer most of them gone ( according to them, immigrants are leeches who take away rightful jobs of 'natural' American citizens ), but that's what you get with years of heavy generalization ( I mean Indiana Jones had a movie about India as well, and needless to say, it was horrifyingly disgusting and borderline dehumanization )",2025-04,Republic of India,22.0,79.0,independent political entity,,,India,VirginiaTech
comment,2025-04-15,1,"You should hear what a certain privileged group thinks of India, cartoons even in Tel Aviv cafes.",2025-04,Republic of India,22.0,79.0,independent political entity,,,India,VirginiaTech
comment,2025-04-15,1,"You should hear what a certain privileged group thinks of India, cartoons even in Tel Aviv cafes.",2025-04,Tel Aviv,32.08088,34.78057,seat of a first-order administrative division,Tel Aviv,,Israel,VirginiaTech
comment,2025-04-16,1,I’ve loved India since I was 12.,2025-04,Republic of India,22.0,79.0,independent political entity,,,India,VirginiaTech
comment,2025-04-16,1,"Brainwashing 24/7, no breaks here in the West.",2025-04,West,42.77268,-116.9579,region,,,United States,VirginiaTech
comment,2025-04-16,1,"Meanwhile, Bharat has been the epicenter of knowledge AND spirituality for millennia.",2025-04,Republic of India,22.0,79.0,independent political entity,,,India,VirginiaTech
comment,2025-04-16,1,I love that India hasn’t tried to emulate the west.,2025-04,Republic of India,22.0,79.0,independent political entity,,,India,VirginiaTech
comment,2025-04-16,1,"The West doesn’t have what you guys have, which is a real, and rich culture.",2025-04,Vesturland,64.75,-21.83333,first-order administrative division,West,,Iceland,VirginiaTech
comment,2025-04-14,1,Sadly this is Trumps America now.,2025-04,United States,39.76,-98.5,independent political entity,,,United States,VirginiaTech
comment,2025-04-14,1,The GOP has been reaching out to young white men convincing them that people like you are taking their jobs away and threatening their white supremacy in America also while convincing them that feminism is a threat to their fragile masculinity.,2025-04,United States,39.76,-98.5,independent political entity,,,United States,VirginiaTech
comment,2025-04-14,0,Indians will cry about this and then openly announce they hope Pakistan gets wiped from the face of the earth.,2025-04,Islamic Republic of Pakistan,30.0,70.0,independent political entity,,,Pakistan,VirginiaTech
comment,2025-04-13,-7,"If anyone didn't know, three afghan school girls were attacked by 20 of their classmates in Houston a few days ago.",2025-04,Houston,29.76328,-95.36327,seat of a second-order administrative division,Texas,Harris County,United States,VirginiaTech
comment,2025-04-14,2,"What do you expect whenever the media over here talk about India, it is ""here you are, behold another footage of a slum in Mumbai where trash is everywhere""?",2025-04,Republic of India,22.0,79.0,independent political entity,,,India,VirginiaTech
comment,2025-04-14,2,"What do you expect whenever the media over here talk about India, it is ""here you are, behold another footage of a slum in Mumbai where trash is everywhere""?",2025-04,Mumbai,19.07283,72.88261,seat of a first-order administrative division,Maharashtra,,India,VirginiaTech
comment,2025-04-15,1,"Similarly, if I went to India for a long time, I would seek out other native English speakers.",2025-04,Republic of India,22.0,79.0,independent political entity,,,India,VirginiaTech
post,2021-11-28,306,"For those driving back today on 81… The left lane is for passing, the right lane is for cruising.",2021-11,Ukmergė,55.25,24.75,second-order administrative division,Vilnius,Ukmergė,Lithuania,VirginiaTech
comment,2021-11-28,122,I’m all for that but I doubt it’s going to apply when 81 turns into hours of traffic all day today,2021-11,Ukmergė,55.25,24.75,second-order administrative division,Vilnius,Ukmergė,Lithuania,VirginiaTech
comment,2021-11-28,72,"Tbh not the real reason for the 81 traffic after break though, it’s people following way too close and then slamming into each other",2021-11,Ukmergė,55.25,24.75,second-order administrative division,Vilnius,Ukmergė,Lithuania,VirginiaTech
comment,2021-11-30,2,I told my wife as soon as we got past 118 it would be clear and we would never see another accident on the rest of the way down to Tennessee.,2021-11,Interchange 118,39.94867,-82.68267,road junction,Ohio,Licking County,United States,VirginiaTech
comment,2021-11-30,2,I told my wife as soon as we got past 118 it would be clear and we would never see another accident on the rest of the way down to Tennessee.,2021-11,Tennessee,35.75035,-86.25027,first-order administrative division,Tennessee,,United States,VirginiaTech
comment,2021-11-28,7,Florida plates of course.,2021-11,Florida,28.75054,-82.5001,first-order administrative division,Florida,,United States,VirginiaTech
comment,2021-11-28,21,"Per our Sedition Caucus member, Congressman Griffith,  all is right over here and he voted ""Nay"" on infrastructure improvements so whatever money the state gets it won't be enough to really do anything with major Interstate improvements in this area.",2021-11,Interstate,47.71712,-117.00687,,Idaho,Kootenai County,United States,VirginiaTech
comment,2021-11-28,29,Well in VA it gets you a misdemeanor charge,2021-11,Virginia,37.54812,-77.44675,first-order administrative division,Virginia,,United States,VirginiaTech
comment,2021-11-28,-13,"I thought that in Virginia, doing more than 80 or more than 10 mph over the speed limit was a felony?",2021-11,Virginia,37.54812,-77.44675,first-order administrative division,Virginia,,United States,VirginiaTech
comment,2020-08-05,74,this and when people say virginia tech university like huh what’s that??,2020-08,Virginia,37.54812,-77.44675,first-order administrative division,Virginia,,United States,VirginiaTech
comment,2020-08-05,34,I could never say VA Tech but I'm from New England so after having to explain a few times that VT is not Vermont (UVM) I stick to Virginia Tech unless talking with friends.,2020-08,New England,40.33479,-79.92699,populated place,Pennsylvania,Allegheny County,United States,VirginiaTech
comment,2020-08-05,34,I could never say VA Tech but I'm from New England so after having to explain a few times that VT is not Vermont (UVM) I stick to Virginia Tech unless talking with friends.,2020-08,Vermont,44.00034,-72.74983,first-order administrative division,Vermont,,United States,VirginiaTech
comment,2020-08-05,34,I could never say VA Tech but I'm from New England so after having to explain a few times that VT is not Vermont (UVM) I stick to Virginia Tech unless talking with friends.,2020-08,Vermont,44.00034,-72.74983,first-order administrative division,Vermont,,United States,VirginiaTech
comment,2020-08-05,34,Even then the ones from Vermont looked puzzled for a second and then it clicks.,2020-08,Vermont,44.00034,-72.74983,first-order administrative division,Vermont,,United States,VirginiaTech
comment,2020-02-21,1,The Chiefs are based in MO not KS.,2020-02,Missouri,38.25031,-92.50046,first-order administrative division,Missouri,,United States,VirginiaTech
comment,2020-02-21,1,The Chiefs are based in MO not KS.,2020-02,Kansas,38.50029,-98.50063,first-order administrative division,Kansas,,United States,VirginiaTech
comment,2020-02-21,1,As a Hokie and a KC native it has been awesome to watch Fuller play!,2020-02,KC Ranch,31.58707,-104.47493,,Texas,Culberson County,United States,VirginiaTech
comment,2021-05-15,20,"Ah yes upper quad, where they banished the cadets to a corner of the school away from everyone else",2021-05,"Upper quad (old), UNC-Chapel Hill",35.91225,-79.04801,common,North Carolina,Orange County,United States,VirginiaTech
post,2020-12-03,305,"Moose was born and raised with Guiding Eyes for the Blind in New York on February 13th, 2012.",2020-12,New York City,40.71427,-74.00597,populated place,New York,,United States,VirginiaTech
post,2020-12-03,305,Moose loved being a Hokie and enjoyed life in the New River Valley.,2020-12,Fine Arts Center for the New River Valley,37.04762,-80.78035,building(s),Virginia,Pulaski County,United States,VirginiaTech
post,2020-12-03,305,"In his final act of service a few weeks ago, Moose ran through the tunnel at Lane Stadium and helped Coach Beamer record a PSA.",2020-12,Lane Stadium,37.22013,-80.41811,stadium,Virginia,Montgomery County,United States,VirginiaTech
comment,2020-12-03,158,Petition to have a statue of Moose at Cook,2020-12,Cook,45.78461,-116.35459,,Idaho,Idaho County,United States,VirginiaTech
comment,2020-11-22,13,I’m still praising the fact we pulled him over Gregg Marshall after his controversies in Wichita,2020-11,Wichita,37.69224,-97.33754,seat of a second-order administrative division,Kansas,Sedgwick County,United States,VirginiaTech
comment,2020-11-22,36,Something like: Lane Stadium holds ~65k people.,2020-11,Lane Stadium,37.22013,-80.41811,stadium,Virginia,Montgomery County,United States,VirginiaTech
comment,2020-08-17,15,"When they get sent home and want to cry, ""But what if we bring covid home to our families :,("" I don't want to hear it because they obviously have no concern about bringing or spreading it to the families here in Blacksburg lol.",2020-08,Blacksburg,35.12124,-81.51592,populated place,South Carolina,Cherokee County,United States,VirginiaTech
comment,2020-08-17,33,Saw a group of about 10 frat bro’s walking down Roanoke today with cases of beer in-hand and not a single mask.,2020-08,Roanoke,37.27097,-79.94143,seat of a second-order administrative division,Virginia,City of Roanoke,United States,VirginiaTech
comment,2020-08-17,6,"Wonder if it's the same group of frat bros on Main St. who laughed at me for wearing a mask, then pretended to sneeze on me as I walked past them.",2020-08,360 Main St.,49.89476,-97.13848,office building,Manitoba,,Canada,VirginiaTech
comment,2019-12-08,16,"We might get Citrus, and die a horrible death to alabama.",2019-12,Alabama,32.75041,-86.75026,first-order administrative division,Alabama,,United States,VirginiaTech
comment,2019-12-08,3,That was the year they were demolished by West Virginia in the orange bowl and Danny coale caught the ball when we beat Michigan.,2019-12,West Virginia,38.50038,-80.50009,first-order administrative division,West Virginia,,United States,VirginiaTech
comment,2025-04-22,68,"If Virginia Tech expects continuous growth and if Blacksburg wants to keep up, a real change in how we approach this issue needs to happen.",2025-04,Blacksburg,37.22957,-80.41394,populated place,Virginia,Montgomery County,United States,VirginiaTech
comment,2025-04-22,14,I’m a Blacksburg native but live in Chicago now.,2025-04,Blacksburg,35.12124,-81.51592,populated place,South Carolina,Cherokee County,United States,VirginiaTech
comment,2025-04-22,14,I’m a Blacksburg native but live in Chicago now.,2025-04,Chicago,41.85003,-87.65005,seat of a second-order administrative division,Illinois,Cook County,United States,VirginiaTech
comment,2025-04-22,14,"However, my family is still in Blacksburg.",2025-04,Blacksburg,35.12124,-81.51592,populated place,South Carolina,Cherokee County,United States,VirginiaTech
comment,2025-04-22,9,Not in Blacksburg currently,2025-04,Blacksburg,35.12124,-81.51592,populated place,South Carolina,Cherokee County,United States,VirginiaTech
comment,2025-04-22,9,"The main thing that gets cars to slow down is by narrowing lanes and putting more stuff around the road, think main street or any dense east coast city.",2025-04,East Coast,37.02332,-77.36954,region,,,United States,VirginiaTech
comment,2025-04-22,9,"More enforcement would be good too, driving here is often a privilege rather than a requirement like most of the US and people need to remember that.",2025-04,United States,39.76,-98.5,independent political entity,,,United States,VirginiaTech
comment,2025-04-22,3,I would really like to join but all I see on Google maps is the Blacksburg municipal building,2025-04,Blacksburg,37.81874,-79.3192,populated place,Virginia,Rockbridge County,United States,VirginiaTech
comment,2025-04-23,2,"In larger areas there are times where all the lights are red to allow all pedestrians to cross at the same time with the inclusion of diagonal crosswalks I think that Prices fork/Toms creek intersection can benefit from this 

Also lights in crosswalks especially around areas that aren’t as lit up or may be harder to see someone especially if they’re wearing all black 

I think in terms of drivers i’ve seen a lack of turn signal use, speeding up at yield signs, speeding in general and I think more traffic police should catch those things as they make the road dangerous for not just pedestrians but also other drivers.",2025-04,Price Fork,38.09845,-80.69926,stream,West Virginia,Greenbrier County,United States,VirginiaTech
comment,2025-04-23,2,"In larger areas there are times where all the lights are red to allow all pedestrians to cross at the same time with the inclusion of diagonal crosswalks I think that Prices fork/Toms creek intersection can benefit from this 

Also lights in crosswalks especially around areas that aren’t as lit up or may be harder to see someone especially if they’re wearing all black 

I think in terms of drivers i’ve seen a lack of turn signal use, speeding up at yield signs, speeding in general and I think more traffic police should catch those things as they make the road dangerous for not just pedestrians but also other drivers.",2025-04,Toms River,39.95373,-74.19792,seat of a second-order administrative division,New Jersey,Ocean County,United States,VirginiaTech
comment,2025-04-22,20,"More pedestrians with nearby high density student housing is a good thing and with places like The Edge, it is what we have.",2025-04,The Edge,33.01667,-118.61667,bank,California,,United States,VirginiaTech
comment,2025-04-22,20,- More All-Way stops at every intersection in McBryde Village with actual concerted enforcement because this would be a better way to slow cut though traffic in-lieu of speed bumps.,2025-04,McBryde Village,37.23568,-80.43005,section of populated place,Virginia,Montgomery County,United States,VirginiaTech
comment,2025-12-04,1,The singular speed bump in front of the former mayors house is not a representation of all speed bumps in Blacksburg  but the implementation of speed bumps is atrocious in this town.,2025-12,Blacksburg,35.12124,-81.51592,populated place,South Carolina,Cherokee County,United States,VirginiaTech
post,2021-08-09,303,Blacksburg is not the same without you!,2021-08,Blacksburg,35.12124,-81.51592,populated place,South Carolina,Cherokee County,United States,VirginiaTech
post,2021-08-09,303,"If you are new to Blacksburg, be sure to get off campus and enjoy downtown and the outdoors - hiking, the Cascades, the New River, the Farmers Market, and more.",2021-08,Blacksburg,37.81874,-79.3192,populated place,Virginia,Rockbridge County,United States,VirginiaTech
post,2021-08-09,303,"If you are new to Blacksburg, be sure to get off campus and enjoy downtown and the outdoors - hiking, the Cascades, the New River, the Farmers Market, and more.",2021-08,Cascades,-21.15,55.83333,populated place,,,Reunion,VirginiaTech
post,2021-08-09,303,"If you are new to Blacksburg, be sure to get off campus and enjoy downtown and the outdoors - hiking, the Cascades, the New River, the Farmers Market, and more.",2021-08,New River,18.11906,-76.88677,stream,,,Jamaica,VirginiaTech
post,2021-08-09,303,"If you are new to Blacksburg, be sure to get off campus and enjoy downtown and the outdoors - hiking, the Cascades, the New River, the Farmers Market, and more.",2021-08,The Mariana City Farmers Market,30.77292,-85.22558,market,Florida,Jackson County,United States,VirginiaTech
post,2021-08-09,303,Always carry an umbrella because it's Blacksburg.,2021-08,Blacksburg,35.12124,-81.51592,populated place,South Carolina,Cherokee County,United States,VirginiaTech
post,2021-08-09,303,Never put away your clothes based on the season because in Blacksburg you can experience all seasons in one day.,2021-08,Blacksburg,35.12124,-81.51592,populated place,South Carolina,Cherokee County,United States,VirginiaTech
comment,2021-08-10,3,"Also, if we see you freshman on the bus to south main, we will laugh at you.",2021-08,South Main,49.25764,-123.10114,section of populated place,British Columbia,Metro Vancouver Regional District,Canada,VirginiaTech
comment,2020-10-12,1,What is Blacksburg like on Saturdays now?,2020-10,Blacksburg,35.12124,-81.51592,populated place,South Carolina,Cherokee County,United States,VirginiaTech
comment,2020-10-13,1,Sad that Frosh won't be able to walk over to Lane on game day while living in dorms.,2020-10,Siltcoos,43.88901,-124.06373,populated place,Oregon,Lane County,United States,VirginiaTech
comment,2020-10-11,10,"Same, my last game in Lane as a student.",2020-10,Siltcoos,43.88901,-124.06373,populated place,Oregon,Lane County,United States,VirginiaTech
comment,2020-10-12,7,The same goes for cameras designed for 50 Hz grids when coming to america.,2020-10,United States,39.76,-98.5,independent political entity,,,United States,VirginiaTech
comment,2020-10-12,7,"On youtube, many european youtubers record in 50 fps, but in America, we use 30 or 60 fps.",2020-10,United States,39.76,-98.5,independent political entity,,,United States,VirginiaTech
comment,2020-09-02,2,Add in the 120+ in Montgomery County too.,2020-09,Montgomery County,32.22026,-86.20761,second-order administrative division,Alabama,Montgomery County,United States,VirginiaTech
comment,2020-09-02,6,I spent 7 years in Blacksburg as an undergrad and a gradstudent and I had never heard of him.,2020-09,Blacksburg,37.81874,-79.3192,populated place,Virginia,Rockbridge County,United States,VirginiaTech
comment,2019-09-28,3,We are fuckin kansas right now.,2019-09,Kansas,38.50029,-98.50063,first-order administrative division,Kansas,,United States,VirginiaTech
post,2022-10-21,304,"Your Parents Need to Stop To the student who complained they were cold and their MOM called the dean of students to turn the heat on in west egg, thanks for making the dorm miserable.",2022-10,West Egg Harbor,39.51623,-74.66655,populated place,New Jersey,Atlantic County,United States,VirginiaTech
comment,2022-10-21,8,"I'm not sure what type of HVAC system West Egg has, but if it's a regular 2-pipe system (supply/return), the transition from cooling to heating and vice versa is usually done after so many days in a row where ambient temps fall within a certain range.",2022-10,West Egg Harbor,39.51623,-74.66655,populated place,New Jersey,Atlantic County,United States,VirginiaTech
comment,2022-10-21,8,When I lived in Brodie (late 00s) it would get so hot during the winters sometimes that we'd sleep with the windows open and fans going.,2022-10,Brodie,46.48944,-80.97111,populated place,Ontario,Greater Sudbury,Canada,VirginiaTech
comment,2022-10-21,3,I was in Thomas Hall and if you opened the window you would die from Black Lung Disease and also what is AC or Heat?,2022-10,Thomas Hall,40.525,-74.45944,building(s),New Jersey,Middlesex County,United States,VirginiaTech
comment,2022-10-21,3,Thomas Hall residents were just supposed to die or something I dunno.,2022-10,Thomas Hall,40.525,-74.45944,building(s),New Jersey,Middlesex County,United States,VirginiaTech
comment,2022-10-21,1,"Think critically for a second, do you truly believe that a single phone call from a non-student would alter the heavily planned out facility management schedule that Virginia tech operates off of and has mastered dialed in over decades?",2022-10,Virginia,37.54812,-77.44675,first-order administrative division,Virginia,,United States,VirginiaTech
comment,2022-10-22,1,I live in West egg and it gets pretty toasty in here now if I close the window.,2022-10,West Egg Harbor,39.51623,-74.66655,populated place,New Jersey,Atlantic County,United States,VirginiaTech
comment,2022-10-21,53,I was on the top floor of Hoge.,2022-10,Hallig Hooge,54.56916,8.54283,island,Schleswig-Holstein,,Germany,VirginiaTech
comment,2022-10-21,9,Same thing in Pritchard in 2017,2022-10,Prichard,41.25508,-76.13437,populated place,Pennsylvania,Luzerne County,United States,VirginiaTech
comment,2022-10-21,9,"Even older Hokie here, lived in Johnson (right next to O’Shag) for 2 years… windows open year round.",2022-10,Johnson County,36.45494,-81.85175,second-order administrative division,Tennessee,Johnson County,United States,VirginiaTech
comment,2022-10-21,2,It’s still the exact same in Hoge last year.,2022-10,Hallig Hooge,54.56916,8.54283,island,Schleswig-Holstein,,Germany,VirginiaTech
comment,2022-10-21,14,"In Lee (whatever it’s called now), these were behind a false panel in the exterior closet.",2022-10,Lee County,26.62536,-81.84952,second-order administrative division,Florida,Lee County,United States,VirginiaTech
comment,2022-10-21,11,"The entire value of Blacksburg is a safe haven for 18-25 year olds to get the hell away from their crazy, burnt-out parents.",2022-10,Blacksburg,35.12124,-81.51592,populated place,South Carolina,Cherokee County,United States,VirginiaTech
comment,2022-10-21,11,We have to keep them insulated in their NOVA homes and stop the creep.,2022-10,Nova,39.73176,-77.81944,populated place,Pennsylvania,Franklin County,United States,VirginiaTech
comment,2022-10-21,2,The bathrooms were always the hottest part of Hoge cause of the humidity.,2022-10,Hallig Hooge,54.56916,8.54283,island,Schleswig-Holstein,,Germany,VirginiaTech
comment,2020-10-23,11,"Iirc, I think VT has already planned to tear down Slusher.",2020-10,Slusher Hall,37.22541,-80.42172,building(s),Virginia,Montgomery County,United States,VirginiaTech
comment,2020-10-23,10,"As a former Payne resident, slusher.",2020-10,Payne County,36.07732,-96.97577,second-order administrative division,Oklahoma,Payne County,United States,VirginiaTech
post,2020-02-15,305,Shoutout West End lot,2020-02,West End,51.51235,-0.14358,section of populated place,England,Greater London,United Kingdom,VirginiaTech
comment,2019-11-24,105,FILL LANE NORTH,2019-11,Winschester Lane North,42.15222,-87.89028,populated place,Illinois,Cook County,United States,VirginiaTech
comment,2019-11-25,3,at military bowl last year we bought ticket for the hill at navy stadium and we had a great time (even though it was pouring).,2019-11,Navy-Marine Corps Memorial Stadium,38.98483,-76.50691,stadium,Maryland,Anne Arundel County,United States,VirginiaTech
comment,2019-11-25,3,I also think that the fortress that is sands’ suite as well as the other booths in west take away so much seating.,2019-11,Sands Station,46.37938,-87.42986,,Michigan,Marquette County,United States,VirginiaTech
comment,2019-11-25,3,I also think that the fortress that is sands’ suite as well as the other booths in west take away so much seating.,2019-11,West,32.05993,34.78513,hotel,Tel Aviv,,Israel,VirginiaTech
comment,2019-11-25,3,if they’d built up west as much as east there would be so many more seats,2019-11,West,42.77268,-116.9579,region,,,United States,VirginiaTech
post,2024-07-23,301,You have nothing else to do in Blacksburg during the week so you might as well do your school work to stay occupied.,2024-07,Blacksburg,35.12124,-81.51592,populated place,South Carolina,Cherokee County,United States,VirginiaTech
comment,2024-07-23,0,"And no it’s not a nepotism job, no I’m not in CS, no I dont live in the Bay Area.",2024-07,Great Mall of the Bay Area,37.41577,-121.89801,mall,California,Santa Clara County,United States,VirginiaTech
comment,2024-07-25,1,"believe in yourself and dont let it get to your head when they say you “dont have the credentials” because you are smart and you have them, its just gonna take time to work up the shitpole of corporate america.",2024-07,United States,39.76,-98.5,independent political entity,,,United States,VirginiaTech
comment,2024-07-23,-10,Homie in from Blacksburg there’s a ton of shit to do during the week,2024-07,Blacksburg,35.12124,-81.51592,populated place,South Carolina,Cherokee County,United States,VirginiaTech
comment,2024-07-24,1,"I feel you, I had a lot of missed classes because I had to commute to northern virginia quite a bit but look at us now!",2024-07,Northern Virginia,38.73074,-77.71193,region,Virginia,,United States,VirginiaTech
comment,2024-07-23,5,Go back to your helicopter mom in Jersey and transfer to Rutgers.,2024-07,Bailiwick of Jersey,49.21667,-2.11667,political entity,,,Jersey,VirginiaTech
comment,2024-01-25,11,Stayed in Blacksburg to go on its last day.,2024-01,Blacksburg,35.12124,-81.51592,populated place,South Carolina,Cherokee County,United States,VirginiaTech
comment,2024-01-25,42,"Sub Station II, Arnold’s, Backstreets, College Inn.",2024-01,College Inn,47.6553,-122.3132,hotel,Washington,,United States,VirginiaTech
comment,2024-01-27,2,As a kid my dad worked in Randolph and that was our regular lunch spot when I got to hang out with him.,2024-01,Renick,39.34281,-92.41379,populated place,Missouri,Randolph County,United States,VirginiaTech
comment,2024-01-26,2,"Fuck, I didn’t even realize The Underground closed.",2024-01,Harrow-on-the-Hill Underground Station,51.57918,-0.33638,metro station,England,Greater London,United Kingdom,VirginiaTech
comment,2024-01-26,5,"Baskins on one side, substation on the other.",2024-01,Baskin Run,41.90644,-79.71172,stream,Pennsylvania,Erie County,United States,VirginiaTech
comment,2024-01-26,2,"I don’t go to VT, I just use to paint their buildings lol been a few years since I’ve been in BB",2024-01,Vermont,44.00034,-72.74983,first-order administrative division,Vermont,,United States,VirginiaTech
comment,2024-01-26,2,But there was Macado’s and a place called Hulio’s.,2024-01,Machado,1.06667,-60.91667,populated place,Roraima,Rorainópolis,Brazil,VirginiaTech
comment,2024-01-26,2,But there was Macado’s and a place called Hulio’s.,2024-01,Ayub Hulio,24.24202,67.81134,populated place,Sindh,Sujawal District,Pakistan,VirginiaTech
comment,2021-07-26,3,"I'm going to go ahead and be shameless and ask, ""could please send me a copy of the HQ version as well?""",2021-07,Haq,36.9818,45.0423,populated place,West Azerbaijan,,Iran,VirginiaTech
comment,2021-06-14,48,That first game is gonna be one of the loudest games in Lane Stadium history.,2021-06,Lane Stadium,37.22013,-80.41811,stadium,Virginia,Montgomery County,United States,VirginiaTech
comment,2021-06-14,-65,Going to love seeing Blacksburg become a Covid hotspot!!!,2021-06,Blacksburg,37.81874,-79.3192,populated place,Virginia,Rockbridge County,United States,VirginiaTech
comment,2021-06-14,13,"It’s general admission now, so if you want north end zone you’ll just have to be quicker than others",2021-06,North End,43.26944,-79.86194,populated place,Ontario,Hamilton,Canada,VirginiaTech
comment,2021-06-14,3,"Most of us are vaccinated and many more will be by then... Cases are down in the U.S., even in places with open stadiums.",2021-06,United States,39.76,-98.5,independent political entity,,,United States,VirginiaTech
post,2019-08-19,299,Duck Pond on my way home from work,2019-08,Duck Pond,49.75009,-91.31693,pond,Ontario,,Canada,VirginiaTech
comment,2019-08-19,11,I can’t believe it’s been 5 years since VT. I’d love to live in Blacksburg again.,2019-08,Blacksburg,37.22957,-80.41394,populated place,Virginia,Montgomery County,United States,VirginiaTech
post,2024-04-14,301,"If you have an issue with restroom availability in Downtown Blacksburg, email the town.",2024-04,Blacksburg,35.12124,-81.51592,populated place,South Carolina,Cherokee County,United States,VirginiaTech
post,2024-04-14,301,"Be better, VT.",2024-04,Vermont,44.00034,-72.74983,first-order administrative division,Vermont,,United States,VirginiaTech
comment,2024-04-14,47,Some girl shit on the floor at Centros couple months ago…,2024-04,Centros Linbasna,14.15762,-85.16433,locality,Jinotega Department,,Nicaragua,VirginiaTech
comment,2024-04-14,13,Please Don’t turn it into a typical America city scene.,2024-04,United States,39.76,-98.5,independent political entity,,,United States,VirginiaTech
comment,2024-04-15,2,"""clean and upscale"" have you ever seen center street the day during/after a home game my guy",2024-04,Chicago Transit Authority-Armitage Avenue Station,41.91809,-87.65283,building(s),Illinois,Cook County,United States,VirginiaTech
comment,2024-04-16,1,"Arizona, California, Connecticut, Idaho, Kentucky, Georgia, Massachusetts, Michigan, New Hampshire, Oklahoma, South Carolina, Utah, and Vermont  
[https://www.hrw.org/report/2007/09/11/no-easy-answers/sex-offender-laws-us#\_ftn109](https://www.hrw.org/report/2007/09/11/no-easy-answers/sex-offender-laws-us#_ftn109)",2024-04,Arizona,34.5003,-111.50098,first-order administrative division,Arizona,,United States,VirginiaTech
comment,2024-04-16,1,"Arizona, California, Connecticut, Idaho, Kentucky, Georgia, Massachusetts, Michigan, New Hampshire, Oklahoma, South Carolina, Utah, and Vermont  
[https://www.hrw.org/report/2007/09/11/no-easy-answers/sex-offender-laws-us#\_ftn109](https://www.hrw.org/report/2007/09/11/no-easy-answers/sex-offender-laws-us#_ftn109)",2024-04,California,37.25022,-119.75126,first-order administrative division,California,,United States,VirginiaTech
comment,2024-04-16,1,"Arizona, California, Connecticut, Idaho, Kentucky, Georgia, Massachusetts, Michigan, New Hampshire, Oklahoma, South Carolina, Utah, and Vermont  
[https://www.hrw.org/report/2007/09/11/no-easy-answers/sex-offender-laws-us#\_ftn109](https://www.hrw.org/report/2007/09/11/no-easy-answers/sex-offender-laws-us#_ftn109)",2024-04,Connecticut,41.66704,-72.66648,first-order administrative division,Connecticut,,United States,VirginiaTech
comment,2024-04-16,1,"Arizona, California, Connecticut, Idaho, Kentucky, Georgia, Massachusetts, Michigan, New Hampshire, Oklahoma, South Carolina, Utah, and Vermont  
[https://www.hrw.org/report/2007/09/11/no-easy-answers/sex-offender-laws-us#\_ftn109](https://www.hrw.org/report/2007/09/11/no-easy-answers/sex-offender-laws-us#_ftn109)",2024-04,Idaho,44.5002,-114.25118,first-order administrative division,Idaho,,United States,VirginiaTech
comment,2024-04-16,1,"Arizona, California, Connecticut, Idaho, Kentucky, Georgia, Massachusetts, Michigan, New Hampshire, Oklahoma, South Carolina, Utah, and Vermont  
[https://www.hrw.org/report/2007/09/11/no-easy-answers/sex-offender-laws-us#\_ftn109](https://www.hrw.org/report/2007/09/11/no-easy-answers/sex-offender-laws-us#_ftn109)",2024-04,Kentucky,38.20042,-84.87762,first-order administrative division,Kentucky,,United States,VirginiaTech
comment,2024-04-16,1,"Arizona, California, Connecticut, Idaho, Kentucky, Georgia, Massachusetts, Michigan, New Hampshire, Oklahoma, South Carolina, Utah, and Vermont  
[https://www.hrw.org/report/2007/09/11/no-easy-answers/sex-offender-laws-us#\_ftn109](https://www.hrw.org/report/2007/09/11/no-easy-answers/sex-offender-laws-us#_ftn109)",2024-04,Georgia,32.75042,-83.50018,first-order administrative division,Georgia,,United States,VirginiaTech
comment,2024-04-16,1,"Arizona, California, Connecticut, Idaho, Kentucky, Georgia, Massachusetts, Michigan, New Hampshire, Oklahoma, South Carolina, Utah, and Vermont  
[https://www.hrw.org/report/2007/09/11/no-easy-answers/sex-offender-laws-us#\_ftn109](https://www.hrw.org/report/2007/09/11/no-easy-answers/sex-offender-laws-us#_ftn109)",2024-04,Massachusetts,42.36565,-71.10832,first-order administrative division,Massachusetts,,United States,VirginiaTech
comment,2024-04-16,1,"Arizona, California, Connecticut, Idaho, Kentucky, Georgia, Massachusetts, Michigan, New Hampshire, Oklahoma, South Carolina, Utah, and Vermont  
[https://www.hrw.org/report/2007/09/11/no-easy-answers/sex-offender-laws-us#\_ftn109](https://www.hrw.org/report/2007/09/11/no-easy-answers/sex-offender-laws-us#_ftn109)",2024-04,Michigan,44.25029,-85.50033,first-order administrative division,Michigan,,United States,VirginiaTech
comment,2024-04-16,1,"Arizona, California, Connecticut, Idaho, Kentucky, Georgia, Massachusetts, Michigan, New Hampshire, Oklahoma, South Carolina, Utah, and Vermont  
[https://www.hrw.org/report/2007/09/11/no-easy-answers/sex-offender-laws-us#\_ftn109](https://www.hrw.org/report/2007/09/11/no-easy-answers/sex-offender-laws-us#_ftn109)",2024-04,New Hampshire,43.66702,-71.4998,first-order administrative division,New Hampshire,,United States,VirginiaTech
comment,2024-04-16,1,"Arizona, California, Connecticut, Idaho, Kentucky, Georgia, Massachusetts, Michigan, New Hampshire, Oklahoma, South Carolina, Utah, and Vermont  
[https://www.hrw.org/report/2007/09/11/no-easy-answers/sex-offender-laws-us#\_ftn109](https://www.hrw.org/report/2007/09/11/no-easy-answers/sex-offender-laws-us#_ftn109)",2024-04,Oklahoma,35.49209,-97.50328,first-order administrative division,Oklahoma,,United States,VirginiaTech
comment,2024-04-16,1,"Arizona, California, Connecticut, Idaho, Kentucky, Georgia, Massachusetts, Michigan, New Hampshire, Oklahoma, South Carolina, Utah, and Vermont  
[https://www.hrw.org/report/2007/09/11/no-easy-answers/sex-offender-laws-us#\_ftn109](https://www.hrw.org/report/2007/09/11/no-easy-answers/sex-offender-laws-us#_ftn109)",2024-04,South Carolina,34.00043,-81.00009,first-order administrative division,South Carolina,,United States,VirginiaTech
comment,2024-04-16,1,"Arizona, California, Connecticut, Idaho, Kentucky, Georgia, Massachusetts, Michigan, New Hampshire, Oklahoma, South Carolina, Utah, and Vermont  
[https://www.hrw.org/report/2007/09/11/no-easy-answers/sex-offender-laws-us#\_ftn109](https://www.hrw.org/report/2007/09/11/no-easy-answers/sex-offender-laws-us#_ftn109)",2024-04,Utah,39.25024,-111.75103,first-order administrative division,Utah,,United States,VirginiaTech
comment,2024-04-16,1,"Arizona, California, Connecticut, Idaho, Kentucky, Georgia, Massachusetts, Michigan, New Hampshire, Oklahoma, South Carolina, Utah, and Vermont  
[https://www.hrw.org/report/2007/09/11/no-easy-answers/sex-offender-laws-us#\_ftn109](https://www.hrw.org/report/2007/09/11/no-easy-answers/sex-offender-laws-us#_ftn109)",2024-04,Vermont,44.00034,-72.74983,first-order administrative division,Vermont,,United States,VirginiaTech
post,2023-01-18,299,"Cassell Coliseum, but in Minecraft",2023-01,Cassell Coliseum,37.2225,-80.41917,building(s),Virginia,Montgomery County,United States,VirginiaTech
post,2019-09-13,298,Black Bear spotted on campus between WAJ and Cochrane.,2019-09,Wawoi Falls,-6.95,142.65,airport,Western Province,,Papua New Guinea,VirginiaTech
post,2019-09-13,298,Black Bear spotted on campus between WAJ and Cochrane.,2019-09,Cochrane,49.06689,-81.03307,populated place,Ontario,Cochrane District,Canada,VirginiaTech
comment,2019-09-13,41,Are pet bears allowed at Terrace View?,2019-09,Terrace View,-44.32835,171.00009,farmstead,Canterbury,Timaru District,New Zealand,VirginiaTech
comment,2019-09-13,11,In my backyard in Blacksburg.... https://www.youtube.com/watch?v=zRjstJ5TVws,2019-09,Blacksburg,35.12124,-81.51592,populated place,South Carolina,Cherokee County,United States,VirginiaTech
comment,2019-09-15,1,Bears live all around the NRV and that part of the state.,2019-09,Nariyar,26.24038,85.21764,railroad station,Bihar,Muzaffarpur,India,VirginiaTech
comment,2023-10-31,1,She wants to have sex with a castrated Turkey?,2023-10,Republic of Turkey,39.0,35.0,independent political entity,,,Turkey,VirginiaTech
comment,2022-10-30,1,"2019: ND, UVA, UK 

2020: Liberty and Miami

2021: ND, Cuse

We pissed away so many late leads against very winnable opponents the past couple years under Fuente.",2022-10,United Kingdom of Great Britain and Northern Ireland,54.75844,-2.69531,independent political entity,,,United Kingdom,VirginiaTech
comment,2022-10-30,1,"2019: ND, UVA, UK 

2020: Liberty and Miami

2021: ND, Cuse

We pissed away so many late leads against very winnable opponents the past couple years under Fuente.",2022-10,Miami,25.77427,-80.19366,seat of a second-order administrative division,Florida,Miami-Dade County,United States,VirginiaTech
post,2021-04-29,301,"I think I saw some of you in Cancun, but I was too busy relaxing to say hi.",2021-04,Cancún,23.22278,-103.06111,abandoned populated place,Zacatecas,Fresnillo,Mexico,VirginiaTech
post,2021-04-29,301,"Or was that Florida, I don't know, all of my vacations last week are running together.",2021-04,Florida,28.75054,-82.5001,first-order administrative division,Florida,,United States,VirginiaTech
comment,2021-05-01,0,There’s massive lockdown fatigue across the US right now.,2021-05,United States,39.76,-98.5,independent political entity,,,United States,VirginiaTech
comment,2017-06-16,20,I shot that photo when I lived in O'Shaughnessy.,2017-06,O'Shaughnessy Bay,49.31894,-92.88643,bay,Ontario,,Canada,VirginiaTech
comment,2017-06-15,1,You went to Egypt,2017-06,Arab Republic of Egypt,27.0,30.0,independent political entity,,,Egypt,VirginiaTech
comment,2025-02-11,3,I live in Virginia but didn't know who Tim Sands was so I googled him.,2025-02,Virginia,37.54812,-77.44675,first-order administrative division,Virginia,,United States,VirginiaTech
comment,2025-02-09,2,bro's probably from nova,2025-02,Nova,65.65053,12.65206,point,Nordland,Vevelstad,Norway,VirginiaTech
comment,2025-02-09,4,"Apparently he went to the library where people where the sit in for Palestine and told them,” thanks for not cashing any disruptions this semester” laughed and left.",2025-02,Palestine,31.92157,35.20329,semi-independent political entity,,,Palestinian Territory,VirginiaTech
comment,2025-02-09,1,Did you get a specific virginia tech FAFSA email as well?,2025-02,Virginia,37.54812,-77.44675,first-order administrative division,Virginia,,United States,VirginiaTech
comment,2025-02-09,2,"this was satire, but there’s no way being from nova hurts your chances this much",2025-02,Nova,64.48632,11.0805,valley,Trøndelag,Namsos,Norway,VirginiaTech
comment,2025-02-09,2,"Sadly, you really have to be top in NoVA or offer something else they are looking for to get in.",2025-02,Nova,39.73176,-77.81944,populated place,Pennsylvania,Franklin County,United States,VirginiaTech
comment,2019-09-13,9,"I took this picture in the Harris Teeter at 12960 Highland Crossing Dr, Herndon, VA 20171. 

:)",2019-09,Herndon,38.96955,-77.3861,populated place,Virginia,Fairfax County,United States,VirginiaTech
comment,2019-09-13,9,"I took this picture in the Harris Teeter at 12960 Highland Crossing Dr, Herndon, VA 20171. 

:)",2019-09,Virginia,37.54812,-77.44675,first-order administrative division,Virginia,,United States,VirginiaTech
comment,2019-09-13,2,"Took this picture in the Harris Teeter at 12960 Highland Crossing Dr, Herndon, VA 20171",2019-09,Herndon,38.96955,-77.3861,populated place,Virginia,Fairfax County,United States,VirginiaTech
comment,2019-09-13,2,"Took this picture in the Harris Teeter at 12960 Highland Crossing Dr, Herndon, VA 20171",2019-09,Virginia,37.54812,-77.44675,first-order administrative division,Virginia,,United States,VirginiaTech
comment,2019-09-13,3,"Hmm, I’m in Blacksburg so I don’t think I can get it",2019-09,Blacksburg,35.12124,-81.51592,populated place,South Carolina,Cherokee County,United States,VirginiaTech
comment,2022-11-03,61,VT so harsh even the waterfowl stealin,2022-11,Vermont,44.00034,-72.74983,first-order administrative division,Vermont,,United States,VirginiaTech
comment,2022-11-03,3,The history of Virginia tech audio book,2022-11,Virginia,37.54812,-77.44675,first-order administrative division,Virginia,,United States,VirginiaTech
comment,2022-11-04,3,cant have shit in blacksburg,2022-11,Blacksburg,35.12124,-81.51592,populated place,South Carolina,Cherokee County,United States,VirginiaTech
comment,2019-08-29,2,La Cantina is still in the same space (different name tho) and Flips is where the philly cheese steak used to be.,2019-08,La Cantina,-33.2,-71.51667,locality,Valparaiso,,Chile,VirginiaTech
comment,2019-08-30,3,These were the secrets to La Cantina.,2019-08,La Cantina,-33.2,-71.51667,locality,Valparaiso,,Chile,VirginiaTech
comment,2019-08-29,4,Not surprising...it's been about a decade since I ate in Owens,2019-08,Owens,43.71609,-104.13466,,Wyoming,Weston County,United States,VirginiaTech
comment,2019-08-29,6,"Freshman here: I've only seen chick-fil-a, pizza hut, and some barbecue place at Owen's by Vawter Hall.",2019-08,Vawter Hall,37.235,-77.41833,building(s),Virginia,Chesterfield County,United States,VirginiaTech
comment,2019-08-29,2,"Back in the day when I was a freshman they took us to the Hokie Grill, the food court, D2, etc.",2019-08,Ấp D Hai,10.21239,105.27577,populated place,Can Tho City,Huyện Vĩnh Thạnh,Vietnam,VirginiaTech
comment,2019-08-29,1,"On the other side of Owens Hall, right by West Eggleston",2019-08,Owens Hall,46.86694,-96.76194,building(s),Minnesota,Clay County,United States,VirginiaTech
comment,2019-08-29,1,"On the other side of Owens Hall, right by West Eggleston",2019-08,West Eggleston Street Tot Lot,41.82121,-72.70315,park,Connecticut,Capitol Planning Region,United States,VirginiaTech
post,2025-04-03,294,I don’t understand how we can have multiple fatal and near fatal car wrecks in Blacksburg just in the past few months and still have people driving recklessly around town.,2025-04,Blacksburg,35.12124,-81.51592,populated place,South Carolina,Cherokee County,United States,VirginiaTech
comment,2025-04-03,31,YEP I nearly got mowed down crossing Jackson street by the post office and the car’s hood was close enough for me to slap it.,2025-04,Jackson Street,36.18593,-115.1483,road,Nevada,Clark County,United States,VirginiaTech
comment,2025-04-03,11,"Crossing the road when not on campus has become an actual nightmare, the other week someone yelled at me just for crossing Patrick Henry at the crosswalk with a yield to pedestrians sign",2025-04,Patrick Henry,37.02792,-78.89834,populated place,Virginia,Charlotte County,United States,VirginiaTech
comment,2025-04-03,19,Need more non car options (which are already pretty good for and US) to get around.,2025-04,United States,39.76,-98.5,independent political entity,,,United States,VirginiaTech
comment,2025-04-03,22,Where the fuck are Blacksburg's traffic officers?,2025-04,Blacksburg,37.81874,-79.3192,populated place,Virginia,Rockbridge County,United States,VirginiaTech
comment,2025-04-03,22,"I swear, people floor it down Prices Fork no holds barred on a regular basis because there are absolutely no consequences.",2025-04,Price Fork,38.09845,-80.69926,stream,West Virginia,Greenbrier County,United States,VirginiaTech
comment,2025-04-03,22,"Every day for four years I've seen/heard multiple cars punch it in broad daylight down one of Blacksburg's streets, never have I seen even a single one of them get pulled over in town.",2025-04,Blacksburg,35.12124,-81.51592,populated place,South Carolina,Cherokee County,United States,VirginiaTech
comment,2025-04-03,8,I would encourage anybody to submit questions and comments on [let's talk Blacksburg ](https://letstalkblacksburg.org/).,2025-04,Blacksburg,35.12124,-81.51592,populated place,South Carolina,Cherokee County,United States,VirginiaTech
comment,2025-04-03,8,There is already an initiative to reduce speed limits across the central business district of Blacksburg that ends just BEFORE Prices Fork road.,2025-04,Blacksburg,37.81874,-79.3192,populated place,Virginia,Rockbridge County,United States,VirginiaTech
comment,2025-04-03,8,There is already an initiative to reduce speed limits across the central business district of Blacksburg that ends just BEFORE Prices Fork road.,2025-04,Price Fork,38.09845,-80.69926,stream,West Virginia,Greenbrier County,United States,VirginiaTech
comment,2025-04-03,44,"It’s a two way street- I have never been more anxious to drive than on campus here, with people whipping it in Perry street or pulling out when someone is backing.",2025-04,Perry County,40.39841,-77.2623,second-order administrative division,Pennsylvania,Perry County,United States,VirginiaTech
comment,2025-04-03,5,I had a car whip a left turn in front of me on my motorcycle and almost take me out on Main Street two days ago.,2025-04,Main Street,41.99305,-70.72949,street,Massachusetts,Plymouth County,United States,VirginiaTech
comment,2025-04-03,5,I have never been pulled over in the 5 years I have driven in Blacksburg and I worked as a delivery driver during some of my time at Tech so I was on the road a lot.,2025-04,Blacksburg,35.12124,-81.51592,populated place,South Carolina,Cherokee County,United States,VirginiaTech
comment,2025-04-03,10,Blacksburg desperately needs to invest in biking infrastructure.,2025-04,Blacksburg,37.81874,-79.3192,populated place,Virginia,Rockbridge County,United States,VirginiaTech
comment,2025-04-04,2,Washington St on campus is also bad with poor view between cars and pedestrians on the crosswalks.,2025-04,The St Regis Washington Dc,38.90207,-77.03612,hotel,District of Columbia,,United States,VirginiaTech
comment,2025-04-03,1,"Last week, some kid in front of me at a light made a left on red onto South Main...",2025-04,South Main,49.25764,-123.10114,section of populated place,British Columbia,Metro Vancouver Regional District,Canada,VirginiaTech
comment,2025-04-04,1,I am probably going to VT next year and I'm driving up there this weekend for Hokie Focus.,2025-04,Vermont,44.00034,-72.74983,first-order administrative division,Vermont,,United States,VirginiaTech
comment,2025-04-03,-7,"Not a fair ask, many of the drivers here are from Virginia.",2025-04,Virginia,37.54812,-77.44675,first-order administrative division,Virginia,,United States,VirginiaTech
comment,2025-04-03,8,"The amount of people that run red lights (everywhere, not just Blacksburg) has gotten significantly worse in the last few years.",2025-04,Blacksburg,35.12124,-81.51592,populated place,South Carolina,Cherokee County,United States,VirginiaTech
comment,2025-04-03,6,"The only times I've ever almost hit someone in my truck in Blacksburg in my 13/14 years of living here, is when people don't look before walking in the street, and not using the motherfucking white crosswalks.",2025-04,Blacksburg,37.81874,-79.3192,populated place,Virginia,Rockbridge County,United States,VirginiaTech
post,2022-02-17,298,What's wrong with NJ driver's license?,2022-02,New Jersey,40.16706,-74.49987,first-order administrative division,New Jersey,,United States,VirginiaTech
comment,2022-02-17,27,Jersey being bad state is a haha funny joke.,2022-02,Bailiwick of Jersey,49.21667,-2.11667,political entity,,,Jersey,VirginiaTech
comment,2022-02-17,27,And as someone from Jersey I’d say its deserved.,2022-02,Bailiwick of Jersey,49.21667,-2.11667,political entity,,,Jersey,VirginiaTech
comment,2022-02-17,52,Have you even been to New Jersey?,2022-02,New Jersey,40.16706,-74.49987,first-order administrative division,New Jersey,,United States,VirginiaTech
comment,2022-02-17,9,"Everything…

In the words of Chief Keef “Finna blow New Jersey up”",2022-02,New Jersey,40.16706,-74.49987,first-order administrative division,New Jersey,,United States,VirginiaTech
comment,2022-02-17,1,New Jersey saids fuck you !,2022-02,New Jersey,40.16706,-74.49987,first-order administrative division,New Jersey,,United States,VirginiaTech
comment,2022-02-18,0,It’s an old joke from NYC,2022-02,New York City,40.71427,-74.00597,populated place,New York,,United States,VirginiaTech
comment,2022-02-18,9,I drive in NJ everyday and im convinced I will die there because of how they drive,2022-02,New Jersey,40.16706,-74.49987,first-order administrative division,New Jersey,,United States,VirginiaTech
comment,2022-02-18,0,You must not see a lot of Maryland plates then.,2022-02,Maryland,39.00039,-76.74997,first-order administrative division,Maryland,,United States,VirginiaTech
comment,2022-02-17,3,"None, New Jersey is the worst place ever in human history.",2022-02,New Jersey,40.16706,-74.49987,first-order administrative division,New Jersey,,United States,VirginiaTech
comment,2022-02-18,2,There’s a pretty good chance that the person scooping food for you at d2 isn’t being paid and is doing it on a court order,2022-02,Hunebed D2,53.0556,6.44557,tomb(s),Drenthe,Gemeente Noordenveld,The Netherlands,VirginiaTech
comment,2022-02-17,1,Go back to Jersey!,2022-02,Bailiwick of Jersey,49.21667,-2.11667,political entity,,,Jersey,VirginiaTech
comment,2022-02-18,7,"Jersey drivers are something else, its like yall take the posted speed limit and then add 40",2022-02,Bailiwick of Jersey,49.21667,-2.11667,political entity,,,Jersey,VirginiaTech
comment,2022-02-18,3,I partially learned how to drive in maryland,2022-02,Maryland,39.00039,-76.74997,first-order administrative division,Maryland,,United States,VirginiaTech
comment,2022-02-18,2,"Moved to MD after grad, the drivers aren't great but it's not like NJ drivers.",2022-02,New Jersey,40.16706,-74.49987,first-order administrative division,New Jersey,,United States,VirginiaTech
comment,2022-02-17,14,New Jersey is frequently the butt of many East Coast state-based jokes.,2022-02,New Jersey,40.16706,-74.49987,first-order administrative division,New Jersey,,United States,VirginiaTech
comment,2022-02-17,14,New Jersey is frequently the butt of many East Coast state-based jokes.,2022-02,East Coast,37.02332,-77.36954,region,,,United States,VirginiaTech
comment,2022-02-17,14,"The reason for the state's bad reputation include poor drivers, high taxes, the stereotypical personality of New Jersey citizens, and for literally smelling bad.",2022-02,New Jersey,40.16706,-74.49987,first-order administrative division,New Jersey,,United States,VirginiaTech
comment,2022-02-17,3,New Jersey smells like armpit,2022-02,New Jersey,40.16706,-74.49987,first-order administrative division,New Jersey,,United States,VirginiaTech
comment,2022-02-18,4,Oregon has it as well and it freaked my parents out when we visited,2022-02,Oregon,44.00013,-120.50139,first-order administrative division,Oregon,,United States,VirginiaTech
comment,2022-02-17,-7,"I don't live in Jersey anymore, so I gotta get out and do it myself now.",2022-02,Bailiwick of Jersey,49.21667,-2.11667,political entity,,,Jersey,VirginiaTech
comment,2022-02-17,4,It is the armpit of America,2022-02,United States,39.76,-98.5,independent political entity,,,United States,VirginiaTech
comment,2022-02-18,1,Just moved to Oregon.,2022-02,Oregon,44.00013,-120.50139,first-order administrative division,Oregon,,United States,VirginiaTech
comment,2020-07-03,16,Inspired by the mural in War Memorial,2020-07,War Memorial,51.47839,-0.29085,monument,England,Greater London,United Kingdom,VirginiaTech
comment,2020-07-03,14,Amanda Slater at Lakeside in Richmond.,2020-07,Richmond,32.38792,-91.18205,populated place,Louisiana,Madison Parish,United States,VirginiaTech
comment,2025-03-24,1,"No real coach in a top 100 program offered him not VCU, not WAKE, not ECU why would a program trying to compete in one of the best basketball conferences in America offer him over a top 150 prospect that was offered?",2025-03,United States,39.76,-98.5,independent political entity,,,United States,VirginiaTech
comment,2025-03-24,1,"Curry’s dad is VT legend, Dell Curry.",2025-03,Vermont,44.00034,-72.74983,first-order administrative division,Vermont,,United States,VirginiaTech
comment,2025-02-15,2,Virginia rocks!,2025-02,Virginia,37.54812,-77.44675,first-order administrative division,Virginia,,United States,VirginiaTech
comment,2025-02-15,3,"Cburg side of Ellett Valley - we got power back last night, so hopefully you get yours back soon!",2025-02,Salzburg,47.41667,13.25,first-order administrative division,State of Salzburg,,Austria,VirginiaTech
comment,2021-10-25,1,If I had a billion…I’d just leave $20 million      in front of lane stadium to buy him out and put forward for the new coach.,2021-10,Lane Stadium,37.22013,-80.41811,stadium,Virginia,Montgomery County,United States,VirginiaTech
comment,2021-10-23,28,We are headed down a road similar to 2-10.,2021-10,Migros Gewerbestrasse 2-10,47.3026,8.6921,store,Zurich,Bezirk Uster,Switzerland,VirginiaTech
comment,2021-10-23,9,"I was at the Pitt game, tailgating in Lot 1, Bud foster was a few spots down, and seemed to be all smiles.",2021-10,Lot 1,46.95014,-64.08202,area,Prince Edward Island,,Canada,VirginiaTech
comment,2022-02-01,71,Yeah I thought everyone had a story of seeing Sands eating lightbulbs behind Burrus,2022-02,Burrus School,29.81717,-95.39022,school,Texas,Harris County,United States,VirginiaTech
post,2021-04-15,290,"SEE YOU IN THE FALL HOKIE NATION I GOT IN FROM NOVA AND IM READY TO START JUMPING

EDIT: Thank you all for the amazing support, I am so excited to join Hokie Nation the greatest family in the world!",2021-04,Nova,39.73176,-77.81944,populated place,Pennsylvania,Franklin County,United States,VirginiaTech
comment,2021-04-15,14,"As an alumni,  congratulations,  enjoy your time at the very special place of Blacksburg.",2021-04,Blacksburg,37.81874,-79.3192,populated place,Virginia,Rockbridge County,United States,VirginiaTech
comment,2021-04-16,5,goodbye nova & hello blacksburg!,2021-04,Novo,55.9288,42.9213,populated place,Nizhny Novgorod Oblast,,Russia,VirginiaTech
comment,2021-04-16,5,goodbye nova & hello blacksburg!,2021-04,Blacksburg,36.75428,-81.8204,populated place,Virginia,Washington County,United States,VirginiaTech
comment,2021-04-16,3,"Coming from Germanna, Can't wait to see yall!",2021-04,Germanna Community College Locust Grove Campus,38.37556,-77.7801,school,Virginia,Orange County,United States,VirginiaTech
comment,2021-04-16,3,Same here from NOVA!,2021-04,Nova,64.48632,11.0805,valley,Trøndelag,Namsos,Norway,VirginiaTech
comment,2021-04-16,2,I just wanna go back to the Burg.,2021-04,Eglisau / Burg,47.5746,8.5301,section of populated place,Zurich,Bezirk Bülach,Switzerland,VirginiaTech
post,2021-02-08,291,"It also is so cool when I get to the quad outside of Hoge, and because of the sound you can hear them bouncing off the buildings, it is so trippy.",2021-02,Hallig Hooge,54.56916,8.54283,island,Schleswig-Holstein,,Germany,VirginiaTech
comment,2021-02-08,31,I think the most memorable memory I’ll have of Blacksburg after graduation is walking across the drill field during sunset while listening to the bells chime.,2021-02,Blacksburg,35.12124,-81.51592,populated place,South Carolina,Cherokee County,United States,VirginiaTech
comment,2021-02-08,30,"The best part is that since they're just massive speakers, they aren't constrained to playing bell music, that's just the .mp4 files that some very secure computer in burruss is given.",2021-02,Burruss Dam,37.5768,-79.28975,dam,Virginia,Amherst County,United States,VirginiaTech
comment,2021-02-08,1,Living on the Burrus side of campus makes it so much worse,2021-02,Burrus School,29.81717,-95.39022,school,Texas,Harris County,United States,VirginiaTech
post,2020-12-30,291,Ray Ray McElrathbey (Clemson player that just had a Disney movie) describing Lane Stadium in an AMA today.,2020-12,Lane Stadium,37.22013,-80.41811,stadium,Virginia,Montgomery County,United States,VirginiaTech
comment,2020-12-31,1,"The view from Lane is really nice in the Fall, I like not having a dome just for those saturday afternoon games with nice weather",2020-12,Siltcoos,43.88901,-124.06373,populated place,Oregon,Lane County,United States,VirginiaTech
comment,2020-12-31,5,"the corps sits in an awkward spot to really be personal/worth it to try with the visiting team, being in the SW corner.",2020-12,Solothurn West,47.20671,7.53195,railroad station,Solothurn,Bezirk Solothurn,Switzerland,VirginiaTech
comment,2020-12-30,12,"Yeah, but why does he think that Lane is a grim dark black hole?",2020-12,Siltcoos,43.88901,-124.06373,populated place,Oregon,Lane County,United States,VirginiaTech
comment,2020-12-31,10,"Him referring to “enclosed bowl” meaning stadium bleachers that rap around the entire field, rather then the gap at Lane from say East to north stands.",2020-12,Rochelle,41.92392,-89.06871,populated place,Illinois,Ogle County,United States,VirginiaTech
comment,2020-12-30,37,"Basically, Lane Stadium crushes you and is like no other stadium.",2020-12,Lane Stadium,37.22013,-80.41811,stadium,Virginia,Montgomery County,United States,VirginiaTech
comment,2020-12-31,7,In 2006 the #10 Clemson Tigers came to Lane on a 6 game winning streak.,2020-12,Lane,33.52155,-79.87869,populated place,South Carolina,Williamsburg County,United States,VirginiaTech
comment,2020-12-31,37,Lane Stadium *used* to crush you.,2020-12,Lane Stadium,37.22013,-80.41811,stadium,Virginia,Montgomery County,United States,VirginiaTech
comment,2020-12-31,4,Ray Ray was on the #10 Clemson team that got embarrassed in Lane on a Thursday Night in 2006 for reference too,2020-12,Lane,33.52155,-79.87869,populated place,South Carolina,Williamsburg County,United States,VirginiaTech
comment,2020-12-31,3,"Out of all campus, thanks to the power plant and other temporary/rundown/old buildings, your part of campus is the ugliest and my least favorite.",2020-12,Big Sandy Plant of the Kentucky Power Company,38.17222,-82.61749,,Kentucky,Lawrence County,United States,VirginiaTech
comment,2020-12-31,1,yeah at least 2020 Upper Quad is nicer than Upper Quad of 2010 and more liveable.,2020-12,"Upper quad (old), UNC-Chapel Hill",35.91225,-79.04801,common,North Carolina,Orange County,United States,VirginiaTech
comment,2020-12-31,1,yeah at least 2020 Upper Quad is nicer than Upper Quad of 2010 and more liveable.,2020-12,"Upper quad (old), UNC-Chapel Hill",35.91225,-79.04801,common,North Carolina,Orange County,United States,VirginiaTech
comment,2020-12-31,1,I stayed in Monteith one night back when they made two floors of it a girl’s overflow dorm.,2020-12,Monteith,32.18048,-81.19011,populated place,Georgia,Chatham County,United States,VirginiaTech
comment,2020-12-31,1,"It was really shit, and that’s coming from someone that lived in Pritchard when it was all guys.",2020-12,Prichard,41.25508,-76.13437,populated place,Pennsylvania,Luzerne County,United States,VirginiaTech
comment,2022-12-04,8,"I said that’s the state code for Vermont, people will get confused.",2022-12,Vermont,44.00034,-72.74983,first-order administrative division,Vermont,,United States,VirginiaTech
comment,2022-12-04,8,He was going to univ if Vermont and assumed vt.edu would be it.,2022-12,Vermont,44.00034,-72.74983,first-order administrative division,Vermont,,United States,VirginiaTech
comment,2022-12-04,3,I’ve driven by that sign in Vermont so many times lol,2022-12,Vermont,44.00034,-72.74983,first-order administrative division,Vermont,,United States,VirginiaTech
comment,2022-12-04,1,Good ole Williston Vermont,2022-12,Williston,44.43755,-73.06818,populated place,Vermont,Chittenden County,United States,VirginiaTech
comment,2022-12-04,1,Good ole Williston Vermont,2022-12,Vermont,44.00034,-72.74983,first-order administrative division,Vermont,,United States,VirginiaTech
comment,2022-12-04,1,"Ah yes, good ol’ Williston, VT",2022-12,Williston,44.43755,-73.06818,populated place,Vermont,Chittenden County,United States,VirginiaTech
comment,2022-12-04,1,"Ah yes, good ol’ Williston, VT",2022-12,Vermont,44.00034,-72.74983,first-order administrative division,Vermont,,United States,VirginiaTech
comment,2022-12-04,1,I was working as an intern in Vermont one summer.,2022-12,Vermont,44.00034,-72.74983,first-order administrative division,Vermont,,United States,VirginiaTech
comment,2022-12-05,2,"Being born and raised in Vermont, I'll reserve my opinion of where ""VT"" should only reside.",2022-12,Vermont,44.00034,-72.74983,first-order administrative division,Vermont,,United States,VirginiaTech
comment,2022-12-05,2,"Being born and raised in Vermont, I'll reserve my opinion of where ""VT"" should only reside.",2022-12,Vermont,44.00034,-72.74983,first-order administrative division,Vermont,,United States,VirginiaTech
comment,2021-05-05,2,My problem was that I scheduled 8am Chem in McBryde.,2021-05,McBryde Hall,37.23041,-80.422,building(s),Virginia,Montgomery County,United States,VirginiaTech
comment,2025-03-28,26,How could would it be if we had an airport that went to Chicago and Atlanta!,2025-03,Chicago,41.85003,-87.65005,seat of a second-order administrative division,Illinois,Cook County,United States,VirginiaTech
comment,2025-03-28,26,How could would it be if we had an airport that went to Chicago and Atlanta!,2025-03,Atlanta,33.749,-84.38798,seat of a first-order administrative division,Georgia,Fulton County,United States,VirginiaTech
comment,2025-03-29,1,"Charlotte is only a 2 ish hour drive for a better airport, not too terrible.",2025-03,Charlotte,35.22709,-80.84313,seat of a second-order administrative division,North Carolina,Mecklenburg County,United States,VirginiaTech
comment,2025-03-31,1,"our color isn't even crimson its Chicago maroon, and it sucks seeing the top ag school in the country having the voting results it does",2025-03,Chicago,41.85003,-87.65005,seat of a second-order administrative division,Illinois,Cook County,United States,VirginiaTech
comment,2025-03-28,29,Roanoke airport counts in my books,2025-03,Roanoke,37.27097,-79.94143,seat of a second-order administrative division,Virginia,City of Roanoke,United States,VirginiaTech
comment,2025-03-29,2,And cheaper flights than Roanoke generally.,2025-03,Roanoke,37.27097,-79.94143,seat of a second-order administrative division,Virginia,City of Roanoke,United States,VirginiaTech
comment,2025-04-01,0,A coworker from Arizona who knows good tacos said ones he got for lunch one day were the best since he moved up here.,2025-04,Arizona,34.5003,-111.50098,first-order administrative division,Arizona,,United States,VirginiaTech
comment,2025-03-29,5,And it even goes to Philly and Charlotte,2025-03,Philadelphia,39.95238,-75.16362,seat of a second-order administrative division,Pennsylvania,Philadelphia County,United States,VirginiaTech
comment,2025-03-29,5,And it even goes to Philly and Charlotte,2025-03,Charlotte,35.22709,-80.84313,seat of a second-order administrative division,North Carolina,Mecklenburg County,United States,VirginiaTech
comment,2025-03-31,2,"Greensboro is also a good option, often cheaper than roanoke as well",2025-03,Greensboro,30.56961,-84.74527,populated place,Florida,Gadsden County,United States,VirginiaTech
comment,2025-03-31,2,"Greensboro is also a good option, often cheaper than roanoke as well",2025-03,Roanoke County,37.20907,-80.05085,second-order administrative division,Virginia,Roanoke County,United States,VirginiaTech
comment,2025-03-29,8,Restaurants serving alcohol in Virginia must make 45% of their sales on food vs beverages.,2025-03,Virginia,37.54812,-77.44675,first-order administrative division,Virginia,,United States,VirginiaTech
comment,2020-12-15,4,"Yes, it all comes back to the coach, but one has to have a lot of talent and ability to walk on the field at Lane Stadium.",2020-12,Lane Stadium,37.22013,-80.41811,stadium,Virginia,Montgomery County,United States,VirginiaTech
comment,2020-12-15,6,Im also not content becoming a Tennesse or FSU.,2020-12,Tennessee School for Deaf,35.95842,-83.87768,school,Tennessee,Knox County,United States,VirginiaTech
comment,2020-12-15,7,Auburn and South Carolina sacked their coaches this year so it’s not a terrible move.,2020-12,South Carolina,34.00043,-81.00009,first-order administrative division,South Carolina,,United States,VirginiaTech
comment,2020-09-20,61,"Place is an absolute dump, worst fan experience in football.",2020-09,Placé,48.25374,-0.77735,populated place,Pays de la Loire,Mayenne,France,VirginiaTech
comment,2020-09-20,61,I love Lane but would always rather be on my couch than in shitty FedEx in a shitty part of Maryland.,2020-09,Maryland,39.00039,-76.74997,first-order administrative division,Maryland,,United States,VirginiaTech
comment,2020-09-20,7,"Same, the difference between the one WFT game I've been to and my first game in Lane was night and day.",2020-09,Siltcoos,43.88901,-124.06373,populated place,Oregon,Lane County,United States,VirginiaTech
comment,2020-09-20,29,">Shitty part of Maryland

As opposed to?",2020-09,Maryland,39.00039,-76.74997,first-order administrative division,Maryland,,United States,VirginiaTech
comment,2020-09-20,24,Its like how the 49ers stadium is an hours drive from San Fran.,2020-09,Embassy Suites San Fran,37.65082,-122.40417,hotel,California,San Mateo County,United States,VirginiaTech
comment,2020-09-20,24,"Land in DC is $, so Washington Football team owner bought the cheapest land in the area in a not very nice area in Maryland.",2020-09,District of Columbia,38.91706,-77.00025,first-order administrative division,District of Columbia,,United States,VirginiaTech
comment,2020-09-20,24,"Land in DC is $, so Washington Football team owner bought the cheapest land in the area in a not very nice area in Maryland.",2020-09,Maryland,39.00039,-76.74997,first-order administrative division,Maryland,,United States,VirginiaTech
comment,2020-09-20,4,"Plus with dc so transient of a town so many goddamn away fans, also a result of the fan base just giving up on fedex.",2020-09,District of Columbia,38.91706,-77.00025,first-order administrative division,District of Columbia,,United States,VirginiaTech
comment,2020-09-20,4,"Hey dan snyder, move the stadium back to DC.",2020-09,District of Columbia,38.91706,-77.00025,first-order administrative division,District of Columbia,,United States,VirginiaTech
comment,2020-09-20,4,The answer is NOT TO MOVE THE STADIUM TO LOUDON COUNTY.,2020-09,Loudon County,35.73478,-84.31187,second-order administrative division,Tennessee,Loudon County,United States,VirginiaTech
comment,2020-09-20,4,that would inherently alienate the shit out of the historically so strong and large dc / Maryland black fan base.,2020-09,District of Columbia,38.91706,-77.00025,first-order administrative division,District of Columbia,,United States,VirginiaTech
comment,2020-09-20,4,that would inherently alienate the shit out of the historically so strong and large dc / Maryland black fan base.,2020-09,Maryland,39.00039,-76.74997,first-order administrative division,Maryland,,United States,VirginiaTech
comment,2020-09-20,4,“The Washington prime” has a ring to it.,2020-09,Washington,47.50012,-120.50147,first-order administrative division,Washington,,United States,VirginiaTech
comment,2020-09-20,4,"Anyway, lane is a breath of fresh air from the wasteland of fedex.",2020-09,Lane,41.24194,-96.16085,,Nebraska,Douglas County,United States,VirginiaTech
comment,2020-09-20,-2,OP is trying to express that he / she misses being at Lane and seeing a game.,2020-09,Siltcoos,43.88901,-124.06373,populated place,Oregon,Lane County,United States,VirginiaTech
comment,2020-03-10,3,I feel like the tornadoes that just swept through Tennessee could also have impacted this in addition to all the virus concerns.,2020-03,Tennessee,35.75035,-86.25027,first-order administrative division,Tennessee,,United States,VirginiaTech
comment,2020-03-10,3,"They also have a student who claims to have tested positive, I’m sure if any student or faculty in Blacksburg tests positive things will shut down for a bit",2020-03,Blacksburg,35.12124,-81.51592,populated place,South Carolina,Cherokee County,United States,VirginiaTech
post,2020-07-16,292,Blacksburg definitely has some chill spots,2020-07,Blacksburg,35.12124,-81.51592,populated place,South Carolina,Cherokee County,United States,VirginiaTech
comment,2020-07-16,4,Blacksburg is the definition of a chill spot.,2020-07,Blacksburg,35.12124,-81.51592,populated place,South Carolina,Cherokee County,United States,VirginiaTech
comment,2020-07-16,1,"Fantastic shot 

I may just have to move back to Blacksburg",2020-07,Blacksburg,35.12124,-81.51592,populated place,South Carolina,Cherokee County,United States,VirginiaTech
comment,2020-07-16,4,I used to live in the back of the Maple Ridge complex.,2020-07,Maple Ridge,46.53696,-84.06713,ridge(s),Ontario,,Canada,VirginiaTech
comment,2020-07-16,6,The bright star near the top middle is Altair in the constellation Aquarius.,2020-07,Altair,-20.52361,-49.05889,populated place,São Paulo,Altair,Brazil,VirginiaTech
comment,2020-07-16,6,The bright star near the top middle is Altair in the constellation Aquarius.,2020-07,Aquarius,36.191,29.6031,hotel,Antalya,Kaş İlçesi,Turkey,VirginiaTech
comment,2020-07-16,6,"Jupiter is the really bright star on the right,  with Saturn to the lower left of it",2020-07,Jupiter,-20.91598,55.57914,populated place,,,Reunion,VirginiaTech
comment,2020-07-16,6,"Jupiter is the really bright star on the right,  with Saturn to the lower left of it",2020-07,Urochishche Saturn,54.32111,84.11056,area,Novosibirsk Oblast,,Russia,VirginiaTech
comment,2020-07-16,4,"At first I wasn’t a fan, but when I left, I realized how amazing the New River Valley is.",2020-07,Fine Arts Center for the New River Valley,37.04762,-80.78035,building(s),Virginia,Pulaski County,United States,VirginiaTech
comment,2020-07-17,2,I’ve lived in Blacksburg my whole life so to be honest it’s just trees and shit lmao,2020-07,Blacksburg,35.12124,-81.51592,populated place,South Carolina,Cherokee County,United States,VirginiaTech
comment,2023-09-03,17,"There's not the infrastructure to support the massive crowd that Metallica would draw from the immediate area and WV, NC, SC, TN, and MD.",2023-09,West Virginia,38.50038,-80.50009,first-order administrative division,West Virginia,,United States,VirginiaTech
comment,2023-09-03,17,"There's not the infrastructure to support the massive crowd that Metallica would draw from the immediate area and WV, NC, SC, TN, and MD.",2023-09,North Carolina,35.50069,-80.00032,first-order administrative division,North Carolina,,United States,VirginiaTech
comment,2023-09-03,17,"There's not the infrastructure to support the massive crowd that Metallica would draw from the immediate area and WV, NC, SC, TN, and MD.",2023-09,South Carolina,34.00043,-81.00009,first-order administrative division,South Carolina,,United States,VirginiaTech
comment,2023-09-03,17,"There's not the infrastructure to support the massive crowd that Metallica would draw from the immediate area and WV, NC, SC, TN, and MD.",2023-09,Tennessee,35.75035,-86.25027,first-order administrative division,Tennessee,,United States,VirginiaTech
comment,2023-09-03,17,"There's not the infrastructure to support the massive crowd that Metallica would draw from the immediate area and WV, NC, SC, TN, and MD.",2023-09,Maryland,39.00039,-76.74997,first-order administrative division,Maryland,,United States,VirginiaTech
comment,2023-09-03,3,Flashbacks to 2015 when someone saw “Metallica’s bus in Roanoke”,2023-09,Roanoke County,37.20907,-80.05085,second-order administrative division,Virginia,Roanoke County,United States,VirginiaTech
comment,2023-09-03,28,There is always time for a Blacksburg pilgrimage,2023-09,Blacksburg,37.22957,-80.41394,populated place,Virginia,Montgomery County,United States,VirginiaTech
comment,2023-09-04,2,No way could it handle a free Metallica concert in Lane or elsewhere.,2023-09,Siltcoos,43.88901,-124.06373,populated place,Oregon,Lane County,United States,VirginiaTech
comment,2020-07-09,3,I got my 4d Sahara the other day!,2020-07,Sahara,26.0,13.0,desert,,,,VirginiaTech
comment,2020-07-09,27,VT is Vermont.,2020-07,Vermont,44.00034,-72.74983,first-order administrative division,Vermont,,United States,VirginiaTech
comment,2020-07-09,27,VT is Vermont.,2020-07,Vermont,44.00034,-72.74983,first-order administrative division,Vermont,,United States,VirginiaTech
comment,2020-07-09,27,Must be some Hockey team from Vermont.,2020-07,Vermont,44.00034,-72.74983,first-order administrative division,Vermont,,United States,VirginiaTech
comment,2022-02-05,66,There's people in Anchorage probably that hear about your lift assist and now know where you live,2022-02,Anchorage,61.21806,-149.90028,seat of a second-order administrative division,Alaska,Anchorage Municipality,United States,VirginiaTech
comment,2022-02-05,64,Hokie house and tots have been boarded up and are still on lockdown.,2022-02,The Old Hokie House,41.75511,-70.49781,building(s),Massachusetts,Barnstable County,United States,VirginiaTech
comment,2022-02-05,89,Walked out of champs and definitively saw one person on the ground.,2022-02,Champs-sur-Marne,48.85,2.6,populated place,Île-de-France,Seine-et-Marne,France,VirginiaTech
comment,2022-02-05,40,They just said on the scanner someone matching the description was outside Torg,2022-02,Torg,57.00212,32.65708,populated place,Tver Oblast,,Russia,VirginiaTech
comment,2022-02-05,43,Just saw 2 ambulances heading downtown from the EMS station on Patrick Henry,2022-02,Patrick Henry,37.02792,-78.89834,populated place,Virginia,Charlotte County,United States,VirginiaTech
comment,2022-02-05,66,"""Students in Newman posing as police and knocking on doors.""",2022-02,Newman,32.00344,-106.32304,populated place,New Mexico,Otero County,United States,VirginiaTech
comment,2022-02-05,50,people are apparently pretending to be police knocking on Newman Hall doors?,2022-02,Newman Hall,40.89899,-73.78208,building(s),New York,Westchester County,United States,VirginiaTech
comment,2022-02-05,89,Suspicious person knocking on doors at Newman Hall to let them in.,2022-02,Newman Hall,40.89899,-73.78208,building(s),New York,Westchester County,United States,VirginiaTech
comment,2022-02-05,32,My sister is in champs right now and said no one is being let outside :(,2022-02,Champs-sur-Marne,48.85,2.6,populated place,Île-de-France,Seine-et-Marne,France,VirginiaTech
comment,2021-07-19,4,"isn't that a pretty solid ""no, no"" in blacksburg?",2021-07,Blacksburg,35.12124,-81.51592,populated place,South Carolina,Cherokee County,United States,VirginiaTech
comment,2021-07-19,5,"As far as I understand it, you can fly in Blacksburg as long as you stay under 400 feet.",2021-07,Blacksburg,35.12124,-81.51592,populated place,South Carolina,Cherokee County,United States,VirginiaTech
comment,2021-07-19,5,"When you check the FAAs map they created back in 2017, there are no zones in Blacksburg at all.",2021-07,Blacksburg,37.81874,-79.3192,populated place,Virginia,Rockbridge County,United States,VirginiaTech
comment,2021-07-19,5,Restrictions around events at Lane and the hospital are the only exceptions I’ve found.,2021-07,Siltcoos,43.88901,-124.06373,populated place,Oregon,Lane County,United States,VirginiaTech
comment,2023-04-02,41,"Queens of the Cassell are running it back, let’s go Hokies!",2023-04,Cassell,40.01035,-81.65679,populated place,Ohio,Guernsey County,United States,VirginiaTech
comment,2023-04-03,15,"We do have 4 top 100 recruits coming next season to help Georgia, Liz and Cayla https://twitter.com/therealdcunna/status/1642204435387383809?s=46&t=pXIW8ayvCfaGtaQaFQ5yKw",2023-04,Georgia,32.75042,-83.50018,first-order administrative division,Georgia,,United States,VirginiaTech
comment,2023-04-03,1,Hope that success becomes the standard in Blacksburg.,2023-04,Blacksburg,35.12124,-81.51592,populated place,South Carolina,Cherokee County,United States,VirginiaTech
